time;V(/VOUT);V(Net-_D1-K_);
0;2.66699;0.820735;
1e-06;2.66699;0.820735;
2e-06;2.66699;0.820735;
4e-06;2.66699;0.820735;
8e-06;2.66699;0.820735;
1.6e-05;2.66699;0.820735;
3.2e-05;2.66699;0.820735;
6.4e-05;2.66699;0.820735;
0.000128;2.66699;0.820735;
0.000228;2.66699;0.820735;
0.000328;2.66699;0.820735;
0.000428;2.66699;0.820735;
0.000528;2.66699;0.820735;
0.000628;2.66699;0.820735;
0.000728;2.66699;0.820735;
0.000828;2.66699;0.820735;
0.000928;2.66699;0.820735;
0.001028;2.66699;0.820735;
0.001128;2.66699;0.820735;
0.001228;2.66699;0.820735;
0.001328;2.66699;0.820735;
0.001428;2.66699;0.820735;
0.001528;2.66699;0.820735;
0.001628;2.66699;0.820735;
0.001728;2.66699;0.820735;
0.001828;2.66699;0.820735;
0.001928;2.66699;0.820735;
0.002028;2.66699;0.820735;
0.002128;2.66699;0.820735;
0.002228;2.66699;0.820735;
0.002328;2.66699;0.820734;
0.002428;2.66699;0.820734;
0.002528;2.66698;0.820733;
0.002628;2.66698;0.820732;
0.002728;2.66698;0.82073;
0.002828;2.66698;0.820727;
0.002928;2.66697;0.820722;
0.003028;2.66696;0.820715;
0.003128;2.66695;0.820703;
0.003228;2.66693;0.820686;
0.003328;2.6669;0.820658;
0.003428;2.66686;0.820616;
0.003528;2.66679;0.820551;
0.003628;2.66668;0.82045;
0.003728;2.66651;0.820293;
0.003828;2.66625;0.82005;
0.003928;2.66584;0.819672;
0.004028;2.6652;0.819081;
0.004128;2.6642;0.818154;
0.004228;2.66262;0.816688;
0.004328;2.66009;0.814341;
0.004428;2.65595;0.810505;
0.004528;2.64895;0.804015;
0.004628;2.63632;0.792324;
0.004728;2.6066;0.764841;
0.00480106;2.52146;0.686482;
0.00486884;2.43087;0.603788;
0.00496003;2.29748;0.483688;
0.00506003;2.1348;0.341218;
0.00516003;1.95527;0.193316;
0.00526003;1.75586;0.0580852;
0.00536003;1.5316;0.00227788;
0.00546003;1.28342;1.96431e-05;
0.00556003;1.01573;1.11506e-07;
0.00566003;0.727454;6.5345e-10;
0.00576003;0.419147;1.39384e-10;
0.00577253;0.379035;1.25583e-10;
0.00579753;0.298008;9.8447e-11;
0.00582093;0.00813347;2.6841e-12;
0.0058378;0.00801186;2.64397e-12;
0.00585352;0.00791375;2.61159e-12;
0.0058735;0.00786686;2.59612e-12;
0.00591346;0.00776094;2.56116e-12;
0.00599339;0.00769572;2.53964e-12;
0.00609339;0.00762357;2.51583e-12;
0.00619339;0.0076278;2.51723e-12;
0.00620589;0.00761847;2.51415e-12;
0.00623089;0.0076253;2.5164e-12;
0.00623167;0.00764511;2.52294e-12;
0.0062317;0.00764432;2.52268e-12;
0.00623175;0.00764372;2.52248e-12;
0.00623185;0.00764088;2.52154e-12;
0.00623187;0.00763919;2.52099e-12;
0.00623192;0.00763475;2.51952e-12;
0.00623202;0.0076073;2.51046e-12;
0.00623204;0.00758737;2.50389e-12;
0.00623208;0.0074644;2.4633e-12;
0.00623212;0.247335;8.16596e-11;
0.00623214;2.15404;0.357757;
0.00623217;3.19355;1.31541;
0.00623219;3.25095;1.36988;
0.0062322;3.37763;1.49037;
0.00623221;3.45842;1.56738;
0.00623222;3.49828;1.60543;
0.00623224;3.54058;1.64583;
0.00623225;3.55956;1.66397;
0.00623227;3.58677;1.68999;
0.00623229;3.59492;1.69778;
0.00623232;3.60968;1.7119;
0.00623236;3.60881;1.71107;
0.00623241;3.61559;1.71755;
0.00623248;3.61123;1.71338;
0.00623258;3.61597;1.71791;
0.00623273;3.61135;1.71349;
0.00623299;3.61592;1.71787;
0.00623336;3.61138;1.71352;
0.0062341;3.61584;1.71779;
0.00623542;3.61141;1.71355;
0.00623806;3.61583;1.71778;
0.00624334;3.61136;1.71351;
0.00625391;3.61582;1.71777;
0.00627503;3.61136;1.71351;
0.00631729;3.61582;1.71777;
0.0064018;3.61136;1.71351;
0.0065018;3.61582;1.71777;
0.0066018;3.61136;1.71351;
0.0067018;3.61582;1.71777;
0.0068018;3.61136;1.71351;
0.0069018;3.61582;1.71777;
0.0070018;3.61136;1.71351;
0.0071018;3.61582;1.71777;
0.0072018;3.61136;1.71351;
0.0073018;3.61582;1.71777;
0.0074018;3.61136;1.71351;
0.0075018;3.61582;1.71777;
0.0076018;3.61136;1.71351;
0.0077018;3.61582;1.71777;
0.0078018;3.61136;1.71351;
0.0079018;3.61582;1.71777;
0.0080018;3.61136;1.71351;
0.0081018;3.61582;1.71777;
0.0082018;3.61136;1.71351;
0.0083018;3.61582;1.71777;
0.0084018;3.61137;1.71351;
0.0085018;3.61582;1.71777;
0.0086018;3.61137;1.71351;
0.0087018;3.61582;1.71777;
0.0088018;3.61137;1.71351;
0.0089018;3.61582;1.71777;
0.0090018;3.61137;1.71351;
0.0091018;3.61582;1.71777;
0.0092018;3.61137;1.71351;
0.0093018;3.61582;1.71777;
0.0094018;3.61137;1.71351;
0.0095018;3.61582;1.71777;
0.0096018;3.61137;1.71351;
0.0097018;3.61582;1.71777;
0.0098018;3.61137;1.71351;
0.0099018;3.61582;1.71777;
0.0100018;3.61137;1.71351;
0.0101018;3.61582;1.71777;
0.0102018;3.61137;1.71351;
0.0103018;3.61582;1.71777;
0.0104018;3.61137;1.71351;
0.0105018;3.61582;1.71777;
0.0106018;3.61137;1.71351;
0.0107018;3.61582;1.71777;
0.0108018;3.61137;1.71351;
0.0109018;3.61582;1.71777;
0.0110018;3.61137;1.71351;
0.0111018;3.61582;1.71777;
0.0112018;3.61137;1.71351;
0.0113018;3.61582;1.71777;
0.0114018;3.61137;1.71351;
0.0115018;3.61582;1.71777;
0.0116018;3.61137;1.71351;
0.0117018;3.61582;1.71777;
0.0118018;3.61137;1.71351;
0.0119018;3.61582;1.71777;
0.0120018;3.61137;1.71351;
0.0121018;3.61582;1.71777;
0.0122018;3.61137;1.71351;
0.0123018;3.61582;1.71777;
0.0124018;3.61137;1.71351;
0.0125018;3.61582;1.71777;
0.0126018;3.61137;1.71351;
0.0127018;3.61582;1.71777;
0.0128018;3.61137;1.71351;
0.0129018;3.61582;1.71777;
0.0130018;3.61137;1.71351;
0.0131018;3.61582;1.71777;
0.0132018;3.61137;1.71351;
0.0133018;3.61582;1.71777;
0.0134018;3.61137;1.71351;
0.0135018;3.61582;1.71777;
0.0136018;3.61137;1.71351;
0.0137018;3.61582;1.71777;
0.0138018;3.61137;1.71351;
0.0139018;3.61582;1.71777;
0.0140018;3.61137;1.71351;
0.0141018;3.61582;1.71777;
0.0142018;3.61137;1.71351;
0.0143018;3.61582;1.71777;
0.0144018;3.61137;1.71351;
0.0145018;3.61582;1.71777;
0.0146018;3.61137;1.71351;
0.0147018;3.61582;1.71777;
0.0148018;3.61137;1.71351;
0.0149018;3.61582;1.71777;
0.0150018;3.61137;1.71351;
0.0151018;3.61582;1.71777;
0.0152018;3.61137;1.71351;
0.0153018;3.61582;1.71777;
0.0154018;3.61137;1.71351;
0.0155018;3.61582;1.71777;
0.0156018;3.61137;1.71351;
0.0157018;3.61582;1.71777;
0.0158018;3.61137;1.71351;
0.0159018;3.61582;1.71777;
0.0160018;3.61137;1.71351;
0.0161018;3.61582;1.71777;
0.0162018;3.61137;1.71351;
0.0163018;3.61582;1.71777;
0.0164018;3.61137;1.71351;
0.0165018;3.61582;1.71777;
0.0166018;3.61137;1.71351;
0.0167018;3.61582;1.71777;
0.0168018;3.61137;1.71351;
0.0169018;3.61582;1.71777;
0.0170018;3.61137;1.71351;
0.0171018;3.61582;1.71777;
0.0172018;3.61137;1.71351;
0.0173018;3.61582;1.71777;
0.0174018;3.61137;1.71351;
0.0175018;3.61582;1.71777;
0.0176018;3.61137;1.71351;
0.0177018;3.61582;1.71777;
0.0178018;3.61137;1.71351;
0.0179018;3.61582;1.71777;
0.0180018;3.61137;1.71351;
0.0181018;3.61582;1.71777;
0.0182018;3.61137;1.71351;
0.0183018;3.61582;1.71777;
0.0184018;3.61137;1.71351;
0.0185018;3.61582;1.71777;
0.0186018;3.61137;1.71351;
0.0187018;3.61582;1.71777;
0.0188018;3.61137;1.71351;
0.0189018;3.61582;1.71777;
0.0190018;3.61137;1.71351;
0.0191018;3.61582;1.71777;
0.0192018;3.61137;1.71351;
0.0193018;3.61582;1.71777;
0.0194018;3.61137;1.71351;
0.0195018;3.61582;1.71777;
0.0196018;3.61137;1.71351;
0.0197018;3.61582;1.71777;
0.0198018;3.61137;1.71351;
0.0199018;3.61582;1.71777;
0.0200018;3.61137;1.71351;
0.0201018;3.61582;1.71777;
0.0202018;3.61137;1.71351;
0.0203018;3.61582;1.71777;
0.0204018;3.61137;1.71351;
0.0205018;3.61582;1.71777;
0.0206018;3.61137;1.71351;
0.0207018;3.61582;1.71777;
0.0208018;3.61137;1.71351;
0.0209018;3.61582;1.71777;
0.0210018;3.61137;1.71351;
0.0211018;3.61582;1.71777;
0.0212018;3.61137;1.71351;
0.0213018;3.61582;1.71777;
0.0214018;3.61137;1.71351;
0.0215018;3.61582;1.71777;
0.0216018;3.61137;1.71351;
0.0217018;3.61582;1.71777;
0.0218018;3.61137;1.71351;
0.0219018;3.61582;1.71777;
0.0220018;3.61137;1.71351;
0.0221018;3.61582;1.71777;
0.0222018;3.61137;1.71351;
0.0223018;3.61582;1.71777;
0.0224018;3.61137;1.71351;
0.0225018;3.61582;1.71777;
0.0226018;3.61137;1.71351;
0.0227018;3.61582;1.71777;
0.0228018;3.61137;1.71351;
0.0229018;3.61582;1.71777;
0.0230018;3.61137;1.71351;
0.0231018;3.61582;1.71777;
0.0232018;3.61137;1.71351;
0.0233018;3.61582;1.71777;
0.0234018;3.61137;1.71351;
0.0235018;3.61582;1.71777;
0.0236018;3.61137;1.71351;
0.0237018;3.61582;1.71777;
0.0238018;3.61137;1.71351;
0.0239018;3.61582;1.71777;
0.0240018;3.61137;1.71351;
0.0241018;3.61582;1.71777;
0.0242018;3.61137;1.71351;
0.0243018;3.61582;1.71777;
0.0244018;3.61137;1.71351;
0.0245018;3.61582;1.71777;
0.0246018;3.61137;1.71351;
0.0247018;3.61582;1.71777;
0.0248018;3.61137;1.71351;
0.0249018;3.61582;1.71777;
0.0250018;3.61137;1.71351;
0.0251018;3.61582;1.71777;
0.0252018;3.61137;1.71351;
0.0253018;3.61582;1.71777;
0.0254018;3.61137;1.71351;
0.0255018;3.61582;1.71777;
0.0256018;3.61137;1.71351;
0.0257018;3.61582;1.71777;
0.0258018;3.61137;1.71351;
0.0259018;3.61582;1.71777;
0.0260018;3.61137;1.71351;
0.0261018;3.61582;1.71777;
0.0262018;3.61137;1.71351;
0.0263018;3.61582;1.71777;
0.0264018;3.61137;1.71351;
0.0265018;3.61582;1.71777;
0.0266018;3.61137;1.71351;
0.0267018;3.61582;1.71777;
0.0268018;3.61137;1.71351;
0.0269018;3.61582;1.71777;
0.0270018;3.61137;1.71351;
0.0271018;3.61582;1.71777;
0.0272018;3.61137;1.71351;
0.0273018;3.61582;1.71777;
0.0274018;3.61137;1.71351;
0.0275018;3.61582;1.71777;
0.0276018;3.61137;1.71351;
0.0277018;3.61582;1.71777;
0.0278018;3.61137;1.71351;
0.0279018;3.61582;1.71777;
0.0280018;3.61137;1.71351;
0.0281018;3.61582;1.71777;
0.0282018;3.61137;1.71351;
0.0283018;3.61582;1.71777;
0.0284018;3.61137;1.71351;
0.0285018;3.61582;1.71777;
0.0286018;3.61137;1.71351;
0.0287018;3.61582;1.71777;
0.0288018;3.61137;1.71351;
0.0289018;3.61582;1.71777;
0.0290018;3.61137;1.71351;
0.0291018;3.61582;1.71777;
0.0292018;3.61137;1.71351;
0.0293018;3.61582;1.71777;
0.0294018;3.61137;1.71351;
0.0295018;3.61582;1.71777;
0.0296018;3.61137;1.71351;
0.0297018;3.61582;1.71777;
0.0298018;3.61137;1.71351;
0.0299018;3.61582;1.71777;
0.0300018;3.61137;1.71351;
0.0301018;3.61582;1.71777;
0.0302018;3.61137;1.71351;
0.0303018;3.61582;1.71777;
0.0304018;3.61137;1.71351;
0.0305018;3.61582;1.71777;
0.0306018;3.61137;1.71351;
0.0307018;3.61582;1.71777;
0.0308018;3.61137;1.71351;
0.0309018;3.61582;1.71777;
0.0310018;3.61137;1.71351;
0.0311018;3.61582;1.71777;
0.0312018;3.61137;1.71351;
0.0313018;3.61582;1.71777;
0.0314018;3.61137;1.71351;
0.0315018;3.61582;1.71777;
0.0316018;3.61137;1.71351;
0.0317018;3.61582;1.71777;
0.0318018;3.61137;1.71351;
0.0319018;3.61582;1.71777;
0.0320018;3.61137;1.71351;
0.0321018;3.61582;1.71777;
0.0322018;3.61137;1.71351;
0.0323018;3.61582;1.71777;
0.0324018;3.61137;1.71351;
0.0325018;3.61582;1.71777;
0.0326018;3.61137;1.71351;
0.0327018;3.61582;1.71777;
0.0328018;3.61137;1.71351;
0.0329018;3.61582;1.71777;
0.0330018;3.61137;1.71351;
0.0331018;3.61582;1.71777;
0.0332018;3.61137;1.71351;
0.0333018;3.61582;1.71777;
0.0334018;3.61137;1.71351;
0.0335018;3.61582;1.71777;
0.0336018;3.61137;1.71351;
0.0337018;3.61582;1.71777;
0.0338018;3.61137;1.71351;
0.0339018;3.61582;1.71777;
0.0340018;3.61137;1.71351;
0.0341018;3.61582;1.71777;
0.0342018;3.61137;1.71351;
0.0343018;3.61582;1.71777;
0.0344018;3.61137;1.71351;
0.0345018;3.61582;1.71777;
0.0346018;3.61137;1.71351;
0.0347018;3.61582;1.71777;
0.0348018;3.61137;1.71351;
0.0349018;3.61582;1.71777;
0.0350018;3.61137;1.71351;
0.0351018;3.61582;1.71777;
0.0352018;3.61137;1.71351;
0.0353018;3.61582;1.71777;
0.0354018;3.61137;1.71351;
0.0355018;3.61582;1.71777;
0.0356018;3.61137;1.71351;
0.0357018;3.61582;1.71777;
0.0358018;3.61137;1.71351;
0.0359018;3.61582;1.71777;
0.0360018;3.61137;1.71351;
0.0361018;3.61582;1.71777;
0.0362018;3.61137;1.71351;
0.0363018;3.61582;1.71777;
0.0364018;3.61137;1.71351;
0.0365018;3.61582;1.71777;
0.0366018;3.61137;1.71351;
0.0367018;3.61582;1.71777;
0.0368018;3.61137;1.71351;
0.0369018;3.61582;1.71777;
0.0370018;3.61137;1.71351;
0.0371018;3.61582;1.71777;
0.0372018;3.61137;1.71351;
0.0373018;3.61582;1.71777;
0.0374018;3.61137;1.71351;
0.0375018;3.61582;1.71777;
0.0376018;3.61137;1.71351;
0.0377018;3.61582;1.71777;
0.0378018;3.61137;1.71351;
0.0379018;3.61582;1.71777;
0.0380018;3.61137;1.71351;
0.0381018;3.61582;1.71777;
0.0382018;3.61137;1.71351;
0.0383018;3.61582;1.71777;
0.0384018;3.61137;1.71351;
0.0385018;3.61582;1.71777;
0.0386018;3.61137;1.71351;
0.0387018;3.61582;1.71777;
0.0388018;3.61137;1.71351;
0.0389018;3.61582;1.71777;
0.0390018;3.61137;1.71351;
0.0391018;3.61582;1.71777;
0.0392018;3.61137;1.71351;
0.0393018;3.61582;1.71777;
0.0394018;3.61137;1.71351;
0.0395018;3.61582;1.71777;
0.0396018;3.61137;1.71351;
0.0397018;3.61582;1.71777;
0.0398018;3.61137;1.71351;
0.0399018;3.61582;1.71777;
0.0400018;3.61137;1.71351;
0.0401018;3.61582;1.71777;
0.0402018;3.61137;1.71351;
0.0403018;3.61582;1.71777;
0.0404018;3.61137;1.71351;
0.0405018;3.61582;1.71777;
0.0406018;3.61137;1.71351;
0.0407018;3.61582;1.71777;
0.0408018;3.61137;1.71351;
0.0409018;3.61582;1.71777;
0.0410018;3.61137;1.71351;
0.0411018;3.61582;1.71777;
0.0412018;3.61137;1.71351;
0.0413018;3.61582;1.71777;
0.0414018;3.61137;1.71351;
0.0415018;3.61582;1.71777;
0.0416018;3.61137;1.71351;
0.0417018;3.61582;1.71777;
0.0418018;3.61137;1.71351;
0.0419018;3.61582;1.71777;
0.0420018;3.61137;1.71351;
0.0421018;3.61582;1.71777;
0.0422018;3.61137;1.71351;
0.0423018;3.61582;1.71777;
0.0424018;3.61137;1.71351;
0.0425018;3.61582;1.71777;
0.0426018;3.61137;1.71351;
0.0427018;3.61582;1.71777;
0.0428018;3.61137;1.71352;
0.0429018;3.61582;1.71777;
0.0430018;3.61137;1.71352;
0.0431018;3.61582;1.71777;
0.0432018;3.61137;1.71352;
0.0433018;3.61582;1.71777;
0.0434018;3.61137;1.71352;
0.0435018;3.61582;1.71777;
0.0436018;3.61137;1.71352;
0.0437018;3.61582;1.71777;
0.0438018;3.61137;1.71352;
0.0439018;3.61582;1.71777;
0.0440018;3.61137;1.71352;
0.0441018;3.61582;1.71777;
0.0442018;3.61137;1.71352;
0.0443018;3.61582;1.71777;
0.0444018;3.61137;1.71352;
0.0445018;3.61582;1.71777;
0.0446018;3.61137;1.71352;
0.0447018;3.61582;1.71777;
0.0448018;3.61137;1.71352;
0.0449018;3.61582;1.71777;
0.0450018;3.61137;1.71352;
0.0451018;3.61582;1.71777;
0.0452018;3.61137;1.71352;
0.0453018;3.61582;1.71777;
0.0454018;3.61137;1.71352;
0.0455018;3.61582;1.71777;
0.0456018;3.61137;1.71352;
0.0457018;3.61582;1.71777;
0.0458018;3.61137;1.71352;
0.0459018;3.61582;1.71777;
0.0460018;3.61137;1.71352;
0.0461018;3.61582;1.71777;
0.0462018;3.61137;1.71352;
0.0463018;3.61582;1.71777;
0.0464018;3.61137;1.71352;
0.0465018;3.61582;1.71777;
0.0466018;3.61137;1.71352;
0.0467018;3.61582;1.71777;
0.0468018;3.61137;1.71352;
0.0469018;3.61582;1.71777;
0.0470018;3.61137;1.71352;
0.0471018;3.61582;1.71777;
0.0472018;3.61137;1.71352;
0.0473018;3.61582;1.71777;
0.0474018;3.61137;1.71352;
0.0475018;3.61582;1.71777;
0.0476018;3.61137;1.71352;
0.0477018;3.61582;1.71777;
0.0478018;3.61137;1.71352;
0.0479018;3.61582;1.71777;
0.0480018;3.61137;1.71352;
0.0481018;3.61582;1.71777;
0.0482018;3.61137;1.71352;
0.0483018;3.61582;1.71777;
0.0484018;3.61137;1.71352;
0.0485018;3.61582;1.71777;
0.0486018;3.61137;1.71352;
0.0487018;3.61582;1.71777;
0.0488018;3.61137;1.71352;
0.0489018;3.61582;1.71777;
0.0490018;3.61137;1.71352;
0.0491018;3.61582;1.71777;
0.0492018;3.61137;1.71352;
0.0493018;3.61582;1.71777;
0.0494018;3.61137;1.71352;
0.0495018;3.61582;1.71777;
0.0496018;3.61137;1.71352;
0.0497018;3.61582;1.71777;
0.0498018;3.61137;1.71352;
0.0499018;3.61582;1.71777;
0.0500018;3.61137;1.71352;
0.0501018;3.61582;1.71777;
0.0502018;3.61137;1.71352;
0.0503018;3.61582;1.71777;
0.0504018;3.61137;1.71352;
0.0505018;3.61582;1.71776;
0.0506018;3.61137;1.71352;
0.0507018;3.61582;1.71776;
0.0508018;3.61137;1.71352;
0.0509018;3.61581;1.71776;
0.0510018;3.61137;1.71352;
0.0511018;3.61581;1.71776;
0.0512018;3.61137;1.71352;
0.0513018;3.61581;1.71776;
0.0514018;3.61137;1.71352;
0.0515018;3.61581;1.71776;
0.0516018;3.61138;1.71352;
0.0517018;3.61581;1.71776;
0.0518018;3.61138;1.71352;
0.0519018;3.61581;1.71776;
0.0520018;3.61138;1.71352;
0.0521018;3.61581;1.71776;
0.0522018;3.61138;1.71352;
0.0523018;3.61581;1.71776;
0.0524018;3.61138;1.71352;
0.0525018;3.61581;1.71776;
0.0526018;3.61138;1.71352;
0.0527018;3.61581;1.71776;
0.0528018;3.61138;1.71352;
0.0529018;3.61581;1.71776;
0.0530018;3.61138;1.71352;
0.0531018;3.61581;1.71776;
0.0532018;3.61138;1.71352;
0.0533018;3.61581;1.71776;
0.0534018;3.61138;1.71352;
0.0535018;3.61581;1.71776;
0.0536018;3.61138;1.71352;
0.0537018;3.61581;1.71776;
0.0538018;3.61138;1.71352;
0.0539018;3.61581;1.71776;
0.0540018;3.61138;1.71352;
0.0541018;3.61581;1.71776;
0.0542018;3.61138;1.71352;
0.0543018;3.61581;1.71776;
0.0544018;3.61138;1.71352;
0.0545018;3.61581;1.71776;
0.0546018;3.61138;1.71352;
0.0547018;3.61581;1.71776;
0.0548018;3.61138;1.71352;
0.0549018;3.61581;1.71776;
0.0550018;3.61138;1.71352;
0.0551018;3.61581;1.71776;
0.0552018;3.61138;1.71352;
0.0553018;3.61581;1.71776;
0.0554018;3.61138;1.71352;
0.0555018;3.61581;1.71776;
0.0556018;3.61138;1.71352;
0.0557018;3.61581;1.71776;
0.0558018;3.61138;1.71352;
0.0559018;3.61581;1.71776;
0.0560018;3.61138;1.71352;
0.0561018;3.61581;1.71776;
0.0562018;3.61138;1.71352;
0.0563018;3.61581;1.71776;
0.0564018;3.61138;1.71352;
0.0565018;3.61581;1.71776;
0.0566018;3.61138;1.71352;
0.0567018;3.61581;1.71776;
0.0568018;3.61138;1.71352;
0.0569018;3.61581;1.71776;
0.0570018;3.61138;1.71352;
0.0571018;3.61581;1.71776;
0.0572018;3.61138;1.71352;
0.0573018;3.61581;1.71776;
0.0574018;3.61138;1.71352;
0.0575018;3.61581;1.71776;
0.0576018;3.61138;1.71352;
0.0577018;3.61581;1.71776;
0.0578018;3.61138;1.71352;
0.0579018;3.61581;1.71776;
0.0580018;3.61138;1.71352;
0.0581018;3.61581;1.71776;
0.0582018;3.61138;1.71352;
0.0583018;3.61581;1.71776;
0.0584018;3.61138;1.71352;
0.0585018;3.61581;1.71776;
0.0586018;3.61138;1.71352;
0.0587018;3.61581;1.71776;
0.0588018;3.61138;1.71352;
0.0589018;3.61581;1.71776;
0.0590018;3.61138;1.71352;
0.0591018;3.61581;1.71776;
0.0592018;3.61138;1.71352;
0.0593018;3.61581;1.71776;
0.0594018;3.61138;1.71352;
0.0595018;3.61581;1.71776;
0.0596018;3.61138;1.71352;
0.0597018;3.61581;1.71776;
0.0598018;3.61138;1.71352;
0.0599018;3.61581;1.71776;
0.0600018;3.61138;1.71352;
0.0601018;3.61581;1.71776;
0.0602018;3.61138;1.71352;
0.0603018;3.61581;1.71776;
0.0604018;3.61138;1.71352;
0.0605018;3.61581;1.71776;
0.0606018;3.61138;1.71352;
0.0607018;3.61581;1.71776;
0.0608018;3.61138;1.71352;
0.0609018;3.61581;1.71776;
0.0610018;3.61138;1.71352;
0.0611018;3.61581;1.71776;
0.0612018;3.61138;1.71352;
0.0613018;3.61581;1.71776;
0.0614018;3.61138;1.71352;
0.0615018;3.61581;1.71776;
0.0616018;3.61138;1.71352;
0.0617018;3.61581;1.71776;
0.0618018;3.61138;1.71352;
0.0619018;3.61581;1.71776;
0.0620018;3.61138;1.71352;
0.0621018;3.61581;1.71776;
0.0622018;3.61138;1.71352;
0.0623018;3.61581;1.71776;
0.0624018;3.61138;1.71352;
0.0625018;3.61581;1.71776;
0.0626018;3.61138;1.71352;
0.0627018;3.61581;1.71776;
0.0628018;3.61138;1.71352;
0.0629018;3.61581;1.71776;
0.0630018;3.61138;1.71352;
0.0631018;3.61581;1.71776;
0.0632018;3.61138;1.71352;
0.0633018;3.61581;1.71776;
0.0634018;3.61138;1.71352;
0.0635018;3.61581;1.71776;
0.0636018;3.61138;1.71352;
0.0637018;3.61581;1.71776;
0.0638018;3.61138;1.71352;
0.0639018;3.61581;1.71776;
0.0640018;3.61138;1.71352;
0.0641018;3.61581;1.71776;
0.0642018;3.61138;1.71352;
0.0643018;3.61581;1.71776;
0.0644018;3.61138;1.71352;
0.0645018;3.61581;1.71776;
0.0646018;3.61138;1.71352;
0.0647018;3.61581;1.71776;
0.0648018;3.61138;1.71352;
0.0649018;3.61581;1.71776;
0.0650018;3.61138;1.71352;
0.0651018;3.61581;1.71776;
0.0652018;3.61138;1.71352;
0.0653018;3.61581;1.71776;
0.0654018;3.61138;1.71352;
0.0655018;3.61581;1.71776;
0.0656018;3.61138;1.71352;
0.0657018;3.61581;1.71776;
0.0658018;3.61138;1.71352;
0.0659018;3.61581;1.71776;
0.0660018;3.61138;1.71352;
0.0661018;3.61581;1.71776;
0.0662018;3.61138;1.71352;
0.0663018;3.61581;1.71776;
0.0664018;3.61138;1.71352;
0.0665018;3.61581;1.71776;
0.0666018;3.61138;1.71352;
0.0667018;3.61581;1.71776;
0.0668018;3.61138;1.71352;
0.0669018;3.61581;1.71776;
0.0670018;3.61138;1.71352;
0.0671018;3.61581;1.71776;
0.0672018;3.61138;1.71352;
0.0673018;3.61581;1.71776;
0.0674018;3.61138;1.71352;
0.0675018;3.61581;1.71776;
0.0676018;3.61138;1.71352;
0.0677018;3.61581;1.71776;
0.0678018;3.61138;1.71352;
0.0679018;3.61581;1.71776;
0.0680018;3.61138;1.71352;
0.0681018;3.61581;1.71776;
0.0682018;3.61138;1.71352;
0.0683018;3.61581;1.71776;
0.0684018;3.61138;1.71352;
0.0685018;3.61581;1.71776;
0.0686018;3.61138;1.71352;
0.0687018;3.61581;1.71776;
0.0688018;3.61138;1.71352;
0.0689018;3.61581;1.71776;
0.0690018;3.61138;1.71352;
0.0691018;3.61581;1.71776;
0.0692018;3.61138;1.71352;
0.0693018;3.61581;1.71776;
0.0694018;3.61138;1.71352;
0.0695018;3.61581;1.71776;
0.0696018;3.61138;1.71352;
0.0697018;3.61581;1.71776;
0.0698018;3.61138;1.71352;
0.0699018;3.61581;1.71776;
0.0700018;3.61138;1.71352;
0.0701018;3.61581;1.71776;
0.0702018;3.61138;1.71352;
0.0703018;3.61581;1.71776;
0.0704018;3.61138;1.71352;
0.0705018;3.61581;1.71776;
0.0706018;3.61138;1.71352;
0.0707018;3.61581;1.71776;
0.0708018;3.61138;1.71352;
0.0709018;3.61581;1.71776;
0.0710018;3.61138;1.71352;
0.0711018;3.61581;1.71776;
0.0712018;3.61138;1.71352;
0.0713018;3.61581;1.71776;
0.0714018;3.61138;1.71352;
0.0715018;3.61581;1.71776;
0.0716018;3.61138;1.71352;
0.0717018;3.61581;1.71776;
0.0718018;3.61138;1.71352;
0.0719018;3.61581;1.71776;
0.0720018;3.61138;1.71352;
0.0721018;3.61581;1.71776;
0.0722018;3.61138;1.71352;
0.0723018;3.61581;1.71776;
0.0724018;3.61138;1.71352;
0.0725018;3.61581;1.71776;
0.0726018;3.61138;1.71352;
0.0727018;3.61581;1.71776;
0.0728018;3.61138;1.71352;
0.0729018;3.61581;1.71776;
0.0730018;3.61138;1.71352;
0.0731018;3.61581;1.71776;
0.0732018;3.61138;1.71352;
0.0733018;3.61581;1.71776;
0.0734018;3.61138;1.71352;
0.0735018;3.61581;1.71776;
0.0736018;3.61138;1.71352;
0.0737018;3.61581;1.71776;
0.0738018;3.61138;1.71352;
0.0739018;3.61581;1.71776;
0.0740018;3.61138;1.71352;
0.0741018;3.61581;1.71776;
0.0742018;3.61138;1.71352;
0.0743018;3.61581;1.71776;
0.0744018;3.61138;1.71352;
0.0745018;3.61581;1.71776;
0.0746018;3.61138;1.71352;
0.0747018;3.61581;1.71776;
0.0748018;3.61138;1.71352;
0.0749018;3.61581;1.71776;
0.0750018;3.61138;1.71352;
0.0751018;3.61581;1.71776;
0.0752018;3.61138;1.71352;
0.0753018;3.61581;1.71776;
0.0754018;3.61138;1.71352;
0.0755018;3.61581;1.71776;
0.0756018;3.61138;1.71352;
0.0757018;3.61581;1.71776;
0.0758018;3.61138;1.71352;
0.0759018;3.61581;1.71776;
0.0760018;3.61138;1.71352;
0.0761018;3.61581;1.71776;
0.0762018;3.61138;1.71352;
0.0763018;3.61581;1.71776;
0.0764018;3.61138;1.71352;
0.0765018;3.61581;1.71776;
0.0766018;3.61138;1.71352;
0.0767018;3.61581;1.71776;
0.0768018;3.61138;1.71352;
0.0769018;3.61581;1.71776;
0.0770018;3.61138;1.71353;
0.0771018;3.61581;1.71776;
0.0772018;3.61138;1.71353;
0.0773018;3.61581;1.71776;
0.0774018;3.61138;1.71353;
0.0775018;3.61581;1.71776;
0.0776018;3.61138;1.71353;
0.0777018;3.61581;1.71776;
0.0778018;3.61138;1.71353;
0.0779018;3.61581;1.71776;
0.0780018;3.61138;1.71353;
0.0781018;3.61581;1.71776;
0.0782018;3.61138;1.71353;
0.0783018;3.61581;1.71776;
0.0784018;3.61138;1.71353;
0.0785018;3.61581;1.71776;
0.0786018;3.61138;1.71353;
0.0787018;3.61581;1.71776;
0.0788018;3.61138;1.71353;
0.0789018;3.61581;1.71776;
0.0790018;3.61138;1.71353;
0.0791018;3.61581;1.71776;
0.0792018;3.61138;1.71353;
0.0793018;3.61581;1.71776;
0.0794018;3.61138;1.71353;
0.0795018;3.61581;1.71776;
0.0796018;3.61138;1.71353;
0.0797018;3.61581;1.71776;
0.0798018;3.61138;1.71353;
0.0799018;3.61581;1.71776;
0.0800018;3.61138;1.71353;
0.0801018;3.61581;1.71776;
0.0802018;3.61138;1.71353;
0.0803018;3.61581;1.71776;
0.0804018;3.61138;1.71353;
0.0805018;3.61581;1.71776;
0.0806018;3.61138;1.71353;
0.0807018;3.61581;1.71776;
0.0808018;3.61138;1.71353;
0.0809018;3.61581;1.71776;
0.0810018;3.61138;1.71353;
0.0811018;3.61581;1.71776;
0.0812018;3.61138;1.71353;
0.0813018;3.61581;1.71776;
0.0814018;3.61138;1.71353;
0.0815018;3.61581;1.71776;
0.0816018;3.61138;1.71353;
0.0817018;3.61581;1.71776;
0.0818018;3.61138;1.71353;
0.0819018;3.61581;1.71776;
0.0820018;3.61138;1.71353;
0.0821018;3.61581;1.71776;
0.0822018;3.61138;1.71353;
0.0823018;3.61581;1.71776;
0.0824018;3.61138;1.71353;
0.0825018;3.61581;1.71776;
0.0826018;3.61138;1.71353;
0.0827018;3.61581;1.71776;
0.0828018;3.61138;1.71353;
0.0829018;3.61581;1.71776;
0.0830018;3.61139;1.71353;
0.0831018;3.61581;1.71776;
0.0832018;3.61139;1.71353;
0.0833018;3.61581;1.71776;
0.0834018;3.61139;1.71353;
0.0835018;3.61581;1.71776;
0.0836018;3.61139;1.71353;
0.0837018;3.61581;1.71776;
0.0838018;3.61139;1.71353;
0.0839018;3.61581;1.71776;
0.0840018;3.61139;1.71353;
0.0841018;3.61581;1.71776;
0.0842018;3.61139;1.71353;
0.0843018;3.61581;1.71776;
0.0844018;3.61139;1.71353;
0.0845018;3.6158;1.71776;
0.0846018;3.61139;1.71353;
0.0847018;3.6158;1.71776;
0.0848018;3.61139;1.71353;
0.0849018;3.6158;1.71776;
0.0850018;3.61139;1.71353;
0.0851018;3.6158;1.71776;
0.0852018;3.61139;1.71353;
0.0853018;3.6158;1.71776;
0.0854018;3.61139;1.71353;
0.0855018;3.6158;1.71775;
0.0856018;3.61139;1.71353;
0.0857018;3.6158;1.71775;
0.0858018;3.61139;1.71353;
0.0859018;3.6158;1.71775;
0.0860018;3.61139;1.71353;
0.0861018;3.6158;1.71775;
0.0862018;3.61139;1.71353;
0.0863018;3.6158;1.71775;
0.0864018;3.61139;1.71353;
0.0865018;3.6158;1.71775;
0.0866018;3.61139;1.71353;
0.0867018;3.6158;1.71775;
0.0868018;3.61139;1.71353;
0.0869018;3.6158;1.71775;
0.0870018;3.61139;1.71353;
0.0871018;3.6158;1.71775;
0.0872018;3.61139;1.71353;
0.0873018;3.6158;1.71775;
0.0874018;3.61139;1.71353;
0.0875018;3.6158;1.71775;
0.0876018;3.61139;1.71353;
0.0877018;3.6158;1.71775;
0.0878018;3.61139;1.71353;
0.0879018;3.6158;1.71775;
0.0880018;3.61139;1.71353;
0.0881018;3.6158;1.71775;
0.0882018;3.61139;1.71353;
0.0883018;3.6158;1.71775;
0.0884018;3.61139;1.71353;
0.0885018;3.6158;1.71775;
0.0886018;3.61139;1.71353;
0.0887018;3.6158;1.71775;
0.0888018;3.61139;1.71353;
0.0889018;3.6158;1.71775;
0.0890018;3.61139;1.71353;
0.0891018;3.6158;1.71775;
0.0892018;3.61139;1.71353;
0.0893018;3.6158;1.71775;
0.0894018;3.61139;1.71353;
0.0895018;3.6158;1.71775;
0.0896018;3.61139;1.71353;
0.0897018;3.6158;1.71775;
0.0898018;3.61139;1.71353;
0.0899018;3.6158;1.71775;
0.0900018;3.61139;1.71353;
0.0901018;3.6158;1.71775;
0.0902018;3.61139;1.71353;
0.0903018;3.6158;1.71775;
0.0904018;3.61139;1.71353;
0.0905018;3.6158;1.71775;
0.0906018;3.61139;1.71353;
0.0907018;3.6158;1.71775;
0.0908018;3.61139;1.71353;
0.0909018;3.6158;1.71775;
0.0910018;3.61139;1.71353;
0.0911018;3.6158;1.71775;
0.0912018;3.61139;1.71353;
0.0913018;3.6158;1.71775;
0.0914018;3.61139;1.71353;
0.0915018;3.6158;1.71775;
0.0916018;3.61139;1.71353;
0.0917018;3.6158;1.71775;
0.0918018;3.61139;1.71353;
0.0919018;3.6158;1.71775;
0.0920018;3.61139;1.71353;
0.0921018;3.6158;1.71775;
0.0922018;3.61139;1.71353;
0.0923018;3.6158;1.71775;
0.0924018;3.61139;1.71353;
0.0925018;3.6158;1.71775;
0.0926018;3.61139;1.71353;
0.0927018;3.6158;1.71775;
0.0928018;3.61139;1.71353;
0.0929018;3.6158;1.71775;
0.0930018;3.61139;1.71353;
0.0931018;3.6158;1.71775;
0.0932018;3.61139;1.71353;
0.0933018;3.6158;1.71775;
0.0934018;3.61139;1.71353;
0.0935018;3.6158;1.71775;
0.0936018;3.61139;1.71353;
0.0937018;3.6158;1.71775;
0.0938018;3.61139;1.71353;
0.0939018;3.6158;1.71775;
0.0940018;3.61139;1.71353;
0.0941018;3.6158;1.71775;
0.0942018;3.61139;1.71353;
0.0943018;3.6158;1.71775;
0.0944018;3.61139;1.71353;
0.0945018;3.6158;1.71775;
0.0946018;3.61139;1.71353;
0.0947018;3.6158;1.71775;
0.0948018;3.61139;1.71353;
0.0949018;3.6158;1.71775;
0.0950018;3.61139;1.71353;
0.0951018;3.6158;1.71775;
0.0952018;3.61139;1.71353;
0.0953018;3.6158;1.71775;
0.0954018;3.61139;1.71353;
0.0955018;3.6158;1.71775;
0.0956018;3.61139;1.71353;
0.0957018;3.6158;1.71775;
0.0958018;3.61139;1.71353;
0.0959018;3.6158;1.71775;
0.0960018;3.61139;1.71353;
0.0961018;3.6158;1.71775;
0.0962018;3.61139;1.71353;
0.0963018;3.6158;1.71775;
0.0964018;3.61139;1.71353;
0.0965018;3.6158;1.71775;
0.0966018;3.61139;1.71353;
0.0967018;3.6158;1.71775;
0.0968018;3.61139;1.71353;
0.0969018;3.6158;1.71775;
0.0970018;3.61139;1.71353;
0.0971018;3.6158;1.71775;
0.0972018;3.61139;1.71353;
0.0973018;3.6158;1.71775;
0.0974018;3.61139;1.71353;
0.0975018;3.6158;1.71775;
0.0976018;3.61139;1.71353;
0.0977018;3.6158;1.71775;
0.0978018;3.61139;1.71353;
0.0979018;3.6158;1.71775;
0.0980018;3.61139;1.71353;
0.0981018;3.6158;1.71775;
0.0982018;3.61139;1.71353;
0.0983018;3.6158;1.71775;
0.0984018;3.61139;1.71353;
0.0985018;3.6158;1.71775;
0.0986018;3.61139;1.71353;
0.0987018;3.6158;1.71775;
0.0988018;3.61139;1.71353;
0.0989018;3.6158;1.71775;
0.0990018;3.61139;1.71353;
0.0991018;3.6158;1.71775;
0.0992018;3.61139;1.71353;
0.0993018;3.6158;1.71775;
0.0994018;3.61139;1.71353;
0.0995018;3.6158;1.71775;
0.0996018;3.61139;1.71353;
0.0997018;3.6158;1.71775;
0.0998018;3.61139;1.71353;
0.0999018;3.6158;1.71775;
0.100002;3.61139;1.71353;
0.100102;3.6158;1.71775;
0.100202;3.61139;1.71353;
0.100302;3.6158;1.71775;
0.100402;3.61139;1.71353;
0.100502;3.6158;1.71775;
0.100602;3.61139;1.71353;
0.100702;3.6158;1.71775;
0.100802;3.61139;1.71353;
0.100902;3.6158;1.71775;
0.101002;3.61139;1.71353;
0.101102;3.6158;1.71775;
0.101202;3.61139;1.71353;
0.101302;3.6158;1.71775;
0.101402;3.61139;1.71353;
0.101502;3.6158;1.71775;
0.101602;3.61139;1.71353;
0.101702;3.6158;1.71775;
0.101802;3.61139;1.71353;
0.101902;3.6158;1.71775;
0.102002;3.61139;1.71353;
0.102102;3.6158;1.71775;
0.102202;3.61139;1.71353;
0.102302;3.6158;1.71775;
0.102402;3.61139;1.71353;
0.102502;3.6158;1.71775;
0.102602;3.61139;1.71353;
0.102702;3.6158;1.71775;
0.102802;3.61139;1.71353;
0.102902;3.6158;1.71775;
0.103002;3.61139;1.71353;
0.103102;3.6158;1.71775;
0.103202;3.61139;1.71353;
0.103302;3.6158;1.71775;
0.103402;3.61139;1.71353;
0.103502;3.6158;1.71775;
0.103602;3.61139;1.71353;
0.103702;3.6158;1.71775;
0.103802;3.61139;1.71353;
0.103902;3.6158;1.71775;
0.104002;3.61139;1.71353;
0.104102;3.6158;1.71775;
0.104202;3.61139;1.71353;
0.104302;3.6158;1.71775;
0.104402;3.61139;1.71353;
0.104502;3.6158;1.71775;
0.104602;3.61139;1.71353;
0.104702;3.6158;1.71775;
0.104802;3.61139;1.71353;
0.104902;3.6158;1.71775;
0.105002;3.61139;1.71353;
0.105102;3.6158;1.71775;
0.105202;3.61139;1.71353;
0.105302;3.6158;1.71775;
0.105402;3.61139;1.71353;
0.105502;3.6158;1.71775;
0.105602;3.61139;1.71353;
0.105702;3.6158;1.71775;
0.105802;3.61139;1.71353;
0.105902;3.6158;1.71775;
0.106002;3.61139;1.71353;
0.106102;3.6158;1.71775;
0.106202;3.61139;1.71353;
0.106302;3.6158;1.71775;
0.106402;3.61139;1.71353;
0.106502;3.6158;1.71775;
0.106602;3.61139;1.71354;
0.106702;3.6158;1.71775;
0.106802;3.61139;1.71354;
0.106902;3.6158;1.71775;
0.107002;3.61139;1.71354;
0.107102;3.6158;1.71775;
0.107202;3.61139;1.71354;
0.107302;3.6158;1.71775;
0.107402;3.61139;1.71354;
0.107502;3.6158;1.71775;
0.107602;3.61139;1.71354;
0.107702;3.6158;1.71775;
0.107802;3.61139;1.71354;
0.107902;3.6158;1.71775;
0.108002;3.61139;1.71354;
0.108102;3.6158;1.71775;
0.108202;3.61139;1.71354;
0.108302;3.6158;1.71775;
0.108402;3.61139;1.71354;
0.108502;3.6158;1.71775;
0.108602;3.61139;1.71354;
0.108702;3.6158;1.71775;
0.108802;3.61139;1.71354;
0.108902;3.6158;1.71775;
0.109002;3.61139;1.71354;
0.109102;3.6158;1.71775;
0.109202;3.61139;1.71354;
0.109302;3.6158;1.71775;
0.109402;3.61139;1.71354;
0.109502;3.6158;1.71775;
0.109602;3.61139;1.71354;
0.109702;3.6158;1.71775;
0.109802;3.61139;1.71354;
0.109902;3.6158;1.71775;
0.110002;3.61139;1.71354;
0.110102;3.6158;1.71775;
0.110202;3.61139;1.71354;
0.110302;3.6158;1.71775;
0.110402;3.61139;1.71354;
0.110502;3.6158;1.71775;
0.110602;3.61139;1.71354;
0.110702;3.6158;1.71775;
0.110802;3.6114;1.71354;
0.110902;3.6158;1.71775;
0.111002;3.6114;1.71354;
0.111102;3.6158;1.71775;
0.111202;3.6114;1.71354;
0.111302;3.6158;1.71775;
0.111402;3.6114;1.71354;
0.111502;3.6158;1.71775;
0.111602;3.6114;1.71354;
0.111702;3.6158;1.71775;
0.111802;3.6114;1.71354;
0.111902;3.6158;1.71775;
0.112002;3.6114;1.71354;
0.112102;3.6158;1.71775;
0.112202;3.6114;1.71354;
0.112302;3.6158;1.71775;
0.112402;3.6114;1.71354;
0.112502;3.6158;1.71775;
0.112602;3.6114;1.71354;
0.112702;3.6158;1.71775;
0.112802;3.6114;1.71354;
0.112902;3.6158;1.71775;
0.113002;3.6114;1.71354;
0.113102;3.6158;1.71775;
0.113202;3.6114;1.71354;
0.113302;3.6158;1.71775;
0.113402;3.6114;1.71354;
0.113502;3.6158;1.71775;
0.113602;3.6114;1.71354;
0.113702;3.6158;1.71775;
0.113802;3.6114;1.71354;
0.113902;3.61579;1.71775;
0.114002;3.6114;1.71354;
0.114102;3.61579;1.71775;
0.114202;3.6114;1.71354;
0.114302;3.61579;1.71775;
0.114402;3.6114;1.71354;
0.114502;3.61579;1.71775;
0.114602;3.6114;1.71354;
0.114702;3.61579;1.71775;
0.114802;3.6114;1.71354;
0.114902;3.61579;1.71775;
0.115002;3.6114;1.71354;
0.115102;3.61579;1.71775;
0.115202;3.6114;1.71354;
0.115302;3.61579;1.71775;
0.115402;3.6114;1.71354;
0.115502;3.61579;1.71775;
0.115602;3.6114;1.71354;
0.115702;3.61579;1.71775;
0.115802;3.6114;1.71354;
0.115902;3.61579;1.71775;
0.116002;3.6114;1.71354;
0.116102;3.61579;1.71774;
0.116202;3.6114;1.71354;
0.116302;3.61579;1.71774;
0.116402;3.6114;1.71354;
0.116502;3.61579;1.71774;
0.116602;3.6114;1.71354;
0.116702;3.61579;1.71774;
0.116802;3.6114;1.71354;
0.116902;3.61579;1.71774;
0.117002;3.6114;1.71354;
0.117102;3.61579;1.71774;
0.117202;3.6114;1.71354;
0.117302;3.61579;1.71774;
0.117402;3.6114;1.71354;
0.117502;3.61579;1.71774;
0.117602;3.6114;1.71354;
0.117702;3.61579;1.71774;
0.117802;3.6114;1.71354;
0.117902;3.61579;1.71774;
0.118002;3.6114;1.71354;
0.118102;3.61579;1.71774;
0.118202;3.6114;1.71354;
0.118302;3.61579;1.71774;
0.118402;3.6114;1.71354;
0.118502;3.61579;1.71774;
0.118602;3.6114;1.71354;
0.118702;3.61579;1.71774;
0.118802;3.6114;1.71354;
0.118902;3.61579;1.71774;
0.119002;3.6114;1.71354;
0.119102;3.61579;1.71774;
0.119202;3.6114;1.71354;
0.119302;3.61579;1.71774;
0.119402;3.6114;1.71354;
0.119502;3.61579;1.71774;
0.119602;3.6114;1.71354;
0.119702;3.61579;1.71774;
0.119802;3.6114;1.71354;
0.119902;3.61579;1.71774;
0.120002;3.6114;1.71354;
0.120102;3.61579;1.71774;
0.120202;3.6114;1.71354;
0.120302;3.61579;1.71774;
0.120402;3.6114;1.71354;
0.120502;3.61579;1.71774;
0.120602;3.6114;1.71354;
0.120702;3.61579;1.71774;
0.120802;3.6114;1.71354;
0.120902;3.61579;1.71774;
0.121002;3.6114;1.71354;
0.121102;3.61579;1.71774;
0.121202;3.6114;1.71354;
0.121302;3.61579;1.71774;
0.121402;3.6114;1.71354;
0.121502;3.61579;1.71774;
0.121602;3.6114;1.71354;
0.121702;3.61579;1.71774;
0.121802;3.6114;1.71354;
0.121902;3.61579;1.71774;
0.122002;3.6114;1.71354;
0.122102;3.61579;1.71774;
0.122202;3.6114;1.71354;
0.122302;3.61579;1.71774;
0.122402;3.6114;1.71354;
0.122502;3.61579;1.71774;
0.122602;3.6114;1.71354;
0.122702;3.61579;1.71774;
0.122802;3.6114;1.71354;
0.122902;3.61579;1.71774;
0.123002;3.6114;1.71354;
0.123102;3.61579;1.71774;
0.123202;3.6114;1.71354;
0.123302;3.61579;1.71774;
0.123402;3.6114;1.71354;
0.123502;3.61579;1.71774;
0.123602;3.6114;1.71354;
0.123702;3.61579;1.71774;
0.123802;3.6114;1.71354;
0.123902;3.61579;1.71774;
0.124002;3.6114;1.71354;
0.124102;3.61579;1.71774;
0.124202;3.6114;1.71354;
0.124302;3.61579;1.71774;
0.124402;3.6114;1.71354;
0.124502;3.61579;1.71774;
0.124602;3.6114;1.71354;
0.124702;3.61579;1.71774;
0.124802;3.6114;1.71354;
0.124902;3.61579;1.71774;
0.125002;3.6114;1.71354;
0.125102;3.61579;1.71774;
0.125202;3.6114;1.71354;
0.125302;3.61579;1.71774;
0.125402;3.6114;1.71354;
0.125502;3.61579;1.71774;
0.125602;3.6114;1.71354;
0.125702;3.61579;1.71774;
0.125802;3.6114;1.71354;
0.125902;3.61579;1.71774;
0.126002;3.6114;1.71354;
0.126102;3.61579;1.71774;
0.126202;3.6114;1.71354;
0.126302;3.61579;1.71774;
0.126402;3.6114;1.71354;
0.126502;3.61579;1.71774;
0.126602;3.6114;1.71354;
0.126702;3.61579;1.71774;
0.126802;3.6114;1.71354;
0.126902;3.61579;1.71774;
0.127002;3.6114;1.71354;
0.127102;3.61579;1.71774;
0.127202;3.6114;1.71354;
0.127302;3.61579;1.71774;
0.127402;3.6114;1.71354;
0.127502;3.61579;1.71774;
0.127602;3.6114;1.71354;
0.127702;3.61579;1.71774;
0.127802;3.6114;1.71354;
0.127902;3.61579;1.71774;
0.128002;3.6114;1.71354;
0.128102;3.61579;1.71774;
0.128202;3.6114;1.71354;
0.128302;3.61579;1.71774;
0.128402;3.6114;1.71354;
0.128502;3.61579;1.71774;
0.128602;3.6114;1.71354;
0.128702;3.61579;1.71774;
0.128802;3.6114;1.71354;
0.128902;3.61579;1.71774;
0.129002;3.6114;1.71354;
0.129102;3.61579;1.71774;
0.129202;3.6114;1.71354;
0.129302;3.61579;1.71774;
0.129402;3.6114;1.71354;
0.129502;3.61579;1.71774;
0.129602;3.6114;1.71354;
0.129702;3.61579;1.71774;
0.129802;3.6114;1.71354;
0.129902;3.61579;1.71774;
0.130002;3.6114;1.71354;
0.130102;3.61579;1.71774;
0.130202;3.6114;1.71354;
0.130302;3.61579;1.71774;
0.130402;3.6114;1.71354;
0.130502;3.61579;1.71774;
0.130602;3.6114;1.71354;
0.130702;3.61579;1.71774;
0.130802;3.6114;1.71354;
0.130902;3.61579;1.71774;
0.131002;3.6114;1.71354;
0.131102;3.61579;1.71774;
0.131202;3.6114;1.71354;
0.131302;3.61579;1.71774;
0.131402;3.6114;1.71354;
0.131502;3.61579;1.71774;
0.131602;3.6114;1.71354;
0.131702;3.61579;1.71774;
0.131802;3.6114;1.71354;
0.131902;3.61579;1.71774;
0.132002;3.6114;1.71354;
0.132102;3.61579;1.71774;
0.132202;3.6114;1.71354;
0.132302;3.61579;1.71774;
0.132402;3.6114;1.71354;
0.132502;3.61579;1.71774;
0.132602;3.6114;1.71354;
0.132702;3.61579;1.71774;
0.132802;3.6114;1.71354;
0.132902;3.61579;1.71774;
0.133002;3.6114;1.71354;
0.133102;3.61579;1.71774;
0.133202;3.6114;1.71354;
0.133302;3.61579;1.71774;
0.133402;3.6114;1.71354;
0.133502;3.61579;1.71774;
0.133602;3.6114;1.71354;
0.133702;3.61579;1.71774;
0.133802;3.6114;1.71354;
0.133902;3.61579;1.71774;
0.134002;3.6114;1.71354;
0.134102;3.61579;1.71774;
0.134202;3.6114;1.71355;
0.134302;3.61579;1.71774;
0.134402;3.6114;1.71355;
0.134502;3.61579;1.71774;
0.134602;3.6114;1.71355;
0.134702;3.61579;1.71774;
0.134802;3.6114;1.71355;
0.134902;3.61579;1.71774;
0.135002;3.6114;1.71355;
0.135102;3.61579;1.71774;
0.135202;3.6114;1.71355;
0.135302;3.61579;1.71774;
0.135402;3.6114;1.71355;
0.135502;3.61579;1.71774;
0.135602;3.6114;1.71355;
0.135702;3.61579;1.71774;
0.135802;3.6114;1.71355;
0.135902;3.61579;1.71774;
0.136002;3.6114;1.71355;
0.136102;3.61579;1.71774;
0.136202;3.6114;1.71355;
0.136302;3.61579;1.71774;
0.136402;3.6114;1.71355;
0.136502;3.61579;1.71774;
0.136602;3.6114;1.71355;
0.136702;3.61579;1.71774;
0.136802;3.6114;1.71355;
0.136902;3.61579;1.71774;
0.137002;3.61141;1.71355;
0.137102;3.61579;1.71774;
0.137202;3.61141;1.71355;
0.137302;3.61579;1.71774;
0.137402;3.61141;1.71355;
0.137502;3.61579;1.71774;
0.137602;3.61141;1.71355;
0.137702;3.61579;1.71774;
0.137802;3.61141;1.71355;
0.137902;3.61579;1.71774;
0.138002;3.61141;1.71355;
0.138102;3.61579;1.71774;
0.138202;3.61141;1.71355;
0.138302;3.61579;1.71774;
0.138402;3.61141;1.71355;
0.138502;3.61579;1.71774;
0.138602;3.61141;1.71355;
0.138702;3.61579;1.71774;
0.138802;3.61141;1.71355;
0.138902;3.61579;1.71774;
0.139002;3.61141;1.71355;
0.139102;3.61579;1.71774;
0.139202;3.61141;1.71355;
0.139302;3.61579;1.71774;
0.139402;3.61141;1.71355;
0.139502;3.61579;1.71774;
0.139602;3.61141;1.71355;
0.139702;3.61579;1.71774;
0.139802;3.61141;1.71355;
0.139902;3.61579;1.71774;
0.140002;3.61141;1.71355;
0.140102;3.61579;1.71774;
0.140202;3.61141;1.71355;
0.140302;3.61579;1.71774;
0.140402;3.61141;1.71355;
0.140502;3.61579;1.71774;
0.140602;3.61141;1.71355;
0.140702;3.61579;1.71774;
0.140802;3.61141;1.71355;
0.140902;3.61579;1.71774;
0.141002;3.61141;1.71355;
0.141102;3.61579;1.71774;
0.141202;3.61141;1.71355;
0.141302;3.61578;1.71774;
0.141402;3.61141;1.71355;
0.141502;3.61578;1.71774;
0.141602;3.61141;1.71355;
0.141702;3.61578;1.71774;
0.141802;3.61141;1.71355;
0.141902;3.61578;1.71774;
0.142002;3.61141;1.71355;
0.142102;3.61578;1.71774;
0.142202;3.61141;1.71355;
0.142302;3.61578;1.71774;
0.142402;3.61141;1.71355;
0.142502;3.61578;1.71774;
0.142602;3.61141;1.71355;
0.142702;3.61578;1.71774;
0.142802;3.61141;1.71355;
0.142902;3.61578;1.71774;
0.143002;3.61141;1.71355;
0.143102;3.61578;1.71774;
0.143202;3.61141;1.71355;
0.143302;3.61578;1.71774;
0.143402;3.61141;1.71355;
0.143502;3.61578;1.71774;
0.143602;3.61141;1.71355;
0.143702;3.61578;1.71774;
0.143802;3.61141;1.71355;
0.143902;3.61578;1.71774;
0.144002;3.61141;1.71355;
0.144102;3.61578;1.71774;
0.144202;3.61141;1.71355;
0.144302;3.61578;1.71774;
0.144402;3.61141;1.71355;
0.144502;3.61578;1.71774;
0.144602;3.61141;1.71355;
0.144702;3.61578;1.71773;
0.144802;3.61141;1.71355;
0.144902;3.61578;1.71773;
0.145002;3.61141;1.71355;
0.145102;3.61578;1.71773;
0.145202;3.61141;1.71355;
0.145302;3.61578;1.71773;
0.145402;3.61141;1.71355;
0.145502;3.61578;1.71773;
0.145602;3.61141;1.71355;
0.145702;3.61578;1.71773;
0.145802;3.61141;1.71355;
0.145902;3.61578;1.71773;
0.146002;3.61141;1.71355;
0.146102;3.61578;1.71773;
0.146202;3.61141;1.71355;
0.146302;3.61578;1.71773;
0.146402;3.61141;1.71355;
0.146502;3.61578;1.71773;
0.146602;3.61141;1.71355;
0.146702;3.61578;1.71773;
0.146802;3.61141;1.71355;
0.146902;3.61578;1.71773;
0.147002;3.61141;1.71355;
0.147102;3.61578;1.71773;
0.147202;3.61141;1.71355;
0.147302;3.61578;1.71773;
0.147402;3.61141;1.71355;
0.147502;3.61578;1.71773;
0.147602;3.61141;1.71355;
0.147702;3.61578;1.71773;
0.147802;3.61141;1.71355;
0.147902;3.61578;1.71773;
0.148002;3.61141;1.71355;
0.148102;3.61578;1.71773;
0.148202;3.61141;1.71355;
0.148302;3.61578;1.71773;
0.148402;3.61141;1.71355;
0.148502;3.61578;1.71773;
0.148602;3.61141;1.71355;
0.148702;3.61578;1.71773;
0.148802;3.61141;1.71355;
0.148902;3.61578;1.71773;
0.149002;3.61141;1.71355;
0.149102;3.61578;1.71773;
0.149202;3.61141;1.71355;
0.149302;3.61578;1.71773;
0.149402;3.61141;1.71355;
0.149502;3.61578;1.71773;
0.149602;3.61141;1.71355;
0.149702;3.61578;1.71773;
0.149802;3.61141;1.71355;
0.149902;3.61578;1.71773;
0.150002;3.61141;1.71355;
0.150102;3.61578;1.71773;
0.150202;3.61141;1.71355;
0.150302;3.61578;1.71773;
0.150402;3.61141;1.71355;
0.150502;3.61578;1.71773;
0.150602;3.61141;1.71355;
0.150702;3.61578;1.71773;
0.150802;3.61141;1.71355;
0.150902;3.61578;1.71773;
0.151002;3.61141;1.71355;
0.151102;3.61578;1.71773;
0.151202;3.61141;1.71355;
0.151302;3.61578;1.71773;
0.151402;3.61141;1.71355;
0.151502;3.61578;1.71773;
0.151602;3.61141;1.71355;
0.151702;3.61578;1.71773;
0.151802;3.61141;1.71355;
0.151902;3.61578;1.71773;
0.152002;3.61141;1.71355;
0.152102;3.61578;1.71773;
0.152202;3.61141;1.71355;
0.152302;3.61578;1.71773;
0.152402;3.61141;1.71355;
0.152502;3.61578;1.71773;
0.152602;3.61141;1.71355;
0.152702;3.61578;1.71773;
0.152802;3.61141;1.71355;
0.152902;3.61578;1.71773;
0.153002;3.61141;1.71355;
0.153102;3.61578;1.71773;
0.153202;3.61141;1.71355;
0.153302;3.61578;1.71773;
0.153402;3.61141;1.71355;
0.153502;3.61578;1.71773;
0.153602;3.61141;1.71355;
0.153702;3.61578;1.71773;
0.153802;3.61141;1.71355;
0.153902;3.61578;1.71773;
0.154002;3.61141;1.71355;
0.154102;3.61578;1.71773;
0.154202;3.61141;1.71355;
0.154302;3.61578;1.71773;
0.154402;3.61141;1.71355;
0.154502;3.61578;1.71773;
0.154602;3.61141;1.71355;
0.154702;3.61578;1.71773;
0.154802;3.61141;1.71355;
0.154902;3.61578;1.71773;
0.155002;3.61141;1.71355;
0.155102;3.61578;1.71773;
0.155202;3.61141;1.71355;
0.155302;3.61578;1.71773;
0.155402;3.61141;1.71355;
0.155502;3.61578;1.71773;
0.155602;3.61141;1.71355;
0.155702;3.61578;1.71773;
0.155802;3.61141;1.71355;
0.155902;3.61578;1.71773;
0.156002;3.61141;1.71355;
0.156102;3.61578;1.71773;
0.156202;3.61141;1.71355;
0.156302;3.61578;1.71773;
0.156402;3.61141;1.71355;
0.156502;3.61578;1.71773;
0.156602;3.61141;1.71355;
0.156702;3.61578;1.71773;
0.156802;3.61141;1.71355;
0.156902;3.61578;1.71773;
0.157002;3.61141;1.71355;
0.157102;3.61578;1.71773;
0.157202;3.61141;1.71355;
0.157302;3.61578;1.71773;
0.157402;3.61141;1.71355;
0.157502;3.61578;1.71773;
0.157602;3.61141;1.71355;
0.157702;3.61578;1.71773;
0.157802;3.61141;1.71355;
0.157902;3.61578;1.71773;
0.158002;3.61141;1.71355;
0.158102;3.61578;1.71773;
0.158202;3.61141;1.71355;
0.158302;3.61578;1.71773;
0.158402;3.61141;1.71355;
0.158502;3.61578;1.71773;
0.158602;3.61141;1.71355;
0.158702;3.61578;1.71773;
0.158802;3.61141;1.71355;
0.158902;3.61578;1.71773;
0.159002;3.61141;1.71355;
0.159102;3.61578;1.71773;
0.159202;3.61141;1.71355;
0.159302;3.61578;1.71773;
0.159402;3.61141;1.71355;
0.159502;3.61578;1.71773;
0.159602;3.61141;1.71355;
0.159702;3.61578;1.71773;
0.159802;3.61141;1.71355;
0.159902;3.61578;1.71773;
0.160002;3.61141;1.71355;
0.160102;3.61578;1.71773;
0.160202;3.61141;1.71355;
0.160302;3.61578;1.71773;
0.160402;3.61141;1.71355;
0.160502;3.61578;1.71773;
0.160602;3.61141;1.71356;
0.160702;3.61578;1.71773;
0.160802;3.61141;1.71356;
0.160902;3.61578;1.71773;
0.161002;3.61141;1.71356;
0.161102;3.61578;1.71773;
0.161202;3.61141;1.71356;
0.161302;3.61578;1.71773;
0.161402;3.61141;1.71356;
0.161502;3.61578;1.71773;
0.161602;3.61141;1.71356;
0.161702;3.61578;1.71773;
0.161802;3.61141;1.71356;
0.161902;3.61578;1.71773;
0.162002;3.61141;1.71356;
0.162102;3.61578;1.71773;
0.162202;3.61142;1.71356;
0.162302;3.61578;1.71773;
0.162402;3.61142;1.71356;
0.162502;3.61578;1.71773;
0.162602;3.61142;1.71356;
0.162702;3.61578;1.71773;
0.162802;3.61142;1.71356;
0.162902;3.61578;1.71773;
0.163002;3.61142;1.71356;
0.163102;3.61578;1.71773;
0.163202;3.61142;1.71356;
0.163302;3.61578;1.71773;
0.163402;3.61142;1.71356;
0.163502;3.61578;1.71773;
0.163602;3.61142;1.71356;
0.163702;3.61578;1.71773;
0.163802;3.61142;1.71356;
0.163902;3.61578;1.71773;
0.164002;3.61142;1.71356;
0.164102;3.61578;1.71773;
0.164202;3.61142;1.71356;
0.164302;3.61578;1.71773;
0.164402;3.61142;1.71356;
0.164502;3.61578;1.71773;
0.164602;3.61142;1.71356;
0.164702;3.61578;1.71773;
0.164802;3.61142;1.71356;
0.164902;3.61578;1.71773;
0.165002;3.61142;1.71356;
0.165102;3.61578;1.71773;
0.165202;3.61142;1.71356;
0.165302;3.61578;1.71773;
0.165402;3.61142;1.71356;
0.165502;3.61578;1.71773;
0.165602;3.61142;1.71356;
0.165702;3.61578;1.71773;
0.165802;3.61142;1.71356;
0.165902;3.61578;1.71773;
0.166002;3.61142;1.71356;
0.166102;3.61578;1.71773;
0.166202;3.61142;1.71356;
0.166302;3.61578;1.71773;
0.166402;3.61142;1.71356;
0.166502;3.61578;1.71773;
0.166602;3.61142;1.71356;
0.166702;3.61578;1.71773;
0.166802;3.61142;1.71356;
0.166902;3.61578;1.71773;
0.167002;3.61142;1.71356;
0.167102;3.61578;1.71773;
0.167202;3.61142;1.71356;
0.167302;3.61578;1.71773;
0.167402;3.61142;1.71356;
0.167502;3.61578;1.71773;
0.167602;3.61142;1.71356;
0.167702;3.61578;1.71773;
0.167802;3.61142;1.71356;
0.167902;3.61577;1.71773;
0.168002;3.61142;1.71356;
0.168102;3.61577;1.71773;
0.168202;3.61142;1.71356;
0.168302;3.61577;1.71773;
0.168402;3.61142;1.71356;
0.168502;3.61577;1.71773;
0.168602;3.61142;1.71356;
0.168702;3.61577;1.71773;
0.168802;3.61142;1.71356;
0.168902;3.61577;1.71773;
0.169002;3.61142;1.71356;
0.169102;3.61577;1.71773;
0.169202;3.61142;1.71356;
0.169302;3.61577;1.71773;
0.169402;3.61142;1.71356;
0.169502;3.61577;1.71773;
0.169602;3.61142;1.71356;
0.169702;3.61577;1.71773;
0.169802;3.61142;1.71356;
0.169902;3.61577;1.71773;
0.170002;3.61142;1.71356;
0.170102;3.61577;1.71773;
0.170202;3.61142;1.71356;
0.170302;3.61577;1.71773;
0.170402;3.61142;1.71356;
0.170502;3.61577;1.71773;
0.170602;3.61142;1.71356;
0.170702;3.61577;1.71773;
0.170802;3.61142;1.71356;
0.170902;3.61577;1.71773;
0.171002;3.61142;1.71356;
0.171102;3.61577;1.71773;
0.171202;3.61142;1.71356;
0.171302;3.61577;1.71773;
0.171402;3.61142;1.71356;
0.171502;3.61577;1.71773;
0.171602;3.61142;1.71356;
0.171702;3.61577;1.71773;
0.171802;3.61142;1.71356;
0.171902;3.61577;1.71773;
0.172002;3.61142;1.71356;
0.172102;3.61577;1.71773;
0.172202;3.61142;1.71356;
0.172302;3.61577;1.71772;
0.172402;3.61142;1.71356;
0.172502;3.61577;1.71772;
0.172602;3.61142;1.71356;
0.172702;3.61577;1.71772;
0.172802;3.61142;1.71356;
0.172902;3.61577;1.71772;
0.173002;3.61142;1.71356;
0.173102;3.61577;1.71772;
0.173202;3.61142;1.71356;
0.173302;3.61577;1.71772;
0.173402;3.61142;1.71356;
0.173502;3.61577;1.71772;
0.173602;3.61142;1.71356;
0.173702;3.61577;1.71772;
0.173802;3.61142;1.71356;
0.173902;3.61577;1.71772;
0.174002;3.61142;1.71356;
0.174102;3.61577;1.71772;
0.174202;3.61142;1.71356;
0.174302;3.61577;1.71772;
0.174402;3.61142;1.71356;
0.174502;3.61577;1.71772;
0.174602;3.61142;1.71356;
0.174702;3.61577;1.71772;
0.174802;3.61142;1.71356;
0.174902;3.61577;1.71772;
0.175002;3.61142;1.71356;
0.175102;3.61577;1.71772;
0.175202;3.61142;1.71356;
0.175302;3.61577;1.71772;
0.175402;3.61142;1.71356;
0.175502;3.61577;1.71772;
0.175602;3.61142;1.71356;
0.175702;3.61577;1.71772;
0.175802;3.61142;1.71356;
0.175902;3.61577;1.71772;
0.176002;3.61142;1.71356;
0.176102;3.61577;1.71772;
0.176202;3.61142;1.71356;
0.176302;3.61577;1.71772;
0.176402;3.61142;1.71356;
0.176502;3.61577;1.71772;
0.176602;3.61142;1.71356;
0.176702;3.61577;1.71772;
0.176802;3.61142;1.71356;
0.176902;3.61577;1.71772;
0.177002;3.61142;1.71356;
0.177102;3.61577;1.71772;
0.177202;3.61142;1.71356;
0.177302;3.61577;1.71772;
0.177402;3.61142;1.71356;
0.177502;3.61577;1.71772;
0.177602;3.61142;1.71356;
0.177702;3.61577;1.71772;
0.177802;3.61142;1.71356;
0.177902;3.61577;1.71772;
0.178002;3.61142;1.71356;
0.178102;3.61577;1.71772;
0.178202;3.61142;1.71356;
0.178302;3.61577;1.71772;
0.178402;3.61142;1.71356;
0.178502;3.61577;1.71772;
0.178602;3.61142;1.71356;
0.178702;3.61577;1.71772;
0.178802;3.61142;1.71356;
0.178902;3.61577;1.71772;
0.179002;3.61142;1.71356;
0.179102;3.61577;1.71772;
0.179202;3.61142;1.71356;
0.179302;3.61577;1.71772;
0.179402;3.61142;1.71356;
0.179502;3.61577;1.71772;
0.179602;3.61142;1.71356;
0.179702;3.61577;1.71772;
0.179802;3.61142;1.71356;
0.179902;3.61577;1.71772;
0.180002;3.61142;1.71356;
0.180102;3.61577;1.71772;
0.180202;3.61142;1.71356;
0.180302;3.61577;1.71772;
0.180402;3.61142;1.71356;
0.180502;3.61577;1.71772;
0.180602;3.61142;1.71356;
0.180702;3.61577;1.71772;
0.180802;3.61142;1.71356;
0.180902;3.61577;1.71772;
0.181002;3.61142;1.71356;
0.181102;3.61577;1.71772;
0.181202;3.61142;1.71356;
0.181302;3.61577;1.71772;
0.181402;3.61142;1.71356;
0.181502;3.61577;1.71772;
0.181602;3.61142;1.71356;
0.181702;3.61577;1.71772;
0.181802;3.61142;1.71356;
0.181902;3.61577;1.71772;
0.182002;3.61142;1.71356;
0.182102;3.61577;1.71772;
0.182202;3.61142;1.71356;
0.182302;3.61577;1.71772;
0.182402;3.61142;1.71356;
0.182502;3.61577;1.71772;
0.182602;3.61142;1.71356;
0.182702;3.61577;1.71772;
0.182802;3.61142;1.71356;
0.182902;3.61577;1.71772;
0.183002;3.61142;1.71356;
0.183102;3.61577;1.71772;
0.183202;3.61142;1.71356;
0.183302;3.61577;1.71772;
0.183402;3.61142;1.71356;
0.183502;3.61577;1.71772;
0.183602;3.61142;1.71356;
0.183702;3.61577;1.71772;
0.183802;3.61142;1.71356;
0.183902;3.61577;1.71772;
0.184002;3.61142;1.71356;
0.184102;3.61577;1.71772;
0.184202;3.61142;1.71356;
0.184302;3.61577;1.71772;
0.184402;3.61142;1.71356;
0.184502;3.61577;1.71772;
0.184602;3.61142;1.71356;
0.184702;3.61577;1.71772;
0.184802;3.61142;1.71356;
0.184902;3.61577;1.71772;
0.185002;3.61142;1.71356;
0.185102;3.61577;1.71772;
0.185202;3.61142;1.71356;
0.185302;3.61577;1.71772;
0.185402;3.61142;1.71356;
0.185502;3.61577;1.71772;
0.185602;3.61142;1.71356;
0.185702;3.61577;1.71772;
0.185802;3.61142;1.71356;
0.185902;3.61577;1.71772;
0.186002;3.61142;1.71356;
0.186102;3.61577;1.71772;
0.186202;3.61142;1.71356;
0.186302;3.61577;1.71772;
0.186402;3.61142;1.71357;
0.186502;3.61577;1.71772;
0.186602;3.61142;1.71357;
0.186702;3.61577;1.71772;
0.186802;3.61142;1.71357;
0.186902;3.61577;1.71772;
0.187002;3.61143;1.71357;
0.187102;3.61577;1.71772;
0.187202;3.61143;1.71357;
0.187302;3.61577;1.71772;
0.187402;3.61143;1.71357;
0.187502;3.61577;1.71772;
0.187602;3.61143;1.71357;
0.187702;3.61577;1.71772;
0.187802;3.61143;1.71357;
0.187902;3.61577;1.71772;
0.188002;3.61143;1.71357;
0.188102;3.61577;1.71772;
0.188202;3.61143;1.71357;
0.188302;3.61577;1.71772;
0.188402;3.61143;1.71357;
0.188502;3.61577;1.71772;
0.188602;3.61143;1.71357;
0.188702;3.61577;1.71772;
0.188802;3.61143;1.71357;
0.188902;3.61577;1.71772;
0.189002;3.61143;1.71357;
0.189102;3.61577;1.71772;
0.189202;3.61143;1.71357;
0.189302;3.61577;1.71772;
0.189402;3.61143;1.71357;
0.189502;3.61577;1.71772;
0.189602;3.61143;1.71357;
0.189702;3.61577;1.71772;
0.189802;3.61143;1.71357;
0.189902;3.61577;1.71772;
0.190002;3.61143;1.71357;
0.190102;3.61577;1.71772;
0.190202;3.61143;1.71357;
0.190302;3.61577;1.71772;
0.190402;3.61143;1.71357;
0.190502;3.61577;1.71772;
0.190602;3.61143;1.71357;
0.190702;3.61577;1.71772;
0.190802;3.61143;1.71357;
0.190902;3.61577;1.71772;
0.191002;3.61143;1.71357;
0.191102;3.61577;1.71772;
0.191202;3.61143;1.71357;
0.191302;3.61577;1.71772;
0.191402;3.61143;1.71357;
0.191502;3.61577;1.71772;
0.191602;3.61143;1.71357;
0.191702;3.61577;1.71772;
0.191802;3.61143;1.71357;
0.191902;3.61577;1.71772;
0.192002;3.61143;1.71357;
0.192102;3.61577;1.71772;
0.192202;3.61143;1.71357;
0.192302;3.61577;1.71772;
0.192402;3.61143;1.71357;
0.192502;3.61577;1.71772;
0.192602;3.61143;1.71357;
0.192702;3.61577;1.71772;
0.192802;3.61143;1.71357;
0.192902;3.61577;1.71772;
0.193002;3.61143;1.71357;
0.193102;3.61577;1.71772;
0.193202;3.61143;1.71357;
0.193302;3.61577;1.71772;
0.193402;3.61143;1.71357;
0.193502;3.61577;1.71772;
0.193602;3.61143;1.71357;
0.193702;3.61576;1.71772;
0.193802;3.61143;1.71357;
0.193902;3.61576;1.71772;
0.194002;3.61143;1.71357;
0.194102;3.61576;1.71772;
0.194202;3.61143;1.71357;
0.194302;3.61576;1.71772;
0.194402;3.61143;1.71357;
0.194502;3.61576;1.71772;
0.194602;3.61143;1.71357;
0.194702;3.61576;1.71772;
0.194802;3.61143;1.71357;
0.194902;3.61576;1.71772;
0.195002;3.61143;1.71357;
0.195102;3.61576;1.71772;
0.195202;3.61143;1.71357;
0.195302;3.61576;1.71772;
0.195402;3.61143;1.71357;
0.195502;3.61576;1.71772;
0.195602;3.61143;1.71357;
0.195702;3.61576;1.71772;
0.195802;3.61143;1.71357;
0.195902;3.61576;1.71772;
0.196002;3.61143;1.71357;
0.196102;3.61576;1.71772;
0.196202;3.61143;1.71357;
0.196302;3.61576;1.71772;
0.196402;3.61143;1.71357;
0.196502;3.61576;1.71772;
0.196602;3.61143;1.71357;
0.196702;3.61576;1.71772;
0.196802;3.61143;1.71357;
0.196902;3.61576;1.71772;
0.197002;3.61143;1.71357;
0.197102;3.61576;1.71772;
0.197202;3.61143;1.71357;
0.197302;3.61576;1.71772;
0.197402;3.61143;1.71357;
0.197502;3.61576;1.71772;
0.197602;3.61143;1.71357;
0.197702;3.61576;1.71772;
0.197802;3.61143;1.71357;
0.197902;3.61576;1.71772;
0.198002;3.61143;1.71357;
0.198102;3.61576;1.71772;
0.198202;3.61143;1.71357;
0.198302;3.61576;1.71772;
0.198402;3.61143;1.71357;
0.198502;3.61576;1.71772;
0.198602;3.61143;1.71357;
0.198702;3.61576;1.71772;
0.198802;3.61143;1.71357;
0.198902;3.61576;1.71772;
0.199002;3.61143;1.71357;
0.199102;3.61576;1.71772;
0.199202;3.61143;1.71357;
0.199302;3.61576;1.71771;
0.199402;3.61143;1.71357;
0.199502;3.61576;1.71771;
0.199602;3.61143;1.71357;
0.199702;3.61576;1.71771;
0.199802;3.61143;1.71357;
0.199902;3.61576;1.71771;
0.200002;3.61143;1.71357;
0.200102;3.61576;1.71771;
0.200202;3.61143;1.71357;
0.200302;3.61576;1.71771;
0.200402;3.61143;1.71357;
0.200502;3.61576;1.71771;
0.200602;3.61143;1.71357;
0.200702;3.61576;1.71771;
0.200802;3.61143;1.71357;
0.200902;3.61576;1.71771;
0.201002;3.61143;1.71357;
0.201102;3.61576;1.71771;
0.201202;3.61143;1.71357;
0.201302;3.61576;1.71771;
0.201402;3.61143;1.71357;
0.201502;3.61576;1.71771;
0.201602;3.61143;1.71357;
0.201702;3.61576;1.71771;
0.201802;3.61143;1.71357;
0.201902;3.61576;1.71771;
0.202002;3.61143;1.71357;
0.202102;3.61576;1.71771;
0.202202;3.61143;1.71357;
0.202302;3.61576;1.71771;
0.202402;3.61143;1.71357;
0.202502;3.61576;1.71771;
0.202602;3.61143;1.71357;
0.202702;3.61576;1.71771;
0.202802;3.61143;1.71357;
0.202902;3.61576;1.71771;
0.203002;3.61143;1.71357;
0.203102;3.61576;1.71771;
0.203202;3.61143;1.71357;
0.203302;3.61576;1.71771;
0.203402;3.61143;1.71357;
0.203502;3.61576;1.71771;
0.203602;3.61143;1.71357;
0.203702;3.61576;1.71771;
0.203802;3.61143;1.71357;
0.203902;3.61576;1.71771;
0.204002;3.61143;1.71357;
0.204102;3.61576;1.71771;
0.204202;3.61143;1.71357;
0.204302;3.61576;1.71771;
0.204402;3.61143;1.71357;
0.204502;3.61576;1.71771;
0.204602;3.61143;1.71357;
0.204702;3.61576;1.71771;
0.204802;3.61143;1.71357;
0.204902;3.61576;1.71771;
0.205002;3.61143;1.71357;
0.205102;3.61576;1.71771;
0.205202;3.61143;1.71357;
0.205302;3.61576;1.71771;
0.205402;3.61143;1.71357;
0.205502;3.61576;1.71771;
0.205602;3.61143;1.71357;
0.205702;3.61576;1.71771;
0.205802;3.61143;1.71357;
0.205902;3.61576;1.71771;
0.206002;3.61143;1.71357;
0.206102;3.61576;1.71771;
0.206202;3.61143;1.71357;
0.206302;3.61576;1.71771;
0.206402;3.61143;1.71357;
0.206502;3.61576;1.71771;
0.206602;3.61143;1.71357;
0.206702;3.61576;1.71771;
0.206802;3.61143;1.71357;
0.206902;3.61576;1.71771;
0.207002;3.61143;1.71357;
0.207102;3.61576;1.71771;
0.207202;3.61143;1.71357;
0.207302;3.61576;1.71771;
0.207402;3.61143;1.71357;
0.207502;3.61576;1.71771;
0.207602;3.61143;1.71357;
0.207702;3.61576;1.71771;
0.207802;3.61143;1.71357;
0.207902;3.61576;1.71771;
0.208002;3.61143;1.71357;
0.208102;3.61576;1.71771;
0.208202;3.61143;1.71357;
0.208302;3.61576;1.71771;
0.208402;3.61143;1.71357;
0.208502;3.61576;1.71771;
0.208602;3.61143;1.71357;
0.208702;3.61576;1.71771;
0.208802;3.61143;1.71357;
0.208902;3.61576;1.71771;
0.209002;3.61143;1.71357;
0.209102;3.61576;1.71771;
0.209202;3.61143;1.71357;
0.209302;3.61576;1.71771;
0.209402;3.61143;1.71357;
0.209502;3.61576;1.71771;
0.209602;3.61143;1.71357;
0.209702;3.61576;1.71771;
0.209802;3.61143;1.71357;
0.209902;3.61576;1.71771;
0.210002;3.61143;1.71357;
0.210102;3.61576;1.71771;
0.210202;3.61143;1.71357;
0.210302;3.61576;1.71771;
0.210402;3.61143;1.71357;
0.210502;3.61576;1.71771;
0.210602;3.61143;1.71357;
0.210702;3.61576;1.71771;
0.210802;3.61143;1.71357;
0.210902;3.61576;1.71771;
0.211002;3.61143;1.71357;
0.211102;3.61576;1.71771;
0.211202;3.61143;1.71357;
0.211302;3.61576;1.71771;
0.211402;3.61144;1.71357;
0.211502;3.61576;1.71771;
0.211602;3.61144;1.71357;
0.211702;3.61576;1.71771;
0.211802;3.61144;1.71357;
0.211902;3.61576;1.71771;
0.212002;3.61144;1.71358;
0.212102;3.61576;1.71771;
0.212202;3.61144;1.71358;
0.212302;3.61576;1.71771;
0.212402;3.61144;1.71358;
0.212502;3.61576;1.71771;
0.212602;3.61144;1.71358;
0.212702;3.61576;1.71771;
0.212802;3.61144;1.71358;
0.212902;3.61576;1.71771;
0.213002;3.61144;1.71358;
0.213102;3.61576;1.71771;
0.213202;3.61144;1.71358;
0.213302;3.61576;1.71771;
0.213402;3.61144;1.71358;
0.213502;3.61576;1.71771;
0.213602;3.61144;1.71358;
0.213702;3.61576;1.71771;
0.213802;3.61144;1.71358;
0.213902;3.61576;1.71771;
0.214002;3.61144;1.71358;
0.214102;3.61576;1.71771;
0.214202;3.61144;1.71358;
0.214302;3.61576;1.71771;
0.214402;3.61144;1.71358;
0.214502;3.61576;1.71771;
0.214602;3.61144;1.71358;
0.214702;3.61576;1.71771;
0.214802;3.61144;1.71358;
0.214902;3.61576;1.71771;
0.215002;3.61144;1.71358;
0.215102;3.61576;1.71771;
0.215202;3.61144;1.71358;
0.215302;3.61576;1.71771;
0.215402;3.61144;1.71358;
0.215502;3.61576;1.71771;
0.215602;3.61144;1.71358;
0.215702;3.61576;1.71771;
0.215802;3.61144;1.71358;
0.215902;3.61576;1.71771;
0.216002;3.61144;1.71358;
0.216102;3.61576;1.71771;
0.216202;3.61144;1.71358;
0.216302;3.61576;1.71771;
0.216402;3.61144;1.71358;
0.216502;3.61576;1.71771;
0.216602;3.61144;1.71358;
0.216702;3.61576;1.71771;
0.216802;3.61144;1.71358;
0.216902;3.61576;1.71771;
0.217002;3.61144;1.71358;
0.217102;3.61576;1.71771;
0.217202;3.61144;1.71358;
0.217302;3.61576;1.71771;
0.217402;3.61144;1.71358;
0.217502;3.61576;1.71771;
0.217602;3.61144;1.71358;
0.217702;3.61576;1.71771;
0.217802;3.61144;1.71358;
0.217902;3.61576;1.71771;
0.218002;3.61144;1.71358;
0.218102;3.61576;1.71771;
0.218202;3.61144;1.71358;
0.218302;3.61576;1.71771;
0.218402;3.61144;1.71358;
0.218502;3.61576;1.71771;
0.218602;3.61144;1.71358;
0.218702;3.61576;1.71771;
0.218802;3.61144;1.71358;
0.218902;3.61576;1.71771;
0.219002;3.61144;1.71358;
0.219102;3.61576;1.71771;
0.219202;3.61144;1.71358;
0.219302;3.61575;1.71771;
0.219402;3.61144;1.71358;
0.219502;3.61575;1.71771;
0.219602;3.61144;1.71358;
0.219702;3.61575;1.71771;
0.219802;3.61144;1.71358;
0.219902;3.61575;1.71771;
0.220002;3.61144;1.71358;
0.220102;3.61575;1.71771;
0.220202;3.61144;1.71358;
0.220302;3.61575;1.71771;
0.220402;3.61144;1.71358;
0.220502;3.61575;1.71771;
0.220602;3.61144;1.71358;
0.220702;3.61575;1.71771;
0.220802;3.61144;1.71358;
0.220902;3.61575;1.71771;
0.221002;3.61144;1.71358;
0.221102;3.61575;1.71771;
0.221202;3.61144;1.71358;
0.221302;3.61575;1.71771;
0.221402;3.61144;1.71358;
0.221502;3.61575;1.71771;
0.221602;3.61144;1.71358;
0.221702;3.61575;1.71771;
0.221802;3.61144;1.71358;
0.221902;3.61575;1.71771;
0.222002;3.61144;1.71358;
0.222102;3.61575;1.71771;
0.222202;3.61144;1.71358;
0.222302;3.61575;1.71771;
0.222402;3.61144;1.71358;
0.222502;3.61575;1.71771;
0.222602;3.61144;1.71358;
0.222702;3.61575;1.71771;
0.222802;3.61144;1.71358;
0.222902;3.61575;1.71771;
0.223002;3.61144;1.71358;
0.223102;3.61575;1.71771;
0.223202;3.61144;1.71358;
0.223302;3.61575;1.71771;
0.223402;3.61144;1.71358;
0.223502;3.61575;1.71771;
0.223602;3.61144;1.71358;
0.223702;3.61575;1.71771;
0.223802;3.61144;1.71358;
0.223902;3.61575;1.71771;
0.224002;3.61144;1.71358;
0.224102;3.61575;1.71771;
0.224202;3.61144;1.71358;
0.224302;3.61575;1.71771;
0.224402;3.61144;1.71358;
0.224502;3.61575;1.71771;
0.224602;3.61144;1.71358;
0.224702;3.61575;1.71771;
0.224802;3.61144;1.71358;
0.224902;3.61575;1.71771;
0.225002;3.61144;1.71358;
0.225102;3.61575;1.71771;
0.225202;3.61144;1.71358;
0.225302;3.61575;1.71771;
0.225402;3.61144;1.71358;
0.225502;3.61575;1.71771;
0.225602;3.61144;1.71358;
0.225702;3.61575;1.71771;
0.225802;3.61144;1.71358;
0.225902;3.61575;1.71771;
0.226002;3.61144;1.71358;
0.226102;3.61575;1.7177;
0.226202;3.61144;1.71358;
0.226302;3.61575;1.7177;
0.226402;3.61144;1.71358;
0.226502;3.61575;1.7177;
0.226602;3.61144;1.71358;
0.226702;3.61575;1.7177;
0.226802;3.61144;1.71358;
0.226902;3.61575;1.7177;
0.227002;3.61144;1.71358;
0.227102;3.61575;1.7177;
0.227202;3.61144;1.71358;
0.227302;3.61575;1.7177;
0.227402;3.61144;1.71358;
0.227502;3.61575;1.7177;
0.227602;3.61144;1.71358;
0.227702;3.61575;1.7177;
0.227802;3.61144;1.71358;
0.227902;3.61575;1.7177;
0.228002;3.61144;1.71358;
0.228102;3.61575;1.7177;
0.228202;3.61144;1.71358;
0.228302;3.61575;1.7177;
0.228402;3.61144;1.71358;
0.228502;3.61575;1.7177;
0.228602;3.61144;1.71358;
0.228702;3.61575;1.7177;
0.228802;3.61144;1.71358;
0.228902;3.61575;1.7177;
0.229002;3.61144;1.71358;
0.229102;3.61575;1.7177;
0.229202;3.61144;1.71358;
0.229302;3.61575;1.7177;
0.229402;3.61144;1.71358;
0.229502;3.61575;1.7177;
0.229602;3.61144;1.71358;
0.229702;3.61575;1.7177;
0.229802;3.61144;1.71358;
0.229902;3.61575;1.7177;
0.230002;3.61144;1.71358;
0.230102;3.61575;1.7177;
0.230202;3.61144;1.71358;
0.230302;3.61575;1.7177;
0.230402;3.61144;1.71358;
0.230502;3.61575;1.7177;
0.230602;3.61144;1.71358;
0.230702;3.61575;1.7177;
0.230802;3.61144;1.71358;
0.230902;3.61575;1.7177;
0.231002;3.61144;1.71358;
0.231102;3.61575;1.7177;
0.231202;3.61144;1.71358;
0.231302;3.61575;1.7177;
0.231402;3.61144;1.71358;
0.231502;3.61575;1.7177;
0.231602;3.61144;1.71358;
0.231702;3.61575;1.7177;
0.231802;3.61144;1.71358;
0.231902;3.61575;1.7177;
0.232002;3.61144;1.71358;
0.232102;3.61575;1.7177;
0.232202;3.61144;1.71358;
0.232302;3.61575;1.7177;
0.232402;3.61144;1.71358;
0.232502;3.61575;1.7177;
0.232602;3.61144;1.71358;
0.232702;3.61575;1.7177;
0.232802;3.61144;1.71358;
0.232902;3.61575;1.7177;
0.233002;3.61144;1.71358;
0.233102;3.61575;1.7177;
0.233202;3.61144;1.71358;
0.233302;3.61575;1.7177;
0.233402;3.61144;1.71358;
0.233502;3.61575;1.7177;
0.233602;3.61144;1.71358;
0.233702;3.61575;1.7177;
0.233802;3.61144;1.71358;
0.233902;3.61575;1.7177;
0.234002;3.61144;1.71358;
0.234102;3.61575;1.7177;
0.234202;3.61144;1.71358;
0.234302;3.61575;1.7177;
0.234402;3.61144;1.71358;
0.234502;3.61575;1.7177;
0.234602;3.61144;1.71358;
0.234702;3.61575;1.7177;
0.234802;3.61144;1.71358;
0.234902;3.61575;1.7177;
0.235002;3.61144;1.71358;
0.235102;3.61575;1.7177;
0.235202;3.61144;1.71358;
0.235302;3.61575;1.7177;
0.235402;3.61144;1.71358;
0.235502;3.61575;1.7177;
0.235602;3.61145;1.71358;
0.235702;3.61575;1.7177;
0.235802;3.61145;1.71358;
0.235902;3.61575;1.7177;
0.236002;3.61145;1.71358;
0.236102;3.61575;1.7177;
0.236202;3.61145;1.71358;
0.236302;3.61575;1.7177;
0.236402;3.61145;1.71358;
0.236502;3.61575;1.7177;
0.236602;3.61145;1.71358;
0.236702;3.61575;1.7177;
0.236802;3.61145;1.71358;
0.236902;3.61575;1.7177;
0.237002;3.61145;1.71358;
0.237102;3.61575;1.7177;
0.237202;3.61145;1.71359;
0.237302;3.61575;1.7177;
0.237402;3.61145;1.71359;
0.237502;3.61575;1.7177;
0.237602;3.61145;1.71359;
0.237702;3.61575;1.7177;
0.237802;3.61145;1.71359;
0.237902;3.61575;1.7177;
0.238002;3.61145;1.71359;
0.238102;3.61575;1.7177;
0.238202;3.61145;1.71359;
0.238302;3.61575;1.7177;
0.238402;3.61145;1.71359;
0.238502;3.61575;1.7177;
0.238602;3.61145;1.71359;
0.238702;3.61575;1.7177;
0.238802;3.61145;1.71359;
0.238902;3.61575;1.7177;
0.239002;3.61145;1.71359;
0.239102;3.61575;1.7177;
0.239202;3.61145;1.71359;
0.239302;3.61575;1.7177;
0.239402;3.61145;1.71359;
0.239502;3.61575;1.7177;
0.239602;3.61145;1.71359;
0.239702;3.61575;1.7177;
0.239802;3.61145;1.71359;
0.239902;3.61575;1.7177;
0.240002;3.61145;1.71359;
0.240102;3.61575;1.7177;
0.240202;3.61145;1.71359;
0.240302;3.61575;1.7177;
0.240402;3.61145;1.71359;
0.240502;3.61575;1.7177;
0.240602;3.61145;1.71359;
0.240702;3.61575;1.7177;
0.240802;3.61145;1.71359;
0.240902;3.61575;1.7177;
0.241002;3.61145;1.71359;
0.241102;3.61575;1.7177;
0.241202;3.61145;1.71359;
0.241302;3.61575;1.7177;
0.241402;3.61145;1.71359;
0.241502;3.61575;1.7177;
0.241602;3.61145;1.71359;
0.241702;3.61575;1.7177;
0.241802;3.61145;1.71359;
0.241902;3.61575;1.7177;
0.242002;3.61145;1.71359;
0.242102;3.61575;1.7177;
0.242202;3.61145;1.71359;
0.242302;3.61575;1.7177;
0.242402;3.61145;1.71359;
0.242502;3.61575;1.7177;
0.242602;3.61145;1.71359;
0.242702;3.61575;1.7177;
0.242802;3.61145;1.71359;
0.242902;3.61575;1.7177;
0.243002;3.61145;1.71359;
0.243102;3.61575;1.7177;
0.243202;3.61145;1.71359;
0.243302;3.61575;1.7177;
0.243402;3.61145;1.71359;
0.243502;3.61575;1.7177;
0.243602;3.61145;1.71359;
0.243702;3.61575;1.7177;
0.243802;3.61145;1.71359;
0.243902;3.61575;1.7177;
0.244002;3.61145;1.71359;
0.244102;3.61575;1.7177;
0.244202;3.61145;1.71359;
0.244302;3.61575;1.7177;
0.244402;3.61145;1.71359;
0.244502;3.61575;1.7177;
0.244602;3.61145;1.71359;
0.244702;3.61574;1.7177;
0.244802;3.61145;1.71359;
0.244902;3.61574;1.7177;
0.245002;3.61145;1.71359;
0.245102;3.61574;1.7177;
0.245202;3.61145;1.71359;
0.245302;3.61574;1.7177;
0.245402;3.61145;1.71359;
0.245502;3.61574;1.7177;
0.245602;3.61145;1.71359;
0.245702;3.61574;1.7177;
0.245802;3.61145;1.71359;
0.245902;3.61574;1.7177;
0.246002;3.61145;1.71359;
0.246102;3.61574;1.7177;
0.246202;3.61145;1.71359;
0.246302;3.61574;1.7177;
0.246402;3.61145;1.71359;
0.246502;3.61574;1.7177;
0.246602;3.61145;1.71359;
0.246702;3.61574;1.7177;
0.246802;3.61145;1.71359;
0.246902;3.61574;1.7177;
0.247002;3.61145;1.71359;
0.247102;3.61574;1.7177;
0.247202;3.61145;1.71359;
0.247302;3.61574;1.7177;
0.247402;3.61145;1.71359;
0.247502;3.61574;1.7177;
0.247602;3.61145;1.71359;
0.247702;3.61574;1.7177;
0.247802;3.61145;1.71359;
0.247902;3.61574;1.7177;
0.248002;3.61145;1.71359;
0.248102;3.61574;1.7177;
0.248202;3.61145;1.71359;
0.248302;3.61574;1.7177;
0.248402;3.61145;1.71359;
0.248502;3.61574;1.7177;
0.248602;3.61145;1.71359;
0.248702;3.61574;1.7177;
0.248802;3.61145;1.71359;
0.248902;3.61574;1.7177;
0.249002;3.61145;1.71359;
0.249102;3.61574;1.7177;
0.249202;3.61145;1.71359;
0.249302;3.61574;1.7177;
0.249402;3.61145;1.71359;
0.249502;3.61574;1.7177;
0.249602;3.61145;1.71359;
0.249702;3.61574;1.7177;
0.249802;3.61145;1.71359;
0.249902;3.61574;1.7177;
0.250002;3.61145;1.71359;
0.250102;3.61574;1.7177;
0.250202;3.61145;1.71359;
0.250302;3.61574;1.7177;
0.250402;3.61145;1.71359;
0.250502;3.61574;1.7177;
0.250602;3.61145;1.71359;
0.250702;3.61574;1.7177;
0.250802;3.61145;1.71359;
0.250902;3.61574;1.7177;
0.251002;3.61145;1.71359;
0.251102;3.61574;1.7177;
0.251202;3.61145;1.71359;
0.251302;3.61574;1.7177;
0.251402;3.61145;1.71359;
0.251502;3.61574;1.7177;
0.251602;3.61145;1.71359;
0.251702;3.61574;1.7177;
0.251802;3.61145;1.71359;
0.251902;3.61574;1.7177;
0.252002;3.61145;1.71359;
0.252102;3.61574;1.7177;
0.252202;3.61145;1.71359;
0.252302;3.61574;1.7177;
0.252402;3.61145;1.71359;
0.252502;3.61574;1.71769;
0.252602;3.61145;1.71359;
0.252702;3.61574;1.71769;
0.252802;3.61145;1.71359;
0.252902;3.61574;1.71769;
0.253002;3.61145;1.71359;
0.253102;3.61574;1.71769;
0.253202;3.61145;1.71359;
0.253302;3.61574;1.71769;
0.253402;3.61145;1.71359;
0.253502;3.61574;1.71769;
0.253602;3.61145;1.71359;
0.253702;3.61574;1.71769;
0.253802;3.61145;1.71359;
0.253902;3.61574;1.71769;
0.254002;3.61145;1.71359;
0.254102;3.61574;1.71769;
0.254202;3.61145;1.71359;
0.254302;3.61574;1.71769;
0.254402;3.61145;1.71359;
0.254502;3.61574;1.71769;
0.254602;3.61145;1.71359;
0.254702;3.61574;1.71769;
0.254802;3.61145;1.71359;
0.254902;3.61574;1.71769;
0.255002;3.61145;1.71359;
0.255102;3.61574;1.71769;
0.255202;3.61145;1.71359;
0.255302;3.61574;1.71769;
0.255402;3.61145;1.71359;
0.255502;3.61574;1.71769;
0.255602;3.61145;1.71359;
0.255702;3.61574;1.71769;
0.255802;3.61145;1.71359;
0.255902;3.61574;1.71769;
0.256002;3.61145;1.71359;
0.256102;3.61574;1.71769;
0.256202;3.61145;1.71359;
0.256302;3.61574;1.71769;
0.256402;3.61145;1.71359;
0.256502;3.61574;1.71769;
0.256602;3.61145;1.71359;
0.256702;3.61574;1.71769;
0.256802;3.61145;1.71359;
0.256902;3.61574;1.71769;
0.257002;3.61145;1.71359;
0.257102;3.61574;1.71769;
0.257202;3.61145;1.71359;
0.257302;3.61574;1.71769;
0.257402;3.61145;1.71359;
0.257502;3.61574;1.71769;
0.257602;3.61145;1.71359;
0.257702;3.61574;1.71769;
0.257802;3.61145;1.71359;
0.257902;3.61574;1.71769;
0.258002;3.61145;1.71359;
0.258102;3.61574;1.71769;
0.258202;3.61145;1.71359;
0.258302;3.61574;1.71769;
0.258402;3.61145;1.71359;
0.258502;3.61574;1.71769;
0.258602;3.61145;1.71359;
0.258702;3.61574;1.71769;
0.258802;3.61145;1.71359;
0.258902;3.61574;1.71769;
0.259002;3.61145;1.71359;
0.259102;3.61574;1.71769;
0.259202;3.61145;1.71359;
0.259302;3.61574;1.71769;
0.259402;3.61145;1.71359;
0.259502;3.61574;1.71769;
0.259602;3.61146;1.71359;
0.259702;3.61574;1.71769;
0.259802;3.61146;1.71359;
0.259902;3.61574;1.71769;
0.260002;3.61146;1.71359;
0.260102;3.61574;1.71769;
0.260202;3.61146;1.71359;
0.260302;3.61574;1.71769;
0.260402;3.61146;1.71359;
0.260502;3.61574;1.71769;
0.260602;3.61146;1.71359;
0.260702;3.61574;1.71769;
0.260802;3.61146;1.71359;
0.260902;3.61574;1.71769;
0.261002;3.61146;1.71359;
0.261102;3.61574;1.71769;
0.261202;3.61146;1.71359;
0.261302;3.61574;1.71769;
0.261402;3.61146;1.71359;
0.261502;3.61574;1.71769;
0.261602;3.61146;1.71359;
0.261702;3.61574;1.71769;
0.261802;3.61146;1.71359;
0.261902;3.61574;1.71769;
0.262002;3.61146;1.71359;
0.262102;3.61574;1.71769;
0.262202;3.61146;1.71359;
0.262302;3.61574;1.71769;
0.262402;3.61146;1.7136;
0.262502;3.61574;1.71769;
0.262602;3.61146;1.7136;
0.262702;3.61574;1.71769;
0.262802;3.61146;1.7136;
0.262902;3.61574;1.71769;
0.263002;3.61146;1.7136;
0.263102;3.61574;1.71769;
0.263202;3.61146;1.7136;
0.263302;3.61574;1.71769;
0.263402;3.61146;1.7136;
0.263502;3.61574;1.71769;
0.263602;3.61146;1.7136;
0.263702;3.61574;1.71769;
0.263802;3.61146;1.7136;
0.263902;3.61574;1.71769;
0.264002;3.61146;1.7136;
0.264102;3.61574;1.71769;
0.264202;3.61146;1.7136;
0.264302;3.61574;1.71769;
0.264402;3.61146;1.7136;
0.264502;3.61574;1.71769;
0.264602;3.61146;1.7136;
0.264702;3.61574;1.71769;
0.264802;3.61146;1.7136;
0.264902;3.61574;1.71769;
0.265002;3.61146;1.7136;
0.265102;3.61574;1.71769;
0.265202;3.61146;1.7136;
0.265302;3.61574;1.71769;
0.265402;3.61146;1.7136;
0.265502;3.61574;1.71769;
0.265602;3.61146;1.7136;
0.265702;3.61574;1.71769;
0.265802;3.61146;1.7136;
0.265902;3.61574;1.71769;
0.266002;3.61146;1.7136;
0.266102;3.61574;1.71769;
0.266202;3.61146;1.7136;
0.266302;3.61574;1.71769;
0.266402;3.61146;1.7136;
0.266502;3.61574;1.71769;
0.266602;3.61146;1.7136;
0.266702;3.61574;1.71769;
0.266802;3.61146;1.7136;
0.266902;3.61574;1.71769;
0.267002;3.61146;1.7136;
0.267102;3.61574;1.71769;
0.267202;3.61146;1.7136;
0.267302;3.61574;1.71769;
0.267402;3.61146;1.7136;
0.267502;3.61574;1.71769;
0.267602;3.61146;1.7136;
0.267702;3.61574;1.71769;
0.267802;3.61146;1.7136;
0.267902;3.61574;1.71769;
0.268002;3.61146;1.7136;
0.268102;3.61574;1.71769;
0.268202;3.61146;1.7136;
0.268302;3.61574;1.71769;
0.268402;3.61146;1.7136;
0.268502;3.61574;1.71769;
0.268602;3.61146;1.7136;
0.268702;3.61574;1.71769;
0.268802;3.61146;1.7136;
0.268902;3.61574;1.71769;
0.269002;3.61146;1.7136;
0.269102;3.61574;1.71769;
0.269202;3.61146;1.7136;
0.269302;3.61574;1.71769;
0.269402;3.61146;1.7136;
0.269502;3.61574;1.71769;
0.269602;3.61146;1.7136;
0.269702;3.61574;1.71769;
0.269802;3.61146;1.7136;
0.269902;3.61573;1.71769;
0.270002;3.61146;1.7136;
0.270102;3.61573;1.71769;
0.270202;3.61146;1.7136;
0.270302;3.61573;1.71769;
0.270402;3.61146;1.7136;
0.270502;3.61573;1.71769;
0.270602;3.61146;1.7136;
0.270702;3.61573;1.71769;
0.270802;3.61146;1.7136;
0.270902;3.61573;1.71769;
0.271002;3.61146;1.7136;
0.271102;3.61573;1.71769;
0.271202;3.61146;1.7136;
0.271302;3.61573;1.71769;
0.271402;3.61146;1.7136;
0.271502;3.61573;1.71769;
0.271602;3.61146;1.7136;
0.271702;3.61573;1.71769;
0.271802;3.61146;1.7136;
0.271902;3.61573;1.71769;
0.272002;3.61146;1.7136;
0.272102;3.61573;1.71769;
0.272202;3.61146;1.7136;
0.272302;3.61573;1.71769;
0.272402;3.61146;1.7136;
0.272502;3.61573;1.71769;
0.272602;3.61146;1.7136;
0.272702;3.61573;1.71769;
0.272802;3.61146;1.7136;
0.272902;3.61573;1.71769;
0.273002;3.61146;1.7136;
0.273102;3.61573;1.71769;
0.273202;3.61146;1.7136;
0.273302;3.61573;1.71769;
0.273402;3.61146;1.7136;
0.273502;3.61573;1.71769;
0.273602;3.61146;1.7136;
0.273702;3.61573;1.71769;
0.273802;3.61146;1.7136;
0.273902;3.61573;1.71769;
0.274002;3.61146;1.7136;
0.274102;3.61573;1.71769;
0.274202;3.61146;1.7136;
0.274302;3.61573;1.71769;
0.274402;3.61146;1.7136;
0.274502;3.61573;1.71769;
0.274602;3.61146;1.7136;
0.274702;3.61573;1.71769;
0.274802;3.61146;1.7136;
0.274902;3.61573;1.71769;
0.275002;3.61146;1.7136;
0.275102;3.61573;1.71769;
0.275202;3.61146;1.7136;
0.275302;3.61573;1.71769;
0.275402;3.61146;1.7136;
0.275502;3.61573;1.71769;
0.275602;3.61146;1.7136;
0.275702;3.61573;1.71769;
0.275802;3.61146;1.7136;
0.275902;3.61573;1.71769;
0.276002;3.61146;1.7136;
0.276102;3.61573;1.71769;
0.276202;3.61146;1.7136;
0.276302;3.61573;1.71769;
0.276402;3.61146;1.7136;
0.276502;3.61573;1.71769;
0.276602;3.61146;1.7136;
0.276702;3.61573;1.71769;
0.276802;3.61146;1.7136;
0.276902;3.61573;1.71769;
0.277002;3.61146;1.7136;
0.277102;3.61573;1.71769;
0.277202;3.61146;1.7136;
0.277302;3.61573;1.71769;
0.277402;3.61146;1.7136;
0.277502;3.61573;1.71769;
0.277602;3.61146;1.7136;
0.277702;3.61573;1.71769;
0.277802;3.61146;1.7136;
0.277902;3.61573;1.71769;
0.278002;3.61146;1.7136;
0.278102;3.61573;1.71769;
0.278202;3.61146;1.7136;
0.278302;3.61573;1.71769;
0.278402;3.61146;1.7136;
0.278502;3.61573;1.71769;
0.278602;3.61146;1.7136;
0.278702;3.61573;1.71769;
0.278802;3.61146;1.7136;
0.278902;3.61573;1.71768;
0.279002;3.61146;1.7136;
0.279102;3.61573;1.71768;
0.279202;3.61146;1.7136;
0.279302;3.61573;1.71768;
0.279402;3.61146;1.7136;
0.279502;3.61573;1.71768;
0.279602;3.61146;1.7136;
0.279702;3.61573;1.71768;
0.279802;3.61146;1.7136;
0.279902;3.61573;1.71768;
0.280002;3.61146;1.7136;
0.280102;3.61573;1.71768;
0.280202;3.61146;1.7136;
0.280302;3.61573;1.71768;
0.280402;3.61146;1.7136;
0.280502;3.61573;1.71768;
0.280602;3.61146;1.7136;
0.280702;3.61573;1.71768;
0.280802;3.61146;1.7136;
0.280902;3.61573;1.71768;
0.281002;3.61146;1.7136;
0.281102;3.61573;1.71768;
0.281202;3.61146;1.7136;
0.281302;3.61573;1.71768;
0.281402;3.61146;1.7136;
0.281502;3.61573;1.71768;
0.281602;3.61146;1.7136;
0.281702;3.61573;1.71768;
0.281802;3.61146;1.7136;
0.281902;3.61573;1.71768;
0.282002;3.61146;1.7136;
0.282102;3.61573;1.71768;
0.282202;3.61146;1.7136;
0.282302;3.61573;1.71768;
0.282402;3.61146;1.7136;
0.282502;3.61573;1.71768;
0.282602;3.61146;1.7136;
0.282702;3.61573;1.71768;
0.282802;3.61146;1.7136;
0.282902;3.61573;1.71768;
0.283002;3.61146;1.7136;
0.283102;3.61573;1.71768;
0.283202;3.61146;1.7136;
0.283302;3.61573;1.71768;
0.283402;3.61146;1.7136;
0.283502;3.61573;1.71768;
0.283602;3.61147;1.7136;
0.283702;3.61573;1.71768;
0.283802;3.61147;1.7136;
0.283902;3.61573;1.71768;
0.284002;3.61147;1.7136;
0.284102;3.61573;1.71768;
0.284202;3.61147;1.7136;
0.284302;3.61573;1.71768;
0.284402;3.61147;1.7136;
0.284502;3.61573;1.71768;
0.284602;3.61147;1.7136;
0.284702;3.61573;1.71768;
0.284802;3.61147;1.7136;
0.284902;3.61573;1.71768;
0.285002;3.61147;1.7136;
0.285102;3.61573;1.71768;
0.285202;3.61147;1.7136;
0.285302;3.61573;1.71768;
0.285402;3.61147;1.7136;
0.285502;3.61573;1.71768;
0.285602;3.61147;1.7136;
0.285702;3.61573;1.71768;
0.285802;3.61147;1.7136;
0.285902;3.61573;1.71768;
0.286002;3.61147;1.7136;
0.286102;3.61573;1.71768;
0.286202;3.61147;1.7136;
0.286302;3.61573;1.71768;
0.286402;3.61147;1.7136;
0.286502;3.61573;1.71768;
0.286602;3.61147;1.7136;
0.286702;3.61573;1.71768;
0.286802;3.61147;1.7136;
0.286902;3.61573;1.71768;
0.287002;3.61147;1.7136;
0.287102;3.61573;1.71768;
0.287202;3.61147;1.7136;
0.287302;3.61573;1.71768;
0.287402;3.61147;1.7136;
0.287502;3.61573;1.71768;
0.287602;3.61147;1.71361;
0.287702;3.61573;1.71768;
0.287802;3.61147;1.71361;
0.287902;3.61573;1.71768;
0.288002;3.61147;1.71361;
0.288102;3.61573;1.71768;
0.288202;3.61147;1.71361;
0.288302;3.61573;1.71768;
0.288402;3.61147;1.71361;
0.288502;3.61573;1.71768;
0.288602;3.61147;1.71361;
0.288702;3.61573;1.71768;
0.288802;3.61147;1.71361;
0.288902;3.61573;1.71768;
0.289002;3.61147;1.71361;
0.289102;3.61573;1.71768;
0.289202;3.61147;1.71361;
0.289302;3.61573;1.71768;
0.289402;3.61147;1.71361;
0.289502;3.61573;1.71768;
0.289602;3.61147;1.71361;
0.289702;3.61573;1.71768;
0.289802;3.61147;1.71361;
0.289902;3.61573;1.71768;
0.290002;3.61147;1.71361;
0.290102;3.61573;1.71768;
0.290202;3.61147;1.71361;
0.290302;3.61573;1.71768;
0.290402;3.61147;1.71361;
0.290502;3.61573;1.71768;
0.290602;3.61147;1.71361;
0.290702;3.61573;1.71768;
0.290802;3.61147;1.71361;
0.290902;3.61573;1.71768;
0.291002;3.61147;1.71361;
0.291102;3.61573;1.71768;
0.291202;3.61147;1.71361;
0.291302;3.61573;1.71768;
0.291402;3.61147;1.71361;
0.291502;3.61573;1.71768;
0.291602;3.61147;1.71361;
0.291702;3.61573;1.71768;
0.291802;3.61147;1.71361;
0.291902;3.61573;1.71768;
0.292002;3.61147;1.71361;
0.292102;3.61573;1.71768;
0.292202;3.61147;1.71361;
0.292302;3.61573;1.71768;
0.292402;3.61147;1.71361;
0.292502;3.61573;1.71768;
0.292602;3.61147;1.71361;
0.292702;3.61573;1.71768;
0.292802;3.61147;1.71361;
0.292902;3.61573;1.71768;
0.293002;3.61147;1.71361;
0.293102;3.61573;1.71768;
0.293202;3.61147;1.71361;
0.293302;3.61573;1.71768;
0.293402;3.61147;1.71361;
0.293502;3.61573;1.71768;
0.293602;3.61147;1.71361;
0.293702;3.61573;1.71768;
0.293802;3.61147;1.71361;
0.293902;3.61573;1.71768;
0.294002;3.61147;1.71361;
0.294102;3.61573;1.71768;
0.294202;3.61147;1.71361;
0.294302;3.61573;1.71768;
0.294402;3.61147;1.71361;
0.294502;3.61573;1.71768;
0.294602;3.61147;1.71361;
0.294702;3.61573;1.71768;
0.294802;3.61147;1.71361;
0.294902;3.61573;1.71768;
0.295002;3.61147;1.71361;
0.295102;3.61573;1.71768;
0.295202;3.61147;1.71361;
0.295302;3.61572;1.71768;
0.295402;3.61147;1.71361;
0.295502;3.61572;1.71768;
0.295602;3.61147;1.71361;
0.295702;3.61572;1.71768;
0.295802;3.61147;1.71361;
0.295902;3.61572;1.71768;
0.296002;3.61147;1.71361;
0.296102;3.61572;1.71768;
0.296202;3.61147;1.71361;
0.296302;3.61572;1.71768;
0.296402;3.61147;1.71361;
0.296502;3.61572;1.71768;
0.296602;3.61147;1.71361;
0.296702;3.61572;1.71768;
0.296802;3.61147;1.71361;
0.296902;3.61572;1.71768;
0.297002;3.61147;1.71361;
0.297102;3.61572;1.71768;
0.297202;3.61147;1.71361;
0.297302;3.61572;1.71768;
0.297402;3.61147;1.71361;
0.297502;3.61572;1.71768;
0.297602;3.61147;1.71361;
0.297702;3.61572;1.71768;
0.297802;3.61147;1.71361;
0.297902;3.61572;1.71768;
0.298002;3.61147;1.71361;
0.298102;3.61572;1.71768;
0.298202;3.61147;1.71361;
0.298302;3.61572;1.71768;
0.298402;3.61147;1.71361;
0.298502;3.61572;1.71768;
0.298602;3.61147;1.71361;
0.298702;3.61572;1.71768;
0.298802;3.61147;1.71361;
0.298902;3.61572;1.71768;
0.299002;3.61147;1.71361;
0.299102;3.61572;1.71768;
0.299202;3.61147;1.71361;
0.299302;3.61572;1.71768;
0.299402;3.61147;1.71361;
0.299502;3.61572;1.71768;
0.299602;3.61147;1.71361;
0.299702;3.61572;1.71768;
0.299802;3.61147;1.71361;
0.299902;3.61572;1.71768;
0.300002;3.61147;1.71361;
0.300102;3.61572;1.71768;
0.300202;3.61147;1.71361;
0.300302;3.61572;1.71768;
0.300402;3.61147;1.71361;
0.300502;3.61572;1.71768;
0.300602;3.61147;1.71361;
0.300702;3.61572;1.71768;
0.300802;3.61147;1.71361;
0.300902;3.61572;1.71768;
0.301002;3.61147;1.71361;
0.301102;3.61572;1.71768;
0.301202;3.61147;1.71361;
0.301302;3.61572;1.71768;
0.301402;3.61147;1.71361;
0.301502;3.61572;1.71768;
0.301602;3.61147;1.71361;
0.301702;3.61572;1.71768;
0.301802;3.61147;1.71361;
0.301902;3.61572;1.71768;
0.302002;3.61147;1.71361;
0.302102;3.61572;1.71768;
0.302202;3.61147;1.71361;
0.302302;3.61572;1.71768;
0.302402;3.61147;1.71361;
0.302502;3.61572;1.71768;
0.302602;3.61147;1.71361;
0.302702;3.61572;1.71768;
0.302802;3.61147;1.71361;
0.302902;3.61572;1.71768;
0.303002;3.61147;1.71361;
0.303102;3.61572;1.71768;
0.303202;3.61147;1.71361;
0.303302;3.61572;1.71768;
0.303402;3.61147;1.71361;
0.303502;3.61572;1.71768;
0.303602;3.61147;1.71361;
0.303702;3.61572;1.71768;
0.303802;3.61147;1.71361;
0.303902;3.61572;1.71768;
0.304002;3.61147;1.71361;
0.304102;3.61572;1.71768;
0.304202;3.61147;1.71361;
0.304302;3.61572;1.71768;
0.304402;3.61147;1.71361;
0.304502;3.61572;1.71768;
0.304602;3.61147;1.71361;
0.304702;3.61572;1.71768;
0.304802;3.61147;1.71361;
0.304902;3.61572;1.71768;
0.305002;3.61147;1.71361;
0.305102;3.61572;1.71768;
0.305202;3.61147;1.71361;
0.305302;3.61572;1.71767;
0.305402;3.61147;1.71361;
0.305502;3.61572;1.71767;
0.305602;3.61147;1.71361;
0.305702;3.61572;1.71767;
0.305802;3.61147;1.71361;
0.305902;3.61572;1.71767;
0.306002;3.61147;1.71361;
0.306102;3.61572;1.71767;
0.306202;3.61147;1.71361;
0.306302;3.61572;1.71767;
0.306402;3.61147;1.71361;
0.306502;3.61572;1.71767;
0.306602;3.61147;1.71361;
0.306702;3.61572;1.71767;
0.306802;3.61147;1.71361;
0.306902;3.61572;1.71767;
0.307002;3.61147;1.71361;
0.307102;3.61572;1.71767;
0.307202;3.61147;1.71361;
0.307302;3.61572;1.71767;
0.307402;3.61147;1.71361;
0.307502;3.61572;1.71767;
0.307602;3.61147;1.71361;
0.307702;3.61572;1.71767;
0.307802;3.61148;1.71361;
0.307902;3.61572;1.71767;
0.308002;3.61148;1.71361;
0.308102;3.61572;1.71767;
0.308202;3.61148;1.71361;
0.308302;3.61572;1.71767;
0.308402;3.61148;1.71361;
0.308502;3.61572;1.71767;
0.308602;3.61148;1.71361;
0.308702;3.61572;1.71767;
0.308802;3.61148;1.71361;
0.308902;3.61572;1.71767;
0.309002;3.61148;1.71361;
0.309102;3.61572;1.71767;
0.309202;3.61148;1.71361;
0.309302;3.61572;1.71767;
0.309402;3.61148;1.71361;
0.309502;3.61572;1.71767;
0.309602;3.61148;1.71361;
0.309702;3.61572;1.71767;
0.309802;3.61148;1.71361;
0.309902;3.61572;1.71767;
0.310002;3.61148;1.71361;
0.310102;3.61572;1.71767;
0.310202;3.61148;1.71361;
0.310302;3.61572;1.71767;
0.310402;3.61148;1.71361;
0.310502;3.61572;1.71767;
0.310602;3.61148;1.71361;
0.310702;3.61572;1.71767;
0.310802;3.61148;1.71361;
0.310902;3.61572;1.71767;
0.311002;3.61148;1.71361;
0.311102;3.61572;1.71767;
0.311202;3.61148;1.71361;
0.311302;3.61572;1.71767;
0.311402;3.61148;1.71361;
0.311502;3.61572;1.71767;
0.311602;3.61148;1.71361;
0.311702;3.61572;1.71767;
0.311802;3.61148;1.71361;
0.311902;3.61572;1.71767;
0.312002;3.61148;1.71361;
0.312102;3.61572;1.71767;
0.312202;3.61148;1.71361;
0.312302;3.61572;1.71767;
0.312402;3.61148;1.71361;
0.312502;3.61572;1.71767;
0.312602;3.61148;1.71361;
0.312702;3.61572;1.71767;
0.312802;3.61148;1.71362;
0.312902;3.61572;1.71767;
0.313002;3.61148;1.71362;
0.313102;3.61572;1.71767;
0.313202;3.61148;1.71362;
0.313302;3.61572;1.71767;
0.313402;3.61148;1.71362;
0.313502;3.61572;1.71767;
0.313602;3.61148;1.71362;
0.313702;3.61572;1.71767;
0.313802;3.61148;1.71362;
0.313902;3.61572;1.71767;
0.314002;3.61148;1.71362;
0.314102;3.61572;1.71767;
0.314202;3.61148;1.71362;
0.314302;3.61572;1.71767;
0.314402;3.61148;1.71362;
0.314502;3.61572;1.71767;
0.314602;3.61148;1.71362;
0.314702;3.61572;1.71767;
0.314802;3.61148;1.71362;
0.314902;3.61572;1.71767;
0.315002;3.61148;1.71362;
0.315102;3.61572;1.71767;
0.315202;3.61148;1.71362;
0.315302;3.61572;1.71767;
0.315402;3.61148;1.71362;
0.315502;3.61572;1.71767;
0.315602;3.61148;1.71362;
0.315702;3.61572;1.71767;
0.315802;3.61148;1.71362;
0.315902;3.61572;1.71767;
0.316002;3.61148;1.71362;
0.316102;3.61572;1.71767;
0.316202;3.61148;1.71362;
0.316302;3.61572;1.71767;
0.316402;3.61148;1.71362;
0.316502;3.61572;1.71767;
0.316602;3.61148;1.71362;
0.316702;3.61572;1.71767;
0.316802;3.61148;1.71362;
0.316902;3.61572;1.71767;
0.317002;3.61148;1.71362;
0.317102;3.61572;1.71767;
0.317202;3.61148;1.71362;
0.317302;3.61572;1.71767;
0.317402;3.61148;1.71362;
0.317502;3.61572;1.71767;
0.317602;3.61148;1.71362;
0.317702;3.61572;1.71767;
0.317802;3.61148;1.71362;
0.317902;3.61572;1.71767;
0.318002;3.61148;1.71362;
0.318102;3.61572;1.71767;
0.318202;3.61148;1.71362;
0.318302;3.61572;1.71767;
0.318402;3.61148;1.71362;
0.318502;3.61572;1.71767;
0.318602;3.61148;1.71362;
0.318702;3.61572;1.71767;
0.318802;3.61148;1.71362;
0.318902;3.61572;1.71767;
0.319002;3.61148;1.71362;
0.319102;3.61572;1.71767;
0.319202;3.61148;1.71362;
0.319302;3.61572;1.71767;
0.319402;3.61148;1.71362;
0.319502;3.61572;1.71767;
0.319602;3.61148;1.71362;
0.319702;3.61572;1.71767;
0.319802;3.61148;1.71362;
0.319902;3.61572;1.71767;
0.320002;3.61148;1.71362;
0.320102;3.61572;1.71767;
0.320202;3.61148;1.71362;
0.320302;3.61572;1.71767;
0.320402;3.61148;1.71362;
0.320502;3.61571;1.71767;
0.320602;3.61148;1.71362;
0.320702;3.61571;1.71767;
0.320802;3.61148;1.71362;
0.320902;3.61571;1.71767;
0.321002;3.61148;1.71362;
0.321102;3.61571;1.71767;
0.321202;3.61148;1.71362;
0.321302;3.61571;1.71767;
0.321402;3.61148;1.71362;
0.321502;3.61571;1.71767;
0.321602;3.61148;1.71362;
0.321702;3.61571;1.71767;
0.321802;3.61148;1.71362;
0.321902;3.61571;1.71767;
0.322002;3.61148;1.71362;
0.322102;3.61571;1.71767;
0.322202;3.61148;1.71362;
0.322302;3.61571;1.71767;
0.322402;3.61148;1.71362;
0.322502;3.61571;1.71767;
0.322602;3.61148;1.71362;
0.322702;3.61571;1.71767;
0.322802;3.61148;1.71362;
0.322902;3.61571;1.71767;
0.323002;3.61148;1.71362;
0.323102;3.61571;1.71767;
0.323202;3.61148;1.71362;
0.323302;3.61571;1.71767;
0.323402;3.61148;1.71362;
0.323502;3.61571;1.71767;
0.323602;3.61148;1.71362;
0.323702;3.61571;1.71767;
0.323802;3.61148;1.71362;
0.323902;3.61571;1.71767;
0.324002;3.61148;1.71362;
0.324102;3.61571;1.71767;
0.324202;3.61148;1.71362;
0.324302;3.61571;1.71767;
0.324402;3.61148;1.71362;
0.324502;3.61571;1.71767;
0.324602;3.61148;1.71362;
0.324702;3.61571;1.71767;
0.324802;3.61148;1.71362;
0.324902;3.61571;1.71767;
0.325002;3.61148;1.71362;
0.325102;3.61571;1.71767;
0.325202;3.61148;1.71362;
0.325302;3.61571;1.71767;
0.325402;3.61148;1.71362;
0.325502;3.61571;1.71767;
0.325602;3.61148;1.71362;
0.325702;3.61571;1.71767;
0.325802;3.61148;1.71362;
0.325902;3.61571;1.71767;
0.326002;3.61148;1.71362;
0.326102;3.61571;1.71767;
0.326202;3.61148;1.71362;
0.326302;3.61571;1.71767;
0.326402;3.61148;1.71362;
0.326502;3.61571;1.71767;
0.326602;3.61148;1.71362;
0.326702;3.61571;1.71767;
0.326802;3.61148;1.71362;
0.326902;3.61571;1.71767;
0.327002;3.61148;1.71362;
0.327102;3.61571;1.71767;
0.327202;3.61148;1.71362;
0.327302;3.61571;1.71767;
0.327402;3.61148;1.71362;
0.327502;3.61571;1.71767;
0.327602;3.61148;1.71362;
0.327702;3.61571;1.71767;
0.327802;3.61148;1.71362;
0.327902;3.61571;1.71767;
0.328002;3.61148;1.71362;
0.328102;3.61571;1.71767;
0.328202;3.61148;1.71362;
0.328302;3.61571;1.71767;
0.328402;3.61148;1.71362;
0.328502;3.61571;1.71767;
0.328602;3.61148;1.71362;
0.328702;3.61571;1.71767;
0.328802;3.61148;1.71362;
0.328902;3.61571;1.71767;
0.329002;3.61148;1.71362;
0.329102;3.61571;1.71767;
0.329202;3.61148;1.71362;
0.329302;3.61571;1.71767;
0.329402;3.61148;1.71362;
0.329502;3.61571;1.71767;
0.329602;3.61148;1.71362;
0.329702;3.61571;1.71767;
0.329802;3.61148;1.71362;
0.329902;3.61571;1.71767;
0.330002;3.61148;1.71362;
0.330102;3.61571;1.71767;
0.330202;3.61148;1.71362;
0.330302;3.61571;1.71767;
0.330402;3.61148;1.71362;
0.330502;3.61571;1.71767;
0.330602;3.61148;1.71362;
0.330702;3.61571;1.71767;
0.330802;3.61148;1.71362;
0.330902;3.61571;1.71767;
0.331002;3.61148;1.71362;
0.331102;3.61571;1.71767;
0.331202;3.61148;1.71362;
0.331302;3.61571;1.71767;
0.331402;3.61148;1.71362;
0.331502;3.61571;1.71767;
0.331602;3.61148;1.71362;
0.331702;3.61571;1.71766;
0.331802;3.61149;1.71362;
0.331902;3.61571;1.71766;
0.332002;3.61149;1.71362;
0.332102;3.61571;1.71766;
0.332202;3.61149;1.71362;
0.332302;3.61571;1.71766;
0.332402;3.61149;1.71362;
0.332502;3.61571;1.71766;
0.332602;3.61149;1.71362;
0.332702;3.61571;1.71766;
0.332802;3.61149;1.71362;
0.332902;3.61571;1.71766;
0.333002;3.61149;1.71362;
0.333102;3.61571;1.71766;
0.333202;3.61149;1.71362;
0.333302;3.61571;1.71766;
0.333402;3.61149;1.71362;
0.333502;3.61571;1.71766;
0.333602;3.61149;1.71362;
0.333702;3.61571;1.71766;
0.333802;3.61149;1.71362;
0.333902;3.61571;1.71766;
0.334002;3.61149;1.71362;
0.334102;3.61571;1.71766;
0.334202;3.61149;1.71362;
0.334302;3.61571;1.71766;
0.334402;3.61149;1.71362;
0.334502;3.61571;1.71766;
0.334602;3.61149;1.71362;
0.334702;3.61571;1.71766;
0.334802;3.61149;1.71362;
0.334902;3.61571;1.71766;
0.335002;3.61149;1.71362;
0.335102;3.61571;1.71766;
0.335202;3.61149;1.71362;
0.335302;3.61571;1.71766;
0.335402;3.61149;1.71362;
0.335502;3.61571;1.71766;
0.335602;3.61149;1.71362;
0.335702;3.61571;1.71766;
0.335802;3.61149;1.71362;
0.335902;3.61571;1.71766;
0.336002;3.61149;1.71362;
0.336102;3.61571;1.71766;
0.336202;3.61149;1.71362;
0.336302;3.61571;1.71766;
0.336402;3.61149;1.71362;
0.336502;3.61571;1.71766;
0.336602;3.61149;1.71362;
0.336702;3.61571;1.71766;
0.336802;3.61149;1.71362;
0.336902;3.61571;1.71766;
0.337002;3.61149;1.71362;
0.337102;3.61571;1.71766;
0.337202;3.61149;1.71362;
0.337302;3.61571;1.71766;
0.337402;3.61149;1.71362;
0.337502;3.61571;1.71766;
0.337602;3.61149;1.71362;
0.337702;3.61571;1.71766;
0.337802;3.61149;1.71363;
0.337902;3.61571;1.71766;
0.338002;3.61149;1.71363;
0.338102;3.61571;1.71766;
0.338202;3.61149;1.71363;
0.338302;3.61571;1.71766;
0.338402;3.61149;1.71363;
0.338502;3.61571;1.71766;
0.338602;3.61149;1.71363;
0.338702;3.61571;1.71766;
0.338802;3.61149;1.71363;
0.338902;3.61571;1.71766;
0.339002;3.61149;1.71363;
0.339102;3.61571;1.71766;
0.339202;3.61149;1.71363;
0.339302;3.61571;1.71766;
0.339402;3.61149;1.71363;
0.339502;3.61571;1.71766;
0.339602;3.61149;1.71363;
0.339702;3.61571;1.71766;
0.339802;3.61149;1.71363;
0.339902;3.61571;1.71766;
0.340002;3.61149;1.71363;
0.340102;3.61571;1.71766;
0.340202;3.61149;1.71363;
0.340302;3.61571;1.71766;
0.340402;3.61149;1.71363;
0.340502;3.61571;1.71766;
0.340602;3.61149;1.71363;
0.340702;3.61571;1.71766;
0.340802;3.61149;1.71363;
0.340902;3.61571;1.71766;
0.341002;3.61149;1.71363;
0.341102;3.61571;1.71766;
0.341202;3.61149;1.71363;
0.341302;3.61571;1.71766;
0.341402;3.61149;1.71363;
0.341502;3.61571;1.71766;
0.341602;3.61149;1.71363;
0.341702;3.61571;1.71766;
0.341802;3.61149;1.71363;
0.341902;3.61571;1.71766;
0.342002;3.61149;1.71363;
0.342102;3.61571;1.71766;
0.342202;3.61149;1.71363;
0.342302;3.61571;1.71766;
0.342402;3.61149;1.71363;
0.342502;3.61571;1.71766;
0.342602;3.61149;1.71363;
0.342702;3.61571;1.71766;
0.342802;3.61149;1.71363;
0.342902;3.61571;1.71766;
0.343002;3.61149;1.71363;
0.343102;3.61571;1.71766;
0.343202;3.61149;1.71363;
0.343302;3.61571;1.71766;
0.343402;3.61149;1.71363;
0.343502;3.61571;1.71766;
0.343602;3.61149;1.71363;
0.343702;3.61571;1.71766;
0.343802;3.61149;1.71363;
0.343902;3.61571;1.71766;
0.344002;3.61149;1.71363;
0.344102;3.61571;1.71766;
0.344202;3.61149;1.71363;
0.344302;3.61571;1.71766;
0.344402;3.61149;1.71363;
0.344502;3.61571;1.71766;
0.344602;3.61149;1.71363;
0.344702;3.61571;1.71766;
0.344802;3.61149;1.71363;
0.344902;3.61571;1.71766;
0.345002;3.61149;1.71363;
0.345102;3.61571;1.71766;
0.345202;3.61149;1.71363;
0.345302;3.61571;1.71766;
0.345402;3.61149;1.71363;
0.345502;3.61571;1.71766;
0.345602;3.61149;1.71363;
0.345702;3.6157;1.71766;
0.345802;3.61149;1.71363;
0.345902;3.6157;1.71766;
0.346002;3.61149;1.71363;
0.346102;3.6157;1.71766;
0.346202;3.61149;1.71363;
0.346302;3.6157;1.71766;
0.346402;3.61149;1.71363;
0.346502;3.6157;1.71766;
0.346602;3.61149;1.71363;
0.346702;3.6157;1.71766;
0.346802;3.61149;1.71363;
0.346902;3.6157;1.71766;
0.347002;3.61149;1.71363;
0.347102;3.6157;1.71766;
0.347202;3.61149;1.71363;
0.347302;3.6157;1.71766;
0.347402;3.61149;1.71363;
0.347502;3.6157;1.71766;
0.347602;3.61149;1.71363;
0.347702;3.6157;1.71766;
0.347802;3.61149;1.71363;
0.347902;3.6157;1.71766;
0.348002;3.61149;1.71363;
0.348102;3.6157;1.71766;
0.348202;3.61149;1.71363;
0.348302;3.6157;1.71766;
0.348402;3.61149;1.71363;
0.348502;3.6157;1.71766;
0.348602;3.61149;1.71363;
0.348702;3.6157;1.71766;
0.348802;3.61149;1.71363;
0.348902;3.6157;1.71766;
0.349002;3.61149;1.71363;
0.349102;3.6157;1.71766;
0.349202;3.61149;1.71363;
0.349302;3.6157;1.71766;
0.349402;3.61149;1.71363;
0.349502;3.6157;1.71766;
0.349602;3.61149;1.71363;
0.349702;3.6157;1.71766;
0.349802;3.61149;1.71363;
0.349902;3.6157;1.71766;
0.350002;3.61149;1.71363;
0.350102;3.6157;1.71766;
0.350202;3.61149;1.71363;
0.350302;3.6157;1.71766;
0.350402;3.61149;1.71363;
0.350502;3.6157;1.71766;
0.350602;3.61149;1.71363;
0.350702;3.6157;1.71766;
0.350802;3.61149;1.71363;
0.350902;3.6157;1.71766;
0.351002;3.61149;1.71363;
0.351102;3.6157;1.71766;
0.351202;3.61149;1.71363;
0.351302;3.6157;1.71766;
0.351402;3.61149;1.71363;
0.351502;3.6157;1.71766;
0.351602;3.61149;1.71363;
0.351702;3.6157;1.71766;
0.351802;3.61149;1.71363;
0.351902;3.6157;1.71766;
0.352002;3.61149;1.71363;
0.352102;3.6157;1.71766;
0.352202;3.61149;1.71363;
0.352302;3.6157;1.71766;
0.352402;3.61149;1.71363;
0.352502;3.6157;1.71766;
0.352602;3.61149;1.71363;
0.352702;3.6157;1.71766;
0.352802;3.61149;1.71363;
0.352902;3.6157;1.71766;
0.353002;3.61149;1.71363;
0.353102;3.6157;1.71766;
0.353202;3.61149;1.71363;
0.353302;3.6157;1.71766;
0.353402;3.61149;1.71363;
0.353502;3.6157;1.71766;
0.353602;3.61149;1.71363;
0.353702;3.6157;1.71766;
0.353802;3.61149;1.71363;
0.353902;3.6157;1.71766;
0.354002;3.61149;1.71363;
0.354102;3.6157;1.71766;
0.354202;3.61149;1.71363;
0.354302;3.6157;1.71766;
0.354402;3.61149;1.71363;
0.354502;3.6157;1.71766;
0.354602;3.61149;1.71363;
0.354702;3.6157;1.71766;
0.354802;3.61149;1.71363;
0.354902;3.6157;1.71766;
0.355002;3.61149;1.71363;
0.355102;3.6157;1.71766;
0.355202;3.61149;1.71363;
0.355302;3.6157;1.71766;
0.355402;3.61149;1.71363;
0.355502;3.6157;1.71766;
0.355602;3.61149;1.71363;
0.355702;3.6157;1.71766;
0.355802;3.61149;1.71363;
0.355902;3.6157;1.71766;
0.356002;3.6115;1.71363;
0.356102;3.6157;1.71766;
0.356202;3.6115;1.71363;
0.356302;3.6157;1.71766;
0.356402;3.6115;1.71363;
0.356502;3.6157;1.71766;
0.356602;3.6115;1.71363;
0.356702;3.6157;1.71766;
0.356802;3.6115;1.71363;
0.356902;3.6157;1.71766;
0.357002;3.6115;1.71363;
0.357102;3.6157;1.71766;
0.357202;3.6115;1.71363;
0.357302;3.6157;1.71766;
0.357402;3.6115;1.71363;
0.357502;3.6157;1.71766;
0.357602;3.6115;1.71363;
0.357702;3.6157;1.71766;
0.357802;3.6115;1.71363;
0.357902;3.6157;1.71766;
0.358002;3.6115;1.71363;
0.358102;3.6157;1.71765;
0.358202;3.6115;1.71363;
0.358302;3.6157;1.71765;
0.358402;3.6115;1.71363;
0.358502;3.6157;1.71765;
0.358602;3.6115;1.71363;
0.358702;3.6157;1.71765;
0.358802;3.6115;1.71363;
0.358902;3.6157;1.71765;
0.359002;3.6115;1.71363;
0.359102;3.6157;1.71765;
0.359202;3.6115;1.71363;
0.359302;3.6157;1.71765;
0.359402;3.6115;1.71363;
0.359502;3.6157;1.71765;
0.359602;3.6115;1.71363;
0.359702;3.6157;1.71765;
0.359802;3.6115;1.71363;
0.359902;3.6157;1.71765;
0.360002;3.6115;1.71363;
0.360102;3.6157;1.71765;
0.360202;3.6115;1.71363;
0.360302;3.6157;1.71765;
0.360402;3.6115;1.71363;
0.360502;3.6157;1.71765;
0.360602;3.6115;1.71363;
0.360702;3.6157;1.71765;
0.360802;3.6115;1.71363;
0.360902;3.6157;1.71765;
0.361002;3.6115;1.71363;
0.361102;3.6157;1.71765;
0.361202;3.6115;1.71363;
0.361302;3.6157;1.71765;
0.361402;3.6115;1.71363;
0.361502;3.6157;1.71765;
0.361602;3.6115;1.71363;
0.361702;3.6157;1.71765;
0.361802;3.6115;1.71363;
0.361902;3.6157;1.71765;
0.362002;3.6115;1.71363;
0.362102;3.6157;1.71765;
0.362202;3.6115;1.71363;
0.362302;3.6157;1.71765;
0.362402;3.6115;1.71363;
0.362502;3.6157;1.71765;
0.362602;3.6115;1.71363;
0.362702;3.6157;1.71765;
0.362802;3.6115;1.71363;
0.362902;3.6157;1.71765;
0.363002;3.6115;1.71363;
0.363102;3.6157;1.71765;
0.363202;3.6115;1.71364;
0.363302;3.6157;1.71765;
0.363402;3.6115;1.71364;
0.363502;3.6157;1.71765;
0.363602;3.6115;1.71364;
0.363702;3.6157;1.71765;
0.363802;3.6115;1.71364;
0.363902;3.6157;1.71765;
0.364002;3.6115;1.71364;
0.364102;3.6157;1.71765;
0.364202;3.6115;1.71364;
0.364302;3.6157;1.71765;
0.364402;3.6115;1.71364;
0.364502;3.6157;1.71765;
0.364602;3.6115;1.71364;
0.364702;3.6157;1.71765;
0.364802;3.6115;1.71364;
0.364902;3.6157;1.71765;
0.365002;3.6115;1.71364;
0.365102;3.6157;1.71765;
0.365202;3.6115;1.71364;
0.365302;3.6157;1.71765;
0.365402;3.6115;1.71364;
0.365502;3.6157;1.71765;
0.365602;3.6115;1.71364;
0.365702;3.6157;1.71765;
0.365802;3.6115;1.71364;
0.365902;3.6157;1.71765;
0.366002;3.6115;1.71364;
0.366102;3.6157;1.71765;
0.366202;3.6115;1.71364;
0.366302;3.6157;1.71765;
0.366402;3.6115;1.71364;
0.366502;3.6157;1.71765;
0.366602;3.6115;1.71364;
0.366702;3.6157;1.71765;
0.366802;3.6115;1.71364;
0.366902;3.6157;1.71765;
0.367002;3.6115;1.71364;
0.367102;3.6157;1.71765;
0.367202;3.6115;1.71364;
0.367302;3.6157;1.71765;
0.367402;3.6115;1.71364;
0.367502;3.6157;1.71765;
0.367602;3.6115;1.71364;
0.367702;3.6157;1.71765;
0.367802;3.6115;1.71364;
0.367902;3.6157;1.71765;
0.368002;3.6115;1.71364;
0.368102;3.6157;1.71765;
0.368202;3.6115;1.71364;
0.368302;3.6157;1.71765;
0.368402;3.6115;1.71364;
0.368502;3.6157;1.71765;
0.368602;3.6115;1.71364;
0.368702;3.6157;1.71765;
0.368802;3.6115;1.71364;
0.368902;3.6157;1.71765;
0.369002;3.6115;1.71364;
0.369102;3.6157;1.71765;
0.369202;3.6115;1.71364;
0.369302;3.6157;1.71765;
0.369402;3.6115;1.71364;
0.369502;3.6157;1.71765;
0.369602;3.6115;1.71364;
0.369702;3.6157;1.71765;
0.369802;3.6115;1.71364;
0.369902;3.6157;1.71765;
0.370002;3.6115;1.71364;
0.370102;3.6157;1.71765;
0.370202;3.6115;1.71364;
0.370302;3.6157;1.71765;
0.370402;3.6115;1.71364;
0.370502;3.6157;1.71765;
0.370602;3.6115;1.71364;
0.370702;3.6157;1.71765;
0.370802;3.6115;1.71364;
0.370902;3.6157;1.71765;
0.371002;3.6115;1.71364;
0.371102;3.61569;1.71765;
0.371202;3.6115;1.71364;
0.371302;3.61569;1.71765;
0.371402;3.6115;1.71364;
0.371502;3.61569;1.71765;
0.371602;3.6115;1.71364;
0.371702;3.61569;1.71765;
0.371802;3.6115;1.71364;
0.371902;3.61569;1.71765;
0.372002;3.6115;1.71364;
0.372102;3.61569;1.71765;
0.372202;3.6115;1.71364;
0.372302;3.61569;1.71765;
0.372402;3.6115;1.71364;
0.372502;3.61569;1.71765;
0.372602;3.6115;1.71364;
0.372702;3.61569;1.71765;
0.372802;3.6115;1.71364;
0.372902;3.61569;1.71765;
0.373002;3.6115;1.71364;
0.373102;3.61569;1.71765;
0.373202;3.6115;1.71364;
0.373302;3.61569;1.71765;
0.373402;3.6115;1.71364;
0.373502;3.61569;1.71765;
0.373602;3.6115;1.71364;
0.373702;3.61569;1.71765;
0.373802;3.6115;1.71364;
0.373902;3.61569;1.71765;
0.374002;3.6115;1.71364;
0.374102;3.61569;1.71765;
0.374202;3.6115;1.71364;
0.374302;3.61569;1.71765;
0.374402;3.6115;1.71364;
0.374502;3.61569;1.71765;
0.374602;3.6115;1.71364;
0.374702;3.61569;1.71765;
0.374802;3.6115;1.71364;
0.374902;3.61569;1.71765;
0.375002;3.6115;1.71364;
0.375102;3.61569;1.71765;
0.375202;3.6115;1.71364;
0.375302;3.61569;1.71765;
0.375402;3.6115;1.71364;
0.375502;3.61569;1.71765;
0.375602;3.6115;1.71364;
0.375702;3.61569;1.71765;
0.375802;3.6115;1.71364;
0.375902;3.61569;1.71765;
0.376002;3.6115;1.71364;
0.376102;3.61569;1.71765;
0.376202;3.6115;1.71364;
0.376302;3.61569;1.71765;
0.376402;3.6115;1.71364;
0.376502;3.61569;1.71765;
0.376602;3.6115;1.71364;
0.376702;3.61569;1.71765;
0.376802;3.6115;1.71364;
0.376902;3.61569;1.71765;
0.377002;3.6115;1.71364;
0.377102;3.61569;1.71765;
0.377202;3.6115;1.71364;
0.377302;3.61569;1.71765;
0.377402;3.6115;1.71364;
0.377502;3.61569;1.71765;
0.377602;3.6115;1.71364;
0.377702;3.61569;1.71765;
0.377802;3.6115;1.71364;
0.377902;3.61569;1.71765;
0.378002;3.6115;1.71364;
0.378102;3.61569;1.71765;
0.378202;3.6115;1.71364;
0.378302;3.61569;1.71765;
0.378402;3.6115;1.71364;
0.378502;3.61569;1.71765;
0.378602;3.6115;1.71364;
0.378702;3.61569;1.71765;
0.378802;3.6115;1.71364;
0.378902;3.61569;1.71765;
0.379002;3.6115;1.71364;
0.379102;3.61569;1.71765;
0.379202;3.6115;1.71364;
0.379302;3.61569;1.71765;
0.379402;3.6115;1.71364;
0.379502;3.61569;1.71765;
0.379602;3.6115;1.71364;
0.379702;3.61569;1.71765;
0.379802;3.6115;1.71364;
0.379902;3.61569;1.71765;
0.380002;3.6115;1.71364;
0.380102;3.61569;1.71765;
0.380202;3.61151;1.71364;
0.380302;3.61569;1.71765;
0.380402;3.61151;1.71364;
0.380502;3.61569;1.71765;
0.380602;3.61151;1.71364;
0.380702;3.61569;1.71765;
0.380802;3.61151;1.71364;
0.380902;3.61569;1.71765;
0.381002;3.61151;1.71364;
0.381102;3.61569;1.71765;
0.381202;3.61151;1.71364;
0.381302;3.61569;1.71765;
0.381402;3.61151;1.71364;
0.381502;3.61569;1.71765;
0.381602;3.61151;1.71364;
0.381702;3.61569;1.71765;
0.381802;3.61151;1.71364;
0.381902;3.61569;1.71765;
0.382002;3.61151;1.71364;
0.382102;3.61569;1.71765;
0.382202;3.61151;1.71364;
0.382302;3.61569;1.71765;
0.382402;3.61151;1.71364;
0.382502;3.61569;1.71765;
0.382602;3.61151;1.71364;
0.382702;3.61569;1.71765;
0.382802;3.61151;1.71364;
0.382902;3.61569;1.71765;
0.383002;3.61151;1.71364;
0.383102;3.61569;1.71765;
0.383202;3.61151;1.71364;
0.383302;3.61569;1.71765;
0.383402;3.61151;1.71364;
0.383502;3.61569;1.71765;
0.383602;3.61151;1.71364;
0.383702;3.61569;1.71765;
0.383802;3.61151;1.71364;
0.383902;3.61569;1.71765;
0.384002;3.61151;1.71364;
0.384102;3.61569;1.71765;
0.384202;3.61151;1.71364;
0.384302;3.61569;1.71765;
0.384402;3.61151;1.71364;
0.384502;3.61569;1.71765;
0.384602;3.61151;1.71364;
0.384702;3.61569;1.71764;
0.384802;3.61151;1.71364;
0.384902;3.61569;1.71764;
0.385002;3.61151;1.71364;
0.385102;3.61569;1.71764;
0.385202;3.61151;1.71364;
0.385302;3.61569;1.71764;
0.385402;3.61151;1.71364;
0.385502;3.61569;1.71764;
0.385602;3.61151;1.71364;
0.385702;3.61569;1.71764;
0.385802;3.61151;1.71364;
0.385902;3.61569;1.71764;
0.386002;3.61151;1.71364;
0.386102;3.61569;1.71764;
0.386202;3.61151;1.71364;
0.386302;3.61569;1.71764;
0.386402;3.61151;1.71364;
0.386502;3.61569;1.71764;
0.386602;3.61151;1.71364;
0.386702;3.61569;1.71764;
0.386802;3.61151;1.71364;
0.386902;3.61569;1.71764;
0.387002;3.61151;1.71364;
0.387102;3.61569;1.71764;
0.387202;3.61151;1.71364;
0.387302;3.61569;1.71764;
0.387402;3.61151;1.71364;
0.387502;3.61569;1.71764;
0.387602;3.61151;1.71364;
0.387702;3.61569;1.71764;
0.387802;3.61151;1.71364;
0.387902;3.61569;1.71764;
0.388002;3.61151;1.71364;
0.388102;3.61569;1.71764;
0.388202;3.61151;1.71364;
0.388302;3.61569;1.71764;
0.388402;3.61151;1.71365;
0.388502;3.61569;1.71764;
0.388602;3.61151;1.71365;
0.388702;3.61569;1.71764;
0.388802;3.61151;1.71365;
0.388902;3.61569;1.71764;
0.389002;3.61151;1.71365;
0.389102;3.61569;1.71764;
0.389202;3.61151;1.71365;
0.389302;3.61569;1.71764;
0.389402;3.61151;1.71365;
0.389502;3.61569;1.71764;
0.389602;3.61151;1.71365;
0.389702;3.61569;1.71764;
0.389802;3.61151;1.71365;
0.389902;3.61569;1.71764;
0.390002;3.61151;1.71365;
0.390102;3.61569;1.71764;
0.390202;3.61151;1.71365;
0.390302;3.61569;1.71764;
0.390402;3.61151;1.71365;
0.390502;3.61569;1.71764;
0.390602;3.61151;1.71365;
0.390702;3.61569;1.71764;
0.390802;3.61151;1.71365;
0.390902;3.61569;1.71764;
0.391002;3.61151;1.71365;
0.391102;3.61569;1.71764;
0.391202;3.61151;1.71365;
0.391302;3.61569;1.71764;
0.391402;3.61151;1.71365;
0.391502;3.61569;1.71764;
0.391602;3.61151;1.71365;
0.391702;3.61569;1.71764;
0.391802;3.61151;1.71365;
0.391902;3.61569;1.71764;
0.392002;3.61151;1.71365;
0.392102;3.61569;1.71764;
0.392202;3.61151;1.71365;
0.392302;3.61569;1.71764;
0.392402;3.61151;1.71365;
0.392502;3.61569;1.71764;
0.392602;3.61151;1.71365;
0.392702;3.61569;1.71764;
0.392802;3.61151;1.71365;
0.392902;3.61569;1.71764;
0.393002;3.61151;1.71365;
0.393102;3.61569;1.71764;
0.393202;3.61151;1.71365;
0.393302;3.61569;1.71764;
0.393402;3.61151;1.71365;
0.393502;3.61569;1.71764;
0.393602;3.61151;1.71365;
0.393702;3.61569;1.71764;
0.393802;3.61151;1.71365;
0.393902;3.61569;1.71764;
0.394002;3.61151;1.71365;
0.394102;3.61569;1.71764;
0.394202;3.61151;1.71365;
0.394302;3.61569;1.71764;
0.394402;3.61151;1.71365;
0.394502;3.61569;1.71764;
0.394602;3.61151;1.71365;
0.394702;3.61569;1.71764;
0.394802;3.61151;1.71365;
0.394902;3.61569;1.71764;
0.395002;3.61151;1.71365;
0.395102;3.61569;1.71764;
0.395202;3.61151;1.71365;
0.395302;3.61569;1.71764;
0.395402;3.61151;1.71365;
0.395502;3.61569;1.71764;
0.395602;3.61151;1.71365;
0.395702;3.61569;1.71764;
0.395802;3.61151;1.71365;
0.395902;3.61569;1.71764;
0.396002;3.61151;1.71365;
0.396102;3.61569;1.71764;
0.396202;3.61151;1.71365;
0.396302;3.61569;1.71764;
0.396402;3.61151;1.71365;
0.396502;3.61568;1.71764;
0.396602;3.61151;1.71365;
0.396702;3.61568;1.71764;
0.396802;3.61151;1.71365;
0.396902;3.61568;1.71764;
0.397002;3.61151;1.71365;
0.397102;3.61568;1.71764;
0.397202;3.61151;1.71365;
0.397302;3.61568;1.71764;
0.397402;3.61151;1.71365;
0.397502;3.61568;1.71764;
0.397602;3.61151;1.71365;
0.397702;3.61568;1.71764;
0.397802;3.61151;1.71365;
0.397902;3.61568;1.71764;
0.398002;3.61151;1.71365;
0.398102;3.61568;1.71764;
0.398202;3.61151;1.71365;
0.398302;3.61568;1.71764;
0.398402;3.61151;1.71365;
0.398502;3.61568;1.71764;
0.398602;3.61151;1.71365;
0.398702;3.61568;1.71764;
0.398802;3.61151;1.71365;
0.398902;3.61568;1.71764;
0.399002;3.61151;1.71365;
0.399102;3.61568;1.71764;
0.399202;3.61151;1.71365;
0.399302;3.61568;1.71764;
0.399402;3.61151;1.71365;
0.399502;3.61568;1.71764;
0.399602;3.61151;1.71365;
0.399702;3.61568;1.71764;
0.399802;3.61151;1.71365;
0.399902;3.61568;1.71764;
0.400002;3.61151;1.71365;
0.400102;3.61568;1.71764;
0.400202;3.61151;1.71365;
0.400302;3.61568;1.71764;
0.400402;3.61151;1.71365;
0.400502;3.61568;1.71764;
0.400602;3.61151;1.71365;
0.400702;3.61568;1.71764;
0.400802;3.61151;1.71365;
0.400902;3.61568;1.71764;
0.401002;3.61151;1.71365;
0.401102;3.61568;1.71764;
0.401202;3.61151;1.71365;
0.401302;3.61568;1.71764;
0.401402;3.61151;1.71365;
0.401502;3.61568;1.71764;
0.401602;3.61151;1.71365;
0.401702;3.61568;1.71764;
0.401802;3.61151;1.71365;
0.401902;3.61568;1.71764;
0.402002;3.61151;1.71365;
0.402102;3.61568;1.71764;
0.402202;3.61151;1.71365;
0.402302;3.61568;1.71764;
0.402402;3.61151;1.71365;
0.402502;3.61568;1.71764;
0.402602;3.61151;1.71365;
0.402702;3.61568;1.71764;
0.402802;3.61151;1.71365;
0.402902;3.61568;1.71764;
0.403002;3.61151;1.71365;
0.403102;3.61568;1.71764;
0.403202;3.61151;1.71365;
0.403302;3.61568;1.71764;
0.403402;3.61151;1.71365;
0.403502;3.61568;1.71764;
0.403602;3.61151;1.71365;
0.403702;3.61568;1.71764;
0.403802;3.61151;1.71365;
0.403902;3.61568;1.71764;
0.404002;3.61151;1.71365;
0.404102;3.61568;1.71764;
0.404202;3.61151;1.71365;
0.404302;3.61568;1.71764;
0.404402;3.61152;1.71365;
0.404502;3.61568;1.71764;
0.404602;3.61152;1.71365;
0.404702;3.61568;1.71764;
0.404802;3.61152;1.71365;
0.404902;3.61568;1.71764;
0.405002;3.61152;1.71365;
0.405102;3.61568;1.71764;
0.405202;3.61152;1.71365;
0.405302;3.61568;1.71764;
0.405402;3.61152;1.71365;
0.405502;3.61568;1.71764;
0.405602;3.61152;1.71365;
0.405702;3.61568;1.71764;
0.405802;3.61152;1.71365;
0.405902;3.61568;1.71764;
0.406002;3.61152;1.71365;
0.406102;3.61568;1.71764;
0.406202;3.61152;1.71365;
0.406302;3.61568;1.71764;
0.406402;3.61152;1.71365;
0.406502;3.61568;1.71764;
0.406602;3.61152;1.71365;
0.406702;3.61568;1.71764;
0.406802;3.61152;1.71365;
0.406902;3.61568;1.71764;
0.407002;3.61152;1.71365;
0.407102;3.61568;1.71764;
0.407202;3.61152;1.71365;
0.407302;3.61568;1.71764;
0.407402;3.61152;1.71365;
0.407502;3.61568;1.71764;
0.407602;3.61152;1.71365;
0.407702;3.61568;1.71764;
0.407802;3.61152;1.71365;
0.407902;3.61568;1.71764;
0.408002;3.61152;1.71365;
0.408102;3.61568;1.71764;
0.408202;3.61152;1.71365;
0.408302;3.61568;1.71764;
0.408402;3.61152;1.71365;
0.408502;3.61568;1.71764;
0.408602;3.61152;1.71365;
0.408702;3.61568;1.71764;
0.408802;3.61152;1.71365;
0.408902;3.61568;1.71764;
0.409002;3.61152;1.71365;
0.409102;3.61568;1.71764;
0.409202;3.61152;1.71365;
0.409302;3.61568;1.71764;
0.409402;3.61152;1.71365;
0.409502;3.61568;1.71764;
0.409602;3.61152;1.71365;
0.409702;3.61568;1.71764;
0.409802;3.61152;1.71365;
0.409902;3.61568;1.71764;
0.410002;3.61152;1.71365;
0.410102;3.61568;1.71764;
0.410202;3.61152;1.71365;
0.410302;3.61568;1.71764;
0.410402;3.61152;1.71365;
0.410502;3.61568;1.71764;
0.410602;3.61152;1.71365;
0.410702;3.61568;1.71764;
0.410802;3.61152;1.71365;
0.410902;3.61568;1.71764;
0.411002;3.61152;1.71365;
0.411102;3.61568;1.71764;
0.411202;3.61152;1.71365;
0.411302;3.61568;1.71763;
0.411402;3.61152;1.71365;
0.411502;3.61568;1.71763;
0.411602;3.61152;1.71365;
0.411702;3.61568;1.71763;
0.411802;3.61152;1.71365;
0.411902;3.61568;1.71763;
0.412002;3.61152;1.71365;
0.412102;3.61568;1.71763;
0.412202;3.61152;1.71365;
0.412302;3.61568;1.71763;
0.412402;3.61152;1.71365;
0.412502;3.61568;1.71763;
0.412602;3.61152;1.71365;
0.412702;3.61568;1.71763;
0.412802;3.61152;1.71365;
0.412902;3.61568;1.71763;
0.413002;3.61152;1.71365;
0.413102;3.61568;1.71763;
0.413202;3.61152;1.71365;
0.413302;3.61568;1.71763;
0.413402;3.61152;1.71365;
0.413502;3.61568;1.71763;
0.413602;3.61152;1.71365;
0.413702;3.61568;1.71763;
0.413802;3.61152;1.71366;
0.413902;3.61568;1.71763;
0.414002;3.61152;1.71366;
0.414102;3.61568;1.71763;
0.414202;3.61152;1.71366;
0.414302;3.61568;1.71763;
0.414402;3.61152;1.71366;
0.414502;3.61568;1.71763;
0.414602;3.61152;1.71366;
0.414702;3.61568;1.71763;
0.414802;3.61152;1.71366;
0.414902;3.61568;1.71763;
0.415002;3.61152;1.71366;
0.415102;3.61568;1.71763;
0.415202;3.61152;1.71366;
0.415302;3.61568;1.71763;
0.415402;3.61152;1.71366;
0.415502;3.61568;1.71763;
0.415602;3.61152;1.71366;
0.415702;3.61568;1.71763;
0.415802;3.61152;1.71366;
0.415902;3.61568;1.71763;
0.416002;3.61152;1.71366;
0.416102;3.61568;1.71763;
0.416202;3.61152;1.71366;
0.416302;3.61568;1.71763;
0.416402;3.61152;1.71366;
0.416502;3.61568;1.71763;
0.416602;3.61152;1.71366;
0.416702;3.61568;1.71763;
0.416802;3.61152;1.71366;
0.416902;3.61568;1.71763;
0.417002;3.61152;1.71366;
0.417102;3.61568;1.71763;
0.417202;3.61152;1.71366;
0.417302;3.61568;1.71763;
0.417402;3.61152;1.71366;
0.417502;3.61568;1.71763;
0.417602;3.61152;1.71366;
0.417702;3.61568;1.71763;
0.417802;3.61152;1.71366;
0.417902;3.61568;1.71763;
0.418002;3.61152;1.71366;
0.418102;3.61568;1.71763;
0.418202;3.61152;1.71366;
0.418302;3.61568;1.71763;
0.418402;3.61152;1.71366;
0.418502;3.61568;1.71763;
0.418602;3.61152;1.71366;
0.418702;3.61568;1.71763;
0.418802;3.61152;1.71366;
0.418902;3.61568;1.71763;
0.419002;3.61152;1.71366;
0.419102;3.61568;1.71763;
0.419202;3.61152;1.71366;
0.419302;3.61568;1.71763;
0.419402;3.61152;1.71366;
0.419502;3.61568;1.71763;
0.419602;3.61152;1.71366;
0.419702;3.61568;1.71763;
0.419802;3.61152;1.71366;
0.419902;3.61568;1.71763;
0.420002;3.61152;1.71366;
0.420102;3.61568;1.71763;
0.420202;3.61152;1.71366;
0.420302;3.61568;1.71763;
0.420402;3.61152;1.71366;
0.420502;3.61568;1.71763;
0.420602;3.61152;1.71366;
0.420702;3.61568;1.71763;
0.420802;3.61152;1.71366;
0.420902;3.61568;1.71763;
0.421002;3.61152;1.71366;
0.421102;3.61568;1.71763;
0.421202;3.61152;1.71366;
0.421302;3.61568;1.71763;
0.421402;3.61152;1.71366;
0.421502;3.61568;1.71763;
0.421602;3.61152;1.71366;
0.421702;3.61568;1.71763;
0.421802;3.61152;1.71366;
0.421902;3.61568;1.71763;
0.422002;3.61152;1.71366;
0.422102;3.61567;1.71763;
0.422202;3.61152;1.71366;
0.422302;3.61567;1.71763;
0.422402;3.61152;1.71366;
0.422502;3.61567;1.71763;
0.422602;3.61152;1.71366;
0.422702;3.61567;1.71763;
0.422802;3.61152;1.71366;
0.422902;3.61567;1.71763;
0.423002;3.61152;1.71366;
0.423102;3.61567;1.71763;
0.423202;3.61152;1.71366;
0.423302;3.61567;1.71763;
0.423402;3.61152;1.71366;
0.423502;3.61567;1.71763;
0.423602;3.61152;1.71366;
0.423702;3.61567;1.71763;
0.423802;3.61152;1.71366;
0.423902;3.61567;1.71763;
0.424002;3.61152;1.71366;
0.424102;3.61567;1.71763;
0.424202;3.61152;1.71366;
0.424302;3.61567;1.71763;
0.424402;3.61152;1.71366;
0.424502;3.61567;1.71763;
0.424602;3.61152;1.71366;
0.424702;3.61567;1.71763;
0.424802;3.61152;1.71366;
0.424902;3.61567;1.71763;
0.425002;3.61152;1.71366;
0.425102;3.61567;1.71763;
0.425202;3.61152;1.71366;
0.425302;3.61567;1.71763;
0.425402;3.61152;1.71366;
0.425502;3.61567;1.71763;
0.425602;3.61152;1.71366;
0.425702;3.61567;1.71763;
0.425802;3.61152;1.71366;
0.425902;3.61567;1.71763;
0.426002;3.61152;1.71366;
0.426102;3.61567;1.71763;
0.426202;3.61152;1.71366;
0.426302;3.61567;1.71763;
0.426402;3.61152;1.71366;
0.426502;3.61567;1.71763;
0.426602;3.61152;1.71366;
0.426702;3.61567;1.71763;
0.426802;3.61152;1.71366;
0.426902;3.61567;1.71763;
0.427002;3.61152;1.71366;
0.427102;3.61567;1.71763;
0.427202;3.61152;1.71366;
0.427302;3.61567;1.71763;
0.427402;3.61152;1.71366;
0.427502;3.61567;1.71763;
0.427602;3.61152;1.71366;
0.427702;3.61567;1.71763;
0.427802;3.61152;1.71366;
0.427902;3.61567;1.71763;
0.428002;3.61152;1.71366;
0.428102;3.61567;1.71763;
0.428202;3.61152;1.71366;
0.428302;3.61567;1.71763;
0.428402;3.61152;1.71366;
0.428502;3.61567;1.71763;
0.428602;3.61152;1.71366;
0.428702;3.61567;1.71763;
0.428802;3.61153;1.71366;
0.428902;3.61567;1.71763;
0.429002;3.61153;1.71366;
0.429102;3.61567;1.71763;
0.429202;3.61153;1.71366;
0.429302;3.61567;1.71763;
0.429402;3.61153;1.71366;
0.429502;3.61567;1.71763;
0.429602;3.61153;1.71366;
0.429702;3.61567;1.71763;
0.429802;3.61153;1.71366;
0.429902;3.61567;1.71763;
0.430002;3.61153;1.71366;
0.430102;3.61567;1.71763;
0.430202;3.61153;1.71366;
0.430302;3.61567;1.71763;
0.430402;3.61153;1.71366;
0.430502;3.61567;1.71763;
0.430602;3.61153;1.71366;
0.430702;3.61567;1.71763;
0.430802;3.61153;1.71366;
0.430902;3.61567;1.71763;
0.431002;3.61153;1.71366;
0.431102;3.61567;1.71763;
0.431202;3.61153;1.71366;
0.431302;3.61567;1.71763;
0.431402;3.61153;1.71366;
0.431502;3.61567;1.71763;
0.431602;3.61153;1.71366;
0.431702;3.61567;1.71763;
0.431802;3.61153;1.71366;
0.431902;3.61567;1.71763;
0.432002;3.61153;1.71366;
0.432102;3.61567;1.71763;
0.432202;3.61153;1.71366;
0.432302;3.61567;1.71763;
0.432402;3.61153;1.71366;
0.432502;3.61567;1.71763;
0.432602;3.61153;1.71366;
0.432702;3.61567;1.71763;
0.432802;3.61153;1.71366;
0.432902;3.61567;1.71763;
0.433002;3.61153;1.71366;
0.433102;3.61567;1.71763;
0.433202;3.61153;1.71366;
0.433302;3.61567;1.71763;
0.433402;3.61153;1.71366;
0.433502;3.61567;1.71763;
0.433602;3.61153;1.71366;
0.433702;3.61567;1.71763;
0.433802;3.61153;1.71366;
0.433902;3.61567;1.71763;
0.434002;3.61153;1.71366;
0.434102;3.61567;1.71763;
0.434202;3.61153;1.71366;
0.434302;3.61567;1.71763;
0.434402;3.61153;1.71366;
0.434502;3.61567;1.71763;
0.434602;3.61153;1.71366;
0.434702;3.61567;1.71763;
0.434802;3.61153;1.71366;
0.434902;3.61567;1.71763;
0.435002;3.61153;1.71366;
0.435102;3.61567;1.71763;
0.435202;3.61153;1.71366;
0.435302;3.61567;1.71763;
0.435402;3.61153;1.71366;
0.435502;3.61567;1.71763;
0.435602;3.61153;1.71366;
0.435702;3.61567;1.71763;
0.435802;3.61153;1.71366;
0.435902;3.61567;1.71763;
0.436002;3.61153;1.71366;
0.436102;3.61567;1.71763;
0.436202;3.61153;1.71366;
0.436302;3.61567;1.71763;
0.436402;3.61153;1.71366;
0.436502;3.61567;1.71763;
0.436602;3.61153;1.71366;
0.436702;3.61567;1.71763;
0.436802;3.61153;1.71366;
0.436902;3.61567;1.71763;
0.437002;3.61153;1.71366;
0.437102;3.61567;1.71763;
0.437202;3.61153;1.71366;
0.437302;3.61567;1.71763;
0.437402;3.61153;1.71366;
0.437502;3.61567;1.71763;
0.437602;3.61153;1.71366;
0.437702;3.61567;1.71763;
0.437802;3.61153;1.71366;
0.437902;3.61567;1.71763;
0.438002;3.61153;1.71366;
0.438102;3.61567;1.71762;
0.438202;3.61153;1.71366;
0.438302;3.61567;1.71762;
0.438402;3.61153;1.71366;
0.438502;3.61567;1.71762;
0.438602;3.61153;1.71366;
0.438702;3.61567;1.71762;
0.438802;3.61153;1.71366;
0.438902;3.61567;1.71762;
0.439002;3.61153;1.71366;
0.439102;3.61567;1.71762;
0.439202;3.61153;1.71366;
0.439302;3.61567;1.71762;
0.439402;3.61153;1.71367;
0.439502;3.61567;1.71762;
0.439602;3.61153;1.71367;
0.439702;3.61567;1.71762;
0.439802;3.61153;1.71367;
0.439902;3.61567;1.71762;
0.440002;3.61153;1.71367;
0.440102;3.61567;1.71762;
0.440202;3.61153;1.71367;
0.440302;3.61567;1.71762;
0.440402;3.61153;1.71367;
0.440502;3.61567;1.71762;
0.440602;3.61153;1.71367;
0.440702;3.61567;1.71762;
0.440802;3.61153;1.71367;
0.440902;3.61567;1.71762;
0.441002;3.61153;1.71367;
0.441102;3.61567;1.71762;
0.441202;3.61153;1.71367;
0.441302;3.61567;1.71762;
0.441402;3.61153;1.71367;
0.441502;3.61567;1.71762;
0.441602;3.61153;1.71367;
0.441702;3.61567;1.71762;
0.441802;3.61153;1.71367;
0.441902;3.61567;1.71762;
0.442002;3.61153;1.71367;
0.442102;3.61567;1.71762;
0.442202;3.61153;1.71367;
0.442302;3.61567;1.71762;
0.442402;3.61153;1.71367;
0.442502;3.61567;1.71762;
0.442602;3.61153;1.71367;
0.442702;3.61567;1.71762;
0.442802;3.61153;1.71367;
0.442902;3.61567;1.71762;
0.443002;3.61153;1.71367;
0.443102;3.61567;1.71762;
0.443202;3.61153;1.71367;
0.443302;3.61567;1.71762;
0.443402;3.61153;1.71367;
0.443502;3.61567;1.71762;
0.443602;3.61153;1.71367;
0.443702;3.61567;1.71762;
0.443802;3.61153;1.71367;
0.443902;3.61567;1.71762;
0.444002;3.61153;1.71367;
0.444102;3.61567;1.71762;
0.444202;3.61153;1.71367;
0.444302;3.61567;1.71762;
0.444402;3.61153;1.71367;
0.444502;3.61567;1.71762;
0.444602;3.61153;1.71367;
0.444702;3.61567;1.71762;
0.444802;3.61153;1.71367;
0.444902;3.61567;1.71762;
0.445002;3.61153;1.71367;
0.445102;3.61567;1.71762;
0.445202;3.61153;1.71367;
0.445302;3.61567;1.71762;
0.445402;3.61153;1.71367;
0.445502;3.61567;1.71762;
0.445602;3.61153;1.71367;
0.445702;3.61567;1.71762;
0.445802;3.61153;1.71367;
0.445902;3.61567;1.71762;
0.446002;3.61153;1.71367;
0.446102;3.61567;1.71762;
0.446202;3.61153;1.71367;
0.446302;3.61567;1.71762;
0.446402;3.61153;1.71367;
0.446502;3.61567;1.71762;
0.446602;3.61153;1.71367;
0.446702;3.61567;1.71762;
0.446802;3.61153;1.71367;
0.446902;3.61567;1.71762;
0.447002;3.61153;1.71367;
0.447102;3.61567;1.71762;
0.447202;3.61153;1.71367;
0.447302;3.61567;1.71762;
0.447402;3.61153;1.71367;
0.447502;3.61566;1.71762;
0.447602;3.61153;1.71367;
0.447702;3.61566;1.71762;
0.447802;3.61153;1.71367;
0.447902;3.61566;1.71762;
0.448002;3.61153;1.71367;
0.448102;3.61566;1.71762;
0.448202;3.61153;1.71367;
0.448302;3.61566;1.71762;
0.448402;3.61153;1.71367;
0.448502;3.61566;1.71762;
0.448602;3.61153;1.71367;
0.448702;3.61566;1.71762;
0.448802;3.61153;1.71367;
0.448902;3.61566;1.71762;
0.449002;3.61153;1.71367;
0.449102;3.61566;1.71762;
0.449202;3.61153;1.71367;
0.449302;3.61566;1.71762;
0.449402;3.61153;1.71367;
0.449502;3.61566;1.71762;
0.449602;3.61153;1.71367;
0.449702;3.61566;1.71762;
0.449802;3.61153;1.71367;
0.449902;3.61566;1.71762;
0.450002;3.61153;1.71367;
0.450102;3.61566;1.71762;
0.450202;3.61153;1.71367;
0.450302;3.61566;1.71762;
0.450402;3.61153;1.71367;
0.450502;3.61566;1.71762;
0.450602;3.61153;1.71367;
0.450702;3.61566;1.71762;
0.450802;3.61153;1.71367;
0.450902;3.61566;1.71762;
0.451002;3.61153;1.71367;
0.451102;3.61566;1.71762;
0.451202;3.61153;1.71367;
0.451302;3.61566;1.71762;
0.451402;3.61153;1.71367;
0.451502;3.61566;1.71762;
0.451602;3.61153;1.71367;
0.451702;3.61566;1.71762;
0.451802;3.61153;1.71367;
0.451902;3.61566;1.71762;
0.452002;3.61153;1.71367;
0.452102;3.61566;1.71762;
0.452202;3.61153;1.71367;
0.452302;3.61566;1.71762;
0.452402;3.61153;1.71367;
0.452502;3.61566;1.71762;
0.452602;3.61153;1.71367;
0.452702;3.61566;1.71762;
0.452802;3.61153;1.71367;
0.452902;3.61566;1.71762;
0.453002;3.61153;1.71367;
0.453102;3.61566;1.71762;
0.453202;3.61154;1.71367;
0.453302;3.61566;1.71762;
0.453402;3.61154;1.71367;
0.453502;3.61566;1.71762;
0.453602;3.61154;1.71367;
0.453702;3.61566;1.71762;
0.453802;3.61154;1.71367;
0.453902;3.61566;1.71762;
0.454002;3.61154;1.71367;
0.454102;3.61566;1.71762;
0.454202;3.61154;1.71367;
0.454302;3.61566;1.71762;
0.454402;3.61154;1.71367;
0.454502;3.61566;1.71762;
0.454602;3.61154;1.71367;
0.454702;3.61566;1.71762;
0.454802;3.61154;1.71367;
0.454902;3.61566;1.71762;
0.455002;3.61154;1.71367;
0.455102;3.61566;1.71762;
0.455202;3.61154;1.71367;
0.455302;3.61566;1.71762;
0.455402;3.61154;1.71367;
0.455502;3.61566;1.71762;
0.455602;3.61154;1.71367;
0.455702;3.61566;1.71762;
0.455802;3.61154;1.71367;
0.455902;3.61566;1.71762;
0.456002;3.61154;1.71367;
0.456102;3.61566;1.71762;
0.456202;3.61154;1.71367;
0.456302;3.61566;1.71762;
0.456402;3.61154;1.71367;
0.456502;3.61566;1.71762;
0.456602;3.61154;1.71367;
0.456702;3.61566;1.71762;
0.456802;3.61154;1.71367;
0.456902;3.61566;1.71762;
0.457002;3.61154;1.71367;
0.457102;3.61566;1.71762;
0.457202;3.61154;1.71367;
0.457302;3.61566;1.71762;
0.457402;3.61154;1.71367;
0.457502;3.61566;1.71762;
0.457602;3.61154;1.71367;
0.457702;3.61566;1.71762;
0.457802;3.61154;1.71367;
0.457902;3.61566;1.71762;
0.458002;3.61154;1.71367;
0.458102;3.61566;1.71762;
0.458202;3.61154;1.71367;
0.458302;3.61566;1.71762;
0.458402;3.61154;1.71367;
0.458502;3.61566;1.71762;
0.458602;3.61154;1.71367;
0.458702;3.61566;1.71762;
0.458802;3.61154;1.71367;
0.458902;3.61566;1.71762;
0.459002;3.61154;1.71367;
0.459102;3.61566;1.71762;
0.459202;3.61154;1.71367;
0.459302;3.61566;1.71762;
0.459402;3.61154;1.71367;
0.459502;3.61566;1.71762;
0.459602;3.61154;1.71367;
0.459702;3.61566;1.71762;
0.459802;3.61154;1.71367;
0.459902;3.61566;1.71762;
0.460002;3.61154;1.71367;
0.460102;3.61566;1.71762;
0.460202;3.61154;1.71367;
0.460302;3.61566;1.71762;
0.460402;3.61154;1.71367;
0.460502;3.61566;1.71762;
0.460602;3.61154;1.71367;
0.460702;3.61566;1.71762;
0.460802;3.61154;1.71367;
0.460902;3.61566;1.71762;
0.461002;3.61154;1.71367;
0.461102;3.61566;1.71762;
0.461202;3.61154;1.71367;
0.461302;3.61566;1.71762;
0.461402;3.61154;1.71367;
0.461502;3.61566;1.71762;
0.461602;3.61154;1.71367;
0.461702;3.61566;1.71762;
0.461802;3.61154;1.71367;
0.461902;3.61566;1.71762;
0.462002;3.61154;1.71367;
0.462102;3.61566;1.71762;
0.462202;3.61154;1.71367;
0.462302;3.61566;1.71762;
0.462402;3.61154;1.71367;
0.462502;3.61566;1.71762;
0.462602;3.61154;1.71367;
0.462702;3.61566;1.71762;
0.462802;3.61154;1.71367;
0.462902;3.61566;1.71762;
0.463002;3.61154;1.71367;
0.463102;3.61566;1.71762;
0.463202;3.61154;1.71367;
0.463302;3.61566;1.71762;
0.463402;3.61154;1.71367;
0.463502;3.61566;1.71762;
0.463602;3.61154;1.71367;
0.463702;3.61566;1.71762;
0.463802;3.61154;1.71367;
0.463902;3.61566;1.71762;
0.464002;3.61154;1.71367;
0.464102;3.61566;1.71762;
0.464202;3.61154;1.71367;
0.464302;3.61566;1.71762;
0.464402;3.61154;1.71367;
0.464502;3.61566;1.71762;
0.464602;3.61154;1.71367;
0.464702;3.61566;1.71762;
0.464802;3.61154;1.71367;
0.464902;3.61566;1.71761;
0.465002;3.61154;1.71368;
0.465102;3.61566;1.71761;
0.465202;3.61154;1.71368;
0.465302;3.61566;1.71761;
0.465402;3.61158;1.71371;
0.465502;3.6157;1.71766;
0.465602;3.61158;1.71371;
0.465702;3.6157;1.71766;
0.465802;3.61158;1.71371;
0.465902;3.6157;1.71766;
0.466002;3.61158;1.71371;
0.466102;3.6157;1.71766;
0.466202;3.61158;1.71371;
0.466302;3.6157;1.71766;
0.466402;3.61158;1.71371;
0.466502;3.6157;1.71766;
0.466602;3.61158;1.71371;
0.466702;3.6157;1.71766;
0.466802;3.61158;1.71371;
0.466902;3.6157;1.71766;
0.467002;3.61158;1.71371;
0.467102;3.6157;1.71766;
0.467202;3.61158;1.71371;
0.467302;3.6157;1.71766;
0.467402;3.61158;1.71371;
0.467502;3.6157;1.71766;
0.467602;3.61158;1.71371;
0.467702;3.6157;1.71765;
0.467802;3.61158;1.71371;
0.467902;3.6157;1.71765;
0.468002;3.61158;1.71371;
0.468102;3.6157;1.71765;
0.468202;3.61158;1.71371;
0.468302;3.6157;1.71765;
0.468402;3.61158;1.71371;
0.468502;3.6157;1.71765;
0.468602;3.61158;1.71371;
0.468702;3.6157;1.71765;
0.468802;3.61158;1.71371;
0.468902;3.6157;1.71765;
0.469002;3.61158;1.71371;
0.469102;3.6157;1.71765;
0.469202;3.61158;1.71372;
0.469302;3.6157;1.71765;
0.469402;3.61158;1.71372;
0.469502;3.6157;1.71765;
0.469602;3.61158;1.71372;
0.469702;3.6157;1.71765;
0.469802;3.61158;1.71372;
0.469902;3.6157;1.71765;
0.470002;3.61158;1.71372;
0.470102;3.6157;1.71765;
0.470202;3.61158;1.71372;
0.470302;3.6157;1.71765;
0.470402;3.61158;1.71372;
0.470502;3.6157;1.71765;
0.470602;3.61158;1.71372;
0.470702;3.6157;1.71765;
0.470802;3.61158;1.71372;
0.470902;3.6157;1.71765;
0.471002;3.61158;1.71372;
0.471102;3.6157;1.71765;
0.471202;3.61158;1.71372;
0.471302;3.6157;1.71765;
0.471402;3.61158;1.71372;
0.471502;3.6157;1.71765;
0.471602;3.61158;1.71372;
0.471702;3.61566;1.71761;
0.471802;3.61154;1.71368;
0.471902;3.61566;1.71761;
0.472002;3.61154;1.71368;
0.472102;3.61566;1.71761;
0.472202;3.61154;1.71368;
0.472302;3.61566;1.71761;
0.472402;3.61154;1.71368;
0.472502;3.61566;1.71761;
0.472602;3.61154;1.71368;
0.472702;3.61566;1.71761;
0.472802;3.61158;1.71372;
0.472902;3.6157;1.71765;
0.473002;3.61158;1.71372;
0.473102;3.6157;1.71765;
0.473202;3.61158;1.71372;
0.473302;3.6157;1.71765;
0.473402;3.61158;1.71372;
0.473502;3.6157;1.71765;
0.473514;3.61363;1.71568;
0.473535;3.61363;1.71568;
0.473549;3.61363;1.71568;
0.473562;3.61363;1.71568;
0.473562;3.61476;1.71676;
0.473563;0.00897112;2.96053e-12;
0.473563;0.00724325;2.39032e-12;
0.473563;0.00843458;2.78347e-12;
0.473564;0.00731391;2.41364e-12;
0.473564;0.00822161;2.71319e-12;
0.473564;0.00739562;2.4406e-12;
0.473564;0.00805413;2.65792e-12;
0.473564;0.00746989;2.46511e-12;
0.473565;0.00793896;2.61991e-12;
0.473565;0.00754181;2.48885e-12;
0.473565;0.00785717;2.59292e-12;
0.473565;0.00759372;2.50598e-12;
0.473566;0.00780282;2.57499e-12;
0.473566;0.00762904;2.51764e-12;
0.473566;0.00776812;2.56353e-12;
0.473567;0.00765122;2.52496e-12;
0.473567;0.00774929;2.55732e-12;
0.473568;0.00766233;2.52862e-12;
0.473569;0.00774059;2.55445e-12;
0.473571;0.00766717;2.53022e-12;
0.473573;0.00773664;2.55315e-12;
0.473577;0.00766937;2.53095e-12;
0.473582;0.00773472;2.55251e-12;
0.473589;0.00767032;2.53126e-12;
0.473599;0.00773369;2.55217e-12;
0.473616;0.00767062;2.53136e-12;
0.473648;0.00773318;2.552e-12;
0.47371;0.00767058;2.53135e-12;
0.47381;0.00773296;2.55193e-12;
0.47391;0.00767052;2.53132e-12;
0.47401;0.00773279;2.55188e-12;
0.47411;0.00767047;2.53131e-12;
0.47421;0.00773263;2.55182e-12;
0.47431;0.00767044;2.5313e-12;
0.47441;0.00773249;2.55177e-12;
0.47451;0.00767042;2.53129e-12;
0.47461;0.00773235;2.55173e-12;
0.47471;0.00767042;2.53129e-12;
0.47481;0.00773223;2.55169e-12;
0.47491;0.00767044;2.5313e-12;
0.47501;0.00773212;2.55165e-12;
0.47511;0.00767046;2.53131e-12;
0.47521;0.00773202;2.55162e-12;
0.47531;0.0076705;2.53132e-12;
0.47541;0.00773193;2.55159e-12;
0.47551;0.00767055;2.53133e-12;
0.47561;0.00773184;2.55156e-12;
0.47571;0.0076706;2.53135e-12;
0.47581;0.00773176;2.55153e-12;
0.47591;0.00767065;2.53137e-12;
0.47601;0.00773168;2.55151e-12;
0.47611;0.00767071;2.53139e-12;
0.47621;0.0077316;2.55148e-12;
0.47631;0.00767077;2.53141e-12;
0.47641;0.00773153;2.55146e-12;
0.47651;0.00767083;2.53143e-12;
0.47661;0.00773145;2.55143e-12;
0.47671;0.00767089;2.53145e-12;
0.47681;0.00773137;2.55141e-12;
0.47691;0.00767095;2.53147e-12;
0.47701;0.0077313;2.55138e-12;
0.47711;0.00767102;2.53149e-12;
0.47721;0.00773123;2.55136e-12;
0.47731;0.00767108;2.53151e-12;
0.47741;0.00773115;2.55133e-12;
0.47751;0.00767114;2.53153e-12;
0.47761;0.00773108;2.55131e-12;
0.47771;0.0076712;2.53155e-12;
0.47781;0.007731;2.55128e-12;
0.47791;0.00767127;2.53157e-12;
0.47801;0.00773093;2.55126e-12;
0.47811;0.00767133;2.53159e-12;
0.47821;0.00773086;2.55124e-12;
0.47831;0.00767139;2.53161e-12;
0.47841;0.00773078;2.55121e-12;
0.47851;0.00767146;2.53163e-12;
0.47861;0.00773071;2.55119e-12;
0.47871;0.00767152;2.53165e-12;
0.47881;0.00773064;2.55116e-12;
0.47891;0.00767158;2.53167e-12;
0.47901;0.00773056;2.55114e-12;
0.47911;0.00767165;2.5317e-12;
0.47921;0.00773049;2.55111e-12;
0.47931;0.00767171;2.53172e-12;
0.47941;0.00773042;2.55109e-12;
0.47951;0.00767177;2.53174e-12;
0.47961;0.00773034;2.55107e-12;
0.47971;0.00767183;2.53176e-12;
0.47981;0.00773027;2.55104e-12;
0.47991;0.0076719;2.53178e-12;
0.48001;0.0077302;2.55102e-12;
0.48011;0.00767196;2.5318e-12;
0.48021;0.00773012;2.55099e-12;
0.48031;0.00767202;2.53182e-12;
0.48041;0.00773005;2.55097e-12;
0.48051;0.00767208;2.53184e-12;
0.48061;0.00772998;2.55095e-12;
0.48071;0.00767215;2.53186e-12;
0.48081;0.00772991;2.55092e-12;
0.48091;0.00767221;2.53188e-12;
0.48101;0.00772983;2.5509e-12;
0.48111;0.00767227;2.5319e-12;
0.48121;0.00772976;2.55087e-12;
0.48131;0.00767233;2.53192e-12;
0.48141;0.00772969;2.55085e-12;
0.48151;0.0076724;2.53194e-12;
0.48161;0.00772961;2.55083e-12;
0.48171;0.00767246;2.53196e-12;
0.48181;0.00772954;2.5508e-12;
0.48191;0.00767252;2.53198e-12;
0.48201;0.00772947;2.55078e-12;
0.48211;0.00767258;2.532e-12;
0.48221;0.0077294;2.55075e-12;
0.48231;0.00767264;2.53203e-12;
0.48241;0.00772932;2.55073e-12;
0.48251;0.00767271;2.53205e-12;
0.48261;0.00772925;2.55071e-12;
0.48271;0.00767277;2.53207e-12;
0.48281;0.00772918;2.55068e-12;
0.48291;0.00767283;2.53209e-12;
0.48301;0.00772911;2.55066e-12;
0.48311;0.00767289;2.53211e-12;
0.48321;0.00772904;2.55063e-12;
0.48331;0.00767295;2.53213e-12;
0.48341;0.00772896;2.55061e-12;
0.48351;0.00767302;2.53215e-12;
0.48361;0.00772889;2.55059e-12;
0.48371;0.00767308;2.53217e-12;
0.48381;0.00772882;2.55056e-12;
0.48391;0.00767314;2.53219e-12;
0.48401;0.00772875;2.55054e-12;
0.48411;0.0076732;2.53221e-12;
0.48421;0.00772867;2.55052e-12;
0.48431;0.00767326;2.53223e-12;
0.48441;0.0077286;2.55049e-12;
0.48451;0.00767333;2.53225e-12;
0.48461;0.00772853;2.55047e-12;
0.48471;0.00767339;2.53227e-12;
0.48481;0.00772846;2.55044e-12;
0.48491;0.00767345;2.53229e-12;
0.48501;0.00772839;2.55042e-12;
0.48511;0.00767351;2.53231e-12;
0.48521;0.00772832;2.5504e-12;
0.48531;0.00767357;2.53233e-12;
0.48541;0.00772824;2.55037e-12;
0.48551;0.00767363;2.53235e-12;
0.48561;0.00772817;2.55035e-12;
0.48571;0.0076737;2.53237e-12;
0.48581;0.0077281;2.55033e-12;
0.48591;0.00767376;2.53239e-12;
0.48601;0.00772803;2.5503e-12;
0.48611;0.00767382;2.53241e-12;
0.48621;0.00772796;2.55028e-12;
0.48631;0.00767388;2.53243e-12;
0.48641;0.00772789;2.55026e-12;
0.48651;0.00767394;2.53245e-12;
0.48661;0.00772782;2.55023e-12;
0.48671;0.007674;2.53247e-12;
0.48681;0.00772774;2.55021e-12;
0.48691;0.00767406;2.53249e-12;
0.48701;0.00772767;2.55019e-12;
0.48711;0.00767412;2.53251e-12;
0.48721;0.0077276;2.55016e-12;
0.48731;0.00767419;2.53253e-12;
0.48741;0.00772753;2.55014e-12;
0.48751;0.00767425;2.53255e-12;
0.48761;0.00772746;2.55012e-12;
0.48771;0.00767431;2.53257e-12;
0.48781;0.00772739;2.55009e-12;
0.48791;0.00767437;2.53259e-12;
0.48801;0.00772732;2.55007e-12;
0.48811;0.00767443;2.53261e-12;
0.48821;0.00772725;2.55004e-12;
0.48831;0.00767449;2.53263e-12;
0.48841;0.00772718;2.55002e-12;
0.48851;0.00767455;2.53265e-12;
0.48861;0.00772711;2.55e-12;
0.48871;0.00767461;2.53267e-12;
0.48881;0.00772704;2.54997e-12;
0.48891;0.00767467;2.53269e-12;
0.48901;0.00772696;2.54995e-12;
0.48911;0.00767473;2.53271e-12;
0.48921;0.00772689;2.54993e-12;
0.48931;0.00767479;2.53273e-12;
0.48941;0.00772682;2.5499e-12;
0.48951;0.00767486;2.53275e-12;
0.48961;0.00772675;2.54988e-12;
0.48971;0.00767492;2.53277e-12;
0.48981;0.00772668;2.54986e-12;
0.48991;0.00767498;2.53279e-12;
0.49001;0.00772661;2.54984e-12;
0.49011;0.00767504;2.53281e-12;
0.49021;0.00772654;2.54981e-12;
0.49031;0.0076751;2.53283e-12;
0.49041;0.00772647;2.54979e-12;
0.49051;0.00767516;2.53285e-12;
0.49061;0.0077264;2.54977e-12;
0.49071;0.00767522;2.53287e-12;
0.49081;0.00772633;2.54974e-12;
0.49091;0.00767528;2.53289e-12;
0.49101;0.00772626;2.54972e-12;
0.49111;0.00767534;2.53291e-12;
0.49121;0.00772619;2.5497e-12;
0.49131;0.0076754;2.53293e-12;
0.49141;0.00772612;2.54967e-12;
0.49151;0.00767546;2.53295e-12;
0.49161;0.00772605;2.54965e-12;
0.49171;0.00767552;2.53297e-12;
0.49181;0.00772598;2.54963e-12;
0.49191;0.00767558;2.53299e-12;
0.49201;0.00772591;2.5496e-12;
0.49211;0.00767564;2.53301e-12;
0.49221;0.00772584;2.54958e-12;
0.49231;0.0076757;2.53303e-12;
0.49241;0.00772577;2.54956e-12;
0.49251;0.00767576;2.53305e-12;
0.49261;0.0077257;2.54953e-12;
0.49271;0.00767582;2.53307e-12;
0.49281;0.00772563;2.54951e-12;
0.49291;0.00767588;2.53309e-12;
0.49301;0.00772556;2.54949e-12;
0.49311;0.00767594;2.53311e-12;
0.49321;0.00772549;2.54947e-12;
0.49331;0.007676;2.53313e-12;
0.49341;0.00772542;2.54944e-12;
0.49351;0.00767606;2.53315e-12;
0.49361;0.00772535;2.54942e-12;
0.49371;0.00767612;2.53317e-12;
0.49381;0.00772528;2.5494e-12;
0.49391;0.00767618;2.53319e-12;
0.49401;0.00772521;2.54937e-12;
0.49411;0.00767624;2.53321e-12;
0.49421;0.00772515;2.54935e-12;
0.49431;0.0076763;2.53323e-12;
0.49441;0.00772508;2.54933e-12;
0.49451;0.00767636;2.53325e-12;
0.49461;0.00772501;2.54931e-12;
0.49471;0.00767642;2.53327e-12;
0.49481;0.00772494;2.54928e-12;
0.49491;0.00767648;2.53329e-12;
0.49501;0.00772487;2.54926e-12;
0.49511;0.00767654;2.53331e-12;
0.49521;0.0077248;2.54924e-12;
0.49531;0.0076766;2.53333e-12;
0.49541;0.00772473;2.54921e-12;
0.49551;0.00767666;2.53335e-12;
0.49561;0.00772466;2.54919e-12;
0.49571;0.00767672;2.53337e-12;
0.49581;0.00772459;2.54917e-12;
0.49591;0.00767678;2.53339e-12;
0.49601;0.00772452;2.54915e-12;
0.49611;0.00767683;2.53341e-12;
0.49621;0.00772446;2.54912e-12;
0.49631;0.00767689;2.53343e-12;
0.49641;0.00772439;2.5491e-12;
0.49651;0.00767695;2.53345e-12;
0.49661;0.00772432;2.54908e-12;
0.49671;0.00767701;2.53347e-12;
0.49681;0.00772425;2.54906e-12;
0.49691;0.00767707;2.53349e-12;
0.49701;0.00772418;2.54903e-12;
0.49711;0.00767713;2.53351e-12;
0.49721;0.00772411;2.54901e-12;
0.49731;0.00767719;2.53353e-12;
0.49741;0.00772404;2.54899e-12;
0.49751;0.00767725;2.53355e-12;
0.49761;0.00772398;2.54897e-12;
0.49771;0.00767731;2.53356e-12;
0.49781;0.00772391;2.54894e-12;
0.49791;0.00767737;2.53358e-12;
0.49801;0.00772384;2.54892e-12;
0.49811;0.00767743;2.5336e-12;
0.49821;0.00772377;2.5489e-12;
0.49831;0.00767749;2.53362e-12;
0.49841;0.0077237;2.54887e-12;
0.49851;0.00767754;2.53364e-12;
0.49861;0.00772363;2.54885e-12;
0.49871;0.0076776;2.53366e-12;
0.49881;0.00772357;2.54883e-12;
0.49891;0.00767766;2.53368e-12;
0.49901;0.0077235;2.54881e-12;
0.49911;0.00767772;2.5337e-12;
0.49921;0.00772343;2.54879e-12;
0.49931;0.00767778;2.53372e-12;
0.49941;0.00772336;2.54876e-12;
0.49951;0.00767784;2.53374e-12;
0.49961;0.00772329;2.54874e-12;
0.49971;0.0076779;2.53376e-12;
0.49981;0.00772323;2.54872e-12;
0.49991;0.00767795;2.53378e-12;
0.50001;0.00772316;2.5487e-12;
0.50011;0.00767801;2.5338e-12;
0.50021;0.00772309;2.54867e-12;
0.50031;0.00767807;2.53382e-12;
0.50041;0.00772302;2.54865e-12;
0.50051;0.00767813;2.53384e-12;
0.50061;0.00772296;2.54863e-12;
0.50071;0.00767819;2.53386e-12;
0.50081;0.00772289;2.54861e-12;
0.50091;0.00767825;2.53387e-12;
0.50101;0.00772282;2.54858e-12;
0.50111;0.00767831;2.53389e-12;
0.50121;0.00772275;2.54856e-12;
0.50131;0.00767836;2.53391e-12;
0.50141;0.00772269;2.54854e-12;
0.50151;0.00767842;2.53393e-12;
0.50161;0.00772262;2.54852e-12;
0.50171;0.00767848;2.53395e-12;
0.50181;0.00772255;2.54849e-12;
0.50191;0.00767854;2.53397e-12;
0.50201;0.00772248;2.54847e-12;
0.50211;0.0076786;2.53399e-12;
0.50221;0.00772242;2.54845e-12;
0.50231;0.00767865;2.53401e-12;
0.50241;0.00772235;2.54843e-12;
0.50251;0.00767871;2.53403e-12;
0.50261;0.00772228;2.54841e-12;
0.50271;0.00767877;2.53405e-12;
0.50281;0.00772221;2.54838e-12;
0.50291;0.00767883;2.53407e-12;
0.50301;0.00772215;2.54836e-12;
0.50311;0.00767889;2.53409e-12;
0.50321;0.00772208;2.54834e-12;
0.50331;0.00767894;2.5341e-12;
0.50341;0.00772201;2.54832e-12;
0.50351;0.007679;2.53412e-12;
0.50361;0.00772195;2.5483e-12;
0.50371;0.00767906;2.53414e-12;
0.50381;0.00772188;2.54827e-12;
0.50391;0.00767912;2.53416e-12;
0.50401;0.00772181;2.54825e-12;
0.50411;0.00767918;2.53418e-12;
0.50421;0.00772175;2.54823e-12;
0.50431;0.00767923;2.5342e-12;
0.50441;0.00772168;2.54821e-12;
0.50451;0.00767929;2.53422e-12;
0.50461;0.00772161;2.54819e-12;
0.50471;0.00767935;2.53424e-12;
0.50481;0.00772155;2.54816e-12;
0.50491;0.00767941;2.53426e-12;
0.50501;0.00772148;2.54814e-12;
0.50511;0.00767946;2.53428e-12;
0.50521;0.00772141;2.54812e-12;
0.50531;0.00767952;2.53429e-12;
0.50541;0.00772135;2.5481e-12;
0.50551;0.00767958;2.53431e-12;
0.50561;0.00772128;2.54808e-12;
0.50571;0.00767964;2.53433e-12;
0.50581;0.00772121;2.54805e-12;
0.50591;0.00767969;2.53435e-12;
0.50601;0.00772115;2.54803e-12;
0.50611;0.00767975;2.53437e-12;
0.50621;0.00772108;2.54801e-12;
0.50631;0.00767981;2.53439e-12;
0.50641;0.00772102;2.54799e-12;
0.50651;0.00767987;2.53441e-12;
0.50661;0.00772095;2.54797e-12;
0.50671;0.00767992;2.53443e-12;
0.50681;0.00772088;2.54794e-12;
0.50691;0.00767998;2.53445e-12;
0.50701;0.00772082;2.54792e-12;
0.50711;0.00768004;2.53447e-12;
0.50721;0.00772075;2.5479e-12;
0.50731;0.00768009;2.53448e-12;
0.50741;0.00772069;2.54788e-12;
0.50751;0.00768015;2.5345e-12;
0.50761;0.00772062;2.54786e-12;
0.50771;0.00768021;2.53452e-12;
0.50781;0.00772055;2.54784e-12;
0.50791;0.00768027;2.53454e-12;
0.50801;0.00772049;2.54781e-12;
0.50811;0.00768032;2.53456e-12;
0.50821;0.00772042;2.54779e-12;
0.50831;0.00768038;2.53458e-12;
0.50841;0.00772036;2.54777e-12;
0.50851;0.00768044;2.5346e-12;
0.50861;0.00772029;2.54775e-12;
0.50871;0.00768049;2.53462e-12;
0.50881;0.00772023;2.54773e-12;
0.50891;0.00768055;2.53463e-12;
0.50901;0.00772016;2.54771e-12;
0.50911;0.00768061;2.53465e-12;
0.50921;0.00772009;2.54768e-12;
0.50931;0.00768066;2.53467e-12;
0.50941;0.00772003;2.54766e-12;
0.50951;0.00768072;2.53469e-12;
0.50961;0.00771996;2.54764e-12;
0.50971;0.00768078;2.53471e-12;
0.50981;0.0077199;2.54762e-12;
0.50991;0.00768083;2.53473e-12;
0.51001;0.00771983;2.5476e-12;
0.51011;0.00768089;2.53475e-12;
0.51021;0.00771977;2.54758e-12;
0.51031;0.00768095;2.53477e-12;
0.51041;0.0077197;2.54755e-12;
0.51051;0.007681;2.53478e-12;
0.51061;0.00771964;2.54753e-12;
0.51071;0.00768106;2.5348e-12;
0.51081;0.00771957;2.54751e-12;
0.51091;0.00768112;2.53482e-12;
0.51101;0.00771951;2.54749e-12;
0.51111;0.00768117;2.53484e-12;
0.51121;0.00771944;2.54747e-12;
0.51131;0.00768123;2.53486e-12;
0.51141;0.00771938;2.54745e-12;
0.51151;0.00768129;2.53488e-12;
0.51161;0.00771931;2.54743e-12;
0.51171;0.00768134;2.5349e-12;
0.51181;0.00771925;2.5474e-12;
0.51191;0.0076814;2.53491e-12;
0.51201;0.00771918;2.54738e-12;
0.51211;0.00768145;2.53493e-12;
0.51221;0.00771912;2.54736e-12;
0.51231;0.00768151;2.53495e-12;
0.51241;0.00771905;2.54734e-12;
0.51251;0.00768157;2.53497e-12;
0.51261;0.00771899;2.54732e-12;
0.51271;0.00768162;2.53499e-12;
0.51281;0.00771892;2.5473e-12;
0.51291;0.00768168;2.53501e-12;
0.51301;0.00771886;2.54728e-12;
0.51311;0.00768173;2.53503e-12;
0.51321;0.00771879;2.54726e-12;
0.51331;0.00768179;2.53504e-12;
0.51341;0.00771873;2.54723e-12;
0.51351;0.00768185;2.53506e-12;
0.51361;0.00771867;2.54721e-12;
0.51371;0.0076819;2.53508e-12;
0.51381;0.0077186;2.54719e-12;
0.51391;0.00768196;2.5351e-12;
0.51401;0.00771854;2.54717e-12;
0.51411;0.00768201;2.53512e-12;
0.51421;0.00771847;2.54715e-12;
0.51431;0.00768207;2.53514e-12;
0.51441;0.00771841;2.54713e-12;
0.51451;0.00768213;2.53515e-12;
0.51461;0.00771834;2.54711e-12;
0.51471;0.00768218;2.53517e-12;
0.51481;0.00771828;2.54709e-12;
0.51491;0.00768224;2.53519e-12;
0.51501;0.00771822;2.54706e-12;
0.51511;0.00768229;2.53521e-12;
0.51521;0.00771815;2.54704e-12;
0.51531;0.00768235;2.53523e-12;
0.51541;0.00771809;2.54702e-12;
0.51551;0.0076824;2.53525e-12;
0.51561;0.00771802;2.547e-12;
0.51571;0.00768246;2.53526e-12;
0.51581;0.00771796;2.54698e-12;
0.51591;0.00768251;2.53528e-12;
0.51601;0.0077179;2.54696e-12;
0.51611;0.00768257;2.5353e-12;
0.51621;0.00771783;2.54694e-12;
0.51631;0.00768262;2.53532e-12;
0.51641;0.00771777;2.54692e-12;
0.51651;0.00768268;2.53534e-12;
0.51661;0.00771771;2.5469e-12;
0.51671;0.00768274;2.53536e-12;
0.51681;0.00771764;2.54688e-12;
0.51691;0.00768279;2.53537e-12;
0.51701;0.00771758;2.54685e-12;
0.51711;0.00768285;2.53539e-12;
0.51721;0.00771752;2.54683e-12;
0.51731;0.0076829;2.53541e-12;
0.51741;0.00771745;2.54681e-12;
0.51751;0.00768296;2.53543e-12;
0.51761;0.00771739;2.54679e-12;
0.51771;0.00768301;2.53545e-12;
0.51781;0.00771733;2.54677e-12;
0.51791;0.00768307;2.53546e-12;
0.51801;0.00771726;2.54675e-12;
0.51811;0.00768312;2.53548e-12;
0.51821;0.0077172;2.54673e-12;
0.51831;0.00768318;2.5355e-12;
0.51841;0.00771714;2.54671e-12;
0.51851;0.00768323;2.53552e-12;
0.51861;0.00771707;2.54669e-12;
0.51871;0.00768329;2.53554e-12;
0.51881;0.00771701;2.54667e-12;
0.51891;0.00768334;2.53556e-12;
0.51901;0.00771695;2.54665e-12;
0.51911;0.0076834;2.53557e-12;
0.51921;0.00771688;2.54662e-12;
0.51931;0.00768345;2.53559e-12;
0.51941;0.00771682;2.5466e-12;
0.51951;0.00768351;2.53561e-12;
0.51961;0.00771676;2.54658e-12;
0.51971;0.00768356;2.53563e-12;
0.51981;0.00771669;2.54656e-12;
0.51991;0.00768362;2.53565e-12;
0.52001;0.00771663;2.54654e-12;
0.52011;0.00768367;2.53566e-12;
0.52021;0.00771657;2.54652e-12;
0.52031;0.00768372;2.53568e-12;
0.52041;0.00771651;2.5465e-12;
0.52051;0.00768378;2.5357e-12;
0.52061;0.00771644;2.54648e-12;
0.52071;0.00768383;2.53572e-12;
0.52081;0.00771638;2.54646e-12;
0.52091;0.00768389;2.53574e-12;
0.52101;0.00771632;2.54644e-12;
0.52111;0.00768394;2.53575e-12;
0.52121;0.00771626;2.54642e-12;
0.52131;0.007684;2.53577e-12;
0.52141;0.00771619;2.5464e-12;
0.52151;0.00768405;2.53579e-12;
0.52161;0.00771613;2.54638e-12;
0.52171;0.00768411;2.53581e-12;
0.52181;0.00771607;2.54636e-12;
0.52191;0.00768416;2.53583e-12;
0.52201;0.00771601;2.54633e-12;
0.52211;0.00768421;2.53584e-12;
0.52221;0.00771594;2.54631e-12;
0.52231;0.00768427;2.53586e-12;
0.52241;0.00771588;2.54629e-12;
0.52251;0.00768432;2.53588e-12;
0.52261;0.00771582;2.54627e-12;
0.52271;0.00768438;2.5359e-12;
0.52281;0.00771576;2.54625e-12;
0.52291;0.00768443;2.53592e-12;
0.52301;0.00771569;2.54623e-12;
0.52311;0.00768448;2.53593e-12;
0.52321;0.00771563;2.54621e-12;
0.52331;0.00768454;2.53595e-12;
0.52341;0.00771557;2.54619e-12;
0.52351;0.00768459;2.53597e-12;
0.52361;0.00771551;2.54617e-12;
0.52371;0.00768465;2.53599e-12;
0.52381;0.00771545;2.54615e-12;
0.52391;0.0076847;2.536e-12;
0.52401;0.00771538;2.54613e-12;
0.52411;0.00768475;2.53602e-12;
0.52421;0.00771532;2.54611e-12;
0.52431;0.00768481;2.53604e-12;
0.52441;0.00771526;2.54609e-12;
0.52451;0.00768486;2.53606e-12;
0.52461;0.0077152;2.54607e-12;
0.52471;0.00768492;2.53608e-12;
0.52481;0.00771514;2.54605e-12;
0.52491;0.00768497;2.53609e-12;
0.52501;0.00771508;2.54603e-12;
0.52511;0.00768502;2.53611e-12;
0.52521;0.00771501;2.54601e-12;
0.52531;0.00768508;2.53613e-12;
0.52541;0.00771495;2.54599e-12;
0.52551;0.00768513;2.53615e-12;
0.52561;0.00771489;2.54597e-12;
0.52571;0.00768518;2.53616e-12;
0.52581;0.00771483;2.54595e-12;
0.52591;0.00768524;2.53618e-12;
0.52601;0.00771477;2.54593e-12;
0.52611;0.00768529;2.5362e-12;
0.52621;0.00771471;2.54591e-12;
0.52631;0.00768535;2.53622e-12;
0.52641;0.00771465;2.54589e-12;
0.52651;0.0076854;2.53623e-12;
0.52661;0.00771458;2.54587e-12;
0.52671;0.00768545;2.53625e-12;
0.52681;0.00771452;2.54585e-12;
0.52691;0.00768551;2.53627e-12;
0.52701;0.00771446;2.54583e-12;
0.52711;0.00768556;2.53629e-12;
0.52721;0.0077144;2.54581e-12;
0.52731;0.00768561;2.5363e-12;
0.52741;0.00771434;2.54579e-12;
0.52751;0.00768567;2.53632e-12;
0.52761;0.00771428;2.54577e-12;
0.52771;0.00768572;2.53634e-12;
0.52781;0.00771422;2.54575e-12;
0.52791;0.00768577;2.53636e-12;
0.52801;0.00771416;2.54572e-12;
0.52811;0.00768582;2.53637e-12;
0.52821;0.0077141;2.5457e-12;
0.52831;0.00768588;2.53639e-12;
0.52841;0.00771404;2.54568e-12;
0.52851;0.00768593;2.53641e-12;
0.52861;0.00771397;2.54566e-12;
0.52871;0.00768598;2.53643e-12;
0.52881;0.00771391;2.54564e-12;
0.52891;0.00768604;2.53644e-12;
0.52901;0.00771385;2.54562e-12;
0.52911;0.00768609;2.53646e-12;
0.52921;0.00771379;2.5456e-12;
0.52931;0.00768614;2.53648e-12;
0.52941;0.00771373;2.54558e-12;
0.52951;0.0076862;2.5365e-12;
0.52961;0.00771367;2.54556e-12;
0.52971;0.00768625;2.53651e-12;
0.52981;0.00771361;2.54554e-12;
0.52991;0.0076863;2.53653e-12;
0.53001;0.00771355;2.54552e-12;
0.53011;0.00768635;2.53655e-12;
0.53021;0.00771349;2.5455e-12;
0.53031;0.00768641;2.53657e-12;
0.53041;0.00771343;2.54548e-12;
0.53051;0.00768646;2.53658e-12;
0.53061;0.00771337;2.54547e-12;
0.53071;0.00768651;2.5366e-12;
0.53081;0.00771331;2.54545e-12;
0.53091;0.00768656;2.53662e-12;
0.53101;0.00771325;2.54543e-12;
0.53111;0.00768662;2.53664e-12;
0.53121;0.00771319;2.54541e-12;
0.53131;0.00768667;2.53665e-12;
0.53141;0.00771313;2.54539e-12;
0.53151;0.00768672;2.53667e-12;
0.53161;0.00771307;2.54537e-12;
0.53171;0.00768677;2.53669e-12;
0.53181;0.00771301;2.54535e-12;
0.53191;0.00768683;2.53671e-12;
0.53201;0.00771295;2.54533e-12;
0.53211;0.00768688;2.53672e-12;
0.53221;0.00771289;2.54531e-12;
0.53231;0.00768693;2.53674e-12;
0.53241;0.00771283;2.54529e-12;
0.53251;0.00768698;2.53676e-12;
0.53261;0.00771277;2.54527e-12;
0.53271;0.00768704;2.53677e-12;
0.53281;0.00771271;2.54525e-12;
0.53291;0.00768709;2.53679e-12;
0.53301;0.00771265;2.54523e-12;
0.53311;0.00768714;2.53681e-12;
0.53321;0.00771259;2.54521e-12;
0.53331;0.00768719;2.53683e-12;
0.53341;0.00771253;2.54519e-12;
0.53351;0.00768725;2.53684e-12;
0.53361;0.00771247;2.54517e-12;
0.53371;0.0076873;2.53686e-12;
0.53381;0.00771241;2.54515e-12;
0.53391;0.00768735;2.53688e-12;
0.53401;0.00771235;2.54513e-12;
0.53411;0.0076874;2.5369e-12;
0.53421;0.00771229;2.54511e-12;
0.53431;0.00768745;2.53691e-12;
0.53441;0.00771223;2.54509e-12;
0.53451;0.00768751;2.53693e-12;
0.53461;0.00771217;2.54507e-12;
0.53471;0.00768756;2.53695e-12;
0.53481;0.00771211;2.54505e-12;
0.53491;0.00768761;2.53696e-12;
0.53501;0.00771205;2.54503e-12;
0.53511;0.00768766;2.53698e-12;
0.53521;0.007712;2.54501e-12;
0.53531;0.00768771;2.537e-12;
0.53541;0.00771194;2.54499e-12;
0.53551;0.00768776;2.53702e-12;
0.53561;0.00771188;2.54497e-12;
0.53571;0.00768782;2.53703e-12;
0.53581;0.00771182;2.54495e-12;
0.53591;0.00768787;2.53705e-12;
0.53601;0.00771176;2.54493e-12;
0.53611;0.00768792;2.53707e-12;
0.53621;0.0077117;2.54491e-12;
0.53631;0.00768797;2.53708e-12;
0.53641;0.00771164;2.54489e-12;
0.53651;0.00768802;2.5371e-12;
0.53661;0.00771158;2.54488e-12;
0.53671;0.00768807;2.53712e-12;
0.53681;0.00771152;2.54486e-12;
0.53691;0.00768813;2.53713e-12;
0.53701;0.00771146;2.54484e-12;
0.53711;0.00768818;2.53715e-12;
0.53721;0.00771141;2.54482e-12;
0.53731;0.00768823;2.53717e-12;
0.53741;0.00771135;2.5448e-12;
0.53751;0.00768828;2.53719e-12;
0.53761;0.00771129;2.54478e-12;
0.53771;0.00768833;2.5372e-12;
0.53781;0.00771123;2.54476e-12;
0.53791;0.00768838;2.53722e-12;
0.53801;0.00771117;2.54474e-12;
0.53811;0.00768843;2.53724e-12;
0.53821;0.00771111;2.54472e-12;
0.53831;0.00768849;2.53725e-12;
0.53841;0.00771105;2.5447e-12;
0.53851;0.00768854;2.53727e-12;
0.53861;0.00771099;2.54468e-12;
0.53871;0.00768859;2.53729e-12;
0.53881;0.00771094;2.54466e-12;
0.53891;0.00768864;2.5373e-12;
0.53901;0.00771088;2.54464e-12;
0.53911;0.00768869;2.53732e-12;
0.53921;0.00771082;2.54462e-12;
0.53931;0.00768874;2.53734e-12;
0.53941;0.00771076;2.5446e-12;
0.53951;0.00768879;2.53735e-12;
0.53961;0.0077107;2.54459e-12;
0.53971;0.00768884;2.53737e-12;
0.53981;0.00771065;2.54457e-12;
0.53991;0.00768889;2.53739e-12;
0.54001;0.00771059;2.54455e-12;
0.54011;0.00768894;2.5374e-12;
0.54021;0.00771053;2.54453e-12;
0.54031;0.007689;2.53742e-12;
0.54041;0.00771047;2.54451e-12;
0.54051;0.00768905;2.53744e-12;
0.54061;0.00771041;2.54449e-12;
0.54071;0.0076891;2.53745e-12;
0.54081;0.00771035;2.54447e-12;
0.54091;0.00768915;2.53747e-12;
0.54101;0.0077103;2.54445e-12;
0.54111;0.0076892;2.53749e-12;
0.54121;0.00771024;2.54443e-12;
0.54131;0.00768925;2.53751e-12;
0.54141;0.00771018;2.54441e-12;
0.54151;0.0076893;2.53752e-12;
0.54161;0.00771012;2.54439e-12;
0.54171;0.00768935;2.53754e-12;
0.54181;0.00771007;2.54437e-12;
0.54191;0.0076894;2.53756e-12;
0.54201;0.00771001;2.54436e-12;
0.54211;0.00768945;2.53757e-12;
0.54221;0.00770995;2.54434e-12;
0.54231;0.0076895;2.53759e-12;
0.54241;0.00770989;2.54432e-12;
0.54251;0.00768955;2.53761e-12;
0.54261;0.00770984;2.5443e-12;
0.54271;0.0076896;2.53762e-12;
0.54281;0.00770978;2.54428e-12;
0.54291;0.00768965;2.53764e-12;
0.54301;0.00770972;2.54426e-12;
0.54311;0.0076897;2.53766e-12;
0.54321;0.00770966;2.54424e-12;
0.54331;0.00768975;2.53767e-12;
0.54341;0.00770961;2.54422e-12;
0.54351;0.0076898;2.53769e-12;
0.54361;0.00770955;2.5442e-12;
0.54371;0.00768985;2.5377e-12;
0.54381;0.00770949;2.54419e-12;
0.54391;0.0076899;2.53772e-12;
0.54401;0.00770943;2.54417e-12;
0.54411;0.00768996;2.53774e-12;
0.54421;0.00770938;2.54415e-12;
0.54431;0.00769001;2.53775e-12;
0.54441;0.00770932;2.54413e-12;
0.54451;0.00769006;2.53777e-12;
0.54461;0.00770926;2.54411e-12;
0.54471;0.00769011;2.53779e-12;
0.54481;0.00770921;2.54409e-12;
0.54491;0.00769016;2.5378e-12;
0.54501;0.00770915;2.54407e-12;
0.54511;0.00769021;2.53782e-12;
0.54521;0.00770909;2.54405e-12;
0.54531;0.00769026;2.53784e-12;
0.54541;0.00770903;2.54403e-12;
0.54551;0.00769031;2.53785e-12;
0.54561;0.00770898;2.54402e-12;
0.54571;0.00769036;2.53787e-12;
0.54581;0.00770892;2.544e-12;
0.54591;0.00769041;2.53789e-12;
0.54601;0.00770886;2.54398e-12;
0.54611;0.00769045;2.5379e-12;
0.54621;0.00770881;2.54396e-12;
0.54631;0.0076905;2.53792e-12;
0.54641;0.00770875;2.54394e-12;
0.54651;0.00769055;2.53794e-12;
0.54661;0.00770869;2.54392e-12;
0.54671;0.0076906;2.53795e-12;
0.54681;0.00770864;2.5439e-12;
0.54691;0.00769065;2.53797e-12;
0.54701;0.00770858;2.54388e-12;
0.54711;0.0076907;2.53799e-12;
0.54721;0.00770852;2.54387e-12;
0.54731;0.00769075;2.538e-12;
0.54741;0.00770847;2.54385e-12;
0.54751;0.0076908;2.53802e-12;
0.54761;0.00770841;2.54383e-12;
0.54771;0.00769085;2.53803e-12;
0.54781;0.00770835;2.54381e-12;
0.54791;0.0076909;2.53805e-12;
0.54801;0.0077083;2.54379e-12;
0.54811;0.00769095;2.53807e-12;
0.54821;0.00770824;2.54377e-12;
0.54831;0.007691;2.53808e-12;
0.54841;0.00770819;2.54375e-12;
0.54851;0.00769105;2.5381e-12;
0.54861;0.00770813;2.54374e-12;
0.54871;0.0076911;2.53812e-12;
0.54881;0.00770807;2.54372e-12;
0.54891;0.00769115;2.53813e-12;
0.54901;0.00770802;2.5437e-12;
0.54911;0.0076912;2.53815e-12;
0.54921;0.00770796;2.54368e-12;
0.54931;0.00769125;2.53816e-12;
0.54941;0.00770791;2.54366e-12;
0.54951;0.0076913;2.53818e-12;
0.54961;0.00770785;2.54364e-12;
0.54971;0.00769135;2.5382e-12;
0.54981;0.00770779;2.54362e-12;
0.54991;0.00769139;2.53821e-12;
0.55001;0.00770774;2.54361e-12;
0.55011;0.00769144;2.53823e-12;
0.55021;0.00770768;2.54359e-12;
0.55031;0.00769149;2.53825e-12;
0.55041;0.00770763;2.54357e-12;
0.55051;0.00769154;2.53826e-12;
0.55061;0.00770757;2.54355e-12;
0.55071;0.00769159;2.53828e-12;
0.55081;0.00770751;2.54353e-12;
0.55091;0.00769164;2.53829e-12;
0.55101;0.00770746;2.54351e-12;
0.55111;0.00769169;2.53831e-12;
0.55121;0.0077074;2.5435e-12;
0.55131;0.00769174;2.53833e-12;
0.55141;0.00770735;2.54348e-12;
0.55151;0.00769179;2.53834e-12;
0.55161;0.00770729;2.54346e-12;
0.55171;0.00769184;2.53836e-12;
0.55181;0.00770724;2.54344e-12;
0.55191;0.00769188;2.53837e-12;
0.55201;0.00770718;2.54342e-12;
0.55211;0.00769193;2.53839e-12;
0.55221;0.00770713;2.5434e-12;
0.55231;0.00769198;2.53841e-12;
0.55241;0.00770707;2.54339e-12;
0.55251;0.00769203;2.53842e-12;
0.55261;0.00770701;2.54337e-12;
0.55271;0.00769208;2.53844e-12;
0.55281;0.00770696;2.54335e-12;
0.55291;0.00769213;2.53846e-12;
0.55301;0.0077069;2.54333e-12;
0.55311;0.00769218;2.53847e-12;
0.55321;0.00770685;2.54331e-12;
0.55331;0.00769222;2.53849e-12;
0.55341;0.00770679;2.54329e-12;
0.55351;0.00769227;2.5385e-12;
0.55361;0.00770674;2.54328e-12;
0.55371;0.00769232;2.53852e-12;
0.55381;0.00770668;2.54326e-12;
0.55391;0.00769237;2.53854e-12;
0.55401;0.00770663;2.54324e-12;
0.55411;0.00769242;2.53855e-12;
0.55421;0.00770657;2.54322e-12;
0.55431;0.00769247;2.53857e-12;
0.55441;0.00770652;2.5432e-12;
0.55451;0.00769252;2.53858e-12;
0.55461;0.00770646;2.54319e-12;
0.55471;0.00769256;2.5386e-12;
0.55481;0.00770641;2.54317e-12;
0.55491;0.00769261;2.53861e-12;
0.55501;0.00770635;2.54315e-12;
0.55511;0.00769266;2.53863e-12;
0.55521;0.0077063;2.54313e-12;
0.55531;0.00769271;2.53865e-12;
0.55541;0.00770624;2.54311e-12;
0.55551;0.00769276;2.53866e-12;
0.55561;0.00770619;2.5431e-12;
0.55571;0.0076928;2.53868e-12;
0.55581;0.00770614;2.54308e-12;
0.55591;0.00769285;2.53869e-12;
0.55601;0.00770608;2.54306e-12;
0.55611;0.0076929;2.53871e-12;
0.55621;0.00770603;2.54304e-12;
0.55631;0.00769295;2.53873e-12;
0.55641;0.00770597;2.54302e-12;
0.55651;0.007693;2.53874e-12;
0.55661;0.00770592;2.54301e-12;
0.55671;0.00769304;2.53876e-12;
0.55681;0.00770586;2.54299e-12;
0.55691;0.00769309;2.53877e-12;
0.55701;0.00770581;2.54297e-12;
0.55711;0.00769314;2.53879e-12;
0.55721;0.00770575;2.54295e-12;
0.55731;0.00769319;2.5388e-12;
0.55741;0.0077057;2.54293e-12;
0.55751;0.00769324;2.53882e-12;
0.55761;0.00770565;2.54292e-12;
0.55771;0.00769328;2.53884e-12;
0.55781;0.00770559;2.5429e-12;
0.55791;0.00769333;2.53885e-12;
0.55801;0.00770554;2.54288e-12;
0.55811;0.00769338;2.53887e-12;
0.55821;0.00770548;2.54286e-12;
0.55831;0.00769343;2.53888e-12;
0.55841;0.00770543;2.54284e-12;
0.55851;0.00769347;2.5389e-12;
0.55861;0.00770538;2.54283e-12;
0.55871;0.00769352;2.53892e-12;
0.55881;0.00770532;2.54281e-12;
0.55891;0.00769357;2.53893e-12;
0.55901;0.00770527;2.54279e-12;
0.55911;0.00769362;2.53895e-12;
0.55921;0.00770521;2.54277e-12;
0.55931;0.00769366;2.53896e-12;
0.55941;0.00770516;2.54276e-12;
0.55951;0.00769371;2.53898e-12;
0.55961;0.00770511;2.54274e-12;
0.55971;0.00769376;2.53899e-12;
0.55981;0.00770505;2.54272e-12;
0.55991;0.00769381;2.53901e-12;
0.56001;0.007705;2.5427e-12;
0.56011;0.00769385;2.53902e-12;
0.56021;0.00770494;2.54268e-12;
0.56031;0.0076939;2.53904e-12;
0.56041;0.00770489;2.54267e-12;
0.56051;0.00769395;2.53906e-12;
0.56061;0.00770484;2.54265e-12;
0.56071;0.007694;2.53907e-12;
0.56081;0.00770478;2.54263e-12;
0.56091;0.00769404;2.53909e-12;
0.56101;0.00770473;2.54261e-12;
0.56111;0.00769409;2.5391e-12;
0.56121;0.00770468;2.5426e-12;
0.56131;0.00769414;2.53912e-12;
0.56141;0.00770462;2.54258e-12;
0.56151;0.00769418;2.53913e-12;
0.56161;0.00770457;2.54256e-12;
0.56171;0.00769423;2.53915e-12;
0.56181;0.00770452;2.54254e-12;
0.56191;0.00769428;2.53916e-12;
0.56201;0.00770446;2.54253e-12;
0.56211;0.00769433;2.53918e-12;
0.56221;0.00770441;2.54251e-12;
0.56231;0.00769437;2.5392e-12;
0.56241;0.00770436;2.54249e-12;
0.56251;0.00769442;2.53921e-12;
0.56261;0.0077043;2.54247e-12;
0.56271;0.00769447;2.53923e-12;
0.56281;0.00770425;2.54246e-12;
0.56291;0.00769451;2.53924e-12;
0.56301;0.0077042;2.54244e-12;
0.56311;0.00769456;2.53926e-12;
0.56321;0.00770414;2.54242e-12;
0.56331;0.00769461;2.53927e-12;
0.56341;0.00770409;2.5424e-12;
0.56351;0.00769465;2.53929e-12;
0.56361;0.00770404;2.54239e-12;
0.56371;0.0076947;2.5393e-12;
0.56381;0.00770399;2.54237e-12;
0.56391;0.00769475;2.53932e-12;
0.56401;0.00770393;2.54235e-12;
0.56411;0.00769479;2.53933e-12;
0.56421;0.00770388;2.54233e-12;
0.56431;0.00769484;2.53935e-12;
0.56441;0.00770383;2.54232e-12;
0.56451;0.00769489;2.53937e-12;
0.56461;0.00770377;2.5423e-12;
0.56471;0.00769493;2.53938e-12;
0.56481;0.00770372;2.54228e-12;
0.56491;0.00769498;2.5394e-12;
0.56501;0.00770367;2.54226e-12;
0.56511;0.00769503;2.53941e-12;
0.56521;0.00770362;2.54225e-12;
0.56531;0.00769507;2.53943e-12;
0.56541;0.00770356;2.54223e-12;
0.56551;0.00769512;2.53944e-12;
0.56561;0.00770351;2.54221e-12;
0.56571;0.00769517;2.53946e-12;
0.56581;0.00770346;2.54219e-12;
0.56591;0.00769521;2.53947e-12;
0.56601;0.00770341;2.54218e-12;
0.56611;0.00769526;2.53949e-12;
0.56621;0.00770335;2.54216e-12;
0.56631;0.0076953;2.5395e-12;
0.56641;0.0077033;2.54214e-12;
0.56651;0.00769535;2.53952e-12;
0.56661;0.00770325;2.54213e-12;
0.56671;0.0076954;2.53953e-12;
0.56681;0.0077032;2.54211e-12;
0.56691;0.00769544;2.53955e-12;
0.56701;0.00770314;2.54209e-12;
0.56711;0.00769549;2.53956e-12;
0.56721;0.00770309;2.54207e-12;
0.56731;0.00769553;2.53958e-12;
0.56741;0.00770304;2.54206e-12;
0.56751;0.00769558;2.53959e-12;
0.56761;0.00770299;2.54204e-12;
0.56771;0.00769563;2.53961e-12;
0.56781;0.00770294;2.54202e-12;
0.56791;0.00769567;2.53962e-12;
0.56801;0.00770288;2.542e-12;
0.56811;0.00769572;2.53964e-12;
0.56821;0.00770283;2.54199e-12;
0.56831;0.00769576;2.53966e-12;
0.56841;0.00770278;2.54197e-12;
0.56851;0.00769581;2.53967e-12;
0.56861;0.00770273;2.54195e-12;
0.56871;0.00769586;2.53969e-12;
0.56881;0.00770268;2.54194e-12;
0.56891;0.0076959;2.5397e-12;
0.56901;0.00770262;2.54192e-12;
0.56911;0.00769595;2.53972e-12;
0.56921;0.00770257;2.5419e-12;
0.56931;0.00769599;2.53973e-12;
0.56941;0.00770252;2.54189e-12;
0.56951;0.00769604;2.53975e-12;
0.56961;0.00770247;2.54187e-12;
0.56971;0.00769609;2.53976e-12;
0.56981;0.00770242;2.54185e-12;
0.56991;0.00769613;2.53978e-12;
0.57001;0.00770237;2.54183e-12;
0.57011;0.00769618;2.53979e-12;
0.57021;0.00770231;2.54182e-12;
0.57031;0.00769622;2.53981e-12;
0.57041;0.00770226;2.5418e-12;
0.57051;0.00769627;2.53982e-12;
0.57061;0.00770221;2.54178e-12;
0.57071;0.00769631;2.53984e-12;
0.57081;0.00770216;2.54177e-12;
0.57091;0.00769636;2.53985e-12;
0.57101;0.00770211;2.54175e-12;
0.57111;0.0076964;2.53987e-12;
0.57121;0.00770206;2.54173e-12;
0.57131;0.00769645;2.53988e-12;
0.57141;0.00770201;2.54172e-12;
0.57151;0.00769649;2.5399e-12;
0.57161;0.00770196;2.5417e-12;
0.57171;0.00769654;2.53991e-12;
0.57181;0.0077019;2.54168e-12;
0.57191;0.00769659;2.53993e-12;
0.57201;0.00770185;2.54166e-12;
0.57211;0.00769663;2.53994e-12;
0.57221;0.0077018;2.54165e-12;
0.57231;0.00769668;2.53996e-12;
0.57241;0.00770175;2.54163e-12;
0.57251;0.00769672;2.53997e-12;
0.57261;0.0077017;2.54161e-12;
0.57271;0.00769677;2.53999e-12;
0.57281;0.00770165;2.5416e-12;
0.57291;0.00769681;2.54e-12;
0.57301;0.0077016;2.54158e-12;
0.57311;0.00769686;2.54002e-12;
0.57321;0.00770155;2.54156e-12;
0.57331;0.0076969;2.54003e-12;
0.57341;0.0077015;2.54155e-12;
0.57351;0.00769695;2.54005e-12;
0.57361;0.00770144;2.54153e-12;
0.57371;0.00769699;2.54006e-12;
0.57381;0.00770139;2.54151e-12;
0.57391;0.00769704;2.54008e-12;
0.57401;0.00770134;2.5415e-12;
0.57411;0.00769708;2.54009e-12;
0.57421;0.00770129;2.54148e-12;
0.57431;0.00769713;2.5401e-12;
0.57441;0.00770124;2.54146e-12;
0.57451;0.00769717;2.54012e-12;
0.57461;0.00770119;2.54145e-12;
0.57471;0.00769722;2.54013e-12;
0.57481;0.00770114;2.54143e-12;
0.57491;0.00769726;2.54015e-12;
0.57501;0.00770109;2.54141e-12;
0.57511;0.00769731;2.54016e-12;
0.57521;0.00770104;2.5414e-12;
0.57531;0.00769735;2.54018e-12;
0.57541;0.00770099;2.54138e-12;
0.57551;0.0076974;2.54019e-12;
0.57561;0.00770094;2.54136e-12;
0.57571;0.00769744;2.54021e-12;
0.57581;0.00770089;2.54135e-12;
0.57591;0.00769748;2.54022e-12;
0.57601;0.00770084;2.54133e-12;
0.57611;0.00769753;2.54024e-12;
0.57621;0.00770079;2.54131e-12;
0.57631;0.00769757;2.54025e-12;
0.57641;0.00770074;2.5413e-12;
0.57651;0.00769762;2.54027e-12;
0.57661;0.00770069;2.54128e-12;
0.57671;0.00769766;2.54028e-12;
0.57681;0.00770064;2.54126e-12;
0.57691;0.00769771;2.5403e-12;
0.57701;0.00770059;2.54125e-12;
0.57711;0.00769775;2.54031e-12;
0.57721;0.00770054;2.54123e-12;
0.57731;0.0076978;2.54033e-12;
0.57741;0.00770049;2.54121e-12;
0.57751;0.00769784;2.54034e-12;
0.57761;0.00770044;2.5412e-12;
0.57771;0.00769788;2.54035e-12;
0.57781;0.00770039;2.54118e-12;
0.57791;0.00769793;2.54037e-12;
0.57801;0.00770034;2.54116e-12;
0.57811;0.00769797;2.54038e-12;
0.57821;0.00770029;2.54115e-12;
0.57831;0.00769802;2.5404e-12;
0.57841;0.00770024;2.54113e-12;
0.57851;0.00769806;2.54041e-12;
0.57861;0.00770019;2.54111e-12;
0.57871;0.00769811;2.54043e-12;
0.57881;0.00770014;2.5411e-12;
0.57891;0.00769815;2.54044e-12;
0.57901;0.00770009;2.54108e-12;
0.57911;0.00769819;2.54046e-12;
0.57921;0.00770004;2.54107e-12;
0.57931;0.00769824;2.54047e-12;
0.57941;0.00769999;2.54105e-12;
0.57951;0.00769828;2.54049e-12;
0.57961;0.00769994;2.54103e-12;
0.57971;0.00769833;2.5405e-12;
0.57981;0.00769989;2.54102e-12;
0.57991;0.00769837;2.54051e-12;
0.58001;0.00769984;2.541e-12;
0.58011;0.00769841;2.54053e-12;
0.58021;0.00769979;2.54098e-12;
0.58031;0.00769846;2.54054e-12;
0.58041;0.00769974;2.54097e-12;
0.58051;0.0076985;2.54056e-12;
0.58061;0.00769969;2.54095e-12;
0.58071;0.00769855;2.54057e-12;
0.58081;0.00769964;2.54093e-12;
0.58091;0.00769859;2.54059e-12;
0.58101;0.00769959;2.54092e-12;
0.58111;0.00769863;2.5406e-12;
0.58121;0.00769954;2.5409e-12;
0.58131;0.00769868;2.54062e-12;
0.58141;0.00769949;2.54089e-12;
0.58151;0.00769872;2.54063e-12;
0.58161;0.00769944;2.54087e-12;
0.58171;0.00769876;2.54065e-12;
0.58181;0.0076994;2.54085e-12;
0.58191;0.00769881;2.54066e-12;
0.58201;0.00769935;2.54084e-12;
0.58211;0.00769885;2.54067e-12;
0.58221;0.0076993;2.54082e-12;
0.58231;0.00769889;2.54069e-12;
0.58241;0.00769925;2.5408e-12;
0.58251;0.00769894;2.5407e-12;
0.58261;0.0076992;2.54079e-12;
0.58271;0.00769898;2.54072e-12;
0.58281;0.00769915;2.54077e-12;
0.58291;0.00769903;2.54073e-12;
0.58301;0.0076991;2.54076e-12;
0.58311;0.00769907;2.54075e-12;
0.58321;0.00769905;2.54074e-12;
0.58331;0.00769911;2.54076e-12;
0.58341;0.007699;2.54072e-12;
0.58351;0.00769916;2.54077e-12;
0.58361;0.00769895;2.54071e-12;
0.58371;0.0076992;2.54079e-12;
0.58381;0.00769891;2.54069e-12;
0.58391;0.00769924;2.5408e-12;
0.58401;0.00769886;2.54068e-12;
0.58411;0.00769929;2.54082e-12;
0.58421;0.00769881;2.54066e-12;
0.58431;0.00769933;2.54083e-12;
0.58441;0.00769876;2.54064e-12;
0.58451;0.00769937;2.54085e-12;
0.58461;0.00769871;2.54063e-12;
0.58471;0.00769941;2.54086e-12;
0.58481;0.00769866;2.54061e-12;
0.58491;0.00769946;2.54087e-12;
0.58501;0.00769861;2.5406e-12;
0.58511;0.0076995;2.54089e-12;
0.58521;0.00769857;2.54058e-12;
0.58531;0.00769954;2.5409e-12;
0.58541;0.00769852;2.54056e-12;
0.58551;0.00769959;2.54092e-12;
0.58561;0.00769847;2.54055e-12;
0.58571;0.00769963;2.54093e-12;
0.58581;0.00769842;2.54053e-12;
0.58591;0.00769967;2.54094e-12;
0.58601;0.00769837;2.54052e-12;
0.58611;0.00769972;2.54096e-12;
0.58621;0.00769832;2.5405e-12;
0.58631;0.00769976;2.54097e-12;
0.58641;0.00769827;2.54048e-12;
0.58651;0.0076998;2.54099e-12;
0.58661;0.00769823;2.54047e-12;
0.58671;0.00769984;2.541e-12;
0.58681;0.00769818;2.54045e-12;
0.58691;0.00769989;2.54102e-12;
0.58701;0.00769813;2.54044e-12;
0.58711;0.00769993;2.54103e-12;
0.58721;0.00769808;2.54042e-12;
0.58731;0.00769997;2.54104e-12;
0.58741;0.00769803;2.5404e-12;
0.58751;0.00770002;2.54106e-12;
0.58761;0.00769799;2.54039e-12;
0.58771;0.00770006;2.54107e-12;
0.58781;0.00769794;2.54037e-12;
0.58791;0.0077001;2.54109e-12;
0.58801;0.00769789;2.54036e-12;
0.58811;0.00770014;2.5411e-12;
0.58821;0.00769784;2.54034e-12;
0.58831;0.00770019;2.54111e-12;
0.58841;0.00769779;2.54033e-12;
0.58851;0.00770023;2.54113e-12;
0.58861;0.00769775;2.54031e-12;
0.58871;0.00770027;2.54114e-12;
0.58881;0.0076977;2.54029e-12;
0.58891;0.00770031;2.54116e-12;
0.58901;0.00769765;2.54028e-12;
0.58911;0.00770036;2.54117e-12;
0.58921;0.0076976;2.54026e-12;
0.58931;0.0077004;2.54118e-12;
0.58941;0.00769756;2.54025e-12;
0.58951;0.00770044;2.5412e-12;
0.58961;0.00769751;2.54023e-12;
0.58971;0.00770048;2.54121e-12;
0.58981;0.00769746;2.54021e-12;
0.58991;0.00770053;2.54123e-12;
0.59001;0.00769741;2.5402e-12;
0.59011;0.00770057;2.54124e-12;
0.59021;0.00769737;2.54018e-12;
0.59031;0.00770061;2.54125e-12;
0.59041;0.00769732;2.54017e-12;
0.59051;0.00770065;2.54127e-12;
0.59061;0.00769727;2.54015e-12;
0.59071;0.00770069;2.54128e-12;
0.59081;0.00769722;2.54014e-12;
0.59091;0.00770074;2.5413e-12;
0.59101;0.00769718;2.54012e-12;
0.59111;0.00770078;2.54131e-12;
0.59121;0.00769713;2.54011e-12;
0.59131;0.00770082;2.54132e-12;
0.59141;0.00769708;2.54009e-12;
0.59151;0.00770086;2.54134e-12;
0.59161;0.00769703;2.54007e-12;
0.59171;0.0077009;2.54135e-12;
0.59181;0.00769699;2.54006e-12;
0.59191;0.00770095;2.54137e-12;
0.59201;0.00769694;2.54004e-12;
0.59211;0.00770099;2.54138e-12;
0.59221;0.00769689;2.54003e-12;
0.59231;0.00770103;2.54139e-12;
0.59241;0.00769685;2.54001e-12;
0.59251;0.00770107;2.54141e-12;
0.59261;0.0076968;2.54e-12;
0.59271;0.00770111;2.54142e-12;
0.59281;0.00769675;2.53998e-12;
0.59291;0.00770116;2.54143e-12;
0.59301;0.0076967;2.53997e-12;
0.59311;0.0077012;2.54145e-12;
0.59321;0.00769666;2.53995e-12;
0.59331;0.00770124;2.54146e-12;
0.59341;0.00769661;2.53993e-12;
0.59351;0.00770128;2.54148e-12;
0.59361;0.00769656;2.53992e-12;
0.59371;0.00770132;2.54149e-12;
0.59381;0.00769652;2.5399e-12;
0.59391;0.00770136;2.5415e-12;
0.59401;0.00769647;2.53989e-12;
0.59411;0.00770141;2.54152e-12;
0.59421;0.00769642;2.53987e-12;
0.59431;0.00770145;2.54153e-12;
0.59441;0.00769638;2.53986e-12;
0.59451;0.00770149;2.54154e-12;
0.59461;0.00769633;2.53984e-12;
0.59471;0.00770153;2.54156e-12;
0.59481;0.00769628;2.53983e-12;
0.59491;0.00770157;2.54157e-12;
0.59501;0.00769624;2.53981e-12;
0.59511;0.00770161;2.54159e-12;
0.59521;0.00769619;2.5398e-12;
0.59531;0.00770165;2.5416e-12;
0.59541;0.00769614;2.53978e-12;
0.59551;0.0077017;2.54161e-12;
0.59561;0.0076961;2.53977e-12;
0.59571;0.00770174;2.54163e-12;
0.59581;0.00769605;2.53975e-12;
0.59591;0.00770178;2.54164e-12;
0.59601;0.00769601;2.53973e-12;
0.59611;0.00770182;2.54165e-12;
0.59621;0.00769596;2.53972e-12;
0.59631;0.00770186;2.54167e-12;
0.59641;0.00769591;2.5397e-12;
0.59651;0.0077019;2.54168e-12;
0.59661;0.00769587;2.53969e-12;
0.59671;0.00770194;2.54169e-12;
0.59681;0.00769582;2.53967e-12;
0.59691;0.00770199;2.54171e-12;
0.59701;0.00769577;2.53966e-12;
0.59711;0.00770203;2.54172e-12;
0.59721;0.00769573;2.53964e-12;
0.59731;0.00770207;2.54174e-12;
0.59741;0.00769568;2.53963e-12;
0.59751;0.00770211;2.54175e-12;
0.59761;0.00769564;2.53961e-12;
0.59771;0.00770215;2.54176e-12;
0.59781;0.00769559;2.5396e-12;
0.59791;0.00770219;2.54178e-12;
0.59801;0.00769554;2.53958e-12;
0.59811;0.00770223;2.54179e-12;
0.59821;0.0076955;2.53957e-12;
0.59831;0.00770227;2.5418e-12;
0.59841;0.00769545;2.53955e-12;
0.59851;0.00770231;2.54182e-12;
0.59861;0.00769541;2.53954e-12;
0.59871;0.00770235;2.54183e-12;
0.59881;0.00769536;2.53952e-12;
0.59891;0.00770239;2.54184e-12;
0.59901;0.00769531;2.53951e-12;
0.59911;0.00770244;2.54186e-12;
0.59921;0.00769527;2.53949e-12;
0.59931;0.00770248;2.54187e-12;
0.59941;0.00769522;2.53948e-12;
0.59951;0.00770252;2.54188e-12;
0.59961;0.00769518;2.53946e-12;
0.59971;0.00770256;2.5419e-12;
0.59981;0.00769513;2.53945e-12;
0.59991;0.0077026;2.54191e-12;
0.60001;0.00769509;2.53943e-12;
0.60011;0.00770264;2.54192e-12;
0.60021;0.00769504;2.53942e-12;
0.60031;0.00770268;2.54194e-12;
0.60041;0.00769499;2.5394e-12;
0.60051;0.00770272;2.54195e-12;
0.60061;0.00769495;2.53939e-12;
0.60071;0.00770276;2.54196e-12;
0.60081;0.0076949;2.53937e-12;
0.60091;0.0077028;2.54198e-12;
0.60101;0.00769486;2.53936e-12;
0.60111;0.00770284;2.54199e-12;
0.60121;0.00769481;2.53934e-12;
0.60131;0.00770288;2.542e-12;
0.60141;0.00769477;2.53933e-12;
0.60151;0.00770292;2.54202e-12;
0.60161;0.00769472;2.53931e-12;
0.60171;0.00770296;2.54203e-12;
0.60181;0.00769468;2.5393e-12;
0.60191;0.007703;2.54204e-12;
0.60201;0.00769463;2.53928e-12;
0.60211;0.00770304;2.54206e-12;
0.60221;0.00769459;2.53927e-12;
0.60231;0.00770308;2.54207e-12;
0.60241;0.00769454;2.53925e-12;
0.60251;0.00770312;2.54208e-12;
0.60261;0.0076945;2.53924e-12;
0.60271;0.00770316;2.5421e-12;
0.60281;0.00769445;2.53922e-12;
0.60291;0.00770321;2.54211e-12;
0.60301;0.00769441;2.53921e-12;
0.60311;0.00770325;2.54212e-12;
0.60321;0.00769436;2.53919e-12;
0.60331;0.00770329;2.54214e-12;
0.60341;0.00769432;2.53918e-12;
0.60351;0.00770333;2.54215e-12;
0.60361;0.00769427;2.53916e-12;
0.60371;0.00770337;2.54216e-12;
0.60381;0.00769423;2.53915e-12;
0.60391;0.00770341;2.54218e-12;
0.60401;0.00769418;2.53913e-12;
0.60411;0.00770345;2.54219e-12;
0.60421;0.00769414;2.53912e-12;
0.60431;0.00770349;2.5422e-12;
0.60441;0.00769409;2.5391e-12;
0.60451;0.00770353;2.54222e-12;
0.60461;0.00769405;2.53909e-12;
0.60471;0.00770357;2.54223e-12;
0.60481;0.007694;2.53907e-12;
0.60491;0.00770361;2.54224e-12;
0.60501;0.00769396;2.53906e-12;
0.60511;0.00770365;2.54226e-12;
0.60521;0.00769391;2.53904e-12;
0.60531;0.00770369;2.54227e-12;
0.60541;0.00769387;2.53903e-12;
0.60551;0.00770372;2.54228e-12;
0.60561;0.00769382;2.53901e-12;
0.60571;0.00770376;2.5423e-12;
0.60581;0.00769378;2.539e-12;
0.60591;0.0077038;2.54231e-12;
0.60601;0.00769374;2.53899e-12;
0.60611;0.00770384;2.54232e-12;
0.60621;0.00769369;2.53897e-12;
0.60631;0.00770388;2.54233e-12;
0.60641;0.00769365;2.53896e-12;
0.60651;0.00770392;2.54235e-12;
0.60661;0.0076936;2.53894e-12;
0.60671;0.00770396;2.54236e-12;
0.60681;0.00769356;2.53893e-12;
0.60691;0.007704;2.54237e-12;
0.60701;0.00769351;2.53891e-12;
0.60711;0.00770404;2.54239e-12;
0.60721;0.00769347;2.5389e-12;
0.60731;0.00770408;2.5424e-12;
0.60741;0.00769343;2.53888e-12;
0.60751;0.00770412;2.54241e-12;
0.60761;0.00769338;2.53887e-12;
0.60771;0.00770416;2.54243e-12;
0.60781;0.00769334;2.53885e-12;
0.60791;0.0077042;2.54244e-12;
0.60801;0.00769329;2.53884e-12;
0.60811;0.00770424;2.54245e-12;
0.60821;0.00769325;2.53882e-12;
0.60831;0.00770428;2.54246e-12;
0.60841;0.0076932;2.53881e-12;
0.60851;0.00770432;2.54248e-12;
0.60861;0.00769316;2.5388e-12;
0.60871;0.00770436;2.54249e-12;
0.60881;0.00769312;2.53878e-12;
0.60891;0.0077044;2.5425e-12;
0.60901;0.00769307;2.53877e-12;
0.60911;0.00770444;2.54252e-12;
0.60921;0.00769303;2.53875e-12;
0.60931;0.00770448;2.54253e-12;
0.60941;0.00769299;2.53874e-12;
0.60951;0.00770451;2.54254e-12;
0.60961;0.00769294;2.53872e-12;
0.60971;0.00770455;2.54256e-12;
0.60981;0.0076929;2.53871e-12;
0.60991;0.00770459;2.54257e-12;
0.61001;0.00769285;2.53869e-12;
0.61011;0.00770463;2.54258e-12;
0.61021;0.00769281;2.53868e-12;
0.61031;0.00770467;2.54259e-12;
0.61041;0.00769277;2.53867e-12;
0.61051;0.00770471;2.54261e-12;
0.61061;0.00769272;2.53865e-12;
0.61071;0.00770475;2.54262e-12;
0.61081;0.00769268;2.53864e-12;
0.61091;0.00770479;2.54263e-12;
0.61101;0.00769264;2.53862e-12;
0.61111;0.00770483;2.54265e-12;
0.61121;0.00769259;2.53861e-12;
0.61131;0.00770487;2.54266e-12;
0.61141;0.00769255;2.53859e-12;
0.61151;0.0077049;2.54267e-12;
0.61161;0.00769251;2.53858e-12;
0.61171;0.00770494;2.54268e-12;
0.61181;0.00769246;2.53857e-12;
0.61191;0.00770498;2.5427e-12;
0.61201;0.00769242;2.53855e-12;
0.61211;0.00770502;2.54271e-12;
0.61221;0.00769238;2.53854e-12;
0.61231;0.00770506;2.54272e-12;
0.61241;0.00769233;2.53852e-12;
0.61251;0.0077051;2.54274e-12;
0.61261;0.00769229;2.53851e-12;
0.61271;0.00770514;2.54275e-12;
0.61281;0.00769225;2.53849e-12;
0.61291;0.00770518;2.54276e-12;
0.61301;0.0076922;2.53848e-12;
0.61311;0.00770521;2.54277e-12;
0.61321;0.00769216;2.53847e-12;
0.61331;0.00770525;2.54279e-12;
0.61341;0.00769212;2.53845e-12;
0.61351;0.00770529;2.5428e-12;
0.61361;0.00769207;2.53844e-12;
0.61371;0.00770533;2.54281e-12;
0.61381;0.00769203;2.53842e-12;
0.61391;0.00770537;2.54282e-12;
0.61401;0.00769199;2.53841e-12;
0.61411;0.00770541;2.54284e-12;
0.61421;0.00769194;2.53839e-12;
0.61431;0.00770544;2.54285e-12;
0.61441;0.0076919;2.53838e-12;
0.61451;0.00770548;2.54286e-12;
0.61461;0.00769186;2.53837e-12;
0.61471;0.00770552;2.54288e-12;
0.61481;0.00769182;2.53835e-12;
0.61491;0.00770556;2.54289e-12;
0.61501;0.00769177;2.53834e-12;
0.61511;0.0077056;2.5429e-12;
0.61521;0.00769173;2.53832e-12;
0.61531;0.00770564;2.54291e-12;
0.61541;0.00769169;2.53831e-12;
0.61551;0.00770567;2.54293e-12;
0.61561;0.00769164;2.5383e-12;
0.61571;0.00770571;2.54294e-12;
0.61581;0.0076916;2.53828e-12;
0.61591;0.00770575;2.54295e-12;
0.61601;0.00769156;2.53827e-12;
0.61611;0.00770579;2.54296e-12;
0.61621;0.00769152;2.53825e-12;
0.61631;0.00770583;2.54298e-12;
0.61641;0.00769147;2.53824e-12;
0.61651;0.00770587;2.54299e-12;
0.61661;0.00769143;2.53823e-12;
0.61671;0.0077059;2.543e-12;
0.61681;0.00769139;2.53821e-12;
0.61691;0.00770594;2.54301e-12;
0.61701;0.00769135;2.5382e-12;
0.61711;0.00770598;2.54303e-12;
0.61721;0.0076913;2.53818e-12;
0.61731;0.00770602;2.54304e-12;
0.61741;0.00769126;2.53817e-12;
0.61751;0.00770606;2.54305e-12;
0.61761;0.00769122;2.53816e-12;
0.61771;0.00770609;2.54306e-12;
0.61781;0.00769118;2.53814e-12;
0.61791;0.00770613;2.54308e-12;
0.61801;0.00769114;2.53813e-12;
0.61811;0.00770617;2.54309e-12;
0.61821;0.00769109;2.53811e-12;
0.61831;0.00770621;2.5431e-12;
0.61841;0.00769105;2.5381e-12;
0.61851;0.00770624;2.54311e-12;
0.61861;0.00769101;2.53809e-12;
0.61871;0.00770628;2.54313e-12;
0.61881;0.00769097;2.53807e-12;
0.61891;0.00770632;2.54314e-12;
0.61901;0.00769092;2.53806e-12;
0.61911;0.00770636;2.54315e-12;
0.61921;0.00769088;2.53804e-12;
0.61931;0.0077064;2.54316e-12;
0.61941;0.00769084;2.53803e-12;
0.61951;0.00770643;2.54318e-12;
0.61961;0.0076908;2.53802e-12;
0.61971;0.00770647;2.54319e-12;
0.61981;0.00769076;2.538e-12;
0.61991;0.00770651;2.5432e-12;
0.62001;0.00769072;2.53799e-12;
0.62011;0.00770655;2.54321e-12;
0.62021;0.00769067;2.53798e-12;
0.62031;0.00770658;2.54323e-12;
0.62041;0.00769063;2.53796e-12;
0.62051;0.00770662;2.54324e-12;
0.62061;0.00769059;2.53795e-12;
0.62071;0.00770666;2.54325e-12;
0.62081;0.00769055;2.53793e-12;
0.62091;0.0077067;2.54326e-12;
0.62101;0.00769051;2.53792e-12;
0.62111;0.00770673;2.54327e-12;
0.62121;0.00769046;2.53791e-12;
0.62131;0.00770677;2.54329e-12;
0.62141;0.00769042;2.53789e-12;
0.62151;0.00770681;2.5433e-12;
0.62161;0.00769038;2.53788e-12;
0.62171;0.00770685;2.54331e-12;
0.62181;0.00769034;2.53786e-12;
0.62191;0.00770688;2.54332e-12;
0.62201;0.0076903;2.53785e-12;
0.62211;0.00770692;2.54334e-12;
0.62221;0.00769026;2.53784e-12;
0.62231;0.00770696;2.54335e-12;
0.62241;0.00769022;2.53782e-12;
0.62251;0.00770699;2.54336e-12;
0.62261;0.00769017;2.53781e-12;
0.62271;0.00770703;2.54337e-12;
0.62281;0.00769013;2.5378e-12;
0.62291;0.00770707;2.54339e-12;
0.62301;0.00769009;2.53778e-12;
0.62311;0.00770711;2.5434e-12;
0.62321;0.00769005;2.53777e-12;
0.62331;0.00770714;2.54341e-12;
0.62341;0.00769001;2.53776e-12;
0.62351;0.00770718;2.54342e-12;
0.62361;0.00768997;2.53774e-12;
0.62371;0.00770722;2.54343e-12;
0.62381;0.00768993;2.53773e-12;
0.62391;0.00770725;2.54345e-12;
0.62401;0.00768988;2.53771e-12;
0.62411;0.00770729;2.54346e-12;
0.62421;0.00768984;2.5377e-12;
0.62431;0.00770733;2.54347e-12;
0.62441;0.0076898;2.53769e-12;
0.62451;0.00770736;2.54348e-12;
0.62461;0.00768976;2.53767e-12;
0.62471;0.0077074;2.5435e-12;
0.62481;0.00768972;2.53766e-12;
0.62491;0.00770744;2.54351e-12;
0.62501;0.00768968;2.53765e-12;
0.62511;0.00770747;2.54352e-12;
0.62521;0.00768964;2.53763e-12;
0.62531;0.00770751;2.54353e-12;
0.62541;0.0076896;2.53762e-12;
0.62551;0.00770755;2.54354e-12;
0.62561;0.00768956;2.53761e-12;
0.62571;0.00770758;2.54356e-12;
0.62581;0.00768952;2.53759e-12;
0.62591;0.00770762;2.54357e-12;
0.62601;0.00768948;2.53758e-12;
0.62611;0.00770766;2.54358e-12;
0.62621;0.00768943;2.53757e-12;
0.62631;0.00770769;2.54359e-12;
0.62641;0.00768939;2.53755e-12;
0.62651;0.00770773;2.5436e-12;
0.62661;0.00768935;2.53754e-12;
0.62671;0.00770777;2.54362e-12;
0.62681;0.00768931;2.53753e-12;
0.62691;0.0077078;2.54363e-12;
0.62701;0.00768927;2.53751e-12;
0.62711;0.00770784;2.54364e-12;
0.62721;0.00768923;2.5375e-12;
0.62731;0.00770788;2.54365e-12;
0.62741;0.00768919;2.53749e-12;
0.62751;0.00770791;2.54366e-12;
0.62761;0.00768915;2.53747e-12;
0.62771;0.00770795;2.54368e-12;
0.62781;0.00768911;2.53746e-12;
0.62791;0.00770799;2.54369e-12;
0.62801;0.00768907;2.53745e-12;
0.62811;0.00770802;2.5437e-12;
0.62821;0.00768903;2.53743e-12;
0.62831;0.00770806;2.54371e-12;
0.62841;0.00768899;2.53742e-12;
0.62851;0.00770809;2.54372e-12;
0.62861;0.00768895;2.53741e-12;
0.62871;0.00770813;2.54374e-12;
0.62881;0.00768891;2.53739e-12;
0.62891;0.00770817;2.54375e-12;
0.62901;0.00768887;2.53738e-12;
0.62911;0.0077082;2.54376e-12;
0.62921;0.00768883;2.53737e-12;
0.62931;0.00770824;2.54377e-12;
0.62941;0.00768879;2.53735e-12;
0.62951;0.00770828;2.54378e-12;
0.62961;0.00768875;2.53734e-12;
0.62971;0.00770831;2.5438e-12;
0.62981;0.00768871;2.53733e-12;
0.62991;0.00770835;2.54381e-12;
0.63001;0.00768867;2.53731e-12;
0.63011;0.00770838;2.54382e-12;
0.63021;0.00768863;2.5373e-12;
0.63031;0.00770842;2.54383e-12;
0.63041;0.00768859;2.53729e-12;
0.63051;0.00770846;2.54384e-12;
0.63061;0.00768855;2.53727e-12;
0.63071;0.00770849;2.54386e-12;
0.63081;0.00768851;2.53726e-12;
0.63091;0.00770853;2.54387e-12;
0.63101;0.00768847;2.53725e-12;
0.63111;0.00770856;2.54388e-12;
0.63121;0.00768843;2.53723e-12;
0.63131;0.0077086;2.54389e-12;
0.63141;0.00768839;2.53722e-12;
0.63151;0.00770864;2.5439e-12;
0.63161;0.00768835;2.53721e-12;
0.63171;0.00770867;2.54391e-12;
0.63181;0.00768831;2.53719e-12;
0.63191;0.00770871;2.54393e-12;
0.63201;0.00768827;2.53718e-12;
0.63211;0.00770874;2.54394e-12;
0.63221;0.00768823;2.53717e-12;
0.63231;0.00770878;2.54395e-12;
0.63241;0.00768819;2.53715e-12;
0.63251;0.00770881;2.54396e-12;
0.63261;0.00768815;2.53714e-12;
0.63271;0.00770885;2.54397e-12;
0.63281;0.00768811;2.53713e-12;
0.63291;0.00770889;2.54399e-12;
0.63301;0.00768807;2.53712e-12;
0.63311;0.00770892;2.544e-12;
0.63321;0.00768803;2.5371e-12;
0.63331;0.00770896;2.54401e-12;
0.63341;0.00768799;2.53709e-12;
0.63351;0.00770899;2.54402e-12;
0.63361;0.00768795;2.53708e-12;
0.63371;0.00770903;2.54403e-12;
0.63381;0.00768791;2.53706e-12;
0.63391;0.00770906;2.54404e-12;
0.63401;0.00768787;2.53705e-12;
0.63411;0.0077091;2.54406e-12;
0.63421;0.00768783;2.53704e-12;
0.63431;0.00770913;2.54407e-12;
0.63441;0.00768779;2.53702e-12;
0.63451;0.00770917;2.54408e-12;
0.63461;0.00768775;2.53701e-12;
0.63471;0.0077092;2.54409e-12;
0.63481;0.00768771;2.537e-12;
0.63491;0.00770924;2.5441e-12;
0.63501;0.00768768;2.53699e-12;
0.63511;0.00770928;2.54411e-12;
0.63521;0.00768764;2.53697e-12;
0.63531;0.00770931;2.54413e-12;
0.63541;0.0076876;2.53696e-12;
0.63551;0.00770935;2.54414e-12;
0.63561;0.00768756;2.53695e-12;
0.63571;0.00770938;2.54415e-12;
0.63581;0.00768752;2.53693e-12;
0.63591;0.00770942;2.54416e-12;
0.63601;0.00768748;2.53692e-12;
0.63611;0.00770945;2.54417e-12;
0.63621;0.00768744;2.53691e-12;
0.63631;0.00770949;2.54418e-12;
0.63641;0.0076874;2.5369e-12;
0.63651;0.00770952;2.5442e-12;
0.63661;0.00768736;2.53688e-12;
0.63671;0.00770956;2.54421e-12;
0.63681;0.00768732;2.53687e-12;
0.63691;0.00770959;2.54422e-12;
0.63701;0.00768728;2.53686e-12;
0.63711;0.00770963;2.54423e-12;
0.63721;0.00768725;2.53684e-12;
0.63731;0.00770966;2.54424e-12;
0.63741;0.00768721;2.53683e-12;
0.63751;0.0077097;2.54425e-12;
0.63761;0.00768717;2.53682e-12;
0.63771;0.00770973;2.54426e-12;
0.63781;0.00768713;2.53681e-12;
0.63791;0.00770977;2.54428e-12;
0.63801;0.00768709;2.53679e-12;
0.63811;0.0077098;2.54429e-12;
0.63821;0.00768705;2.53678e-12;
0.63831;0.00770984;2.5443e-12;
0.63841;0.00768701;2.53677e-12;
0.63851;0.00770987;2.54431e-12;
0.63861;0.00768697;2.53675e-12;
0.63871;0.00770991;2.54432e-12;
0.63881;0.00768694;2.53674e-12;
0.63891;0.00770994;2.54433e-12;
0.63901;0.0076869;2.53673e-12;
0.63911;0.00770997;2.54434e-12;
0.63921;0.00768686;2.53672e-12;
0.63931;0.00771001;2.54436e-12;
0.63941;0.00768682;2.5367e-12;
0.63951;0.00771004;2.54437e-12;
0.63961;0.00768678;2.53669e-12;
0.63971;0.00771008;2.54438e-12;
0.63981;0.00768674;2.53668e-12;
0.63991;0.00771011;2.54439e-12;
0.64001;0.00768671;2.53667e-12;
0.64011;0.00771015;2.5444e-12;
0.64021;0.00768667;2.53665e-12;
0.64031;0.00771018;2.54441e-12;
0.64041;0.00768663;2.53664e-12;
0.64051;0.00771022;2.54442e-12;
0.64061;0.00768659;2.53663e-12;
0.64071;0.00771025;2.54444e-12;
0.64081;0.00768655;2.53662e-12;
0.64091;0.00771029;2.54445e-12;
0.64101;0.00768651;2.5366e-12;
0.64111;0.00771032;2.54446e-12;
0.64121;0.00768648;2.53659e-12;
0.64131;0.00771035;2.54447e-12;
0.64141;0.00768644;2.53658e-12;
0.64151;0.00771039;2.54448e-12;
0.64161;0.0076864;2.53656e-12;
0.64171;0.00771042;2.54449e-12;
0.64181;0.00768636;2.53655e-12;
0.64191;0.00771046;2.5445e-12;
0.64201;0.00768632;2.53654e-12;
0.64211;0.00771049;2.54452e-12;
0.64221;0.00768629;2.53653e-12;
0.64231;0.00771053;2.54453e-12;
0.64241;0.00768625;2.53651e-12;
0.64251;0.00771056;2.54454e-12;
0.64261;0.00768621;2.5365e-12;
0.64271;0.00771059;2.54455e-12;
0.64281;0.00768617;2.53649e-12;
0.64291;0.00771063;2.54456e-12;
0.64301;0.00768613;2.53648e-12;
0.64311;0.00771066;2.54457e-12;
0.64321;0.0076861;2.53646e-12;
0.64331;0.0077107;2.54458e-12;
0.64341;0.00768606;2.53645e-12;
0.64351;0.00771073;2.54459e-12;
0.64361;0.00768602;2.53644e-12;
0.64371;0.00771076;2.54461e-12;
0.64381;0.00768598;2.53643e-12;
0.64391;0.0077108;2.54462e-12;
0.64401;0.00768595;2.53641e-12;
0.64411;0.00771083;2.54463e-12;
0.64421;0.00768591;2.5364e-12;
0.64431;0.00771087;2.54464e-12;
0.64441;0.00768587;2.53639e-12;
0.64451;0.0077109;2.54465e-12;
0.64461;0.00768583;2.53638e-12;
0.64471;0.00771093;2.54466e-12;
0.64481;0.00768579;2.53637e-12;
0.64491;0.00771097;2.54467e-12;
0.64501;0.00768576;2.53635e-12;
0.64511;0.007711;2.54468e-12;
0.64521;0.00768572;2.53634e-12;
0.64531;0.00771104;2.54469e-12;
0.64541;0.00768568;2.53633e-12;
0.64551;0.00771107;2.54471e-12;
0.64561;0.00768564;2.53632e-12;
0.64571;0.0077111;2.54472e-12;
0.64581;0.00768561;2.5363e-12;
0.64591;0.00771114;2.54473e-12;
0.64601;0.00768557;2.53629e-12;
0.64611;0.00771117;2.54474e-12;
0.64621;0.00768553;2.53628e-12;
0.64631;0.0077112;2.54475e-12;
0.64641;0.0076855;2.53627e-12;
0.64651;0.00771124;2.54476e-12;
0.64661;0.00768546;2.53625e-12;
0.64671;0.00771127;2.54477e-12;
0.64681;0.00768542;2.53624e-12;
0.64691;0.00771131;2.54478e-12;
0.64701;0.00768538;2.53623e-12;
0.64711;0.00771134;2.54479e-12;
0.64721;0.00768535;2.53622e-12;
0.64731;0.00771137;2.54481e-12;
0.64741;0.00768531;2.53621e-12;
0.64751;0.00771141;2.54482e-12;
0.64761;0.00768527;2.53619e-12;
0.64771;0.00771144;2.54483e-12;
0.64781;0.00768524;2.53618e-12;
0.64791;0.00771147;2.54484e-12;
0.64801;0.0076852;2.53617e-12;
0.64811;0.00771151;2.54485e-12;
0.64821;0.00768516;2.53616e-12;
0.64831;0.00771154;2.54486e-12;
0.64841;0.00768512;2.53614e-12;
0.64851;0.00771157;2.54487e-12;
0.64861;0.00768509;2.53613e-12;
0.64871;0.00771161;2.54488e-12;
0.64881;0.00768505;2.53612e-12;
0.64891;0.00771164;2.54489e-12;
0.64901;0.00768501;2.53611e-12;
0.64911;0.00771167;2.54491e-12;
0.64921;0.00768498;2.5361e-12;
0.64931;0.00771171;2.54492e-12;
0.64941;0.00768494;2.53608e-12;
0.64951;0.00771174;2.54493e-12;
0.64961;0.0076849;2.53607e-12;
0.64971;0.00771177;2.54494e-12;
0.64981;0.00768487;2.53606e-12;
0.64991;0.00771181;2.54495e-12;
0.65001;0.00768483;2.53605e-12;
0.65011;0.00771184;2.54496e-12;
0.65021;0.00768479;2.53603e-12;
0.65031;0.00771187;2.54497e-12;
0.65041;0.00768476;2.53602e-12;
0.65051;0.0077119;2.54498e-12;
0.65061;0.00768472;2.53601e-12;
0.65071;0.00771194;2.54499e-12;
0.65081;0.00768468;2.536e-12;
0.65091;0.00771197;2.545e-12;
0.65101;0.00768465;2.53599e-12;
0.65111;0.007712;2.54501e-12;
0.65121;0.00768461;2.53597e-12;
0.65131;0.00771204;2.54503e-12;
0.65141;0.00768457;2.53596e-12;
0.65151;0.00771207;2.54504e-12;
0.65161;0.00768454;2.53595e-12;
0.65171;0.0077121;2.54505e-12;
0.65181;0.0076845;2.53594e-12;
0.65191;0.00771214;2.54506e-12;
0.65201;0.00768446;2.53593e-12;
0.65211;0.00771217;2.54507e-12;
0.65221;0.00768443;2.53591e-12;
0.65231;0.0077122;2.54508e-12;
0.65241;0.00768439;2.5359e-12;
0.65251;0.00771223;2.54509e-12;
0.65261;0.00768436;2.53589e-12;
0.65271;0.00771227;2.5451e-12;
0.65281;0.00768432;2.53588e-12;
0.65291;0.0077123;2.54511e-12;
0.65301;0.00768428;2.53587e-12;
0.65311;0.00771233;2.54512e-12;
0.65321;0.00768425;2.53585e-12;
0.65331;0.00771236;2.54513e-12;
0.65341;0.00768421;2.53584e-12;
0.65351;0.0077124;2.54514e-12;
0.65361;0.00768418;2.53583e-12;
0.65371;0.00771243;2.54516e-12;
0.65381;0.00768414;2.53582e-12;
0.65391;0.00771246;2.54517e-12;
0.65401;0.0076841;2.53581e-12;
0.65411;0.0077125;2.54518e-12;
0.65421;0.00768407;2.53579e-12;
0.65431;0.00771253;2.54519e-12;
0.65441;0.00768403;2.53578e-12;
0.65451;0.00771256;2.5452e-12;
0.65461;0.007684;2.53577e-12;
0.65471;0.00771259;2.54521e-12;
0.65481;0.00768396;2.53576e-12;
0.65491;0.00771263;2.54522e-12;
0.65501;0.00768392;2.53575e-12;
0.65511;0.00771266;2.54523e-12;
0.65521;0.00768389;2.53574e-12;
0.65531;0.00771269;2.54524e-12;
0.65541;0.00768385;2.53572e-12;
0.65551;0.00771272;2.54525e-12;
0.65561;0.00768382;2.53571e-12;
0.65571;0.00771275;2.54526e-12;
0.65581;0.00768378;2.5357e-12;
0.65591;0.00771279;2.54527e-12;
0.65601;0.00768374;2.53569e-12;
0.65611;0.00771282;2.54528e-12;
0.65621;0.00768371;2.53568e-12;
0.65631;0.00771285;2.54529e-12;
0.65641;0.00768367;2.53566e-12;
0.65651;0.00771288;2.5453e-12;
0.65661;0.00768364;2.53565e-12;
0.65671;0.00771292;2.54532e-12;
0.65681;0.0076836;2.53564e-12;
0.65691;0.00771295;2.54533e-12;
0.65701;0.00768357;2.53563e-12;
0.65711;0.00771298;2.54534e-12;
0.65721;0.00768353;2.53562e-12;
0.65731;0.00771301;2.54535e-12;
0.65741;0.0076835;2.53561e-12;
0.65751;0.00771304;2.54536e-12;
0.65761;0.00768346;2.53559e-12;
0.65771;0.00771308;2.54537e-12;
0.65781;0.00768342;2.53558e-12;
0.65791;0.00771311;2.54538e-12;
0.65801;0.00768339;2.53557e-12;
0.65811;0.00771314;2.54539e-12;
0.65821;0.00768335;2.53556e-12;
0.65831;0.00771317;2.5454e-12;
0.65841;0.00768332;2.53555e-12;
0.65851;0.0077132;2.54541e-12;
0.65861;0.00768328;2.53554e-12;
0.65871;0.00771324;2.54542e-12;
0.65881;0.00768325;2.53552e-12;
0.65891;0.00771327;2.54543e-12;
0.65901;0.00768321;2.53551e-12;
0.65911;0.0077133;2.54544e-12;
0.65921;0.00768318;2.5355e-12;
0.65931;0.00771333;2.54545e-12;
0.65941;0.00768314;2.53549e-12;
0.65951;0.00771336;2.54546e-12;
0.65961;0.00768311;2.53548e-12;
0.65971;0.0077134;2.54547e-12;
0.65981;0.00768307;2.53547e-12;
0.65991;0.00771343;2.54548e-12;
0.66001;0.00768304;2.53546e-12;
0.66011;0.00771346;2.54549e-12;
0.66021;0.007683;2.53544e-12;
0.66031;0.00771349;2.5455e-12;
0.66041;0.00768297;2.53543e-12;
0.66051;0.00771352;2.54552e-12;
0.66061;0.00768293;2.53542e-12;
0.66071;0.00771355;2.54553e-12;
0.66081;0.0076829;2.53541e-12;
0.66091;0.00771359;2.54554e-12;
0.66101;0.00768286;2.5354e-12;
0.66111;0.00771362;2.54555e-12;
0.66121;0.00768283;2.53539e-12;
0.66131;0.00771365;2.54556e-12;
0.66141;0.00768279;2.53537e-12;
0.66151;0.00771368;2.54557e-12;
0.66161;0.00768276;2.53536e-12;
0.66171;0.00771371;2.54558e-12;
0.66181;0.00768272;2.53535e-12;
0.66191;0.00771374;2.54559e-12;
0.66201;0.00768269;2.53534e-12;
0.66211;0.00771377;2.5456e-12;
0.66221;0.00768265;2.53533e-12;
0.66231;0.00771381;2.54561e-12;
0.66241;0.00768262;2.53532e-12;
0.66251;0.00771384;2.54562e-12;
0.66261;0.00768258;2.53531e-12;
0.66271;0.00771387;2.54563e-12;
0.66281;0.00768255;2.53529e-12;
0.66291;0.0077139;2.54564e-12;
0.66301;0.00768251;2.53528e-12;
0.66311;0.00771393;2.54565e-12;
0.66321;0.00768248;2.53527e-12;
0.66331;0.00771396;2.54566e-12;
0.66341;0.00768245;2.53526e-12;
0.66351;0.00771399;2.54567e-12;
0.66361;0.00768241;2.53525e-12;
0.66371;0.00771403;2.54568e-12;
0.66381;0.00768238;2.53524e-12;
0.66391;0.00771406;2.54569e-12;
0.66401;0.00768234;2.53523e-12;
0.66411;0.00771409;2.5457e-12;
0.66421;0.00768231;2.53521e-12;
0.66431;0.00771412;2.54571e-12;
0.66441;0.00768227;2.5352e-12;
0.66451;0.00771415;2.54572e-12;
0.66461;0.00768224;2.53519e-12;
0.66471;0.00771418;2.54573e-12;
0.66481;0.00768221;2.53518e-12;
0.66491;0.00771421;2.54574e-12;
0.66501;0.00768217;2.53517e-12;
0.66511;0.00771424;2.54575e-12;
0.66521;0.00768214;2.53516e-12;
0.66531;0.00771427;2.54576e-12;
0.66541;0.0076821;2.53515e-12;
0.66551;0.0077143;2.54577e-12;
0.66561;0.00768207;2.53514e-12;
0.66571;0.00771434;2.54578e-12;
0.66581;0.00768203;2.53512e-12;
0.66591;0.00771437;2.54579e-12;
0.66601;0.007682;2.53511e-12;
0.66611;0.0077144;2.5458e-12;
0.66621;0.00768197;2.5351e-12;
0.66631;0.00771443;2.54581e-12;
0.66641;0.00768193;2.53509e-12;
0.66651;0.00771446;2.54582e-12;
0.66661;0.0076819;2.53508e-12;
0.66671;0.00771449;2.54583e-12;
0.66681;0.00768186;2.53507e-12;
0.66691;0.00771452;2.54585e-12;
0.66701;0.00768183;2.53506e-12;
0.66711;0.00771455;2.54586e-12;
0.66721;0.0076818;2.53505e-12;
0.66731;0.00771458;2.54587e-12;
0.66741;0.00768176;2.53503e-12;
0.66751;0.00771461;2.54588e-12;
0.66761;0.00768173;2.53502e-12;
0.66771;0.00771464;2.54589e-12;
0.66781;0.00768169;2.53501e-12;
0.66791;0.00771467;2.5459e-12;
0.66801;0.00768166;2.535e-12;
0.66811;0.00771471;2.54591e-12;
0.66821;0.00768163;2.53499e-12;
0.66831;0.00771474;2.54592e-12;
0.66841;0.00768159;2.53498e-12;
0.66851;0.00771477;2.54593e-12;
0.66861;0.00768156;2.53497e-12;
0.66871;0.0077148;2.54594e-12;
0.66881;0.00768153;2.53496e-12;
0.66891;0.00771483;2.54595e-12;
0.66901;0.00768149;2.53495e-12;
0.66911;0.00771486;2.54596e-12;
0.66921;0.00768146;2.53493e-12;
0.66931;0.00771489;2.54597e-12;
0.66941;0.00768143;2.53492e-12;
0.66951;0.00771492;2.54598e-12;
0.66961;0.00768139;2.53491e-12;
0.66971;0.00771495;2.54599e-12;
0.66981;0.00768136;2.5349e-12;
0.66991;0.00771498;2.546e-12;
0.67001;0.00768132;2.53489e-12;
0.67011;0.00771501;2.54601e-12;
0.67021;0.00768129;2.53488e-12;
0.67031;0.00771504;2.54602e-12;
0.67041;0.00768126;2.53487e-12;
0.67051;0.00771507;2.54603e-12;
0.67061;0.00768122;2.53486e-12;
0.67071;0.0077151;2.54604e-12;
0.67081;0.00768119;2.53485e-12;
0.67091;0.00771513;2.54605e-12;
0.67101;0.00768116;2.53483e-12;
0.67111;0.00771516;2.54606e-12;
0.67121;0.00768112;2.53482e-12;
0.67131;0.00771519;2.54607e-12;
0.67141;0.00768109;2.53481e-12;
0.67151;0.00771522;2.54608e-12;
0.67161;0.00768106;2.5348e-12;
0.67171;0.00771525;2.54609e-12;
0.67181;0.00768102;2.53479e-12;
0.67191;0.00771528;2.5461e-12;
0.67201;0.00768099;2.53478e-12;
0.67211;0.00771531;2.54611e-12;
0.67221;0.00768096;2.53477e-12;
0.67231;0.00771534;2.54612e-12;
0.67241;0.00768093;2.53476e-12;
0.67251;0.00771537;2.54613e-12;
0.67261;0.00768089;2.53475e-12;
0.67271;0.0077154;2.54614e-12;
0.67281;0.00768086;2.53474e-12;
0.67291;0.00771543;2.54615e-12;
0.67301;0.00768083;2.53473e-12;
0.67311;0.00771546;2.54616e-12;
0.67321;0.00768079;2.53471e-12;
0.67331;0.00771549;2.54617e-12;
0.67341;0.00768076;2.5347e-12;
0.67351;0.00771552;2.54618e-12;
0.67361;0.00768073;2.53469e-12;
0.67371;0.00771555;2.54619e-12;
0.67381;0.00768069;2.53468e-12;
0.67391;0.00771558;2.54619e-12;
0.67401;0.00768066;2.53467e-12;
0.67411;0.00771561;2.5462e-12;
0.67421;0.00768063;2.53466e-12;
0.67431;0.00771564;2.54621e-12;
0.67441;0.0076806;2.53465e-12;
0.67451;0.00771567;2.54622e-12;
0.67461;0.00768056;2.53464e-12;
0.67471;0.0077157;2.54623e-12;
0.67481;0.00768053;2.53463e-12;
0.67491;0.00771573;2.54624e-12;
0.67501;0.0076805;2.53462e-12;
0.67511;0.00771576;2.54625e-12;
0.67521;0.00768047;2.53461e-12;
0.67531;0.00771579;2.54626e-12;
0.67541;0.00768043;2.5346e-12;
0.67551;0.00771582;2.54627e-12;
0.67561;0.0076804;2.53458e-12;
0.67571;0.00771585;2.54628e-12;
0.67581;0.00768037;2.53457e-12;
0.67591;0.00771588;2.54629e-12;
0.67601;0.00768033;2.53456e-12;
0.67611;0.00771591;2.5463e-12;
0.67621;0.0076803;2.53455e-12;
0.67631;0.00771594;2.54631e-12;
0.67641;0.00768027;2.53454e-12;
0.67651;0.00771597;2.54632e-12;
0.67661;0.00768024;2.53453e-12;
0.67671;0.007716;2.54633e-12;
0.67681;0.0076802;2.53452e-12;
0.67691;0.00771603;2.54634e-12;
0.67701;0.00768017;2.53451e-12;
0.67711;0.00771606;2.54635e-12;
0.67721;0.00768014;2.5345e-12;
0.67731;0.00771608;2.54636e-12;
0.67741;0.00768011;2.53449e-12;
0.67751;0.00771611;2.54637e-12;
0.67761;0.00768008;2.53448e-12;
0.67771;0.00771614;2.54638e-12;
0.67781;0.00768004;2.53447e-12;
0.67791;0.00771617;2.54639e-12;
0.67801;0.00768001;2.53446e-12;
0.67811;0.0077162;2.5464e-12;
0.67821;0.00767998;2.53445e-12;
0.67831;0.00771623;2.54641e-12;
0.67841;0.00767995;2.53444e-12;
0.67851;0.00771626;2.54642e-12;
0.67861;0.00767991;2.53442e-12;
0.67871;0.00771629;2.54643e-12;
0.67881;0.00767988;2.53441e-12;
0.67891;0.00771632;2.54644e-12;
0.67901;0.00767985;2.5344e-12;
0.67911;0.00771635;2.54645e-12;
0.67921;0.00767982;2.53439e-12;
0.67931;0.00771638;2.54646e-12;
0.67941;0.00767979;2.53438e-12;
0.67951;0.00771641;2.54647e-12;
0.67961;0.00767975;2.53437e-12;
0.67971;0.00771644;2.54648e-12;
0.67981;0.00767972;2.53436e-12;
0.67991;0.00771646;2.54649e-12;
0.68001;0.00767969;2.53435e-12;
0.68011;0.00771649;2.5465e-12;
0.68021;0.00767966;2.53434e-12;
0.68031;0.00771652;2.54651e-12;
0.68041;0.00767963;2.53433e-12;
0.68051;0.00771655;2.54651e-12;
0.68061;0.00767959;2.53432e-12;
0.68071;0.00771658;2.54652e-12;
0.68081;0.00767956;2.53431e-12;
0.68091;0.00771661;2.54653e-12;
0.68101;0.00767953;2.5343e-12;
0.68111;0.00771664;2.54654e-12;
0.68121;0.0076795;2.53429e-12;
0.68131;0.00771667;2.54655e-12;
0.68141;0.00767947;2.53428e-12;
0.68151;0.0077167;2.54656e-12;
0.68161;0.00767944;2.53427e-12;
0.68171;0.00771672;2.54657e-12;
0.68181;0.0076794;2.53426e-12;
0.68191;0.00771675;2.54658e-12;
0.68201;0.00767937;2.53425e-12;
0.68211;0.00771678;2.54659e-12;
0.68221;0.00767934;2.53424e-12;
0.68231;0.00771681;2.5466e-12;
0.68241;0.00767931;2.53422e-12;
0.68251;0.00771684;2.54661e-12;
0.68261;0.00767928;2.53421e-12;
0.68271;0.00771687;2.54662e-12;
0.68281;0.00767925;2.5342e-12;
0.68291;0.0077169;2.54663e-12;
0.68301;0.00767921;2.53419e-12;
0.68311;0.00771693;2.54664e-12;
0.68321;0.00767918;2.53418e-12;
0.68331;0.00771695;2.54665e-12;
0.68341;0.00767915;2.53417e-12;
0.68351;0.00771698;2.54666e-12;
0.68361;0.00767912;2.53416e-12;
0.68371;0.00771701;2.54667e-12;
0.68381;0.00767909;2.53415e-12;
0.68391;0.00771704;2.54668e-12;
0.68401;0.00767906;2.53414e-12;
0.68411;0.00771707;2.54669e-12;
0.68421;0.00767903;2.53413e-12;
0.68431;0.0077171;2.54669e-12;
0.68441;0.007679;2.53412e-12;
0.68451;0.00771712;2.5467e-12;
0.68461;0.00767896;2.53411e-12;
0.68471;0.00771715;2.54671e-12;
0.68481;0.00767893;2.5341e-12;
0.68491;0.00771718;2.54672e-12;
0.68501;0.0076789;2.53409e-12;
0.68511;0.00771721;2.54673e-12;
0.68521;0.00767887;2.53408e-12;
0.68531;0.00771724;2.54674e-12;
0.68541;0.00767884;2.53407e-12;
0.68551;0.00771727;2.54675e-12;
0.68561;0.00767881;2.53406e-12;
0.68571;0.00771729;2.54676e-12;
0.68581;0.00767878;2.53405e-12;
0.68591;0.00771732;2.54677e-12;
0.68601;0.00767875;2.53404e-12;
0.68611;0.00771735;2.54678e-12;
0.68621;0.00767872;2.53403e-12;
0.68631;0.00771738;2.54679e-12;
0.68641;0.00767868;2.53402e-12;
0.68651;0.00771741;2.5468e-12;
0.68661;0.00767865;2.53401e-12;
0.68671;0.00771744;2.54681e-12;
0.68681;0.00767862;2.534e-12;
0.68691;0.00771746;2.54682e-12;
0.68701;0.00767859;2.53399e-12;
0.68711;0.00771749;2.54683e-12;
0.68721;0.00767856;2.53398e-12;
0.68731;0.00771752;2.54683e-12;
0.68741;0.00767853;2.53397e-12;
0.68751;0.00771755;2.54684e-12;
0.68761;0.0076785;2.53396e-12;
0.68771;0.00771758;2.54685e-12;
0.68781;0.00767847;2.53395e-12;
0.68791;0.0077176;2.54686e-12;
0.68801;0.00767844;2.53394e-12;
0.68811;0.00771763;2.54687e-12;
0.68821;0.00767841;2.53393e-12;
0.68831;0.00771766;2.54688e-12;
0.68841;0.00767838;2.53392e-12;
0.68851;0.00771769;2.54689e-12;
0.68861;0.00767835;2.53391e-12;
0.68871;0.00771772;2.5469e-12;
0.68881;0.00767831;2.5339e-12;
0.68891;0.00771774;2.54691e-12;
0.68901;0.00767828;2.53389e-12;
0.68911;0.00771777;2.54692e-12;
0.68921;0.00767825;2.53388e-12;
0.68931;0.0077178;2.54693e-12;
0.68941;0.00767822;2.53387e-12;
0.68951;0.00771783;2.54694e-12;
0.68961;0.00767819;2.53386e-12;
0.68971;0.00771786;2.54695e-12;
0.68981;0.00767816;2.53385e-12;
0.68991;0.00771788;2.54695e-12;
0.69001;0.00767813;2.53384e-12;
0.69011;0.00771791;2.54696e-12;
0.69021;0.0076781;2.53383e-12;
0.69031;0.00771794;2.54697e-12;
0.69041;0.00767807;2.53382e-12;
0.69051;0.00771797;2.54698e-12;
0.69061;0.00767804;2.53381e-12;
0.69071;0.00771799;2.54699e-12;
0.69081;0.00767801;2.5338e-12;
0.69091;0.00771802;2.547e-12;
0.69101;0.00767798;2.53379e-12;
0.69111;0.00771805;2.54701e-12;
0.69121;0.00767795;2.53378e-12;
0.69131;0.00771808;2.54702e-12;
0.69141;0.00767792;2.53377e-12;
0.69151;0.0077181;2.54703e-12;
0.69161;0.00767789;2.53376e-12;
0.69171;0.00771813;2.54704e-12;
0.69181;0.00767786;2.53375e-12;
0.69191;0.00771816;2.54705e-12;
0.69201;0.00767783;2.53374e-12;
0.69211;0.00771819;2.54705e-12;
0.69221;0.0076778;2.53373e-12;
0.69231;0.00771821;2.54706e-12;
0.69241;0.00767777;2.53372e-12;
0.69251;0.00771824;2.54707e-12;
0.69261;0.00767774;2.53371e-12;
0.69271;0.00771827;2.54708e-12;
0.69281;0.00767771;2.5337e-12;
0.69291;0.0077183;2.54709e-12;
0.69301;0.00767768;2.53369e-12;
0.69311;0.00771832;2.5471e-12;
0.69321;0.00767765;2.53368e-12;
0.69331;0.00771835;2.54711e-12;
0.69341;0.00767762;2.53367e-12;
0.69351;0.00771838;2.54712e-12;
0.69361;0.00767759;2.53366e-12;
0.69371;0.0077184;2.54713e-12;
0.69381;0.00767756;2.53365e-12;
0.69391;0.00771843;2.54714e-12;
0.69401;0.00767753;2.53364e-12;
0.69411;0.00771846;2.54714e-12;
0.69421;0.0076775;2.53363e-12;
0.69431;0.00771849;2.54715e-12;
0.69441;0.00767747;2.53362e-12;
0.69451;0.00771851;2.54716e-12;
0.69461;0.00767744;2.53361e-12;
0.69471;0.00771854;2.54717e-12;
0.69481;0.00767741;2.5336e-12;
0.69491;0.00771857;2.54718e-12;
0.69501;0.00767738;2.53359e-12;
0.69511;0.00771859;2.54719e-12;
0.69521;0.00767735;2.53358e-12;
0.69531;0.00771862;2.5472e-12;
0.69541;0.00767732;2.53357e-12;
0.69551;0.00771865;2.54721e-12;
0.69561;0.00767729;2.53356e-12;
0.69571;0.00771868;2.54722e-12;
0.69581;0.00767726;2.53355e-12;
0.69591;0.0077187;2.54723e-12;
0.69601;0.00767723;2.53354e-12;
0.69611;0.00771873;2.54723e-12;
0.69621;0.0076772;2.53353e-12;
0.69631;0.00771876;2.54724e-12;
0.69641;0.00767717;2.53352e-12;
0.69651;0.00771878;2.54725e-12;
0.69661;0.00767714;2.53351e-12;
0.69671;0.00771881;2.54726e-12;
0.69681;0.00767711;2.5335e-12;
0.69691;0.00771884;2.54727e-12;
0.69701;0.00767708;2.53349e-12;
0.69711;0.00771886;2.54728e-12;
0.69721;0.00767706;2.53348e-12;
0.69731;0.00771889;2.54729e-12;
0.69741;0.00767703;2.53347e-12;
0.69751;0.00771892;2.5473e-12;
0.69761;0.007677;2.53346e-12;
0.69771;0.00771894;2.5473e-12;
0.69781;0.00767697;2.53345e-12;
0.69791;0.00771897;2.54731e-12;
0.69801;0.00767694;2.53344e-12;
0.69811;0.007719;2.54732e-12;
0.69821;0.00767691;2.53343e-12;
0.69831;0.00771902;2.54733e-12;
0.69841;0.00767688;2.53342e-12;
0.69851;0.00771905;2.54734e-12;
0.69861;0.00767685;2.53341e-12;
0.69871;0.00771908;2.54735e-12;
0.69881;0.00767682;2.5334e-12;
0.69891;0.0077191;2.54736e-12;
0.69901;0.00767679;2.53339e-12;
0.69911;0.00771913;2.54737e-12;
0.69921;0.00767676;2.53338e-12;
0.69931;0.00771916;2.54738e-12;
0.69941;0.00767673;2.53337e-12;
0.69951;0.00771918;2.54738e-12;
0.69961;0.0076767;2.53337e-12;
0.69971;0.00771921;2.54739e-12;
0.69981;0.00767668;2.53336e-12;
0.69991;0.00771924;2.5474e-12;
0.70001;0.00767665;2.53335e-12;
0.70011;0.00771926;2.54741e-12;
0.70021;0.00767662;2.53334e-12;
0.70031;0.00771929;2.54742e-12;
0.70041;0.00767659;2.53333e-12;
0.70051;0.00771932;2.54743e-12;
0.70061;0.00767656;2.53332e-12;
0.70071;0.00771934;2.54744e-12;
0.70081;0.00767653;2.53331e-12;
0.70091;0.00771937;2.54744e-12;
0.70101;0.0076765;2.5333e-12;
0.70111;0.0077194;2.54745e-12;
0.70121;0.00767647;2.53329e-12;
0.70131;0.00771942;2.54746e-12;
0.70141;0.00767644;2.53328e-12;
0.70151;0.00771945;2.54747e-12;
0.70161;0.00767642;2.53327e-12;
0.70171;0.00771947;2.54748e-12;
0.70181;0.00767639;2.53326e-12;
0.70191;0.0077195;2.54749e-12;
0.70201;0.00767636;2.53325e-12;
0.70211;0.00771953;2.5475e-12;
0.70221;0.00767633;2.53324e-12;
0.70231;0.00771955;2.54751e-12;
0.70241;0.0076763;2.53323e-12;
0.70251;0.00771958;2.54751e-12;
0.70261;0.00767627;2.53322e-12;
0.70271;0.0077196;2.54752e-12;
0.70281;0.00767624;2.53321e-12;
0.70291;0.00771963;2.54753e-12;
0.70301;0.00767622;2.5332e-12;
0.70311;0.00771966;2.54754e-12;
0.70321;0.00767619;2.53319e-12;
0.70331;0.00771968;2.54755e-12;
0.70341;0.00767616;2.53319e-12;
0.70351;0.00771971;2.54756e-12;
0.70361;0.00767613;2.53318e-12;
0.70371;0.00771974;2.54757e-12;
0.70381;0.0076761;2.53317e-12;
0.70391;0.00771976;2.54757e-12;
0.70401;0.00767607;2.53316e-12;
0.70411;0.00771979;2.54758e-12;
0.70421;0.00767604;2.53315e-12;
0.70431;0.00771981;2.54759e-12;
0.70441;0.00767602;2.53314e-12;
0.70451;0.00771984;2.5476e-12;
0.70461;0.00767599;2.53313e-12;
0.70471;0.00771986;2.54761e-12;
0.70481;0.00767596;2.53312e-12;
0.70491;0.00771989;2.54762e-12;
0.70501;0.00767593;2.53311e-12;
0.70511;0.00771992;2.54763e-12;
0.70521;0.0076759;2.5331e-12;
0.70531;0.00771994;2.54763e-12;
0.70541;0.00767587;2.53309e-12;
0.70551;0.00771997;2.54764e-12;
0.70561;0.00767585;2.53308e-12;
0.70571;0.00771999;2.54765e-12;
0.70581;0.00767582;2.53307e-12;
0.70591;0.00772002;2.54766e-12;
0.70601;0.00767579;2.53306e-12;
0.70611;0.00772004;2.54767e-12;
0.70621;0.00767576;2.53305e-12;
0.70631;0.00772007;2.54768e-12;
0.70641;0.00767573;2.53305e-12;
0.70651;0.0077201;2.54768e-12;
0.70661;0.00767571;2.53304e-12;
0.70671;0.00772012;2.54769e-12;
0.70681;0.00767568;2.53303e-12;
0.70691;0.00772015;2.5477e-12;
0.70701;0.00767565;2.53302e-12;
0.70711;0.00772017;2.54771e-12;
0.70721;0.00767562;2.53301e-12;
0.70731;0.0077202;2.54772e-12;
0.70741;0.00767559;2.533e-12;
0.70751;0.00772022;2.54773e-12;
0.70761;0.00767557;2.53299e-12;
0.70771;0.00772025;2.54774e-12;
0.70781;0.00767554;2.53298e-12;
0.70791;0.00772028;2.54774e-12;
0.70801;0.00767551;2.53297e-12;
0.70811;0.0077203;2.54775e-12;
0.70821;0.00767548;2.53296e-12;
0.70831;0.00772033;2.54776e-12;
0.70841;0.00767545;2.53295e-12;
0.70851;0.00772035;2.54777e-12;
0.70861;0.00767543;2.53294e-12;
0.70871;0.00772038;2.54778e-12;
0.70881;0.0076754;2.53293e-12;
0.70891;0.0077204;2.54779e-12;
0.70901;0.00767537;2.53293e-12;
0.70911;0.00772043;2.54779e-12;
0.70921;0.00767534;2.53292e-12;
0.70931;0.00772045;2.5478e-12;
0.70941;0.00767532;2.53291e-12;
0.70951;0.00772048;2.54781e-12;
0.70961;0.00767529;2.5329e-12;
0.70971;0.0077205;2.54782e-12;
0.70981;0.00767526;2.53289e-12;
0.70991;0.00772053;2.54783e-12;
0.71001;0.00767523;2.53288e-12;
0.71011;0.00772055;2.54784e-12;
0.71021;0.00767521;2.53287e-12;
0.71031;0.00772058;2.54784e-12;
0.71041;0.00767518;2.53286e-12;
0.71051;0.0077206;2.54785e-12;
0.71061;0.00767515;2.53285e-12;
0.71071;0.00772063;2.54786e-12;
0.71081;0.00767512;2.53284e-12;
0.71091;0.00772065;2.54787e-12;
0.71101;0.0076751;2.53283e-12;
0.71111;0.00772068;2.54788e-12;
0.71121;0.00767507;2.53283e-12;
0.71131;0.0077207;2.54789e-12;
0.71141;0.00767504;2.53282e-12;
0.71151;0.00772073;2.54789e-12;
0.71161;0.00767501;2.53281e-12;
0.71171;0.00772075;2.5479e-12;
0.71181;0.00767499;2.5328e-12;
0.71191;0.00772078;2.54791e-12;
0.71201;0.00767496;2.53279e-12;
0.71211;0.0077208;2.54792e-12;
0.71221;0.00767493;2.53278e-12;
0.71231;0.00772083;2.54793e-12;
0.71241;0.0076749;2.53277e-12;
0.71251;0.00772085;2.54793e-12;
0.71261;0.00767488;2.53276e-12;
0.71271;0.00772088;2.54794e-12;
0.71281;0.00767485;2.53275e-12;
0.71291;0.0077209;2.54795e-12;
0.71301;0.00767482;2.53274e-12;
0.71311;0.00772093;2.54796e-12;
0.71321;0.0076748;2.53274e-12;
0.71331;0.00772095;2.54797e-12;
0.71341;0.00767477;2.53273e-12;
0.71351;0.00772098;2.54798e-12;
0.71361;0.00767474;2.53272e-12;
0.71371;0.007721;2.54798e-12;
0.71381;0.00767471;2.53271e-12;
0.71391;0.00772103;2.54799e-12;
0.71401;0.00767469;2.5327e-12;
0.71411;0.00772105;2.548e-12;
0.71421;0.00767466;2.53269e-12;
0.71431;0.00772108;2.54801e-12;
0.71441;0.00767463;2.53268e-12;
0.71451;0.0077211;2.54802e-12;
0.71461;0.00767461;2.53267e-12;
0.71471;0.00772113;2.54802e-12;
0.71481;0.00767458;2.53266e-12;
0.71491;0.00772115;2.54803e-12;
0.71501;0.00767455;2.53266e-12;
0.71511;0.00772118;2.54804e-12;
0.71521;0.00767453;2.53265e-12;
0.71531;0.0077212;2.54805e-12;
0.71541;0.0076745;2.53264e-12;
0.71551;0.00772122;2.54806e-12;
0.71561;0.00767447;2.53263e-12;
0.71571;0.00772125;2.54807e-12;
0.71581;0.00767445;2.53262e-12;
0.71591;0.00772127;2.54807e-12;
0.71601;0.00767442;2.53261e-12;
0.71611;0.0077213;2.54808e-12;
0.71621;0.00767439;2.5326e-12;
0.71631;0.00772132;2.54809e-12;
0.71641;0.00767437;2.53259e-12;
0.71651;0.00772135;2.5481e-12;
0.71661;0.00767434;2.53258e-12;
0.71671;0.00772137;2.54811e-12;
0.71681;0.00767431;2.53258e-12;
0.71691;0.0077214;2.54811e-12;
0.71701;0.00767429;2.53257e-12;
0.71711;0.00772142;2.54812e-12;
0.71721;0.00767426;2.53256e-12;
0.71731;0.00772144;2.54813e-12;
0.71741;0.00767423;2.53255e-12;
0.71751;0.00772147;2.54814e-12;
0.71761;0.00767421;2.53254e-12;
0.71771;0.00772149;2.54815e-12;
0.71781;0.00767418;2.53253e-12;
0.71791;0.00772152;2.54815e-12;
0.71801;0.00767415;2.53252e-12;
0.71811;0.00772154;2.54816e-12;
0.71821;0.00767413;2.53251e-12;
0.71831;0.00772157;2.54817e-12;
0.71841;0.0076741;2.53251e-12;
0.71851;0.00772159;2.54818e-12;
0.71861;0.00767407;2.5325e-12;
0.71871;0.00772161;2.54819e-12;
0.71881;0.00767405;2.53249e-12;
0.71891;0.00772164;2.54819e-12;
0.71901;0.00767402;2.53248e-12;
0.71911;0.00772166;2.5482e-12;
0.71921;0.00767399;2.53247e-12;
0.71931;0.00772169;2.54821e-12;
0.71941;0.00767397;2.53246e-12;
0.71951;0.00772171;2.54822e-12;
0.71961;0.00767394;2.53245e-12;
0.71971;0.00772173;2.54823e-12;
0.71981;0.00767392;2.53244e-12;
0.71991;0.00772176;2.54823e-12;
0.72001;0.00767389;2.53244e-12;
0.72011;0.00772178;2.54824e-12;
0.72021;0.00767386;2.53243e-12;
0.72031;0.00772181;2.54825e-12;
0.72041;0.00767384;2.53242e-12;
0.72051;0.00772183;2.54826e-12;
0.72061;0.00767381;2.53241e-12;
0.72071;0.00772185;2.54827e-12;
0.72081;0.00767379;2.5324e-12;
0.72091;0.00772188;2.54827e-12;
0.72101;0.00767376;2.53239e-12;
0.72111;0.0077219;2.54828e-12;
0.72121;0.00767373;2.53238e-12;
0.72131;0.00772193;2.54829e-12;
0.72141;0.00767371;2.53238e-12;
0.72151;0.00772195;2.5483e-12;
0.72161;0.00767368;2.53237e-12;
0.72171;0.00772197;2.5483e-12;
0.72181;0.00767365;2.53236e-12;
0.72191;0.007722;2.54831e-12;
0.72201;0.00767363;2.53235e-12;
0.72211;0.00772202;2.54832e-12;
0.72221;0.0076736;2.53234e-12;
0.72231;0.00772204;2.54833e-12;
0.72241;0.00767358;2.53233e-12;
0.72251;0.00772207;2.54834e-12;
0.72261;0.00767355;2.53232e-12;
0.72271;0.00772209;2.54834e-12;
0.72281;0.00767353;2.53232e-12;
0.72291;0.00772212;2.54835e-12;
0.72301;0.0076735;2.53231e-12;
0.72311;0.00772214;2.54836e-12;
0.72321;0.00767347;2.5323e-12;
0.72331;0.00772216;2.54837e-12;
0.72341;0.00767345;2.53229e-12;
0.72351;0.00772219;2.54837e-12;
0.72361;0.00767342;2.53228e-12;
0.72371;0.00772221;2.54838e-12;
0.72381;0.0076734;2.53227e-12;
0.72391;0.00772223;2.54839e-12;
0.72401;0.00767337;2.53227e-12;
0.72411;0.00772226;2.5484e-12;
0.72421;0.00767335;2.53226e-12;
0.72431;0.00772228;2.54841e-12;
0.72441;0.00767332;2.53225e-12;
0.72451;0.0077223;2.54841e-12;
0.72461;0.00767329;2.53224e-12;
0.72471;0.00772233;2.54842e-12;
0.72481;0.00767327;2.53223e-12;
0.72491;0.00772235;2.54843e-12;
0.72501;0.00767324;2.53222e-12;
0.72511;0.00772237;2.54844e-12;
0.72521;0.00767322;2.53221e-12;
0.72531;0.0077224;2.54844e-12;
0.72541;0.00767319;2.53221e-12;
0.72551;0.00772242;2.54845e-12;
0.72561;0.00767317;2.5322e-12;
0.72571;0.00772244;2.54846e-12;
0.72581;0.00767314;2.53219e-12;
0.72591;0.00772247;2.54847e-12;
0.72601;0.00767312;2.53218e-12;
0.72611;0.00772249;2.54848e-12;
0.72621;0.00767309;2.53217e-12;
0.72631;0.00772251;2.54848e-12;
0.72641;0.00767307;2.53216e-12;
0.72651;0.00772254;2.54849e-12;
0.72661;0.00767304;2.53216e-12;
0.72671;0.00772256;2.5485e-12;
0.72681;0.00767301;2.53215e-12;
0.72691;0.00772258;2.54851e-12;
0.72701;0.00767299;2.53214e-12;
0.72711;0.00772261;2.54851e-12;
0.72721;0.00767296;2.53213e-12;
0.72731;0.00772263;2.54852e-12;
0.72741;0.00767294;2.53212e-12;
0.72751;0.00772265;2.54853e-12;
0.72761;0.00767291;2.53211e-12;
0.72771;0.00772268;2.54854e-12;
0.72781;0.00767289;2.53211e-12;
0.72791;0.0077227;2.54854e-12;
0.72801;0.00767286;2.5321e-12;
0.72811;0.00772272;2.54855e-12;
0.72821;0.00767284;2.53209e-12;
0.72831;0.00772275;2.54856e-12;
0.72841;0.00767281;2.53208e-12;
0.72851;0.00772277;2.54857e-12;
0.72861;0.00767279;2.53207e-12;
0.72871;0.00772279;2.54857e-12;
0.72881;0.00767276;2.53206e-12;
0.72891;0.00772281;2.54858e-12;
0.72901;0.00767274;2.53206e-12;
0.72911;0.00772284;2.54859e-12;
0.72921;0.00767271;2.53205e-12;
0.72931;0.00772286;2.5486e-12;
0.72941;0.00767269;2.53204e-12;
0.72951;0.00772288;2.5486e-12;
0.72961;0.00767266;2.53203e-12;
0.72971;0.00772291;2.54861e-12;
0.72981;0.00767264;2.53202e-12;
0.72991;0.00772293;2.54862e-12;
0.73001;0.00767261;2.53202e-12;
0.73011;0.00772295;2.54863e-12;
0.73021;0.00767259;2.53201e-12;
0.73031;0.00772297;2.54863e-12;
0.73041;0.00767256;2.532e-12;
0.73051;0.007723;2.54864e-12;
0.73061;0.00767254;2.53199e-12;
0.73071;0.00772302;2.54865e-12;
0.73081;0.00767251;2.53198e-12;
0.73091;0.00772304;2.54866e-12;
0.73101;0.00767249;2.53197e-12;
0.73111;0.00772307;2.54866e-12;
0.73121;0.00767246;2.53197e-12;
0.73131;0.00772309;2.54867e-12;
0.73141;0.00767244;2.53196e-12;
0.73151;0.00772311;2.54868e-12;
0.73161;0.00767242;2.53195e-12;
0.73171;0.00772313;2.54869e-12;
0.73181;0.00767239;2.53194e-12;
0.73191;0.00772316;2.54869e-12;
0.73201;0.00767237;2.53193e-12;
0.73211;0.00772318;2.5487e-12;
0.73221;0.00767234;2.53193e-12;
0.73231;0.0077232;2.54871e-12;
0.73241;0.00767232;2.53192e-12;
0.73251;0.00772322;2.54872e-12;
0.73261;0.00767229;2.53191e-12;
0.73271;0.00772325;2.54872e-12;
0.73281;0.00767227;2.5319e-12;
0.73291;0.00772327;2.54873e-12;
0.73301;0.00767224;2.53189e-12;
0.73311;0.00772329;2.54874e-12;
0.73321;0.00767222;2.53188e-12;
0.73331;0.00772331;2.54875e-12;
0.73341;0.00767219;2.53188e-12;
0.73351;0.00772334;2.54875e-12;
0.73361;0.00767217;2.53187e-12;
0.73371;0.00772336;2.54876e-12;
0.73381;0.00767215;2.53186e-12;
0.73391;0.00772338;2.54877e-12;
0.73401;0.00767212;2.53185e-12;
0.73411;0.0077234;2.54878e-12;
0.73421;0.0076721;2.53184e-12;
0.73431;0.00772343;2.54878e-12;
0.73441;0.00767207;2.53184e-12;
0.73451;0.00772345;2.54879e-12;
0.73461;0.00767205;2.53183e-12;
0.73471;0.00772347;2.5488e-12;
0.73481;0.00767202;2.53182e-12;
0.73491;0.00772349;2.54881e-12;
0.73501;0.007672;2.53181e-12;
0.73511;0.00772351;2.54881e-12;
0.73521;0.00767198;2.5318e-12;
0.73531;0.00772354;2.54882e-12;
0.73541;0.00767195;2.5318e-12;
0.73551;0.00772356;2.54883e-12;
0.73561;0.00767193;2.53179e-12;
0.73571;0.00772358;2.54883e-12;
0.73581;0.0076719;2.53178e-12;
0.73591;0.0077236;2.54884e-12;
0.73601;0.00767188;2.53177e-12;
0.73611;0.00772362;2.54885e-12;
0.73621;0.00767186;2.53176e-12;
0.73631;0.00772365;2.54886e-12;
0.73641;0.00767183;2.53176e-12;
0.73651;0.00772367;2.54886e-12;
0.73661;0.00767181;2.53175e-12;
0.73671;0.00772369;2.54887e-12;
0.73681;0.00767178;2.53174e-12;
0.73691;0.00772371;2.54888e-12;
0.73701;0.00767176;2.53173e-12;
0.73711;0.00772374;2.54889e-12;
0.73721;0.00767174;2.53173e-12;
0.73731;0.00772376;2.54889e-12;
0.73741;0.00767171;2.53172e-12;
0.73751;0.00772378;2.5489e-12;
0.73761;0.00767169;2.53171e-12;
0.73771;0.0077238;2.54891e-12;
0.73781;0.00767166;2.5317e-12;
0.73791;0.00772382;2.54891e-12;
0.73801;0.00767164;2.53169e-12;
0.73811;0.00772384;2.54892e-12;
0.73821;0.00767162;2.53169e-12;
0.73831;0.00772387;2.54893e-12;
0.73841;0.00767159;2.53168e-12;
0.73851;0.00772389;2.54894e-12;
0.73861;0.00767157;2.53167e-12;
0.73871;0.00772391;2.54894e-12;
0.73881;0.00767154;2.53166e-12;
0.73891;0.00772393;2.54895e-12;
0.73901;0.00767152;2.53165e-12;
0.73911;0.00772395;2.54896e-12;
0.73921;0.0076715;2.53165e-12;
0.73931;0.00772398;2.54897e-12;
0.73941;0.00767147;2.53164e-12;
0.73951;0.007724;2.54897e-12;
0.73961;0.00767145;2.53163e-12;
0.73971;0.00772402;2.54898e-12;
0.73981;0.00767143;2.53162e-12;
0.73991;0.00772404;2.54899e-12;
0.74001;0.0076714;2.53162e-12;
0.74011;0.00772406;2.54899e-12;
0.74021;0.00767138;2.53161e-12;
0.74031;0.00772408;2.549e-12;
0.74041;0.00767136;2.5316e-12;
0.74051;0.00772411;2.54901e-12;
0.74061;0.00767133;2.53159e-12;
0.74071;0.00772413;2.54902e-12;
0.74081;0.00767131;2.53158e-12;
0.74091;0.00772415;2.54902e-12;
0.74101;0.00767129;2.53158e-12;
0.74111;0.00772417;2.54903e-12;
0.74121;0.00767126;2.53157e-12;
0.74131;0.00772419;2.54904e-12;
0.74141;0.00767124;2.53156e-12;
0.74151;0.00772421;2.54904e-12;
0.74161;0.00767121;2.53155e-12;
0.74171;0.00772423;2.54905e-12;
0.74181;0.00767119;2.53155e-12;
0.74191;0.00772426;2.54906e-12;
0.74201;0.00767117;2.53154e-12;
0.74211;0.00772428;2.54906e-12;
0.74221;0.00767114;2.53153e-12;
0.74231;0.0077243;2.54907e-12;
0.74241;0.00767112;2.53152e-12;
0.74251;0.00772432;2.54908e-12;
0.74261;0.0076711;2.53152e-12;
0.74271;0.00772434;2.54909e-12;
0.74281;0.00767108;2.53151e-12;
0.74291;0.00772436;2.54909e-12;
0.74301;0.00767105;2.5315e-12;
0.74311;0.00772438;2.5491e-12;
0.74321;0.00767103;2.53149e-12;
0.74331;0.00772441;2.54911e-12;
0.74341;0.00767101;2.53148e-12;
0.74351;0.00772443;2.54911e-12;
0.74361;0.00767098;2.53148e-12;
0.74371;0.00772445;2.54912e-12;
0.74381;0.00767096;2.53147e-12;
0.74391;0.00772447;2.54913e-12;
0.74401;0.00767094;2.53146e-12;
0.74411;0.00772449;2.54914e-12;
0.74421;0.00767091;2.53145e-12;
0.74431;0.00772451;2.54914e-12;
0.74441;0.00767089;2.53145e-12;
0.74451;0.00772453;2.54915e-12;
0.74461;0.00767087;2.53144e-12;
0.74471;0.00772455;2.54916e-12;
0.74481;0.00767084;2.53143e-12;
0.74491;0.00772458;2.54916e-12;
0.74501;0.00767082;2.53142e-12;
0.74511;0.0077246;2.54917e-12;
0.74521;0.0076708;2.53142e-12;
0.74531;0.00772462;2.54918e-12;
0.74541;0.00767078;2.53141e-12;
0.74551;0.00772464;2.54918e-12;
0.74561;0.00767075;2.5314e-12;
0.74571;0.00772466;2.54919e-12;
0.74581;0.00767073;2.53139e-12;
0.74591;0.00772468;2.5492e-12;
0.74601;0.00767071;2.53139e-12;
0.74611;0.0077247;2.5492e-12;
0.74621;0.00767068;2.53138e-12;
0.74631;0.00772472;2.54921e-12;
0.74641;0.00767066;2.53137e-12;
0.74651;0.00772474;2.54922e-12;
0.74661;0.00767064;2.53136e-12;
0.74671;0.00772476;2.54923e-12;
0.74681;0.00767062;2.53136e-12;
0.74691;0.00772479;2.54923e-12;
0.74701;0.00767059;2.53135e-12;
0.74711;0.00772481;2.54924e-12;
0.74721;0.00767057;2.53134e-12;
0.74731;0.00772483;2.54925e-12;
0.74741;0.00767055;2.53133e-12;
0.74751;0.00772485;2.54925e-12;
0.74761;0.00767053;2.53133e-12;
0.74771;0.00772487;2.54926e-12;
0.74781;0.0076705;2.53132e-12;
0.74791;0.00772489;2.54927e-12;
0.74801;0.00767048;2.53131e-12;
0.74811;0.00772491;2.54927e-12;
0.74821;0.00767046;2.5313e-12;
0.74831;0.00772493;2.54928e-12;
0.74841;0.00767043;2.5313e-12;
0.74851;0.00772495;2.54929e-12;
0.74861;0.00767041;2.53129e-12;
0.74871;0.00772497;2.54929e-12;
0.74881;0.00767039;2.53128e-12;
0.74891;0.00772499;2.5493e-12;
0.74901;0.00767037;2.53127e-12;
0.74911;0.00772501;2.54931e-12;
0.74921;0.00767034;2.53127e-12;
0.74931;0.00772503;2.54931e-12;
0.74941;0.00767032;2.53126e-12;
0.74951;0.00772505;2.54932e-12;
0.74961;0.0076703;2.53125e-12;
0.74971;0.00772508;2.54933e-12;
0.74981;0.00767028;2.53124e-12;
0.74991;0.0077251;2.54933e-12;
0.75001;0.00767026;2.53124e-12;
0.75011;0.00772512;2.54934e-12;
0.75021;0.00767023;2.53123e-12;
0.75031;0.00772514;2.54935e-12;
0.75041;0.00767021;2.53122e-12;
0.75051;0.00772516;2.54936e-12;
0.75061;0.00767019;2.53122e-12;
0.75071;0.00772518;2.54936e-12;
0.75081;0.00767017;2.53121e-12;
0.75091;0.0077252;2.54937e-12;
0.75101;0.00767014;2.5312e-12;
0.75111;0.00772522;2.54938e-12;
0.75121;0.00767012;2.53119e-12;
0.75131;0.00772524;2.54938e-12;
0.75141;0.0076701;2.53119e-12;
0.75151;0.00772526;2.54939e-12;
0.75161;0.00767008;2.53118e-12;
0.75171;0.00772528;2.5494e-12;
0.75181;0.00767006;2.53117e-12;
0.75191;0.0077253;2.5494e-12;
0.75201;0.00767003;2.53116e-12;
0.75211;0.00772532;2.54941e-12;
0.75221;0.00767001;2.53116e-12;
0.75231;0.00772534;2.54942e-12;
0.75241;0.00766999;2.53115e-12;
0.75251;0.00772536;2.54942e-12;
0.75261;0.00766997;2.53114e-12;
0.75271;0.00772538;2.54943e-12;
0.75281;0.00766995;2.53113e-12;
0.75291;0.0077254;2.54944e-12;
0.75301;0.00766992;2.53113e-12;
0.75311;0.00772542;2.54944e-12;
0.75321;0.0076699;2.53112e-12;
0.75331;0.00772544;2.54945e-12;
0.75341;0.00766988;2.53111e-12;
0.75351;0.00772546;2.54946e-12;
0.75361;0.00766986;2.53111e-12;
0.75371;0.00772548;2.54946e-12;
0.75381;0.00766984;2.5311e-12;
0.75391;0.0077255;2.54947e-12;
0.75401;0.00766981;2.53109e-12;
0.75411;0.00772552;2.54948e-12;
0.75421;0.00766979;2.53108e-12;
0.75431;0.00772554;2.54948e-12;
0.75441;0.00766977;2.53108e-12;
0.75451;0.00772556;2.54949e-12;
0.75461;0.00766975;2.53107e-12;
0.75471;0.00772558;2.5495e-12;
0.75481;0.00766973;2.53106e-12;
0.75491;0.0077256;2.5495e-12;
0.75501;0.00766971;2.53106e-12;
0.75511;0.00772562;2.54951e-12;
0.75521;0.00766968;2.53105e-12;
0.75531;0.00772564;2.54952e-12;
0.75541;0.00766966;2.53104e-12;
0.75551;0.00772566;2.54952e-12;
0.75561;0.00766964;2.53103e-12;
0.75571;0.00772568;2.54953e-12;
0.75581;0.00766962;2.53103e-12;
0.75591;0.0077257;2.54953e-12;
0.75601;0.0076696;2.53102e-12;
0.75611;0.00772572;2.54954e-12;
0.75621;0.00766958;2.53101e-12;
0.75631;0.00772574;2.54955e-12;
0.75641;0.00766955;2.53101e-12;
0.75651;0.00772576;2.54955e-12;
0.75661;0.00766953;2.531e-12;
0.75671;0.00772578;2.54956e-12;
0.75681;0.00766951;2.53099e-12;
0.75691;0.0077258;2.54957e-12;
0.75701;0.00766949;2.53098e-12;
0.75711;0.00772582;2.54957e-12;
0.75721;0.00766947;2.53098e-12;
0.75731;0.00772584;2.54958e-12;
0.75741;0.00766945;2.53097e-12;
0.75751;0.00772586;2.54959e-12;
0.75761;0.00766943;2.53096e-12;
0.75771;0.00772588;2.54959e-12;
0.75781;0.0076694;2.53096e-12;
0.75791;0.0077259;2.5496e-12;
0.75801;0.00766938;2.53095e-12;
0.75811;0.00772592;2.54961e-12;
0.75821;0.00766936;2.53094e-12;
0.75831;0.00772594;2.54961e-12;
0.75841;0.00766934;2.53093e-12;
0.75851;0.00772596;2.54962e-12;
0.75861;0.00766932;2.53093e-12;
0.75871;0.00772598;2.54963e-12;
0.75881;0.0076693;2.53092e-12;
0.75891;0.007726;2.54963e-12;
0.75901;0.00766928;2.53091e-12;
0.75911;0.00772602;2.54964e-12;
0.75921;0.00766925;2.53091e-12;
0.75931;0.00772604;2.54965e-12;
0.75941;0.00766923;2.5309e-12;
0.75951;0.00772606;2.54965e-12;
0.75961;0.00766921;2.53089e-12;
0.75971;0.00772608;2.54966e-12;
0.75981;0.00766919;2.53089e-12;
0.75991;0.0077261;2.54966e-12;
0.76001;0.00766917;2.53088e-12;
0.76011;0.00772611;2.54967e-12;
0.76021;0.00766915;2.53087e-12;
0.76031;0.00772613;2.54968e-12;
0.76041;0.00766913;2.53087e-12;
0.76051;0.00772615;2.54968e-12;
0.76061;0.00766911;2.53086e-12;
0.76071;0.00772617;2.54969e-12;
0.76081;0.00766909;2.53085e-12;
0.76091;0.00772619;2.5497e-12;
0.76101;0.00766907;2.53084e-12;
0.76111;0.00772621;2.5497e-12;
0.76121;0.00766904;2.53084e-12;
0.76131;0.00772623;2.54971e-12;
0.76141;0.00766902;2.53083e-12;
0.76151;0.00772625;2.54972e-12;
0.76161;0.007669;2.53082e-12;
0.76171;0.00772627;2.54972e-12;
0.76181;0.00766898;2.53082e-12;
0.76191;0.00772629;2.54973e-12;
0.76201;0.00766896;2.53081e-12;
0.76211;0.00772631;2.54973e-12;
0.76221;0.00766894;2.5308e-12;
0.76231;0.00772633;2.54974e-12;
0.76241;0.00766892;2.5308e-12;
0.76251;0.00772635;2.54975e-12;
0.76261;0.0076689;2.53079e-12;
0.76271;0.00772637;2.54975e-12;
0.76281;0.00766888;2.53078e-12;
0.76291;0.00772638;2.54976e-12;
0.76301;0.00766886;2.53078e-12;
0.76311;0.0077264;2.54977e-12;
0.76321;0.00766884;2.53077e-12;
0.76331;0.00772642;2.54977e-12;
0.76341;0.00766882;2.53076e-12;
0.76351;0.00772644;2.54978e-12;
0.76361;0.00766879;2.53075e-12;
0.76371;0.00772646;2.54979e-12;
0.76381;0.00766877;2.53075e-12;
0.76391;0.00772648;2.54979e-12;
0.76401;0.00766875;2.53074e-12;
0.76411;0.0077265;2.5498e-12;
0.76421;0.00766873;2.53073e-12;
0.76431;0.00772652;2.5498e-12;
0.76441;0.00766871;2.53073e-12;
0.76451;0.00772654;2.54981e-12;
0.76461;0.00766869;2.53072e-12;
0.76471;0.00772656;2.54982e-12;
0.76481;0.00766867;2.53071e-12;
0.76491;0.00772657;2.54982e-12;
0.76501;0.00766865;2.53071e-12;
0.76511;0.00772659;2.54983e-12;
0.76521;0.00766863;2.5307e-12;
0.76531;0.00772661;2.54984e-12;
0.76541;0.00766861;2.53069e-12;
0.76551;0.00772663;2.54984e-12;
0.76561;0.00766859;2.53069e-12;
0.76571;0.00772665;2.54985e-12;
0.76581;0.00766857;2.53068e-12;
0.76591;0.00772667;2.54985e-12;
0.76601;0.00766855;2.53067e-12;
0.76611;0.00772669;2.54986e-12;
0.76621;0.00766853;2.53067e-12;
0.76631;0.00772671;2.54987e-12;
0.76641;0.00766851;2.53066e-12;
0.76651;0.00772673;2.54987e-12;
0.76661;0.00766849;2.53065e-12;
0.76671;0.00772674;2.54988e-12;
0.76681;0.00766847;2.53065e-12;
0.76691;0.00772676;2.54988e-12;
0.76701;0.00766845;2.53064e-12;
0.76711;0.00772678;2.54989e-12;
0.76721;0.00766843;2.53063e-12;
0.76731;0.0077268;2.5499e-12;
0.76741;0.00766841;2.53063e-12;
0.76751;0.00772682;2.5499e-12;
0.76761;0.00766839;2.53062e-12;
0.76771;0.00772684;2.54991e-12;
0.76781;0.00766837;2.53061e-12;
0.76791;0.00772686;2.54992e-12;
0.76801;0.00766835;2.53061e-12;
0.76811;0.00772687;2.54992e-12;
0.76821;0.00766833;2.5306e-12;
0.76831;0.00772689;2.54993e-12;
0.76841;0.00766831;2.53059e-12;
0.76851;0.00772691;2.54993e-12;
0.76861;0.00766829;2.53059e-12;
0.76871;0.00772693;2.54994e-12;
0.76881;0.00766827;2.53058e-12;
0.76891;0.00772695;2.54995e-12;
0.76901;0.00766825;2.53057e-12;
0.76911;0.00772697;2.54995e-12;
0.76921;0.00766823;2.53057e-12;
0.76931;0.00772699;2.54996e-12;
0.76941;0.00766821;2.53056e-12;
0.76951;0.007727;2.54996e-12;
0.76961;0.00766819;2.53055e-12;
0.76971;0.00772702;2.54997e-12;
0.76981;0.00766817;2.53055e-12;
0.76991;0.00772704;2.54998e-12;
0.77001;0.00766815;2.53054e-12;
0.77011;0.00772706;2.54998e-12;
0.77021;0.00766813;2.53053e-12;
0.77031;0.00772708;2.54999e-12;
0.77041;0.00766811;2.53053e-12;
0.77051;0.0077271;2.54999e-12;
0.77061;0.00766809;2.53052e-12;
0.77071;0.00772711;2.55e-12;
0.77081;0.00766807;2.53051e-12;
0.77091;0.00772713;2.55001e-12;
0.77101;0.00766805;2.53051e-12;
0.77111;0.00772715;2.55001e-12;
0.77121;0.00766803;2.5305e-12;
0.77131;0.00772717;2.55002e-12;
0.77141;0.00766801;2.53049e-12;
0.77151;0.00772719;2.55002e-12;
0.77161;0.00766799;2.53049e-12;
0.77171;0.00772721;2.55003e-12;
0.77181;0.00766797;2.53048e-12;
0.77191;0.00772722;2.55004e-12;
0.77201;0.00766795;2.53048e-12;
0.77211;0.00772724;2.55004e-12;
0.77221;0.00766793;2.53047e-12;
0.77231;0.00772726;2.55005e-12;
0.77241;0.00766791;2.53046e-12;
0.77251;0.00772728;2.55005e-12;
0.77261;0.00766789;2.53046e-12;
0.77271;0.0077273;2.55006e-12;
0.77281;0.00766787;2.53045e-12;
0.77291;0.00772731;2.55007e-12;
0.77301;0.00766785;2.53044e-12;
0.77311;0.00772733;2.55007e-12;
0.77321;0.00766783;2.53044e-12;
0.77331;0.00772735;2.55008e-12;
0.77341;0.00766781;2.53043e-12;
0.77351;0.00772737;2.55008e-12;
0.77361;0.00766779;2.53042e-12;
0.77371;0.00772739;2.55009e-12;
0.77381;0.00766777;2.53042e-12;
0.77391;0.0077274;2.5501e-12;
0.77401;0.00766775;2.53041e-12;
0.77411;0.00772742;2.5501e-12;
0.77421;0.00766773;2.5304e-12;
0.77431;0.00772744;2.55011e-12;
0.77441;0.00766771;2.5304e-12;
0.77451;0.00772746;2.55011e-12;
0.77461;0.00766769;2.53039e-12;
0.77471;0.00772748;2.55012e-12;
0.77481;0.00766767;2.53039e-12;
0.77491;0.00772749;2.55013e-12;
0.77501;0.00766765;2.53038e-12;
0.77511;0.00772751;2.55013e-12;
0.77521;0.00766764;2.53037e-12;
0.77531;0.00772753;2.55014e-12;
0.77541;0.00766762;2.53037e-12;
0.77551;0.00772755;2.55014e-12;
0.77561;0.0076676;2.53036e-12;
0.77571;0.00772757;2.55015e-12;
0.77581;0.00766758;2.53035e-12;
0.77591;0.00772758;2.55016e-12;
0.77601;0.00766756;2.53035e-12;
0.77611;0.0077276;2.55016e-12;
0.77621;0.00766754;2.53034e-12;
0.77631;0.00772762;2.55017e-12;
0.77641;0.00766752;2.53033e-12;
0.77651;0.00772764;2.55017e-12;
0.77661;0.0076675;2.53033e-12;
0.77671;0.00772765;2.55018e-12;
0.77681;0.00766748;2.53032e-12;
0.77691;0.00772767;2.55018e-12;
0.77701;0.00766746;2.53032e-12;
0.77711;0.00772769;2.55019e-12;
0.77721;0.00766744;2.53031e-12;
0.77731;0.00772771;2.5502e-12;
0.77741;0.00766742;2.5303e-12;
0.77751;0.00772772;2.5502e-12;
0.77761;0.00766741;2.5303e-12;
0.77771;0.00772774;2.55021e-12;
0.77781;0.00766739;2.53029e-12;
0.77791;0.00772776;2.55021e-12;
0.77801;0.00766737;2.53028e-12;
0.77811;0.00772778;2.55022e-12;
0.77821;0.00766735;2.53028e-12;
0.77831;0.00772779;2.55023e-12;
0.77841;0.00766733;2.53027e-12;
0.77851;0.00772781;2.55023e-12;
0.77861;0.00766731;2.53027e-12;
0.77871;0.00772783;2.55024e-12;
0.77881;0.00766729;2.53026e-12;
0.77891;0.00772785;2.55024e-12;
0.77901;0.00766727;2.53025e-12;
0.77911;0.00772786;2.55025e-12;
0.77921;0.00766725;2.53025e-12;
0.77931;0.00772788;2.55025e-12;
0.77941;0.00766723;2.53024e-12;
0.77951;0.0077279;2.55026e-12;
0.77961;0.00766722;2.53023e-12;
0.77971;0.00772792;2.55027e-12;
0.77981;0.0076672;2.53023e-12;
0.77991;0.00772793;2.55027e-12;
0.78001;0.00766718;2.53022e-12;
0.78011;0.00772795;2.55028e-12;
0.78021;0.00766716;2.53022e-12;
0.78031;0.00772797;2.55028e-12;
0.78041;0.00766714;2.53021e-12;
0.78051;0.00772799;2.55029e-12;
0.78061;0.00766712;2.5302e-12;
0.78071;0.007728;2.55029e-12;
0.78081;0.0076671;2.5302e-12;
0.78091;0.00772802;2.5503e-12;
0.78101;0.00766708;2.53019e-12;
0.78111;0.00772804;2.55031e-12;
0.78121;0.00766707;2.53018e-12;
0.78131;0.00772805;2.55031e-12;
0.78141;0.00766705;2.53018e-12;
0.78151;0.00772807;2.55032e-12;
0.78161;0.00766703;2.53017e-12;
0.78171;0.00772809;2.55032e-12;
0.78181;0.00766701;2.53017e-12;
0.78191;0.00772811;2.55033e-12;
0.78201;0.00766699;2.53016e-12;
0.78211;0.00772812;2.55033e-12;
0.78221;0.00766697;2.53015e-12;
0.78231;0.00772814;2.55034e-12;
0.78241;0.00766695;2.53015e-12;
0.78251;0.00772816;2.55035e-12;
0.78261;0.00766694;2.53014e-12;
0.78271;0.00772817;2.55035e-12;
0.78281;0.00766692;2.53014e-12;
0.78291;0.00772819;2.55036e-12;
0.78301;0.0076669;2.53013e-12;
0.78311;0.00772821;2.55036e-12;
0.78321;0.00766688;2.53012e-12;
0.78331;0.00772823;2.55037e-12;
0.78341;0.00766686;2.53012e-12;
0.78351;0.00772824;2.55037e-12;
0.78361;0.00766684;2.53011e-12;
0.78371;0.00772826;2.55038e-12;
0.78381;0.00766683;2.53011e-12;
0.78391;0.00772828;2.55038e-12;
0.78401;0.00766681;2.5301e-12;
0.78411;0.00772829;2.55039e-12;
0.78421;0.00766679;2.53009e-12;
0.78431;0.00772831;2.5504e-12;
0.78441;0.00766677;2.53009e-12;
0.78451;0.00772833;2.5504e-12;
0.78461;0.00766675;2.53008e-12;
0.78471;0.00772834;2.55041e-12;
0.78481;0.00766673;2.53008e-12;
0.78491;0.00772836;2.55041e-12;
0.78501;0.00766672;2.53007e-12;
0.78511;0.00772838;2.55042e-12;
0.78521;0.0076667;2.53006e-12;
0.78531;0.00772839;2.55042e-12;
0.78541;0.00766668;2.53006e-12;
0.78551;0.00772841;2.55043e-12;
0.78561;0.00766666;2.53005e-12;
0.78571;0.00772843;2.55043e-12;
0.78581;0.00766664;2.53005e-12;
0.78591;0.00772844;2.55044e-12;
0.78601;0.00766663;2.53004e-12;
0.78611;0.00772846;2.55045e-12;
0.78621;0.00766661;2.53003e-12;
0.78631;0.00772848;2.55045e-12;
0.78641;0.00766659;2.53003e-12;
0.78651;0.00772849;2.55046e-12;
0.78661;0.00766657;2.53002e-12;
0.78671;0.00772851;2.55046e-12;
0.78681;0.00766655;2.53002e-12;
0.78691;0.00772853;2.55047e-12;
0.78701;0.00766654;2.53001e-12;
0.78711;0.00772854;2.55047e-12;
0.78721;0.00766652;2.53e-12;
0.78731;0.00772856;2.55048e-12;
0.78741;0.0076665;2.53e-12;
0.78751;0.00772858;2.55048e-12;
0.78761;0.00766648;2.52999e-12;
0.78771;0.00772859;2.55049e-12;
0.78781;0.00766646;2.52999e-12;
0.78791;0.00772861;2.55049e-12;
0.78801;0.00766645;2.52998e-12;
0.78811;0.00772863;2.5505e-12;
0.78821;0.00766643;2.52997e-12;
0.78831;0.00772864;2.55051e-12;
0.78841;0.00766641;2.52997e-12;
0.78851;0.00772866;2.55051e-12;
0.78861;0.00766639;2.52996e-12;
0.78871;0.00772868;2.55052e-12;
0.78881;0.00766637;2.52996e-12;
0.78891;0.00772869;2.55052e-12;
0.78901;0.00766636;2.52995e-12;
0.78911;0.00772871;2.55053e-12;
0.78921;0.00766634;2.52994e-12;
0.78931;0.00772873;2.55053e-12;
0.78941;0.00766632;2.52994e-12;
0.78951;0.00772874;2.55054e-12;
0.78961;0.0076663;2.52993e-12;
0.78971;0.00772876;2.55054e-12;
0.78981;0.00766629;2.52993e-12;
0.78991;0.00772878;2.55055e-12;
0.79001;0.00766627;2.52992e-12;
0.79011;0.00772879;2.55055e-12;
0.79021;0.00766625;2.52992e-12;
0.79031;0.00772881;2.55056e-12;
0.79041;0.00766623;2.52991e-12;
0.79051;0.00772882;2.55057e-12;
0.79061;0.00766622;2.5299e-12;
0.79071;0.00772884;2.55057e-12;
0.79081;0.0076662;2.5299e-12;
0.79091;0.00772886;2.55058e-12;
0.79101;0.00766618;2.52989e-12;
0.79111;0.00772887;2.55058e-12;
0.79121;0.00766616;2.52989e-12;
0.79131;0.00772889;2.55059e-12;
0.79141;0.00766615;2.52988e-12;
0.79151;0.00772891;2.55059e-12;
0.79161;0.00766613;2.52987e-12;
0.79171;0.00772892;2.5506e-12;
0.79181;0.00766611;2.52987e-12;
0.79191;0.00772894;2.5506e-12;
0.79201;0.00766609;2.52986e-12;
0.79211;0.00772895;2.55061e-12;
0.79221;0.00766608;2.52986e-12;
0.79231;0.00772897;2.55061e-12;
0.79241;0.00766606;2.52985e-12;
0.79251;0.00772899;2.55062e-12;
0.79261;0.00766604;2.52985e-12;
0.79271;0.007729;2.55062e-12;
0.79281;0.00766602;2.52984e-12;
0.79291;0.00772902;2.55063e-12;
0.79301;0.00766601;2.52983e-12;
0.79311;0.00772903;2.55063e-12;
0.79321;0.00766599;2.52983e-12;
0.79331;0.00772905;2.55064e-12;
0.79341;0.00766597;2.52982e-12;
0.79351;0.00772907;2.55064e-12;
0.79361;0.00766595;2.52982e-12;
0.79371;0.00772908;2.55065e-12;
0.79381;0.00766594;2.52981e-12;
0.79391;0.0077291;2.55066e-12;
0.79401;0.00766592;2.52981e-12;
0.79411;0.00772911;2.55066e-12;
0.79421;0.0076659;2.5298e-12;
0.79431;0.00772913;2.55067e-12;
0.79441;0.00766589;2.52979e-12;
0.79451;0.00772915;2.55067e-12;
0.79461;0.00766587;2.52979e-12;
0.79471;0.00772916;2.55068e-12;
0.79481;0.00766585;2.52978e-12;
0.79491;0.00772918;2.55068e-12;
0.79501;0.00766583;2.52978e-12;
0.79511;0.00772919;2.55069e-12;
0.79521;0.00766582;2.52977e-12;
0.79531;0.00772921;2.55069e-12;
0.79541;0.0076658;2.52977e-12;
0.79551;0.00772922;2.5507e-12;
0.79561;0.00766578;2.52976e-12;
0.79571;0.00772924;2.5507e-12;
0.79581;0.00766577;2.52976e-12;
0.79591;0.00772926;2.55071e-12;
0.79601;0.00766575;2.52975e-12;
0.79611;0.00772927;2.55071e-12;
0.79621;0.00766573;2.52974e-12;
0.79631;0.00772929;2.55072e-12;
0.79641;0.00766571;2.52974e-12;
0.79651;0.0077293;2.55072e-12;
0.79661;0.0076657;2.52973e-12;
0.79671;0.00772932;2.55073e-12;
0.79681;0.00766568;2.52973e-12;
0.79691;0.00772933;2.55073e-12;
0.79701;0.00766566;2.52972e-12;
0.79711;0.00772935;2.55074e-12;
0.79721;0.00766565;2.52972e-12;
0.79731;0.00772937;2.55074e-12;
0.79741;0.00766563;2.52971e-12;
0.79751;0.00772938;2.55075e-12;
0.79761;0.00766561;2.52971e-12;
0.79771;0.0077294;2.55075e-12;
0.79781;0.0076656;2.5297e-12;
0.79791;0.00772941;2.55076e-12;
0.79801;0.00766558;2.52969e-12;
0.79811;0.00772943;2.55076e-12;
0.79821;0.00766556;2.52969e-12;
0.79831;0.00772944;2.55077e-12;
0.79841;0.00766555;2.52968e-12;
0.79851;0.00772946;2.55077e-12;
0.79861;0.00766553;2.52968e-12;
0.79871;0.00772947;2.55078e-12;
0.79881;0.00766551;2.52967e-12;
0.79891;0.00772949;2.55078e-12;
0.79901;0.0076655;2.52967e-12;
0.79911;0.00772951;2.55079e-12;
0.79921;0.00766548;2.52966e-12;
0.79931;0.00772952;2.5508e-12;
0.79941;0.00766546;2.52966e-12;
0.79951;0.00772954;2.5508e-12;
0.79961;0.00766545;2.52965e-12;
0.79971;0.00772955;2.55081e-12;
0.79981;0.00766543;2.52964e-12;
0.79991;0.00772957;2.55081e-12;
0.80001;0.00766541;2.52964e-12;
0.80011;0.00772958;2.55082e-12;
0.80021;0.0076654;2.52963e-12;
0.80031;0.0077296;2.55082e-12;
0.80041;0.00766538;2.52963e-12;
0.80051;0.00772961;2.55083e-12;
0.80061;0.00766536;2.52962e-12;
0.80071;0.00772963;2.55083e-12;
0.80081;0.00766535;2.52962e-12;
0.80091;0.00772964;2.55084e-12;
0.80101;0.00766533;2.52961e-12;
0.80111;0.00772966;2.55084e-12;
0.80121;0.00766531;2.52961e-12;
0.80131;0.00772967;2.55085e-12;
0.80141;0.0076653;2.5296e-12;
0.80151;0.00772969;2.55085e-12;
0.80161;0.00766528;2.5296e-12;
0.80171;0.0077297;2.55086e-12;
0.80181;0.00766526;2.52959e-12;
0.80191;0.00772972;2.55086e-12;
0.80201;0.00766525;2.52958e-12;
0.80211;0.00772973;2.55087e-12;
0.80221;0.00766523;2.52958e-12;
0.80231;0.00772975;2.55087e-12;
0.80241;0.00766522;2.52957e-12;
0.80251;0.00772976;2.55088e-12;
0.80261;0.0076652;2.52957e-12;
0.80271;0.00772978;2.55088e-12;
0.80281;0.00766518;2.52956e-12;
0.80291;0.00772979;2.55089e-12;
0.80301;0.00766517;2.52956e-12;
0.80311;0.00772981;2.55089e-12;
0.80321;0.00766515;2.52955e-12;
0.80331;0.00772982;2.5509e-12;
0.80341;0.00766513;2.52955e-12;
0.80351;0.00772984;2.5509e-12;
0.80361;0.00766512;2.52954e-12;
0.80371;0.00772985;2.55091e-12;
0.80381;0.0076651;2.52954e-12;
0.80391;0.00772987;2.55091e-12;
0.80401;0.00766509;2.52953e-12;
0.80411;0.00772988;2.55092e-12;
0.80421;0.00766507;2.52953e-12;
0.80431;0.0077299;2.55092e-12;
0.80441;0.00766505;2.52952e-12;
0.80451;0.00772991;2.55092e-12;
0.80461;0.00766504;2.52952e-12;
0.80471;0.00772993;2.55093e-12;
0.80481;0.00766502;2.52951e-12;
0.80491;0.00772994;2.55093e-12;
0.80501;0.00766501;2.5295e-12;
0.80511;0.00772996;2.55094e-12;
0.80521;0.00766499;2.5295e-12;
0.80531;0.00772997;2.55094e-12;
0.80541;0.00766497;2.52949e-12;
0.80551;0.00772999;2.55095e-12;
0.80561;0.00766496;2.52949e-12;
0.80571;0.00773;2.55095e-12;
0.80581;0.00766494;2.52948e-12;
0.80591;0.00773002;2.55096e-12;
0.80601;0.00766493;2.52948e-12;
0.80611;0.00773003;2.55096e-12;
0.80621;0.00766491;2.52947e-12;
0.80631;0.00773005;2.55097e-12;
0.80641;0.00766489;2.52947e-12;
0.80651;0.00773006;2.55097e-12;
0.80661;0.00766488;2.52946e-12;
0.80671;0.00773008;2.55098e-12;
0.80681;0.00766486;2.52946e-12;
0.80691;0.00773009;2.55098e-12;
0.80701;0.00766485;2.52945e-12;
0.80711;0.00773011;2.55099e-12;
0.80721;0.00766483;2.52945e-12;
0.80731;0.00773012;2.55099e-12;
0.80741;0.00766481;2.52944e-12;
0.80751;0.00773014;2.551e-12;
0.80761;0.0076648;2.52944e-12;
0.80771;0.00773015;2.551e-12;
0.80781;0.00766478;2.52943e-12;
0.80791;0.00773016;2.55101e-12;
0.80801;0.00766477;2.52943e-12;
0.80811;0.00773018;2.55101e-12;
0.80821;0.00766475;2.52942e-12;
0.80831;0.00773019;2.55102e-12;
0.80841;0.00766474;2.52942e-12;
0.80851;0.00773021;2.55102e-12;
0.80861;0.00766472;2.52941e-12;
0.80871;0.00773022;2.55103e-12;
0.80881;0.0076647;2.52941e-12;
0.80891;0.00773024;2.55103e-12;
0.80901;0.00766469;2.5294e-12;
0.80911;0.00773025;2.55104e-12;
0.80921;0.00766467;2.5294e-12;
0.80931;0.00773027;2.55104e-12;
0.80941;0.00766466;2.52939e-12;
0.80951;0.00773028;2.55105e-12;
0.80961;0.00766464;2.52938e-12;
0.80971;0.0077303;2.55105e-12;
0.80981;0.00766463;2.52938e-12;
0.80991;0.00773031;2.55106e-12;
0.81001;0.00766461;2.52937e-12;
0.81011;0.00773032;2.55106e-12;
0.81021;0.0076646;2.52937e-12;
0.81031;0.00773034;2.55106e-12;
0.81041;0.00766458;2.52936e-12;
0.81051;0.00773035;2.55107e-12;
0.81061;0.00766457;2.52936e-12;
0.81071;0.00773037;2.55107e-12;
0.81081;0.00766455;2.52935e-12;
0.81091;0.00773038;2.55108e-12;
0.81101;0.00766453;2.52935e-12;
0.81111;0.0077304;2.55108e-12;
0.81121;0.00766452;2.52934e-12;
0.81131;0.00773041;2.55109e-12;
0.81141;0.0076645;2.52934e-12;
0.81151;0.00773042;2.55109e-12;
0.81161;0.00766449;2.52933e-12;
0.81171;0.00773044;2.5511e-12;
0.81181;0.00766447;2.52933e-12;
0.81191;0.00773045;2.5511e-12;
0.81201;0.00766446;2.52932e-12;
0.81211;0.00773047;2.55111e-12;
0.81221;0.00766444;2.52932e-12;
0.81231;0.00773048;2.55111e-12;
0.81241;0.00766443;2.52931e-12;
0.81251;0.00773049;2.55112e-12;
0.81261;0.00766441;2.52931e-12;
0.81271;0.00773051;2.55112e-12;
0.81281;0.0076644;2.5293e-12;
0.81291;0.00773052;2.55113e-12;
0.81301;0.00766438;2.5293e-12;
0.81311;0.00773054;2.55113e-12;
0.81321;0.00766437;2.52929e-12;
0.81331;0.00773055;2.55114e-12;
0.81341;0.00766435;2.52929e-12;
0.81351;0.00773057;2.55114e-12;
0.81361;0.00766434;2.52928e-12;
0.81371;0.00773058;2.55114e-12;
0.81381;0.00766432;2.52928e-12;
0.81391;0.00773059;2.55115e-12;
0.81401;0.00766431;2.52927e-12;
0.81411;0.00773061;2.55115e-12;
0.81421;0.00766429;2.52927e-12;
0.81431;0.00773062;2.55116e-12;
0.81441;0.00766427;2.52926e-12;
0.81451;0.00773063;2.55116e-12;
0.81461;0.00766426;2.52926e-12;
0.81471;0.00773065;2.55117e-12;
0.81481;0.00766424;2.52925e-12;
0.81491;0.00773066;2.55117e-12;
0.81501;0.00766423;2.52925e-12;
0.81511;0.00773068;2.55118e-12;
0.81521;0.00766421;2.52924e-12;
0.81531;0.00773069;2.55118e-12;
0.81541;0.0076642;2.52924e-12;
0.81551;0.0077307;2.55119e-12;
0.81561;0.00766418;2.52923e-12;
0.81571;0.00773072;2.55119e-12;
0.81581;0.00766417;2.52923e-12;
0.81591;0.00773073;2.55119e-12;
0.81601;0.00766415;2.52922e-12;
0.81611;0.00773075;2.5512e-12;
0.81621;0.00766414;2.52922e-12;
0.81631;0.00773076;2.5512e-12;
0.81641;0.00766412;2.52921e-12;
0.81651;0.00773077;2.55121e-12;
0.81661;0.00766411;2.52921e-12;
0.81671;0.00773079;2.55121e-12;
0.81681;0.00766409;2.5292e-12;
0.81691;0.0077308;2.55122e-12;
0.81701;0.00766408;2.5292e-12;
0.81711;0.00773081;2.55122e-12;
0.81721;0.00766406;2.52919e-12;
0.81731;0.00773083;2.55123e-12;
0.81741;0.00766405;2.52919e-12;
0.81751;0.00773084;2.55123e-12;
0.81761;0.00766403;2.52918e-12;
0.81771;0.00773085;2.55123e-12;
0.81781;0.00766402;2.52918e-12;
0.81791;0.00773087;2.55124e-12;
0.81801;0.007664;2.52917e-12;
0.81811;0.00773088;2.55124e-12;
0.81821;0.00766399;2.52917e-12;
0.81831;0.00773089;2.55125e-12;
0.81841;0.00766397;2.52916e-12;
0.81851;0.0077309;2.55125e-12;
0.81861;0.00766396;2.52916e-12;
0.81871;0.00773092;2.55126e-12;
0.81881;0.00766394;2.52915e-12;
0.81891;0.00773093;2.55126e-12;
0.81901;0.00766392;2.52915e-12;
0.81911;0.00773094;2.55126e-12;
0.81921;0.00766391;2.52914e-12;
0.81931;0.00773095;2.55127e-12;
0.81941;0.00766389;2.52914e-12;
0.81951;0.00773097;2.55127e-12;
0.81961;0.00766387;2.52913e-12;
0.81971;0.00773098;2.55128e-12;
0.81981;0.00766386;2.52913e-12;
0.81991;0.00773099;2.55128e-12;
0.82001;0.00766384;2.52912e-12;
0.82011;0.007731;2.55128e-12;
0.82021;0.00766382;2.52911e-12;
0.82031;0.00773101;2.55129e-12;
0.82041;0.0076638;2.52911e-12;
0.82051;0.00773102;2.55129e-12;
0.82061;0.00766379;2.5291e-12;
0.82071;0.00773103;2.55129e-12;
0.82081;0.00766377;2.5291e-12;
0.82091;0.00773104;2.5513e-12;
0.82101;0.00766375;2.52909e-12;
0.82111;0.00773105;2.5513e-12;
0.82121;0.00766373;2.52908e-12;
0.82131;0.00773105;2.5513e-12;
0.82141;0.00766371;2.52908e-12;
0.82151;0.00773106;2.5513e-12;
0.82161;0.00766368;2.52907e-12;
0.82171;0.00773107;2.55131e-12;
0.82181;0.00766366;2.52906e-12;
0.82191;0.00773107;2.55131e-12;
0.82201;0.00766364;2.52905e-12;
0.82211;0.00773108;2.55131e-12;
0.82221;0.00766361;2.52905e-12;
0.82231;0.00773108;2.55131e-12;
0.82241;0.00766359;2.52904e-12;
0.82251;0.00773109;2.55131e-12;
0.82261;0.00766356;2.52903e-12;
0.82271;0.00773109;2.55131e-12;
0.82281;0.00766353;2.52902e-12;
0.82291;0.00773109;2.55131e-12;
0.82301;0.0076635;2.52901e-12;
0.82311;0.00773109;2.55131e-12;
0.82321;0.00766347;2.529e-12;
0.82331;0.00773109;2.55131e-12;
0.82341;0.00766344;2.52899e-12;
0.82351;0.00773109;2.55131e-12;
0.82361;0.00766341;2.52898e-12;
0.82371;0.00773109;2.55131e-12;
0.82381;0.00766338;2.52897e-12;
0.82391;0.00773108;2.55131e-12;
0.82401;0.00766334;2.52896e-12;
0.82411;0.00773108;2.55131e-12;
0.82421;0.0076633;2.52894e-12;
0.82431;0.00773107;2.55131e-12;
0.82441;0.00766327;2.52893e-12;
0.82451;0.00773106;2.5513e-12;
0.82461;0.00766323;2.52892e-12;
0.82471;0.00773105;2.5513e-12;
0.82481;0.00766318;2.5289e-12;
0.82491;0.00773104;2.5513e-12;
0.82501;0.00766314;2.52889e-12;
0.82511;0.00773103;2.55129e-12;
0.82521;0.0076631;2.52887e-12;
0.82531;0.00773102;2.55129e-12;
0.82541;0.00766305;2.52886e-12;
0.82551;0.007731;2.55128e-12;
0.82561;0.007663;2.52884e-12;
0.82571;0.00773098;2.55128e-12;
0.82581;0.00766295;2.52883e-12;
0.82591;0.00773097;2.55127e-12;
0.82601;0.0076629;2.52881e-12;
0.82611;0.00773095;2.55127e-12;
0.82621;0.00766285;2.52879e-12;
0.82631;0.00773093;2.55126e-12;
0.82641;0.00766279;2.52877e-12;
0.82651;0.00773091;2.55125e-12;
0.82661;0.00766273;2.52875e-12;
0.82671;0.00773088;2.55124e-12;
0.82681;0.00766267;2.52873e-12;
0.82691;0.00773086;2.55124e-12;
0.82701;0.00766261;2.52871e-12;
0.82711;0.00773083;2.55123e-12;
0.82721;0.00766255;2.52869e-12;
0.82731;0.0077308;2.55122e-12;
0.82741;0.00766248;2.52867e-12;
0.82751;0.00773077;2.55121e-12;
0.82761;0.00766241;2.52865e-12;
0.82771;0.00773074;2.5512e-12;
0.82781;0.00766234;2.52862e-12;
0.82791;0.0077307;2.55118e-12;
0.82801;0.00766226;2.5286e-12;
0.82811;0.00773066;2.55117e-12;
0.82821;0.00766219;2.52857e-12;
0.82831;0.00773063;2.55116e-12;
0.82841;0.00766211;2.52855e-12;
0.82851;0.00773058;2.55115e-12;
0.82861;0.00766202;2.52852e-12;
0.82871;0.00773054;2.55113e-12;
0.82881;0.00766193;2.52849e-12;
0.82891;0.00773049;2.55112e-12;
0.82901;0.00766184;2.52846e-12;
0.82911;0.00773045;2.5511e-12;
0.82921;0.00766175;2.52843e-12;
0.82931;0.00773039;2.55108e-12;
0.82941;0.00766165;2.5284e-12;
0.82951;0.00773034;2.55107e-12;
0.82961;0.00766155;2.52836e-12;
0.82971;0.00773028;2.55105e-12;
0.82981;0.00766144;2.52833e-12;
0.82991;0.00773022;2.55103e-12;
0.83001;0.00766132;2.52829e-12;
0.83011;0.00773015;2.551e-12;
0.83021;0.0076612;2.52825e-12;
0.83031;0.00773009;2.55098e-12;
0.83041;0.00766108;2.52821e-12;
0.83051;0.00773001;2.55096e-12;
0.83061;0.00766094;2.52816e-12;
0.83071;0.00772994;2.55093e-12;
0.83081;0.0076608;2.52812e-12;
0.83091;0.00772985;2.5509e-12;
0.83101;0.00766065;2.52807e-12;
0.83111;0.00772976;2.55088e-12;
0.83121;0.00766048;2.52801e-12;
0.83131;0.00772967;2.55084e-12;
0.83141;0.00766031;2.52796e-12;
0.83151;0.00772957;2.55081e-12;
0.83161;0.00766012;2.52789e-12;
0.83171;0.00772946;2.55077e-12;
0.83181;0.00765991;2.52782e-12;
0.83191;0.00772934;2.55074e-12;
0.83201;0.00765969;2.52775e-12;
0.83211;0.00772921;2.55069e-12;
0.83221;0.00765944;2.52767e-12;
0.83231;0.00772907;2.55065e-12;
0.83241;0.00765916;2.52758e-12;
0.83251;0.00772892;2.5506e-12;
0.83261;0.00765885;2.52747e-12;
0.83271;0.00772876;2.55054e-12;
0.83281;0.00765849;2.52736e-12;
0.83291;0.00772857;2.55048e-12;
0.83301;0.00765807;2.52722e-12;
0.83311;0.00772837;2.55041e-12;
0.83321;0.00765757;2.52705e-12;
0.83331;0.00772814;2.55034e-12;
0.83341;0.00765696;2.52685e-12;
0.83351;0.00772788;2.55025e-12;
0.83361;0.00765618;2.52659e-12;
0.83371;0.00772758;2.55015e-12;
0.83381;0.00765515;2.52625e-12;
0.83391;0.00772723;2.55004e-12;
0.83401;0.00765377;2.5258e-12;
0.83411;0.00772683;2.54991e-12;
0.83421;0.00765199;2.52521e-12;
0.83431;0.00772634;2.54975e-12;
0.83441;0.00764991;2.52452e-12;
0.83451;0.00772575;2.54955e-12;
0.83461;0.00764767;2.52379e-12;
0.83471;0.00772499;2.5493e-12;
0.83481;0.00764541;2.52304e-12;
0.83491;0.00772402;2.54898e-12;
0.83501;0.00764316;2.5223e-12;
0.83511;0.00772278;2.54857e-12;
0.83521;0.00764095;2.52157e-12;
0.83531;0.00772129;2.54808e-12;
0.83541;0.00763879;2.52085e-12;
0.83551;0.00771964;2.54754e-12;
0.83561;0.00763668;2.52016e-12;
0.83571;0.00771793;2.54697e-12;
0.83581;0.00763461;2.51947e-12;
0.83591;0.00771621;2.5464e-12;
0.83601;0.00763257;2.5188e-12;
0.83611;0.0077145;2.54584e-12;
0.83621;0.00763055;2.51813e-12;
0.83631;0.00771282;2.54528e-12;
0.83641;0.00762849;2.51746e-12;
0.83651;0.00771116;2.54474e-12;
0.83661;0.00762628;2.51672e-12;
0.83671;0.00770951;2.54419e-12;
0.83681;0.00762351;2.51581e-12;
0.83691;0.00770795;2.54368e-12;
0.83701;0.0076189;2.51429e-12;
0.83711;0.00770638;2.54316e-12;
0.83721;0.00760713;2.51041e-12;
0.83731;0.00770466;2.54259e-12;
0.837312;3.48335;1.59118;
0.837314;3.73728;1.83408;
0.837316;3.50216;1.60914;
0.837317;3.70641;1.8045;
0.837317;3.57234;1.67618;
0.837317;3.63349;1.73467;
0.837317;3.61186;1.71399;
0.837317;3.61309;1.71516;
0.837317;3.61418;1.7162;
0.837317;3.61316;1.71522;
0.837318;3.61406;1.71609;
0.837318;3.61324;1.7153;
0.837318;3.61399;1.71602;
0.837318;3.61329;1.71535;
0.837319;3.61396;1.71599;
0.837319;3.61331;1.71537;
0.83732;3.61394;1.71597;
0.83732;3.61332;1.71538;
0.837322;3.61393;1.71596;
0.837325;3.61333;1.71539;
0.83733;3.61393;1.71596;
0.83734;3.61333;1.71539;
0.837362;3.61393;1.71596;
0.837404;3.61333;1.71539;
0.837488;3.61393;1.71596;
0.837588;3.61333;1.71539;
0.837688;3.61393;1.71596;
0.837788;3.61333;1.71539;
0.837888;3.61393;1.71596;
0.837988;3.61333;1.71539;
0.838088;3.61393;1.71596;
0.838188;3.61333;1.71539;
0.838288;3.61393;1.71596;
0.838388;3.61333;1.71539;
0.838488;3.61393;1.71596;
0.838588;3.61333;1.71539;
0.838688;3.61393;1.71596;
0.838788;3.61333;1.71539;
0.838888;3.61393;1.71596;
0.838988;3.61333;1.71539;
0.839088;3.61393;1.71596;
0.839188;3.61333;1.71539;
0.839288;3.61393;1.71596;
0.839388;3.61333;1.71539;
0.839488;3.61393;1.71596;
0.839588;3.61333;1.71539;
0.839688;3.61393;1.71596;
0.839788;3.61333;1.71539;
0.839888;3.61393;1.71596;
0.839988;3.61333;1.71539;
0.840088;3.61393;1.71596;
0.840188;3.61333;1.71539;
0.840288;3.61393;1.71596;
0.840388;3.61333;1.71539;
0.840488;3.61393;1.71596;
0.840588;3.61333;1.71539;
0.840688;3.61393;1.71596;
0.840788;3.61333;1.71539;
0.840888;3.61393;1.71596;
0.840988;3.61333;1.71539;
0.841088;3.61393;1.71596;
0.841188;3.61333;1.71539;
0.841288;3.61393;1.71596;
0.841388;3.61333;1.71539;
0.841488;3.61393;1.71596;
0.841588;3.61333;1.71539;
0.841688;3.61393;1.71596;
0.841788;3.61333;1.71539;
0.841888;3.61393;1.71596;
0.841988;3.61333;1.71539;
0.842088;3.61393;1.71596;
0.842188;3.61333;1.71539;
0.842288;3.61393;1.71596;
0.842388;3.61333;1.71539;
0.842488;3.61393;1.71596;
0.842588;3.61333;1.71539;
0.842688;3.61393;1.71596;
0.842788;3.61333;1.71539;
0.842888;3.61393;1.71596;
0.842988;3.61333;1.71539;
0.843088;3.61393;1.71596;
0.843188;3.61333;1.71539;
0.843288;3.61393;1.71596;
0.843388;3.61333;1.71539;
0.843488;3.61393;1.71596;
0.843588;3.61333;1.71539;
0.843688;3.61393;1.71596;
0.843788;3.61333;1.71539;
0.843888;3.61393;1.71596;
0.843988;3.61333;1.71539;
0.844088;3.61393;1.71596;
0.844188;3.61333;1.71539;
0.844288;3.61393;1.71596;
0.844388;3.61333;1.71539;
0.844488;3.61393;1.71596;
0.844588;3.61333;1.71539;
0.844688;3.61393;1.71596;
0.844788;3.61333;1.71539;
0.844888;3.61393;1.71596;
0.844988;3.61333;1.71539;
0.845088;3.61393;1.71596;
0.845188;3.61333;1.71539;
0.845288;3.61393;1.71596;
0.845388;3.61333;1.71539;
0.845488;3.61393;1.71596;
0.845588;3.61333;1.71539;
0.845688;3.61393;1.71596;
0.845788;3.61333;1.71539;
0.845888;3.61393;1.71596;
0.845988;3.61333;1.71539;
0.846088;3.61393;1.71596;
0.846188;3.61333;1.71539;
0.846288;3.61393;1.71596;
0.846388;3.61333;1.71539;
0.846488;3.61393;1.71596;
0.846588;3.61333;1.71539;
0.846688;3.61393;1.71596;
0.846788;3.61333;1.71539;
0.846888;3.61393;1.71596;
0.846988;3.61333;1.71539;
0.847088;3.61393;1.71596;
0.847188;3.61333;1.71539;
0.847288;3.61393;1.71596;
0.847388;3.61333;1.71539;
0.847488;3.61393;1.71596;
0.847588;3.61333;1.71539;
0.847688;3.61393;1.71596;
0.847788;3.61333;1.71539;
0.847888;3.61393;1.71596;
0.847988;3.61333;1.71539;
0.848088;3.61393;1.71596;
0.848188;3.61333;1.71539;
0.848288;3.61393;1.71596;
0.848388;3.61333;1.71539;
0.848488;3.61393;1.71596;
0.848588;3.61333;1.71539;
0.848688;3.61393;1.71596;
0.848788;3.61334;1.71539;
0.848888;3.61393;1.71596;
0.848988;3.61334;1.71539;
0.849088;3.61393;1.71596;
0.849188;3.61334;1.71539;
0.849288;3.61392;1.71596;
0.849388;3.61334;1.71539;
0.849488;3.61392;1.71596;
0.849588;3.61334;1.71539;
0.849688;3.61392;1.71596;
0.849788;3.61334;1.71539;
0.849888;3.61392;1.71596;
0.849988;3.61334;1.71539;
0.850088;3.61392;1.71596;
0.850188;3.61334;1.71539;
0.850288;3.61392;1.71596;
0.850388;3.61334;1.71539;
0.850488;3.61392;1.71596;
0.850588;3.61334;1.71539;
0.850688;3.61392;1.71596;
0.850788;3.61334;1.71539;
0.850888;3.61392;1.71596;
0.850988;3.61334;1.71539;
0.851088;3.61392;1.71596;
0.851188;3.61334;1.71539;
0.851288;3.61392;1.71596;
0.851388;3.61334;1.71539;
0.851488;3.61392;1.71596;
0.851588;3.61334;1.71539;
0.851688;3.61392;1.71596;
0.851788;3.61334;1.71539;
0.851888;3.61392;1.71596;
0.851988;3.61334;1.71539;
0.852088;3.61392;1.71596;
0.852188;3.61334;1.71539;
0.852288;3.61392;1.71596;
0.852388;3.61334;1.71539;
0.852488;3.61392;1.71596;
0.852588;3.61334;1.71539;
0.852688;3.61392;1.71596;
0.852788;3.61334;1.71539;
0.852888;3.61392;1.71596;
0.852988;3.61334;1.71539;
0.853088;3.61392;1.71596;
0.853188;3.61334;1.71539;
0.853288;3.61392;1.71596;
0.853388;3.61334;1.71539;
0.853488;3.61392;1.71596;
0.853588;3.61334;1.71539;
0.853688;3.61392;1.71596;
0.853788;3.61334;1.71539;
0.853888;3.61392;1.71596;
0.853988;3.61334;1.71539;
0.854088;3.61392;1.71596;
0.854188;3.61334;1.71539;
0.854288;3.61392;1.71595;
0.854388;3.61334;1.71539;
0.854488;3.61392;1.71595;
0.854588;3.61334;1.71539;
0.854688;3.61392;1.71595;
0.854788;3.61334;1.71539;
0.854888;3.61392;1.71595;
0.854988;3.61334;1.71539;
0.855088;3.61392;1.71595;
0.855188;3.61334;1.7154;
0.855288;3.61392;1.71595;
0.855388;3.61334;1.7154;
0.855488;3.61392;1.71595;
0.855588;3.61334;1.7154;
0.855688;3.61392;1.71595;
0.855788;3.61334;1.7154;
0.855888;3.61392;1.71595;
0.855988;3.61334;1.7154;
0.856088;3.61392;1.71595;
0.856188;3.61334;1.7154;
0.856288;3.61392;1.71595;
0.856388;3.61334;1.7154;
0.856488;3.61392;1.71595;
0.856588;3.61334;1.7154;
0.856688;3.61392;1.71595;
0.856788;3.61334;1.7154;
0.856888;3.61392;1.71595;
0.856988;3.61334;1.7154;
0.857088;3.61392;1.71595;
0.857188;3.61334;1.7154;
0.857288;3.61392;1.71595;
0.857388;3.61334;1.7154;
0.857488;3.61392;1.71595;
0.857588;3.61334;1.7154;
0.857688;3.61392;1.71595;
0.857788;3.61334;1.7154;
0.857888;3.61392;1.71595;
0.857988;3.61334;1.7154;
0.858088;3.61392;1.71595;
0.858188;3.61334;1.7154;
0.858288;3.61392;1.71595;
0.858388;3.61334;1.7154;
0.858488;3.61392;1.71595;
0.858588;3.61334;1.7154;
0.858688;3.61392;1.71595;
0.858788;3.61334;1.7154;
0.858888;3.61392;1.71595;
0.858988;3.61334;1.7154;
0.859088;3.61392;1.71595;
0.859188;3.61334;1.7154;
0.859288;3.61392;1.71595;
0.859388;3.61334;1.7154;
0.859488;3.61392;1.71595;
0.859588;3.61334;1.7154;
0.859688;3.61392;1.71595;
0.859788;3.61334;1.7154;
0.859888;3.61392;1.71595;
0.859988;3.61334;1.7154;
0.860088;3.61392;1.71595;
0.860188;3.61334;1.7154;
0.860288;3.61392;1.71595;
0.860388;3.61334;1.7154;
0.860488;3.61392;1.71595;
0.860588;3.61334;1.7154;
0.860688;3.61392;1.71595;
0.860788;3.61334;1.7154;
0.860888;3.61392;1.71595;
0.860988;3.61334;1.7154;
0.861088;3.61392;1.71595;
0.861188;3.61334;1.7154;
0.861288;3.61392;1.71595;
0.861388;3.61334;1.7154;
0.861488;3.61392;1.71595;
0.861588;3.61334;1.7154;
0.861688;3.61392;1.71595;
0.861788;3.61334;1.7154;
0.861888;3.61392;1.71595;
0.861988;3.61334;1.7154;
0.862088;3.61392;1.71595;
0.862188;3.61334;1.7154;
0.862288;3.61392;1.71595;
0.862388;3.61334;1.7154;
0.862488;3.61392;1.71595;
0.862588;3.61334;1.7154;
0.862688;3.61392;1.71595;
0.862788;3.61334;1.7154;
0.862888;3.61392;1.71595;
0.862988;3.61334;1.7154;
0.863088;3.61392;1.71595;
0.863188;3.61334;1.7154;
0.863288;3.61392;1.71595;
0.863388;3.61334;1.7154;
0.863488;3.61392;1.71595;
0.863588;3.61334;1.7154;
0.863688;3.61392;1.71595;
0.863788;3.61334;1.7154;
0.863888;3.61392;1.71595;
0.863988;3.61334;1.7154;
0.864088;3.61392;1.71595;
0.864188;3.61334;1.7154;
0.864288;3.61392;1.71595;
0.864388;3.61334;1.7154;
0.864488;3.61392;1.71595;
0.864588;3.61334;1.7154;
0.864688;3.61392;1.71595;
0.864788;3.61334;1.7154;
0.864888;3.61392;1.71595;
0.864988;3.61334;1.7154;
0.865088;3.61392;1.71595;
0.865188;3.61334;1.7154;
0.865288;3.61392;1.71595;
0.865388;3.61334;1.7154;
0.865488;3.61392;1.71595;
0.865588;3.61334;1.7154;
0.865688;3.61392;1.71595;
0.865788;3.61334;1.7154;
0.865888;3.61392;1.71595;
0.865988;3.61334;1.7154;
0.866088;3.61392;1.71595;
0.866188;3.61334;1.7154;
0.866288;3.61392;1.71595;
0.866388;3.61334;1.7154;
0.866488;3.61392;1.71595;
0.866588;3.61334;1.7154;
0.866688;3.61392;1.71595;
0.866788;3.61334;1.7154;
0.866888;3.61392;1.71595;
0.866988;3.61334;1.7154;
0.867088;3.61392;1.71595;
0.867188;3.61334;1.7154;
0.867288;3.61392;1.71595;
0.867388;3.61334;1.7154;
0.867488;3.61392;1.71595;
0.867588;3.61334;1.7154;
0.867688;3.61392;1.71595;
0.867788;3.61334;1.7154;
0.867888;3.61392;1.71595;
0.867988;3.61334;1.7154;
0.868088;3.61392;1.71595;
0.868188;3.61334;1.7154;
0.868288;3.61392;1.71595;
0.868388;3.61334;1.7154;
0.868488;3.61392;1.71595;
0.868588;3.61334;1.7154;
0.868688;3.61392;1.71595;
0.868788;3.61334;1.7154;
0.868888;3.61392;1.71595;
0.868988;3.61334;1.7154;
0.869088;3.61392;1.71595;
0.869188;3.61334;1.7154;
0.869288;3.61392;1.71595;
0.869388;3.61334;1.7154;
0.869488;3.61392;1.71595;
0.869588;3.61334;1.7154;
0.869688;3.61392;1.71595;
0.869788;3.61334;1.7154;
0.869888;3.61392;1.71595;
0.869988;3.61334;1.7154;
0.870088;3.61392;1.71595;
0.870188;3.61334;1.7154;
0.870288;3.61392;1.71595;
0.870388;3.61334;1.7154;
0.870488;3.61392;1.71595;
0.870588;3.61334;1.7154;
0.870688;3.61392;1.71595;
0.870788;3.61334;1.7154;
0.870888;3.61392;1.71595;
0.870988;3.61334;1.7154;
0.871088;3.61392;1.71595;
0.871188;3.61334;1.7154;
0.871288;3.61392;1.71595;
0.871388;3.61334;1.7154;
0.871488;3.61392;1.71595;
0.871588;3.61334;1.7154;
0.871688;3.61392;1.71595;
0.871788;3.61334;1.7154;
0.871888;3.61392;1.71595;
0.871988;3.61334;1.7154;
0.872088;3.61392;1.71595;
0.872188;3.61334;1.7154;
0.872288;3.61392;1.71595;
0.872388;3.61334;1.7154;
0.872488;3.61392;1.71595;
0.872588;3.61334;1.7154;
0.872688;3.61392;1.71595;
0.872788;3.61334;1.7154;
0.872888;3.61392;1.71595;
0.872988;3.61334;1.7154;
0.873088;3.61392;1.71595;
0.873188;3.61334;1.7154;
0.873288;3.61392;1.71595;
0.873388;3.61334;1.7154;
0.873488;3.61392;1.71595;
0.873588;3.61334;1.7154;
0.873688;3.61392;1.71595;
0.873788;3.61335;1.7154;
0.873888;3.61392;1.71595;
0.873988;3.61335;1.7154;
0.874088;3.61391;1.71595;
0.874188;3.61335;1.7154;
0.874288;3.61391;1.71595;
0.874388;3.61335;1.7154;
0.874488;3.61391;1.71595;
0.874588;3.61335;1.7154;
0.874688;3.61391;1.71595;
0.874788;3.61335;1.7154;
0.874888;3.61391;1.71595;
0.874988;3.61335;1.7154;
0.875088;3.61391;1.71595;
0.875188;3.61335;1.7154;
0.875288;3.61391;1.71595;
0.875388;3.61335;1.7154;
0.875488;3.61391;1.71595;
0.875588;3.61335;1.7154;
0.875688;3.61391;1.71595;
0.875788;3.61335;1.7154;
0.875888;3.61391;1.71595;
0.875988;3.61335;1.7154;
0.876088;3.61391;1.71595;
0.876188;3.61335;1.7154;
0.876288;3.61391;1.71595;
0.876388;3.61335;1.7154;
0.876488;3.61391;1.71595;
0.876588;3.61335;1.7154;
0.876688;3.61391;1.71595;
0.876788;3.61335;1.7154;
0.876888;3.61391;1.71595;
0.876988;3.61335;1.7154;
0.877088;3.61391;1.71595;
0.877188;3.61335;1.7154;
0.877288;3.61391;1.71595;
0.877388;3.61335;1.7154;
0.877488;3.61391;1.71595;
0.877588;3.61335;1.7154;
0.877688;3.61391;1.71595;
0.877788;3.61335;1.7154;
0.877888;3.61391;1.71595;
0.877988;3.61335;1.7154;
0.878088;3.61391;1.71595;
0.878188;3.61335;1.7154;
0.878288;3.61391;1.71595;
0.878388;3.61335;1.7154;
0.878488;3.61391;1.71595;
0.878588;3.61335;1.7154;
0.878688;3.61391;1.71595;
0.878788;3.61335;1.7154;
0.878888;3.61391;1.71595;
0.878988;3.61335;1.7154;
0.879088;3.61391;1.71595;
0.879188;3.61335;1.7154;
0.879288;3.61391;1.71595;
0.879388;3.61335;1.7154;
0.879488;3.61391;1.71595;
0.879588;3.61335;1.7154;
0.879688;3.61391;1.71595;
0.879788;3.61335;1.7154;
0.879888;3.61391;1.71595;
0.879988;3.61335;1.7154;
0.880088;3.61391;1.71595;
0.880188;3.61335;1.7154;
0.880288;3.61391;1.71595;
0.880388;3.61335;1.7154;
0.880488;3.61391;1.71595;
0.880588;3.61335;1.7154;
0.880688;3.61391;1.71594;
0.880788;3.61335;1.7154;
0.880888;3.61391;1.71594;
0.880988;3.61335;1.7154;
0.881088;3.61391;1.71594;
0.881188;3.61335;1.7154;
0.881288;3.61391;1.71594;
0.881388;3.61335;1.7154;
0.881488;3.61391;1.71594;
0.881588;3.61335;1.7154;
0.881688;3.61391;1.71594;
0.881788;3.61335;1.7154;
0.881888;3.61391;1.71594;
0.881988;3.61335;1.71541;
0.882088;3.61391;1.71594;
0.882188;3.61335;1.71541;
0.882288;3.61391;1.71594;
0.882388;3.61335;1.71541;
0.882488;3.61391;1.71594;
0.882588;3.61335;1.71541;
0.882688;3.61391;1.71594;
0.882788;3.61335;1.71541;
0.882888;3.61391;1.71594;
0.882988;3.61335;1.71541;
0.883088;3.61391;1.71594;
0.883188;3.61335;1.71541;
0.883288;3.61391;1.71594;
0.883388;3.61335;1.71541;
0.883488;3.61391;1.71594;
0.883588;3.61335;1.71541;
0.883688;3.61391;1.71594;
0.883788;3.61335;1.71541;
0.883888;3.61391;1.71594;
0.883988;3.61335;1.71541;
0.884088;3.61391;1.71594;
0.884188;3.61335;1.71541;
0.884288;3.61391;1.71594;
0.884388;3.61335;1.71541;
0.884488;3.61391;1.71594;
0.884588;3.61335;1.71541;
0.884688;3.61391;1.71594;
0.884788;3.61335;1.71541;
0.884888;3.61391;1.71594;
0.884988;3.61335;1.71541;
0.885088;3.61391;1.71594;
0.885188;3.61335;1.71541;
0.885288;3.61391;1.71594;
0.885388;3.61335;1.71541;
0.885488;3.61391;1.71594;
0.885588;3.61335;1.71541;
0.885688;3.61391;1.71594;
0.885788;3.61335;1.71541;
0.885888;3.61391;1.71594;
0.885988;3.61335;1.71541;
0.886088;3.61391;1.71594;
0.886188;3.61335;1.71541;
0.886288;3.61391;1.71594;
0.886388;3.61335;1.71541;
0.886488;3.61391;1.71594;
0.886588;3.61335;1.71541;
0.886688;3.61391;1.71594;
0.886788;3.61335;1.71541;
0.886888;3.61391;1.71594;
0.886988;3.61335;1.71541;
0.887088;3.61391;1.71594;
0.887188;3.61335;1.71541;
0.887288;3.61391;1.71594;
0.887388;3.61335;1.71541;
0.887488;3.61391;1.71594;
0.887588;3.61335;1.71541;
0.887688;3.61391;1.71594;
0.887788;3.61335;1.71541;
0.887888;3.61391;1.71594;
0.887988;3.61335;1.71541;
0.888088;3.61391;1.71594;
0.888188;3.61335;1.71541;
0.888288;3.61391;1.71594;
0.888388;3.61335;1.71541;
0.888488;3.61391;1.71594;
0.888588;3.61335;1.71541;
0.888688;3.61391;1.71594;
0.888788;3.61335;1.71541;
0.888888;3.61391;1.71594;
0.888988;3.61335;1.71541;
0.889088;3.61391;1.71594;
0.889188;3.61335;1.71541;
0.889288;3.61391;1.71594;
0.889388;3.61335;1.71541;
0.889488;3.61391;1.71594;
0.889588;3.61335;1.71541;
0.889688;3.61391;1.71594;
0.889788;3.61335;1.71541;
0.889888;3.61391;1.71594;
0.889988;3.61335;1.71541;
0.890088;3.61391;1.71594;
0.890188;3.61335;1.71541;
0.890288;3.61391;1.71594;
0.890388;3.61335;1.71541;
0.890488;3.61391;1.71594;
0.890588;3.61335;1.71541;
0.890688;3.61391;1.71594;
0.890788;3.61335;1.71541;
0.890888;3.61391;1.71594;
0.890988;3.61335;1.71541;
0.891088;3.61391;1.71594;
0.891188;3.61335;1.71541;
0.891288;3.61391;1.71594;
0.891388;3.61335;1.71541;
0.891488;3.61391;1.71594;
0.891588;3.61335;1.71541;
0.891688;3.61391;1.71594;
0.891788;3.61335;1.71541;
0.891888;3.61391;1.71594;
0.891988;3.61335;1.71541;
0.892088;3.61391;1.71594;
0.892188;3.61335;1.71541;
0.892288;3.61391;1.71594;
0.892388;3.61335;1.71541;
0.892488;3.61391;1.71594;
0.892588;3.61335;1.71541;
0.892688;3.61391;1.71594;
0.892788;3.61335;1.71541;
0.892888;3.61391;1.71594;
0.892988;3.61335;1.71541;
0.893088;3.61391;1.71594;
0.893188;3.61335;1.71541;
0.893288;3.61391;1.71594;
0.893388;3.61335;1.71541;
0.893488;3.61391;1.71594;
0.893588;3.61335;1.71541;
0.893688;3.61391;1.71594;
0.893788;3.61335;1.71541;
0.893888;3.61391;1.71594;
0.893988;3.61335;1.71541;
0.894088;3.61391;1.71594;
0.894188;3.61335;1.71541;
0.894288;3.61391;1.71594;
0.894388;3.61335;1.71541;
0.894488;3.61391;1.71594;
0.894588;3.61335;1.71541;
0.894688;3.61391;1.71594;
0.894788;3.61335;1.71541;
0.894888;3.61391;1.71594;
0.894988;3.61335;1.71541;
0.895088;3.61391;1.71594;
0.895188;3.61335;1.71541;
0.895288;3.61391;1.71594;
0.895388;3.61335;1.71541;
0.895488;3.61391;1.71594;
0.895588;3.61335;1.71541;
0.895688;3.61391;1.71594;
0.895788;3.61335;1.71541;
0.895888;3.61391;1.71594;
0.895988;3.61335;1.71541;
0.896088;3.61391;1.71594;
0.896188;3.61335;1.71541;
0.896288;3.61391;1.71594;
0.896388;3.61335;1.71541;
0.896488;3.61391;1.71594;
0.896588;3.61335;1.71541;
0.896688;3.61391;1.71594;
0.896788;3.61335;1.71541;
0.896888;3.61391;1.71594;
0.896988;3.61335;1.71541;
0.897088;3.61391;1.71594;
0.897188;3.61335;1.71541;
0.897288;3.61391;1.71594;
0.897388;3.61335;1.71541;
0.897488;3.61391;1.71594;
0.897588;3.61335;1.71541;
0.897688;3.61391;1.71594;
0.897788;3.61335;1.71541;
0.897888;3.61391;1.71594;
0.897988;3.61335;1.71541;
0.898088;3.61391;1.71594;
0.898188;3.61335;1.71541;
0.898288;3.61391;1.71594;
0.898388;3.61335;1.71541;
0.898488;3.61391;1.71594;
0.898588;3.61335;1.71541;
0.898688;3.61391;1.71594;
0.898788;3.61335;1.71541;
0.898888;3.61391;1.71594;
0.898988;3.61335;1.71541;
0.899088;3.61391;1.71594;
0.899188;3.61335;1.71541;
0.899288;3.61391;1.71594;
0.899388;3.61335;1.71541;
0.899488;3.61391;1.71594;
0.899588;3.61335;1.71541;
0.899688;3.61391;1.71594;
0.899788;3.61335;1.71541;
0.899888;3.61391;1.71594;
0.899988;3.61335;1.71541;
0.900088;3.61391;1.71594;
0.900188;3.61335;1.71541;
0.900288;3.61391;1.71594;
0.900388;3.61336;1.71541;
0.900488;3.6139;1.71594;
0.900588;3.61336;1.71541;
0.900688;3.6139;1.71594;
0.900788;3.61336;1.71541;
0.900888;3.6139;1.71594;
0.900988;3.61336;1.71541;
0.901088;3.6139;1.71594;
0.901188;3.61336;1.71541;
0.901288;3.6139;1.71594;
0.901388;3.61336;1.71541;
0.901488;3.6139;1.71594;
0.901588;3.61336;1.71541;
0.901688;3.6139;1.71594;
0.901788;3.61336;1.71541;
0.901888;3.6139;1.71594;
0.901988;3.61336;1.71541;
0.902088;3.6139;1.71594;
0.902188;3.61336;1.71541;
0.902288;3.6139;1.71594;
0.902388;3.61336;1.71541;
0.902488;3.6139;1.71594;
0.902588;3.61336;1.71541;
0.902688;3.6139;1.71594;
0.902788;3.61336;1.71541;
0.902888;3.6139;1.71594;
0.902988;3.61336;1.71541;
0.903088;3.6139;1.71594;
0.903188;3.61336;1.71541;
0.903288;3.6139;1.71594;
0.903388;3.61336;1.71541;
0.903488;3.6139;1.71594;
0.903588;3.61336;1.71541;
0.903688;3.6139;1.71594;
0.903788;3.61336;1.71541;
0.903888;3.6139;1.71594;
0.903988;3.61336;1.71541;
0.904088;3.6139;1.71594;
0.904188;3.61336;1.71541;
0.904288;3.6139;1.71594;
0.904388;3.61336;1.71541;
0.904488;3.6139;1.71594;
0.904588;3.61336;1.71541;
0.904688;3.6139;1.71594;
0.904788;3.61336;1.71541;
0.904888;3.6139;1.71594;
0.904988;3.61336;1.71541;
0.905088;3.6139;1.71594;
0.905188;3.61336;1.71541;
0.905288;3.6139;1.71594;
0.905388;3.61336;1.71541;
0.905488;3.6139;1.71594;
0.905588;3.61336;1.71541;
0.905688;3.6139;1.71594;
0.905788;3.61336;1.71541;
0.905888;3.6139;1.71594;
0.905988;3.61336;1.71541;
0.906088;3.6139;1.71594;
0.906188;3.61336;1.71541;
0.906288;3.6139;1.71594;
0.906388;3.61336;1.71541;
0.906488;3.6139;1.71594;
0.906588;3.61336;1.71541;
0.906688;3.6139;1.71594;
0.906788;3.61336;1.71541;
0.906888;3.6139;1.71594;
0.906988;3.61336;1.71541;
0.907088;3.6139;1.71594;
0.907188;3.61336;1.71541;
0.907288;3.6139;1.71594;
0.907388;3.61336;1.71541;
0.907488;3.6139;1.71594;
0.907588;3.61336;1.71541;
0.907688;3.6139;1.71594;
0.907788;3.61336;1.71541;
0.907888;3.6139;1.71594;
0.907988;3.61336;1.71541;
0.908088;3.6139;1.71594;
0.908188;3.61336;1.71541;
0.908288;3.6139;1.71594;
0.908388;3.61336;1.71541;
0.908488;3.6139;1.71593;
0.908588;3.61336;1.71541;
0.908688;3.6139;1.71593;
0.908788;3.61336;1.71541;
0.908888;3.6139;1.71593;
0.908988;3.61336;1.71541;
0.909088;3.6139;1.71593;
0.909188;3.61336;1.71541;
0.909288;3.6139;1.71593;
0.909388;3.61336;1.71541;
0.909488;3.6139;1.71593;
0.909588;3.61336;1.71541;
0.909688;3.6139;1.71593;
0.909788;3.61336;1.71541;
0.909888;3.6139;1.71593;
0.909988;3.61336;1.71542;
0.910088;3.6139;1.71593;
0.910188;3.61336;1.71542;
0.910288;3.6139;1.71593;
0.910388;3.61336;1.71542;
0.910488;3.6139;1.71593;
0.910588;3.61336;1.71542;
0.910688;3.6139;1.71593;
0.910788;3.61336;1.71542;
0.910888;3.6139;1.71593;
0.910988;3.61336;1.71542;
0.911088;3.6139;1.71593;
0.911188;3.61336;1.71542;
0.911288;3.6139;1.71593;
0.911388;3.61336;1.71542;
0.911488;3.6139;1.71593;
0.911588;3.61336;1.71542;
0.911688;3.6139;1.71593;
0.911788;3.61336;1.71542;
0.911888;3.6139;1.71593;
0.911988;3.61336;1.71542;
0.912088;3.6139;1.71593;
0.912188;3.61336;1.71542;
0.912288;3.6139;1.71593;
0.912388;3.61336;1.71542;
0.912488;3.6139;1.71593;
0.912588;3.61336;1.71542;
0.912688;3.6139;1.71593;
0.912788;3.61336;1.71542;
0.912888;3.6139;1.71593;
0.912988;3.61336;1.71542;
0.913088;3.6139;1.71593;
0.913188;3.61336;1.71542;
0.913288;3.6139;1.71593;
0.913388;3.61336;1.71542;
0.913488;3.6139;1.71593;
0.913588;3.61336;1.71542;
0.913688;3.6139;1.71593;
0.913788;3.61336;1.71542;
0.913888;3.6139;1.71593;
0.913988;3.61336;1.71542;
0.914088;3.6139;1.71593;
0.914188;3.61336;1.71542;
0.914288;3.6139;1.71593;
0.914388;3.61336;1.71542;
0.914488;3.6139;1.71593;
0.914588;3.61336;1.71542;
0.914688;3.6139;1.71593;
0.914788;3.61336;1.71542;
0.914888;3.6139;1.71593;
0.914988;3.61336;1.71542;
0.915088;3.6139;1.71593;
0.915188;3.61336;1.71542;
0.915288;3.6139;1.71593;
0.915388;3.61336;1.71542;
0.915488;3.6139;1.71593;
0.915588;3.61336;1.71542;
0.915688;3.6139;1.71593;
0.915788;3.61336;1.71542;
0.915888;3.6139;1.71593;
0.915988;3.61336;1.71542;
0.916088;3.6139;1.71593;
0.916188;3.61336;1.71542;
0.916288;3.6139;1.71593;
0.916388;3.61336;1.71542;
0.916488;3.6139;1.71593;
0.916588;3.61336;1.71542;
0.916688;3.6139;1.71593;
0.916788;3.61336;1.71542;
0.916888;3.6139;1.71593;
0.916988;3.61336;1.71542;
0.917088;3.6139;1.71593;
0.917188;3.61336;1.71542;
0.917288;3.6139;1.71593;
0.917388;3.61336;1.71542;
0.917488;3.6139;1.71593;
0.917588;3.61336;1.71542;
0.917688;3.6139;1.71593;
0.917788;3.61336;1.71542;
0.917888;3.6139;1.71593;
0.917988;3.61336;1.71542;
0.918088;3.6139;1.71593;
0.918188;3.61336;1.71542;
0.918288;3.6139;1.71593;
0.918388;3.61336;1.71542;
0.918488;3.6139;1.71593;
0.918588;3.61336;1.71542;
0.918688;3.6139;1.71593;
0.918788;3.61336;1.71542;
0.918888;3.6139;1.71593;
0.918988;3.61336;1.71542;
0.919088;3.6139;1.71593;
0.919188;3.61336;1.71542;
0.919288;3.6139;1.71593;
0.919388;3.61336;1.71542;
0.919488;3.6139;1.71593;
0.919588;3.61336;1.71542;
0.919688;3.6139;1.71593;
0.919788;3.61336;1.71542;
0.919888;3.6139;1.71593;
0.919988;3.61336;1.71542;
0.920088;3.6139;1.71593;
0.920188;3.61336;1.71542;
0.920288;3.6139;1.71593;
0.920388;3.61336;1.71542;
0.920488;3.6139;1.71593;
0.920588;3.61336;1.71542;
0.920688;3.6139;1.71593;
0.920788;3.61336;1.71542;
0.920888;3.6139;1.71593;
0.920988;3.61336;1.71542;
0.921088;3.6139;1.71593;
0.921188;3.61336;1.71542;
0.921288;3.6139;1.71593;
0.921388;3.61336;1.71542;
0.921488;3.6139;1.71593;
0.921588;3.61336;1.71542;
0.921688;3.6139;1.71593;
0.921788;3.61336;1.71542;
0.921888;3.6139;1.71593;
0.921988;3.61336;1.71542;
0.922088;3.6139;1.71593;
0.922188;3.61336;1.71542;
0.922288;3.6139;1.71593;
0.922388;3.61336;1.71542;
0.922488;3.6139;1.71593;
0.922588;3.61336;1.71542;
0.922688;3.6139;1.71593;
0.922788;3.61336;1.71542;
0.922888;3.6139;1.71593;
0.922988;3.61336;1.71542;
0.923088;3.6139;1.71593;
0.923188;3.61336;1.71542;
0.923288;3.6139;1.71593;
0.923388;3.61336;1.71542;
0.923488;3.6139;1.71593;
0.923588;3.61336;1.71542;
0.923688;3.6139;1.71593;
0.923788;3.61336;1.71542;
0.923888;3.6139;1.71593;
0.923988;3.61336;1.71542;
0.924088;3.6139;1.71593;
0.924188;3.61336;1.71542;
0.924288;3.6139;1.71593;
0.924388;3.61336;1.71542;
0.924488;3.6139;1.71593;
0.924588;3.61336;1.71542;
0.924688;3.6139;1.71593;
0.924788;3.61336;1.71542;
0.924888;3.6139;1.71593;
0.924988;3.61336;1.71542;
0.925088;3.6139;1.71593;
0.925188;3.61336;1.71542;
0.925288;3.6139;1.71593;
0.925388;3.61336;1.71542;
0.925488;3.6139;1.71593;
0.925588;3.61336;1.71542;
0.925688;3.6139;1.71593;
0.925788;3.61336;1.71542;
0.925888;3.6139;1.71593;
0.925988;3.61336;1.71542;
0.926088;3.6139;1.71593;
0.926188;3.61336;1.71542;
0.926288;3.6139;1.71593;
0.926388;3.61336;1.71542;
0.926488;3.6139;1.71593;
0.926588;3.61336;1.71542;
0.926688;3.6139;1.71593;
0.926788;3.61336;1.71542;
0.926888;3.6139;1.71593;
0.926988;3.61336;1.71542;
0.927088;3.6139;1.71593;
0.927188;3.61336;1.71542;
0.927288;3.6139;1.71593;
0.927388;3.61336;1.71542;
0.927488;3.6139;1.71593;
0.927588;3.61336;1.71542;
0.927688;3.6139;1.71593;
0.927788;3.61336;1.71542;
0.927888;3.6139;1.71593;
0.927988;3.61337;1.71542;
0.928088;3.61389;1.71593;
0.928188;3.61337;1.71542;
0.928288;3.61389;1.71593;
0.928388;3.61337;1.71542;
0.928488;3.61389;1.71593;
0.928588;3.61337;1.71542;
0.928688;3.61389;1.71593;
0.928788;3.61337;1.71542;
0.928888;3.61389;1.71593;
0.928988;3.61337;1.71542;
0.929088;3.61389;1.71593;
0.929188;3.61337;1.71542;
0.929288;3.61389;1.71593;
0.929388;3.61337;1.71542;
0.929488;3.61389;1.71593;
0.929588;3.61337;1.71542;
0.929688;3.61389;1.71593;
0.929788;3.61337;1.71542;
0.929888;3.61389;1.71593;
0.929988;3.61337;1.71542;
0.930088;3.61389;1.71593;
0.930188;3.61337;1.71542;
0.930288;3.61389;1.71593;
0.930388;3.61337;1.71542;
0.930488;3.61389;1.71593;
0.930588;3.61337;1.71542;
0.930688;3.61389;1.71593;
0.930788;3.61337;1.71542;
0.930888;3.61389;1.71593;
0.930988;3.61337;1.71542;
0.931088;3.61389;1.71593;
0.931188;3.61337;1.71542;
0.931288;3.61389;1.71593;
0.931388;3.61337;1.71542;
0.931488;3.61389;1.71593;
0.931588;3.61337;1.71542;
0.931688;3.61389;1.71593;
0.931788;3.61337;1.71542;
0.931888;3.61389;1.71593;
0.931988;3.61337;1.71542;
0.932088;3.61389;1.71593;
0.932188;3.61337;1.71542;
0.932288;3.61389;1.71593;
0.932388;3.61337;1.71542;
0.932488;3.61389;1.71593;
0.932588;3.61337;1.71542;
0.932688;3.61389;1.71593;
0.932788;3.61337;1.71542;
0.932888;3.61389;1.71593;
0.932988;3.61337;1.71542;
0.933088;3.61389;1.71593;
0.933188;3.61337;1.71542;
0.933288;3.61389;1.71593;
0.933388;3.61337;1.71542;
0.933488;3.61389;1.71593;
0.933588;3.61337;1.71542;
0.933688;3.61389;1.71593;
0.933788;3.61337;1.71542;
0.933888;3.61389;1.71593;
0.933988;3.61337;1.71542;
0.934088;3.61389;1.71593;
0.934188;3.61337;1.71542;
0.934288;3.61389;1.71593;
0.934388;3.61337;1.71542;
0.934488;3.61389;1.71593;
0.934588;3.61337;1.71542;
0.934688;3.61389;1.71593;
0.934788;3.61337;1.71542;
0.934888;3.61389;1.71593;
0.934988;3.61337;1.71542;
0.935088;3.61389;1.71593;
0.935188;3.61337;1.71542;
0.935288;3.61389;1.71593;
0.935388;3.61337;1.71542;
0.935488;3.61389;1.71593;
0.935588;3.61337;1.71542;
0.935688;3.61389;1.71593;
0.935788;3.61337;1.71542;
0.935888;3.61389;1.71593;
0.935988;3.61337;1.71542;
0.936088;3.61389;1.71593;
0.936188;3.61337;1.71542;
0.936288;3.61389;1.71593;
0.936388;3.61337;1.71542;
0.936488;3.61389;1.71593;
0.936588;3.61337;1.71542;
0.936688;3.61389;1.71593;
0.936788;3.61337;1.71542;
0.936888;3.61389;1.71593;
0.936988;3.61337;1.71542;
0.937088;3.61389;1.71593;
0.937188;3.61337;1.71542;
0.937288;3.61389;1.71593;
0.937388;3.61337;1.71542;
0.937488;3.61389;1.71593;
0.937588;3.61337;1.71542;
0.937688;3.61389;1.71593;
0.937788;3.61337;1.71542;
0.937888;3.61389;1.71592;
0.937988;3.61337;1.71542;
0.938088;3.61389;1.71592;
0.938188;3.61337;1.71542;
0.938288;3.61389;1.71592;
0.938388;3.61337;1.71542;
0.938488;3.61389;1.71592;
0.938588;3.61337;1.71542;
0.938688;3.61389;1.71592;
0.938788;3.61337;1.71542;
0.938888;3.61389;1.71592;
0.938988;3.61337;1.71542;
0.939088;3.61389;1.71592;
0.939188;3.61337;1.71542;
0.939288;3.61389;1.71592;
0.939388;3.61337;1.71543;
0.939488;3.61389;1.71592;
0.939588;3.61337;1.71543;
0.939688;3.61389;1.71592;
0.939788;3.61337;1.71543;
0.939888;3.61389;1.71592;
0.939988;3.61337;1.71543;
0.940088;3.61389;1.71592;
0.940188;3.61337;1.71543;
0.940288;3.61389;1.71592;
0.940388;3.61337;1.71543;
0.940488;3.61389;1.71592;
0.940588;3.61337;1.71543;
0.940688;3.61389;1.71592;
0.940788;3.61337;1.71543;
0.940888;3.61389;1.71592;
0.940988;3.61337;1.71543;
0.941088;3.61389;1.71592;
0.941188;3.61337;1.71543;
0.941288;3.61389;1.71592;
0.941388;3.61337;1.71543;
0.941488;3.61389;1.71592;
0.941588;3.61337;1.71543;
0.941688;3.61389;1.71592;
0.941788;3.61337;1.71543;
0.941888;3.61389;1.71592;
0.941988;3.61337;1.71543;
0.942088;3.61389;1.71592;
0.942188;3.61337;1.71543;
0.942288;3.61389;1.71592;
0.942388;3.61337;1.71543;
0.942488;3.61389;1.71592;
0.942588;3.61337;1.71543;
0.942688;3.61389;1.71592;
0.942788;3.61337;1.71543;
0.942888;3.61389;1.71592;
0.942988;3.61337;1.71543;
0.943088;3.61389;1.71592;
0.943188;3.61337;1.71543;
0.943288;3.61389;1.71592;
0.943388;3.61337;1.71543;
0.943488;3.61389;1.71592;
0.943588;3.61337;1.71543;
0.943688;3.61389;1.71592;
0.943788;3.61337;1.71543;
0.943888;3.61389;1.71592;
0.943988;3.61337;1.71543;
0.944088;3.61389;1.71592;
0.944188;3.61337;1.71543;
0.944288;3.61389;1.71592;
0.944388;3.61337;1.71543;
0.944488;3.61389;1.71592;
0.944588;3.61337;1.71543;
0.944688;3.61389;1.71592;
0.944788;3.61337;1.71543;
0.944888;3.61389;1.71592;
0.944988;3.61337;1.71543;
0.945088;3.61389;1.71592;
0.945188;3.61337;1.71543;
0.945288;3.61389;1.71592;
0.945388;3.61337;1.71543;
0.945488;3.61389;1.71592;
0.945588;3.61337;1.71543;
0.945688;3.61389;1.71592;
0.945788;3.61337;1.71543;
0.945888;3.61389;1.71592;
0.945988;3.61337;1.71543;
0.946088;3.61389;1.71592;
0.946188;3.61337;1.71543;
0.946288;3.61389;1.71592;
0.946388;3.61337;1.71543;
0.946488;3.61389;1.71592;
0.946588;3.61337;1.71543;
0.946688;3.61389;1.71592;
0.946788;3.61337;1.71543;
0.946888;3.61389;1.71592;
0.946988;3.61337;1.71543;
0.947088;3.61389;1.71592;
0.947188;3.61337;1.71543;
0.947288;3.61389;1.71592;
0.947388;3.61337;1.71543;
0.947488;3.61389;1.71592;
0.947588;3.61337;1.71543;
0.947688;3.61389;1.71592;
0.947788;3.61337;1.71543;
0.947888;3.61389;1.71592;
0.947988;3.61337;1.71543;
0.948088;3.61389;1.71592;
0.948188;3.61337;1.71543;
0.948288;3.61389;1.71592;
0.948388;3.61337;1.71543;
0.948488;3.61389;1.71592;
0.948588;3.61337;1.71543;
0.948688;3.61389;1.71592;
0.948788;3.61337;1.71543;
0.948888;3.61389;1.71592;
0.948988;3.61337;1.71543;
0.949088;3.61389;1.71592;
0.949188;3.61337;1.71543;
0.949288;3.61389;1.71592;
0.949388;3.61337;1.71543;
0.949488;3.61389;1.71592;
0.949588;3.61337;1.71543;
0.949688;3.61389;1.71592;
0.949788;3.61337;1.71543;
0.949888;3.61389;1.71592;
0.949988;3.61337;1.71543;
0.950088;3.61389;1.71592;
0.950188;3.61337;1.71543;
0.950288;3.61389;1.71592;
0.950388;3.61337;1.71543;
0.950488;3.61389;1.71592;
0.950588;3.61337;1.71543;
0.950688;3.61389;1.71592;
0.950788;3.61337;1.71543;
0.950888;3.61389;1.71592;
0.950988;3.61337;1.71543;
0.951088;3.61389;1.71592;
0.951188;3.61337;1.71543;
0.951288;3.61389;1.71592;
0.951388;3.61337;1.71543;
0.951488;3.61389;1.71592;
0.951588;3.61337;1.71543;
0.951688;3.61389;1.71592;
0.951788;3.61337;1.71543;
0.951888;3.61389;1.71592;
0.951988;3.61337;1.71543;
0.952088;3.61389;1.71592;
0.952188;3.61337;1.71543;
0.952288;3.61389;1.71592;
0.952388;3.61337;1.71543;
0.952488;3.61389;1.71592;
0.952588;3.61337;1.71543;
0.952688;3.61389;1.71592;
0.952788;3.61337;1.71543;
0.952888;3.61389;1.71592;
0.952988;3.61337;1.71543;
0.953088;3.61389;1.71592;
0.953188;3.61337;1.71543;
0.953288;3.61389;1.71592;
0.953388;3.61337;1.71543;
0.953488;3.61389;1.71592;
0.953588;3.61337;1.71543;
0.953688;3.61389;1.71592;
0.953788;3.61337;1.71543;
0.953888;3.61389;1.71592;
0.953988;3.61337;1.71543;
0.954088;3.61389;1.71592;
0.954188;3.61337;1.71543;
0.954288;3.61389;1.71592;
0.954388;3.61337;1.71543;
0.954488;3.61389;1.71592;
0.954588;3.61337;1.71543;
0.954688;3.61389;1.71592;
0.954788;3.61337;1.71543;
0.954888;3.61389;1.71592;
0.954988;3.61337;1.71543;
0.955088;3.61389;1.71592;
0.955188;3.61337;1.71543;
0.955288;3.61389;1.71592;
0.955388;3.61337;1.71543;
0.955488;3.61389;1.71592;
0.955588;3.61337;1.71543;
0.955688;3.61389;1.71592;
0.955788;3.61337;1.71543;
0.955888;3.61389;1.71592;
0.955988;3.61337;1.71543;
0.956088;3.61389;1.71592;
0.956188;3.61337;1.71543;
0.956288;3.61389;1.71592;
0.956388;3.61337;1.71543;
0.956488;3.61389;1.71592;
0.956588;3.61337;1.71543;
0.956688;3.61389;1.71592;
0.956788;3.61337;1.71543;
0.956888;3.61389;1.71592;
0.956988;3.61338;1.71543;
0.957088;3.61388;1.71592;
0.957188;3.61338;1.71543;
0.957288;3.61388;1.71592;
0.957388;3.61338;1.71543;
0.957488;3.61388;1.71592;
0.957588;3.61338;1.71543;
0.957688;3.61388;1.71592;
0.957788;3.61338;1.71543;
0.957888;3.61388;1.71592;
0.957988;3.61338;1.71543;
0.958088;3.61388;1.71592;
0.958188;3.61338;1.71543;
0.958288;3.61388;1.71592;
0.958388;3.61338;1.71543;
0.958488;3.61388;1.71592;
0.958588;3.61338;1.71543;
0.958688;3.61388;1.71592;
0.958788;3.61338;1.71543;
0.958888;3.61388;1.71592;
0.958988;3.61338;1.71543;
0.959088;3.61388;1.71592;
0.959188;3.61338;1.71543;
0.959288;3.61388;1.71592;
0.959388;3.61338;1.71543;
0.959488;3.61388;1.71592;
0.959588;3.61338;1.71543;
0.959688;3.61388;1.71592;
0.959788;3.61338;1.71543;
0.959888;3.61388;1.71592;
0.959988;3.61338;1.71543;
0.960088;3.61388;1.71592;
0.960188;3.61338;1.71543;
0.960288;3.61388;1.71592;
0.960388;3.61338;1.71543;
0.960488;3.61388;1.71592;
0.960588;3.61338;1.71543;
0.960688;3.61388;1.71592;
0.960788;3.61338;1.71543;
0.960888;3.61388;1.71592;
0.960988;3.61338;1.71543;
0.961088;3.61388;1.71592;
0.961188;3.61338;1.71543;
0.961288;3.61388;1.71592;
0.961388;3.61338;1.71543;
0.961488;3.61388;1.71592;
0.961588;3.61338;1.71543;
0.961688;3.61388;1.71592;
0.961788;3.61338;1.71543;
0.961888;3.61388;1.71592;
0.961988;3.61338;1.71543;
0.962088;3.61388;1.71592;
0.962188;3.61338;1.71543;
0.962288;3.61388;1.71592;
0.962388;3.61338;1.71543;
0.962488;3.61388;1.71592;
0.962588;3.61338;1.71543;
0.962688;3.61388;1.71592;
0.962788;3.61338;1.71543;
0.962888;3.61388;1.71592;
0.962988;3.61338;1.71543;
0.963088;3.61388;1.71592;
0.963188;3.61338;1.71543;
0.963288;3.61388;1.71592;
0.963388;3.61338;1.71543;
0.963488;3.61388;1.71592;
0.963588;3.61338;1.71543;
0.963688;3.61388;1.71592;
0.963788;3.61338;1.71543;
0.963888;3.61388;1.71592;
0.963988;3.61338;1.71543;
0.964088;3.61388;1.71592;
0.964188;3.61338;1.71543;
0.964288;3.61388;1.71592;
0.964388;3.61338;1.71543;
0.964488;3.61388;1.71592;
0.964588;3.61338;1.71543;
0.964688;3.61388;1.71592;
0.964788;3.61338;1.71543;
0.964888;3.61388;1.71592;
0.964988;3.61338;1.71543;
0.965088;3.61388;1.71592;
0.965188;3.61338;1.71543;
0.965288;3.61388;1.71592;
0.965388;3.61338;1.71543;
0.965488;3.61388;1.71592;
0.965588;3.61338;1.71543;
0.965688;3.61388;1.71592;
0.965788;3.61338;1.71543;
0.965888;3.61388;1.71592;
0.965988;3.61338;1.71543;
0.966088;3.61388;1.71592;
0.966188;3.61338;1.71543;
0.966288;3.61388;1.71592;
0.966388;3.61338;1.71543;
0.966488;3.61388;1.71592;
0.966588;3.61338;1.71543;
0.966688;3.61388;1.71592;
0.966788;3.61338;1.71543;
0.966888;3.61388;1.71592;
0.966988;3.61338;1.71543;
0.967088;3.61388;1.71592;
0.967188;3.61338;1.71543;
0.967288;3.61388;1.71592;
0.967388;3.61338;1.71543;
0.967488;3.61388;1.71592;
0.967588;3.61338;1.71543;
0.967688;3.61388;1.71592;
0.967788;3.61338;1.71543;
0.967888;3.61388;1.71592;
0.967988;3.61338;1.71543;
0.968088;3.61388;1.71592;
0.968188;3.61338;1.71543;
0.968288;3.61388;1.71592;
0.968388;3.61338;1.71543;
0.968488;3.61388;1.71592;
0.968588;3.61338;1.71543;
0.968688;3.61388;1.71591;
0.968788;3.61338;1.71543;
0.968888;3.61388;1.71591;
0.968988;3.61338;1.71543;
0.969088;3.61388;1.71591;
0.969188;3.61338;1.71543;
0.969288;3.61388;1.71591;
0.969388;3.61338;1.71543;
0.969488;3.61388;1.71591;
0.969588;3.61338;1.71543;
0.969688;3.61388;1.71591;
0.969788;3.61338;1.71543;
0.969888;3.61388;1.71591;
0.969988;3.61338;1.71543;
0.970088;3.61388;1.71591;
0.970188;3.61338;1.71544;
0.970288;3.61388;1.71591;
0.970388;3.61338;1.71544;
0.970488;3.61388;1.71591;
0.970588;3.61338;1.71544;
0.970688;3.61388;1.71591;
0.970788;3.61338;1.71544;
0.970888;3.61388;1.71591;
0.970988;3.61338;1.71544;
0.971088;3.61388;1.71591;
0.971188;3.61338;1.71544;
0.971288;3.61388;1.71591;
0.971388;3.61338;1.71544;
0.971488;3.61388;1.71591;
0.971588;3.61338;1.71544;
0.971688;3.61388;1.71591;
0.971788;3.61338;1.71544;
0.971888;3.61388;1.71591;
0.971988;3.61338;1.71544;
0.972088;3.61388;1.71591;
0.972188;3.61338;1.71544;
0.972288;3.61388;1.71591;
0.972388;3.61338;1.71544;
0.972488;3.61388;1.71591;
0.972588;3.61338;1.71544;
0.972688;3.61388;1.71591;
0.972788;3.61338;1.71544;
0.972888;3.61388;1.71591;
0.972988;3.61338;1.71544;
0.973088;3.61388;1.71591;
0.973188;3.61338;1.71544;
0.973288;3.61388;1.71591;
0.973388;3.61338;1.71544;
0.973488;3.61388;1.71591;
0.973588;3.61338;1.71544;
0.973688;3.61388;1.71591;
0.973788;3.61338;1.71544;
0.973888;3.61388;1.71591;
0.973988;3.61338;1.71544;
0.974088;3.61388;1.71591;
0.974188;3.61338;1.71544;
0.974288;3.61388;1.71591;
0.974388;3.61338;1.71544;
0.974488;3.61388;1.71591;
0.974588;3.61338;1.71544;
0.974688;3.61388;1.71591;
0.974788;3.61338;1.71544;
0.974888;3.61388;1.71591;
0.974988;3.61338;1.71544;
0.975088;3.61388;1.71591;
0.975188;3.61338;1.71544;
0.975288;3.61388;1.71591;
0.975388;3.61338;1.71544;
0.975488;3.61388;1.71591;
0.975588;3.61338;1.71544;
0.975688;3.61388;1.71591;
0.975788;3.61338;1.71544;
0.975888;3.61388;1.71591;
0.975988;3.61338;1.71544;
0.976088;3.61388;1.71591;
0.976188;3.61338;1.71544;
0.976288;3.61388;1.71591;
0.976388;3.61338;1.71544;
0.976488;3.61388;1.71591;
0.976588;3.61338;1.71544;
0.976688;3.61388;1.71591;
0.976788;3.61338;1.71544;
0.976888;3.61388;1.71591;
0.976988;3.61338;1.71544;
0.977088;3.61388;1.71591;
0.977188;3.61338;1.71544;
0.977288;3.61388;1.71591;
0.977388;3.61338;1.71544;
0.977488;3.61388;1.71591;
0.977588;3.61338;1.71544;
0.977688;3.61388;1.71591;
0.977788;3.61338;1.71544;
0.977888;3.61388;1.71591;
0.977988;3.61338;1.71544;
0.978088;3.61388;1.71591;
0.978188;3.61338;1.71544;
0.978288;3.61388;1.71591;
0.978388;3.61338;1.71544;
0.978488;3.61388;1.71591;
0.978588;3.61338;1.71544;
0.978688;3.61388;1.71591;
0.978788;3.61338;1.71544;
0.978888;3.61388;1.71591;
0.978988;3.61338;1.71544;
0.979088;3.61388;1.71591;
0.979188;3.61338;1.71544;
0.979288;3.61388;1.71591;
0.979388;3.61338;1.71544;
0.979488;3.61388;1.71591;
0.979588;3.61338;1.71544;
0.979688;3.61388;1.71591;
0.979788;3.61338;1.71544;
0.979888;3.61388;1.71591;
0.979988;3.61338;1.71544;
0.980088;3.61388;1.71591;
0.980188;3.61338;1.71544;
0.980288;3.61388;1.71591;
0.980388;3.61338;1.71544;
0.980488;3.61388;1.71591;
0.980588;3.61338;1.71544;
0.980688;3.61388;1.71591;
0.980788;3.61338;1.71544;
0.980888;3.61388;1.71591;
0.980988;3.61338;1.71544;
0.981088;3.61388;1.71591;
0.981188;3.61338;1.71544;
0.981288;3.61388;1.71591;
0.981388;3.61338;1.71544;
0.981488;3.61388;1.71591;
0.981588;3.61338;1.71544;
0.981688;3.61388;1.71591;
0.981788;3.61338;1.71544;
0.981888;3.61388;1.71591;
0.981988;3.61338;1.71544;
0.982088;3.61388;1.71591;
0.982188;3.61338;1.71544;
0.982288;3.61388;1.71591;
0.982388;3.61338;1.71544;
0.982488;3.61388;1.71591;
0.982588;3.61338;1.71544;
0.982688;3.61388;1.71591;
0.982788;3.61338;1.71544;
0.982888;3.61388;1.71591;
0.982988;3.61338;1.71544;
0.983088;3.61388;1.71591;
0.983188;3.61338;1.71544;
0.983288;3.61388;1.71591;
0.983388;3.61338;1.71544;
0.983488;3.61388;1.71591;
0.983588;3.61338;1.71544;
0.983688;3.61388;1.71591;
0.983788;3.61338;1.71544;
0.983888;3.61388;1.71591;
0.983988;3.61338;1.71544;
0.984088;3.61388;1.71591;
0.984188;3.61338;1.71544;
0.984288;3.61388;1.71591;
0.984388;3.61338;1.71544;
0.984488;3.61388;1.71591;
0.984588;3.61338;1.71544;
0.984688;3.61388;1.71591;
0.984788;3.61338;1.71544;
0.984888;3.61388;1.71591;
0.984988;3.61338;1.71544;
0.985088;3.61388;1.71591;
0.985188;3.61338;1.71544;
0.985288;3.61388;1.71591;
0.985388;3.61338;1.71544;
0.985488;3.61388;1.71591;
0.985588;3.61338;1.71544;
0.985688;3.61388;1.71591;
0.985788;3.61338;1.71544;
0.985888;3.61388;1.71591;
0.985988;3.61338;1.71544;
0.986088;3.61388;1.71591;
0.986188;3.61338;1.71544;
0.986288;3.61388;1.71591;
0.986388;3.61338;1.71544;
0.986488;3.61388;1.71591;
0.986588;3.61338;1.71544;
0.986688;3.61388;1.71591;
0.986788;3.61338;1.71544;
0.986888;3.61388;1.71591;
0.986988;3.61338;1.71544;
0.987088;3.61388;1.71591;
0.987188;3.61338;1.71544;
0.987288;3.61388;1.71591;
0.987388;3.61338;1.71544;
0.987488;3.61388;1.71591;
0.987588;3.61339;1.71544;
0.987688;3.61387;1.71591;
0.987788;3.61339;1.71544;
0.987888;3.61387;1.71591;
0.987988;3.61339;1.71544;
0.988088;3.61387;1.71591;
0.988188;3.61339;1.71544;
0.988288;3.61387;1.71591;
0.988388;3.61339;1.71544;
0.988488;3.61387;1.71591;
0.988588;3.61339;1.71544;
0.988688;3.61387;1.71591;
0.988788;3.61339;1.71544;
0.988888;3.61387;1.71591;
0.988988;3.61339;1.71544;
0.989088;3.61387;1.71591;
0.989188;3.61339;1.71544;
0.989288;3.61387;1.71591;
0.989388;3.61339;1.71544;
0.989488;3.61387;1.71591;
0.989588;3.61339;1.71544;
0.989688;3.61387;1.71591;
0.989788;3.61339;1.71544;
0.989888;3.61387;1.71591;
0.989988;3.61339;1.71544;
0.990088;3.61387;1.71591;
0.990188;3.61339;1.71544;
0.990288;3.61387;1.71591;
0.990388;3.61339;1.71544;
0.990488;3.61387;1.71591;
0.990588;3.61339;1.71544;
0.990688;3.61387;1.71591;
0.990788;3.61339;1.71544;
0.990888;3.61387;1.71591;
0.990988;3.61339;1.71544;
0.991088;3.61387;1.71591;
0.991188;3.61339;1.71544;
0.991288;3.61387;1.71591;
0.991388;3.61339;1.71544;
0.991488;3.61387;1.71591;
0.991588;3.61339;1.71544;
0.991688;3.61387;1.71591;
0.991788;3.61339;1.71544;
0.991888;3.61387;1.71591;
0.991988;3.61339;1.71544;
0.992088;3.61387;1.71591;
0.992188;3.61339;1.71544;
0.992288;3.61387;1.71591;
0.992388;3.61339;1.71544;
0.992488;3.61387;1.71591;
0.992588;3.61339;1.71544;
0.992688;3.61387;1.71591;
0.992788;3.61339;1.71544;
0.992888;3.61387;1.71591;
0.992988;3.61339;1.71544;
0.993088;3.61387;1.71591;
0.993188;3.61339;1.71544;
0.993288;3.61387;1.71591;
0.993388;3.61339;1.71544;
0.993488;3.61387;1.71591;
0.993588;3.61339;1.71544;
0.993688;3.61387;1.71591;
0.993788;3.61339;1.71544;
0.993888;3.61387;1.71591;
0.993988;3.61339;1.71544;
0.994088;3.61387;1.71591;
0.994188;3.61339;1.71544;
0.994288;3.61387;1.71591;
0.994388;3.61339;1.71544;
0.994488;3.61387;1.71591;
0.994588;3.61339;1.71544;
0.994688;3.61387;1.71591;
0.994788;3.61339;1.71544;
0.994888;3.61387;1.71591;
0.994988;3.61339;1.71544;
0.995088;3.61387;1.71591;
0.995188;3.61339;1.71544;
0.995288;3.61387;1.71591;
0.995388;3.61339;1.71544;
0.995488;3.61387;1.71591;
0.995588;3.61339;1.71544;
0.995688;3.61387;1.71591;
0.995788;3.61339;1.71544;
0.995888;3.61387;1.71591;
0.995988;3.61339;1.71544;
0.996088;3.61387;1.71591;
0.996188;3.61339;1.71544;
0.996288;3.61387;1.71591;
0.996388;3.61339;1.71544;
0.996488;3.61387;1.71591;
0.996588;3.61339;1.71544;
0.996688;3.61387;1.71591;
0.996788;3.61339;1.71544;
0.996888;3.61387;1.71591;
0.996988;3.61339;1.71544;
0.997088;3.61387;1.71591;
0.997188;3.61339;1.71544;
0.997288;3.61387;1.71591;
0.997388;3.61339;1.71544;
0.997488;3.61387;1.71591;
0.997588;3.61339;1.71544;
0.997688;3.61387;1.71591;
0.997788;3.61339;1.71544;
0.997888;3.61387;1.71591;
0.997988;3.61339;1.71544;
0.998088;3.61387;1.71591;
0.998188;3.61339;1.71544;
0.998288;3.61387;1.71591;
0.998388;3.61339;1.71544;
0.998488;3.61387;1.71591;
0.998588;3.61339;1.71544;
0.998688;3.61387;1.71591;
0.998788;3.61339;1.71544;
0.998888;3.61387;1.71591;
0.998988;3.61339;1.71544;
0.999088;3.61387;1.71591;
0.999188;3.61339;1.71544;
0.999288;3.61387;1.71591;
0.999388;3.61339;1.71544;
0.999488;3.61387;1.71591;
0.999588;3.61339;1.71544;
0.999688;3.61387;1.71591;
0.999788;3.61339;1.71544;
0.999888;3.61387;1.71591;
0.999988;3.61339;1.71544;
1.00009;3.61387;1.71591;
1.00019;3.61339;1.71544;
1.00029;3.61387;1.71591;
1.00039;3.61339;1.71544;
1.00049;3.61387;1.71591;
1.00059;3.61339;1.71544;
1.00069;3.61387;1.71591;
1.00079;3.61339;1.71544;
1.00089;3.61387;1.71591;
1.00099;3.61339;1.71544;
1.00109;3.61387;1.71591;
1.00119;3.61339;1.71544;
1.00129;3.61387;1.7159;
1.00139;3.61339;1.71544;
1.00149;3.61387;1.7159;
1.00159;3.61339;1.71544;
1.00169;3.61387;1.7159;
1.00179;3.61339;1.71544;
1.00189;3.61387;1.7159;
1.00199;3.61339;1.71544;
1.00209;3.61387;1.7159;
1.00219;3.61339;1.71544;
1.00229;3.61387;1.7159;
1.00239;3.61339;1.71544;
1.00249;3.61387;1.7159;
1.00259;3.61339;1.71544;
1.00269;3.61387;1.7159;
1.00279;3.61339;1.71544;
1.00289;3.61387;1.7159;
1.00299;3.61339;1.71545;
1.00309;3.61387;1.7159;
1.00319;3.61339;1.71545;
1.00329;3.61387;1.7159;
1.00339;3.61339;1.71545;
1.00349;3.61387;1.7159;
1.00359;3.61339;1.71545;
1.00369;3.61387;1.7159;
1.00379;3.61339;1.71545;
1.00389;3.61387;1.7159;
1.00399;3.61339;1.71545;
1.00409;3.61387;1.7159;
1.00419;3.61339;1.71545;
1.00429;3.61387;1.7159;
1.00439;3.61339;1.71545;
1.00449;3.61387;1.7159;
1.00459;3.61339;1.71545;
1.00469;3.61387;1.7159;
1.00479;3.61339;1.71545;
1.00489;3.61387;1.7159;
1.00499;3.61339;1.71545;
1.00509;3.61387;1.7159;
1.00519;3.61339;1.71545;
1.00529;3.61387;1.7159;
1.00539;3.61339;1.71545;
1.00549;3.61387;1.7159;
1.00559;3.61339;1.71545;
1.00569;3.61387;1.7159;
1.00579;3.61339;1.71545;
1.00589;3.61387;1.7159;
1.00599;3.61339;1.71545;
1.00609;3.61387;1.7159;
1.00619;3.61339;1.71545;
1.00629;3.61387;1.7159;
1.00639;3.61339;1.71545;
1.00649;3.61387;1.7159;
1.00659;3.61339;1.71545;
1.00669;3.61387;1.7159;
1.00679;3.61339;1.71545;
1.00689;3.61387;1.7159;
1.00699;3.61339;1.71545;
1.00709;3.61387;1.7159;
1.00719;3.61339;1.71545;
1.00729;3.61387;1.7159;
1.00739;3.61339;1.71545;
1.00749;3.61387;1.7159;
1.00759;3.61339;1.71545;
1.00769;3.61387;1.7159;
1.00779;3.61339;1.71545;
1.00789;3.61387;1.7159;
1.00799;3.61339;1.71545;
1.00809;3.61387;1.7159;
1.00819;3.61339;1.71545;
1.00829;3.61387;1.7159;
1.00839;3.61339;1.71545;
1.00849;3.61387;1.7159;
1.00859;3.61339;1.71545;
1.00869;3.61387;1.7159;
1.00879;3.61339;1.71545;
1.00889;3.61387;1.7159;
1.00899;3.61339;1.71545;
1.00909;3.61387;1.7159;
1.00919;3.61339;1.71545;
1.00929;3.61387;1.7159;
1.00939;3.61339;1.71545;
1.00949;3.61387;1.7159;
1.00959;3.61339;1.71545;
1.00969;3.61387;1.7159;
1.00979;3.61339;1.71545;
1.00989;3.61387;1.7159;
1.00999;3.61339;1.71545;
1.01009;3.61387;1.7159;
1.01019;3.61339;1.71545;
1.01029;3.61387;1.7159;
1.01039;3.61339;1.71545;
1.01049;3.61387;1.7159;
1.01059;3.61339;1.71545;
1.01069;3.61387;1.7159;
1.01079;3.61339;1.71545;
1.01089;3.61387;1.7159;
1.01099;3.61339;1.71545;
1.01109;3.61387;1.7159;
1.01119;3.61339;1.71545;
1.01129;3.61387;1.7159;
1.01139;3.61339;1.71545;
1.01149;3.61387;1.7159;
1.01159;3.61339;1.71545;
1.01169;3.61387;1.7159;
1.01179;3.61339;1.71545;
1.01189;3.61387;1.7159;
1.01199;3.61339;1.71545;
1.01209;3.61387;1.7159;
1.01219;3.61339;1.71545;
1.01229;3.61387;1.7159;
1.01239;3.61339;1.71545;
1.01249;3.61387;1.7159;
1.01259;3.61339;1.71545;
1.01269;3.61387;1.7159;
1.01279;3.61339;1.71545;
1.01289;3.61387;1.7159;
1.01299;3.61339;1.71545;
1.01309;3.61387;1.7159;
1.01319;3.61339;1.71545;
1.01329;3.61387;1.7159;
1.01339;3.61339;1.71545;
1.01349;3.61387;1.7159;
1.01359;3.61339;1.71545;
1.01369;3.61387;1.7159;
1.01379;3.61339;1.71545;
1.01389;3.61387;1.7159;
1.01399;3.61339;1.71545;
1.01409;3.61387;1.7159;
1.01419;3.61339;1.71545;
1.01429;3.61387;1.7159;
1.01439;3.61339;1.71545;
1.01449;3.61387;1.7159;
1.01459;3.61339;1.71545;
1.01469;3.61387;1.7159;
1.01479;3.61339;1.71545;
1.01489;3.61387;1.7159;
1.01499;3.61339;1.71545;
1.01509;3.61387;1.7159;
1.01519;3.61339;1.71545;
1.01529;3.61387;1.7159;
1.01539;3.61339;1.71545;
1.01549;3.61387;1.7159;
1.01559;3.61339;1.71545;
1.01569;3.61387;1.7159;
1.01579;3.61339;1.71545;
1.01589;3.61387;1.7159;
1.01599;3.61339;1.71545;
1.01609;3.61387;1.7159;
1.01619;3.61339;1.71545;
1.01629;3.61387;1.7159;
1.01639;3.61339;1.71545;
1.01649;3.61387;1.7159;
1.01659;3.61339;1.71545;
1.01669;3.61387;1.7159;
1.01679;3.61339;1.71545;
1.01689;3.61387;1.7159;
1.01699;3.61339;1.71545;
1.01709;3.61387;1.7159;
1.01719;3.61339;1.71545;
1.01729;3.61387;1.7159;
1.01739;3.61339;1.71545;
1.01749;3.61387;1.7159;
1.01759;3.61339;1.71545;
1.01769;3.61387;1.7159;
1.01779;3.61339;1.71545;
1.01789;3.61387;1.7159;
1.01799;3.61339;1.71545;
1.01809;3.61387;1.7159;
1.01819;3.61339;1.71545;
1.01829;3.61387;1.7159;
1.01839;3.61339;1.71545;
1.01849;3.61387;1.7159;
1.01859;3.61339;1.71545;
1.01869;3.61387;1.7159;
1.01879;3.61339;1.71545;
1.01889;3.61387;1.7159;
1.01899;3.61339;1.71545;
1.01909;3.61387;1.7159;
1.01919;3.61339;1.71545;
1.01929;3.61387;1.7159;
1.01939;3.61339;1.71545;
1.01949;3.61387;1.7159;
1.01959;3.61339;1.71545;
1.01969;3.61387;1.7159;
1.01979;3.6134;1.71545;
1.01989;3.61386;1.7159;
1.01999;3.6134;1.71545;
1.02009;3.61386;1.7159;
1.02019;3.6134;1.71545;
1.02029;3.61386;1.7159;
1.02039;3.6134;1.71545;
1.02049;3.61386;1.7159;
1.02059;3.6134;1.71545;
1.02069;3.61386;1.7159;
1.02079;3.6134;1.71545;
1.02089;3.61386;1.7159;
1.02099;3.6134;1.71545;
1.02109;3.61386;1.7159;
1.02119;3.6134;1.71545;
1.02129;3.61386;1.7159;
1.02139;3.6134;1.71545;
1.02149;3.61386;1.7159;
1.02159;3.6134;1.71545;
1.02169;3.61386;1.7159;
1.02179;3.6134;1.71545;
1.02189;3.61386;1.7159;
1.02199;3.6134;1.71545;
1.02209;3.61386;1.7159;
1.02219;3.6134;1.71545;
1.02229;3.61386;1.7159;
1.02239;3.6134;1.71545;
1.02249;3.61386;1.7159;
1.02259;3.6134;1.71545;
1.02269;3.61386;1.7159;
1.02279;3.6134;1.71545;
1.02289;3.61386;1.7159;
1.02299;3.6134;1.71545;
1.02309;3.61386;1.7159;
1.02319;3.6134;1.71545;
1.02329;3.61386;1.7159;
1.02339;3.6134;1.71545;
1.02349;3.61386;1.7159;
1.02359;3.6134;1.71545;
1.02369;3.61386;1.7159;
1.02379;3.6134;1.71545;
1.02389;3.61386;1.7159;
1.02399;3.6134;1.71545;
1.02409;3.61386;1.7159;
1.02419;3.6134;1.71545;
1.02429;3.61386;1.7159;
1.02439;3.6134;1.71545;
1.02449;3.61386;1.7159;
1.02459;3.6134;1.71545;
1.02469;3.61386;1.7159;
1.02479;3.6134;1.71545;
1.02489;3.61386;1.7159;
1.02499;3.6134;1.71545;
1.02509;3.61386;1.7159;
1.02519;3.6134;1.71545;
1.02529;3.61386;1.7159;
1.02539;3.6134;1.71545;
1.02549;3.61386;1.7159;
1.02559;3.6134;1.71545;
1.02569;3.61386;1.7159;
1.02579;3.6134;1.71545;
1.02589;3.61386;1.7159;
1.02599;3.6134;1.71545;
1.02609;3.61386;1.7159;
1.02619;3.6134;1.71545;
1.02629;3.61386;1.7159;
1.02639;3.6134;1.71545;
1.02649;3.61386;1.7159;
1.02659;3.6134;1.71545;
1.02669;3.61386;1.7159;
1.02679;3.6134;1.71545;
1.02689;3.61386;1.7159;
1.02699;3.6134;1.71545;
1.02709;3.61386;1.7159;
1.02719;3.6134;1.71545;
1.02729;3.61386;1.7159;
1.02739;3.6134;1.71545;
1.02749;3.61386;1.7159;
1.02759;3.6134;1.71545;
1.02769;3.61386;1.7159;
1.02779;3.6134;1.71545;
1.02789;3.61386;1.7159;
1.02799;3.6134;1.71545;
1.02809;3.61386;1.7159;
1.02819;3.6134;1.71545;
1.02829;3.61386;1.7159;
1.02839;3.6134;1.71545;
1.02849;3.61386;1.7159;
1.02859;3.6134;1.71545;
1.02869;3.61386;1.7159;
1.02879;3.6134;1.71545;
1.02889;3.61386;1.7159;
1.02899;3.6134;1.71545;
1.02909;3.61386;1.7159;
1.02919;3.6134;1.71545;
1.02929;3.61386;1.7159;
1.02939;3.6134;1.71545;
1.02949;3.61386;1.7159;
1.02959;3.6134;1.71545;
1.02969;3.61386;1.7159;
1.02979;3.6134;1.71545;
1.02989;3.61386;1.7159;
1.02999;3.6134;1.71545;
1.03009;3.61386;1.7159;
1.03019;3.6134;1.71545;
1.03029;3.61386;1.7159;
1.03039;3.6134;1.71545;
1.03049;3.61386;1.7159;
1.03059;3.6134;1.71545;
1.03069;3.61386;1.7159;
1.03079;3.6134;1.71545;
1.03089;3.61386;1.7159;
1.03099;3.6134;1.71545;
1.03109;3.61386;1.7159;
1.03119;3.6134;1.71545;
1.03129;3.61386;1.7159;
1.03139;3.6134;1.71545;
1.03149;3.61386;1.7159;
1.03159;3.6134;1.71545;
1.03169;3.61386;1.7159;
1.03179;3.6134;1.71545;
1.03189;3.61386;1.7159;
1.03199;3.6134;1.71545;
1.03209;3.61386;1.7159;
1.03219;3.6134;1.71545;
1.03229;3.61386;1.7159;
1.03239;3.6134;1.71545;
1.03249;3.61386;1.7159;
1.03259;3.6134;1.71545;
1.03269;3.61386;1.7159;
1.03279;3.6134;1.71545;
1.03289;3.61386;1.7159;
1.03299;3.6134;1.71545;
1.03309;3.61386;1.7159;
1.03319;3.6134;1.71545;
1.03329;3.61386;1.7159;
1.03339;3.6134;1.71545;
1.03349;3.61386;1.7159;
1.03359;3.6134;1.71545;
1.03369;3.61386;1.7159;
1.03379;3.6134;1.71545;
1.03389;3.61386;1.7159;
1.03399;3.6134;1.71545;
1.03409;3.61386;1.7159;
1.03419;3.6134;1.71545;
1.03429;3.61386;1.7159;
1.03439;3.6134;1.71545;
1.03449;3.61386;1.7159;
1.03459;3.6134;1.71545;
1.03469;3.61386;1.7159;
1.03479;3.6134;1.71545;
1.03489;3.61386;1.7159;
1.03499;3.6134;1.71545;
1.03509;3.61386;1.7159;
1.03519;3.6134;1.71545;
1.03529;3.61386;1.7159;
1.03539;3.6134;1.71545;
1.03549;3.61386;1.7159;
1.03559;3.6134;1.71545;
1.03569;3.61386;1.7159;
1.03579;3.6134;1.71545;
1.03589;3.61386;1.71589;
1.03599;3.6134;1.71545;
1.03609;3.61386;1.71589;
1.03619;3.6134;1.71545;
1.03629;3.61386;1.71589;
1.03639;3.6134;1.71545;
1.03649;3.61386;1.71589;
1.03659;3.6134;1.71545;
1.03669;3.61386;1.71589;
1.03679;3.6134;1.71545;
1.03689;3.61386;1.71589;
1.03699;3.6134;1.71545;
1.03709;3.61386;1.71589;
1.03719;3.6134;1.71545;
1.03729;3.61386;1.71589;
1.03739;3.6134;1.71545;
1.03749;3.61386;1.71589;
1.03759;3.6134;1.71546;
1.03769;3.61386;1.71589;
1.03779;3.6134;1.71546;
1.03789;3.61386;1.71589;
1.03799;3.6134;1.71546;
1.03809;3.61386;1.71589;
1.03819;3.6134;1.71546;
1.03829;3.61386;1.71589;
1.03839;3.6134;1.71546;
1.03849;3.61386;1.71589;
1.03859;3.6134;1.71546;
1.03869;3.61386;1.71589;
1.03879;3.6134;1.71546;
1.03889;3.61386;1.71589;
1.03899;3.6134;1.71546;
1.03909;3.61386;1.71589;
1.03919;3.6134;1.71546;
1.03929;3.61386;1.71589;
1.03939;3.6134;1.71546;
1.03949;3.61386;1.71589;
1.03959;3.6134;1.71546;
1.03969;3.61386;1.71589;
1.03979;3.6134;1.71546;
1.03989;3.61386;1.71589;
1.03999;3.6134;1.71546;
1.04009;3.61386;1.71589;
1.04019;3.6134;1.71546;
1.04029;3.61386;1.71589;
1.04039;3.6134;1.71546;
1.04049;3.61386;1.71589;
1.04059;3.6134;1.71546;
1.04069;3.61386;1.71589;
1.04079;3.6134;1.71546;
1.04089;3.61386;1.71589;
1.04099;3.6134;1.71546;
1.04109;3.61386;1.71589;
1.04119;3.6134;1.71546;
1.04129;3.61386;1.71589;
1.04139;3.6134;1.71546;
1.04149;3.61386;1.71589;
1.04159;3.6134;1.71546;
1.04169;3.61386;1.71589;
1.04179;3.6134;1.71546;
1.04189;3.61386;1.71589;
1.04199;3.6134;1.71546;
1.04209;3.61386;1.71589;
1.04219;3.6134;1.71546;
1.04229;3.61386;1.71589;
1.04239;3.6134;1.71546;
1.04249;3.61386;1.71589;
1.04259;3.6134;1.71546;
1.04269;3.61386;1.71589;
1.04279;3.6134;1.71546;
1.04289;3.61386;1.71589;
1.04299;3.6134;1.71546;
1.04309;3.61386;1.71589;
1.04319;3.6134;1.71546;
1.04329;3.61386;1.71589;
1.04339;3.6134;1.71546;
1.04349;3.61386;1.71589;
1.04359;3.6134;1.71546;
1.04369;3.61386;1.71589;
1.04379;3.6134;1.71546;
1.04389;3.61386;1.71589;
1.04399;3.6134;1.71546;
1.04409;3.61386;1.71589;
1.04419;3.6134;1.71546;
1.04429;3.61386;1.71589;
1.04439;3.6134;1.71546;
1.04449;3.61386;1.71589;
1.04459;3.6134;1.71546;
1.04469;3.61386;1.71589;
1.04479;3.6134;1.71546;
1.04489;3.61386;1.71589;
1.04499;3.6134;1.71546;
1.04509;3.61386;1.71589;
1.04519;3.6134;1.71546;
1.04529;3.61386;1.71589;
1.04539;3.6134;1.71546;
1.04549;3.61386;1.71589;
1.04559;3.6134;1.71546;
1.04569;3.61386;1.71589;
1.04579;3.6134;1.71546;
1.04589;3.61386;1.71589;
1.04599;3.6134;1.71546;
1.04609;3.61386;1.71589;
1.04619;3.6134;1.71546;
1.04629;3.61386;1.71589;
1.04639;3.6134;1.71546;
1.04649;3.61386;1.71589;
1.04659;3.6134;1.71546;
1.04669;3.61386;1.71589;
1.04679;3.6134;1.71546;
1.04689;3.61386;1.71589;
1.04699;3.6134;1.71546;
1.04709;3.61386;1.71589;
1.04719;3.6134;1.71546;
1.04729;3.61386;1.71589;
1.04739;3.6134;1.71546;
1.04749;3.61386;1.71589;
1.04759;3.6134;1.71546;
1.04769;3.61386;1.71589;
1.04779;3.6134;1.71546;
1.04789;3.61386;1.71589;
1.04799;3.6134;1.71546;
1.04809;3.61386;1.71589;
1.04819;3.6134;1.71546;
1.04829;3.61386;1.71589;
1.04839;3.6134;1.71546;
1.04849;3.61386;1.71589;
1.04859;3.6134;1.71546;
1.04869;3.61386;1.71589;
1.04879;3.6134;1.71546;
1.04889;3.61386;1.71589;
1.04899;3.6134;1.71546;
1.04909;3.61386;1.71589;
1.04919;3.6134;1.71546;
1.04929;3.61386;1.71589;
1.04939;3.6134;1.71546;
1.04949;3.61386;1.71589;
1.04959;3.6134;1.71546;
1.04969;3.61386;1.71589;
1.04979;3.6134;1.71546;
1.04989;3.61386;1.71589;
1.04999;3.6134;1.71546;
1.05009;3.61386;1.71589;
1.05019;3.6134;1.71546;
1.05029;3.61386;1.71589;
1.05039;3.6134;1.71546;
1.05049;3.61386;1.71589;
1.05059;3.6134;1.71546;
1.05069;3.61386;1.71589;
1.05079;3.6134;1.71546;
1.05089;3.61386;1.71589;
1.05099;3.6134;1.71546;
1.05109;3.61386;1.71589;
1.05119;3.6134;1.71546;
1.05129;3.61386;1.71589;
1.05139;3.6134;1.71546;
1.05149;3.61386;1.71589;
1.05159;3.6134;1.71546;
1.05169;3.61386;1.71589;
1.05179;3.6134;1.71546;
1.05189;3.61386;1.71589;
1.05199;3.6134;1.71546;
1.05209;3.61386;1.71589;
1.05219;3.6134;1.71546;
1.05229;3.61386;1.71589;
1.05239;3.6134;1.71546;
1.05249;3.61386;1.71589;
1.05259;3.6134;1.71546;
1.05269;3.61386;1.71589;
1.05279;3.6134;1.71546;
1.05289;3.61386;1.71589;
1.05299;3.6134;1.71546;
1.05309;3.61386;1.71589;
1.05319;3.6134;1.71546;
1.05329;3.61386;1.71589;
1.05339;3.6134;1.71546;
1.05349;3.61386;1.71589;
1.05359;3.6134;1.71546;
1.05369;3.61386;1.71589;
1.05379;3.61341;1.71546;
1.05389;3.61386;1.71589;
1.05399;3.61341;1.71546;
1.05409;3.61385;1.71589;
1.05419;3.61341;1.71546;
1.05429;3.61385;1.71589;
1.05439;3.61341;1.71546;
1.05449;3.61385;1.71589;
1.05459;3.61341;1.71546;
1.05469;3.61385;1.71589;
1.05479;3.61341;1.71546;
1.05489;3.61385;1.71589;
1.05499;3.61341;1.71546;
1.05509;3.61385;1.71589;
1.05519;3.61341;1.71546;
1.05529;3.61385;1.71589;
1.05539;3.61341;1.71546;
1.05549;3.61385;1.71589;
1.05559;3.61341;1.71546;
1.05569;3.61385;1.71589;
1.05579;3.61341;1.71546;
1.05589;3.61385;1.71589;
1.05599;3.61341;1.71546;
1.05609;3.61385;1.71589;
1.05619;3.61341;1.71546;
1.05629;3.61385;1.71589;
1.05639;3.61341;1.71546;
1.05649;3.61385;1.71589;
1.05659;3.61341;1.71546;
1.05669;3.61385;1.71589;
1.05679;3.61341;1.71546;
1.05689;3.61385;1.71589;
1.05699;3.61341;1.71546;
1.05709;3.61385;1.71589;
1.05719;3.61341;1.71546;
1.05729;3.61385;1.71589;
1.05739;3.61341;1.71546;
1.05749;3.61385;1.71589;
1.05759;3.61341;1.71546;
1.05769;3.61385;1.71589;
1.05779;3.61341;1.71546;
1.05789;3.61385;1.71589;
1.05799;3.61341;1.71546;
1.05809;3.61385;1.71589;
1.05819;3.61341;1.71546;
1.05829;3.61385;1.71589;
1.05839;3.61341;1.71546;
1.05849;3.61385;1.71589;
1.05859;3.61341;1.71546;
1.05869;3.61385;1.71589;
1.05879;3.61341;1.71546;
1.05889;3.61385;1.71589;
1.05899;3.61341;1.71546;
1.05909;3.61385;1.71589;
1.05919;3.61341;1.71546;
1.05929;3.61385;1.71589;
1.05939;3.61341;1.71546;
1.05949;3.61385;1.71589;
1.05959;3.61341;1.71546;
1.05969;3.61385;1.71589;
1.05979;3.61341;1.71546;
1.05989;3.61385;1.71589;
1.05999;3.61341;1.71546;
1.06009;3.61385;1.71589;
1.06019;3.61341;1.71546;
1.06029;3.61385;1.71589;
1.06039;3.61341;1.71546;
1.06049;3.61385;1.71589;
1.06059;3.61341;1.71546;
1.06069;3.61385;1.71589;
1.06079;3.61341;1.71546;
1.06089;3.61385;1.71589;
1.06099;3.61341;1.71546;
1.06109;3.61385;1.71589;
1.06119;3.61341;1.71546;
1.06129;3.61385;1.71589;
1.06139;3.61341;1.71546;
1.06149;3.61385;1.71589;
1.06159;3.61341;1.71546;
1.06169;3.61385;1.71589;
1.06179;3.61341;1.71546;
1.06189;3.61385;1.71589;
1.06199;3.61341;1.71546;
1.06209;3.61385;1.71589;
1.06219;3.61341;1.71546;
1.06229;3.61385;1.71589;
1.06239;3.61341;1.71546;
1.06249;3.61385;1.71589;
1.06259;3.61341;1.71546;
1.06269;3.61385;1.71589;
1.06279;3.61341;1.71546;
1.06289;3.61385;1.71589;
1.06299;3.61341;1.71546;
1.06309;3.61385;1.71589;
1.06319;3.61341;1.71546;
1.06329;3.61385;1.71589;
1.06339;3.61341;1.71546;
1.06349;3.61385;1.71589;
1.06359;3.61341;1.71546;
1.06369;3.61385;1.71589;
1.06379;3.61341;1.71546;
1.06389;3.61385;1.71589;
1.06399;3.61341;1.71546;
1.06409;3.61385;1.71589;
1.06419;3.61341;1.71546;
1.06429;3.61385;1.71589;
1.06439;3.61341;1.71546;
1.06449;3.61385;1.71589;
1.06459;3.61341;1.71546;
1.06469;3.61385;1.71589;
1.06479;3.61341;1.71546;
1.06489;3.61385;1.71589;
1.06499;3.61341;1.71546;
1.06509;3.61385;1.71589;
1.06519;3.61341;1.71546;
1.06529;3.61385;1.71589;
1.06539;3.61341;1.71546;
1.06549;3.61385;1.71589;
1.06559;3.61341;1.71546;
1.06569;3.61385;1.71589;
1.06579;3.61341;1.71546;
1.06589;3.61385;1.71589;
1.06599;3.61341;1.71546;
1.06609;3.61385;1.71589;
1.06619;3.61341;1.71546;
1.06629;3.61385;1.71589;
1.06639;3.61341;1.71546;
1.06649;3.61385;1.71589;
1.06659;3.61341;1.71546;
1.06669;3.61385;1.71589;
1.06679;3.61341;1.71546;
1.06689;3.61385;1.71589;
1.06699;3.61341;1.71546;
1.06709;3.61385;1.71589;
1.06719;3.61341;1.71546;
1.06729;3.61385;1.71589;
1.06739;3.61341;1.71546;
1.06749;3.61385;1.71589;
1.06759;3.61341;1.71546;
1.06769;3.61385;1.71589;
1.06779;3.61341;1.71546;
1.06789;3.61385;1.71589;
1.06799;3.61341;1.71546;
1.06809;3.61385;1.71589;
1.06819;3.61341;1.71546;
1.06829;3.61385;1.71589;
1.06839;3.61341;1.71546;
1.06849;3.61385;1.71589;
1.06859;3.61341;1.71546;
1.06869;3.61385;1.71589;
1.06879;3.61341;1.71546;
1.06889;3.61385;1.71589;
1.06899;3.61341;1.71546;
1.06909;3.61385;1.71589;
1.06919;3.61341;1.71546;
1.06929;3.61385;1.71589;
1.06939;3.61341;1.71546;
1.06949;3.61385;1.71589;
1.06959;3.61341;1.71546;
1.06969;3.61385;1.71589;
1.06979;3.61341;1.71546;
1.06989;3.61385;1.71589;
1.06999;3.61341;1.71546;
1.07009;3.61385;1.71589;
1.07019;3.61341;1.71546;
1.07029;3.61385;1.71589;
1.07039;3.61341;1.71546;
1.07049;3.61385;1.71589;
1.07059;3.61341;1.71546;
1.07069;3.61385;1.71589;
1.07079;3.61341;1.71546;
1.07089;3.61385;1.71589;
1.07099;3.61341;1.71546;
1.07109;3.61385;1.71589;
1.07119;3.61341;1.71546;
1.07129;3.61385;1.71589;
1.07139;3.61341;1.71546;
1.07149;3.61385;1.71589;
1.07159;3.61341;1.71546;
1.07169;3.61385;1.71589;
1.07179;3.61341;1.71546;
1.07189;3.61385;1.71589;
1.07199;3.61341;1.71546;
1.07209;3.61385;1.71589;
1.07219;3.61341;1.71546;
1.07229;3.61385;1.71589;
1.07239;3.61341;1.71546;
1.07249;3.61385;1.71589;
1.07259;3.61341;1.71546;
1.07269;3.61385;1.71588;
1.07279;3.61341;1.71546;
1.07289;3.61385;1.71588;
1.07299;3.61341;1.71546;
1.07309;3.61385;1.71588;
1.07319;3.61341;1.71546;
1.07329;3.61385;1.71588;
1.07339;3.61341;1.71546;
1.07349;3.61385;1.71588;
1.07359;3.61341;1.71546;
1.07369;3.61385;1.71588;
1.07379;3.61341;1.71546;
1.07389;3.61385;1.71588;
1.07399;3.61341;1.71546;
1.07409;3.61385;1.71588;
1.07419;3.61341;1.71546;
1.07429;3.61385;1.71588;
1.07439;3.61341;1.71546;
1.07449;3.61385;1.71588;
1.07459;3.61341;1.71547;
1.07469;3.61385;1.71588;
1.07479;3.61341;1.71547;
1.07489;3.61385;1.71588;
1.07499;3.61341;1.71547;
1.07509;3.61385;1.71588;
1.07519;3.61341;1.71547;
1.07529;3.61385;1.71588;
1.07539;3.61341;1.71547;
1.07549;3.61385;1.71588;
1.07559;3.61341;1.71547;
1.07569;3.61385;1.71588;
1.07579;3.61341;1.71547;
1.07589;3.61385;1.71588;
1.07599;3.61341;1.71547;
1.07609;3.61385;1.71588;
1.07619;3.61341;1.71547;
1.07629;3.61385;1.71588;
1.07639;3.61341;1.71547;
1.07649;3.61385;1.71588;
1.07659;3.61341;1.71547;
1.07669;3.61385;1.71588;
1.07679;3.61341;1.71547;
1.07689;3.61385;1.71588;
1.07699;3.61341;1.71547;
1.07709;3.61385;1.71588;
1.07719;3.61341;1.71547;
1.07729;3.61385;1.71588;
1.07739;3.61341;1.71547;
1.07749;3.61385;1.71588;
1.07759;3.61341;1.71547;
1.07769;3.61385;1.71588;
1.07779;3.61341;1.71547;
1.07789;3.61385;1.71588;
1.07799;3.61341;1.71547;
1.07809;3.61385;1.71588;
1.07819;3.61341;1.71547;
1.07829;3.61385;1.71588;
1.07839;3.61341;1.71547;
1.07849;3.61385;1.71588;
1.07859;3.61341;1.71547;
1.07869;3.61385;1.71588;
1.07879;3.61341;1.71547;
1.07889;3.61385;1.71588;
1.07899;3.61341;1.71547;
1.07909;3.61385;1.71588;
1.07919;3.61341;1.71547;
1.07929;3.61385;1.71588;
1.07939;3.61341;1.71547;
1.07949;3.61385;1.71588;
1.07959;3.61341;1.71547;
1.07969;3.61385;1.71588;
1.07979;3.61341;1.71547;
1.07989;3.61385;1.71588;
1.07999;3.61341;1.71547;
1.08009;3.61385;1.71588;
1.08019;3.61341;1.71547;
1.08029;3.61385;1.71588;
1.08039;3.61341;1.71547;
1.08049;3.61385;1.71588;
1.08059;3.61341;1.71547;
1.08069;3.61385;1.71588;
1.08079;3.61341;1.71547;
1.08089;3.61385;1.71588;
1.08099;3.61341;1.71547;
1.08109;3.61385;1.71588;
1.08119;3.61341;1.71547;
1.08129;3.61385;1.71588;
1.08139;3.61341;1.71547;
1.08149;3.61385;1.71588;
1.08159;3.61341;1.71547;
1.08169;3.61385;1.71588;
1.08179;3.61341;1.71547;
1.08189;3.61385;1.71588;
1.08199;3.61341;1.71547;
1.08209;3.61385;1.71588;
1.08219;3.61341;1.71547;
1.08229;3.61385;1.71588;
1.08239;3.61341;1.71547;
1.08249;3.61385;1.71588;
1.08259;3.61341;1.71547;
1.08269;3.61385;1.71588;
1.08279;3.61341;1.71547;
1.08289;3.61385;1.71588;
1.08299;3.61341;1.71547;
1.08309;3.61385;1.71588;
1.08319;3.61341;1.71547;
1.08329;3.61385;1.71588;
1.08339;3.61341;1.71547;
1.08349;3.61385;1.71588;
1.08359;3.61341;1.71547;
1.08369;3.61385;1.71588;
1.08379;3.61341;1.71547;
1.08389;3.61385;1.71588;
1.08399;3.61341;1.71547;
1.08409;3.61385;1.71588;
1.08419;3.61341;1.71547;
1.08429;3.61385;1.71588;
1.08439;3.61341;1.71547;
1.08449;3.61385;1.71588;
1.08459;3.61341;1.71547;
1.08469;3.61385;1.71588;
1.08479;3.61341;1.71547;
1.08489;3.61385;1.71588;
1.08499;3.61341;1.71547;
1.08509;3.61385;1.71588;
1.08519;3.61341;1.71547;
1.08529;3.61385;1.71588;
1.08539;3.61341;1.71547;
1.08549;3.61385;1.71588;
1.08559;3.61341;1.71547;
1.08569;3.61385;1.71588;
1.08579;3.61341;1.71547;
1.08589;3.61385;1.71588;
1.08599;3.61341;1.71547;
1.08609;3.61385;1.71588;
1.08619;3.61341;1.71547;
1.08629;3.61385;1.71588;
1.08639;3.61341;1.71547;
1.08649;3.61385;1.71588;
1.08659;3.61341;1.71547;
1.08669;3.61385;1.71588;
1.08679;3.61341;1.71547;
1.08689;3.61385;1.71588;
1.08699;3.61341;1.71547;
1.08709;3.61385;1.71588;
1.08719;3.61341;1.71547;
1.08729;3.61385;1.71588;
1.08739;3.61341;1.71547;
1.08749;3.61385;1.71588;
1.08759;3.61341;1.71547;
1.08769;3.61385;1.71588;
1.08779;3.61341;1.71547;
1.08789;3.61385;1.71588;
1.08799;3.61341;1.71547;
1.08809;3.61385;1.71588;
1.08819;3.61341;1.71547;
1.08829;3.61385;1.71588;
1.08839;3.61341;1.71547;
1.08849;3.61385;1.71588;
1.08859;3.61341;1.71547;
1.08869;3.61385;1.71588;
1.08879;3.61341;1.71547;
1.08889;3.61385;1.71588;
1.08899;3.61341;1.71547;
1.08909;3.61385;1.71588;
1.08919;3.61341;1.71547;
1.08929;3.61385;1.71588;
1.08939;3.61341;1.71547;
1.08949;3.61385;1.71588;
1.08959;3.61341;1.71547;
1.08969;3.61385;1.71588;
1.08979;3.61341;1.71547;
1.08989;3.61385;1.71588;
1.08999;3.61341;1.71547;
1.09009;3.61385;1.71588;
1.09019;3.61342;1.71547;
1.09029;3.61385;1.71588;
1.09039;3.61342;1.71547;
1.09049;3.61384;1.71588;
1.09059;3.61342;1.71547;
1.09069;3.61384;1.71588;
1.09079;3.61342;1.71547;
1.09089;3.61384;1.71588;
1.09099;3.61342;1.71547;
1.09109;3.61384;1.71588;
1.09119;3.61342;1.71547;
1.09129;3.61384;1.71588;
1.09139;3.61342;1.71547;
1.09149;3.61384;1.71588;
1.09159;3.61342;1.71547;
1.09169;3.61384;1.71588;
1.09179;3.61342;1.71547;
1.09189;3.61384;1.71588;
1.09199;3.61342;1.71547;
1.09209;3.61384;1.71588;
1.09219;3.61342;1.71547;
1.09229;3.61384;1.71588;
1.09239;3.61342;1.71547;
1.09249;3.61384;1.71588;
1.09259;3.61342;1.71547;
1.09269;3.61384;1.71588;
1.09279;3.61342;1.71547;
1.09289;3.61384;1.71588;
1.09299;3.61342;1.71547;
1.09309;3.61384;1.71588;
1.09319;3.61342;1.71547;
1.09329;3.61384;1.71588;
1.09339;3.61342;1.71547;
1.09349;3.61384;1.71588;
1.09359;3.61342;1.71547;
1.09369;3.61384;1.71588;
1.09379;3.61342;1.71547;
1.09389;3.61384;1.71588;
1.09399;3.61342;1.71547;
1.09409;3.61384;1.71588;
1.09419;3.61342;1.71547;
1.09429;3.61384;1.71588;
1.09439;3.61342;1.71547;
1.09449;3.61384;1.71588;
1.09459;3.61342;1.71547;
1.09469;3.61384;1.71588;
1.09479;3.61342;1.71547;
1.09489;3.61384;1.71588;
1.09499;3.61342;1.71547;
1.09509;3.61384;1.71588;
1.09519;3.61342;1.71547;
1.09529;3.61384;1.71588;
1.09539;3.61342;1.71547;
1.09549;3.61384;1.71588;
1.09559;3.61342;1.71547;
1.09569;3.61384;1.71588;
1.09579;3.61342;1.71547;
1.09589;3.61384;1.71588;
1.09599;3.61342;1.71547;
1.09609;3.61384;1.71588;
1.09619;3.61342;1.71547;
1.09629;3.61384;1.71588;
1.09639;3.61342;1.71547;
1.09649;3.61384;1.71588;
1.09659;3.61342;1.71547;
1.09669;3.61384;1.71588;
1.09679;3.61342;1.71547;
1.09689;3.61384;1.71588;
1.09699;3.61342;1.71547;
1.09709;3.61384;1.71588;
1.09719;3.61342;1.71547;
1.09729;3.61384;1.71588;
1.09739;3.61342;1.71547;
1.09749;3.61384;1.71588;
1.09759;3.61342;1.71547;
1.09769;3.61384;1.71588;
1.09779;3.61342;1.71547;
1.09789;3.61384;1.71588;
1.09799;3.61342;1.71547;
1.09809;3.61384;1.71588;
1.09819;3.61342;1.71547;
1.09829;3.61384;1.71588;
1.09839;3.61342;1.71547;
1.09849;3.61384;1.71588;
1.09859;3.61342;1.71547;
1.09869;3.61384;1.71588;
1.09879;3.61342;1.71547;
1.09889;3.61384;1.71588;
1.09899;3.61342;1.71547;
1.09909;3.61384;1.71588;
1.09919;3.61342;1.71547;
1.09929;3.61384;1.71588;
1.09939;3.61342;1.71547;
1.09949;3.61384;1.71588;
1.09959;3.61342;1.71547;
1.09969;3.61384;1.71588;
1.09979;3.61342;1.71547;
1.09989;3.61384;1.71588;
1.09999;3.61342;1.71547;
1.10009;3.61384;1.71588;
1.10019;3.61342;1.71547;
1.10029;3.61384;1.71588;
1.10039;3.61342;1.71547;
1.10049;3.61384;1.71588;
1.10059;3.61342;1.71547;
1.10069;3.61384;1.71588;
1.10079;3.61342;1.71547;
1.10089;3.61384;1.71588;
1.10099;3.61342;1.71547;
1.10109;3.61384;1.71588;
1.10119;3.61342;1.71547;
1.10129;3.61384;1.71588;
1.10139;3.61342;1.71547;
1.10149;3.61384;1.71588;
1.10159;3.61342;1.71547;
1.10169;3.61384;1.71588;
1.10179;3.61342;1.71547;
1.10189;3.61384;1.71588;
1.10199;3.61342;1.71547;
1.10209;3.61384;1.71588;
1.10219;3.61342;1.71547;
1.10229;3.61384;1.71588;
1.10239;3.61342;1.71547;
1.10249;3.61384;1.71588;
1.10259;3.61342;1.71547;
1.10269;3.61384;1.71588;
1.10279;3.61342;1.71547;
1.10289;3.61384;1.71588;
1.10299;3.61342;1.71547;
1.10309;3.61384;1.71588;
1.10319;3.61342;1.71547;
1.10329;3.61384;1.71588;
1.10339;3.61342;1.71547;
1.10349;3.61384;1.71588;
1.10359;3.61342;1.71547;
1.10369;3.61384;1.71588;
1.10379;3.61342;1.71547;
1.10389;3.61384;1.71588;
1.10399;3.61342;1.71547;
1.10409;3.61384;1.71588;
1.10419;3.61342;1.71547;
1.10429;3.61384;1.71588;
1.10439;3.61342;1.71547;
1.10449;3.61384;1.71588;
1.10459;3.61342;1.71547;
1.10469;3.61384;1.71588;
1.10479;3.61342;1.71547;
1.10489;3.61384;1.71588;
1.10499;3.61342;1.71547;
1.10509;3.61384;1.71588;
1.10519;3.61342;1.71547;
1.10529;3.61384;1.71588;
1.10539;3.61342;1.71547;
1.10549;3.61384;1.71588;
1.10559;3.61342;1.71547;
1.10569;3.61384;1.71588;
1.10579;3.61342;1.71547;
1.10589;3.61384;1.71588;
1.10599;3.61342;1.71547;
1.10609;3.61384;1.71588;
1.10619;3.61342;1.71547;
1.10629;3.61384;1.71588;
1.10639;3.61342;1.71547;
1.10649;3.61384;1.71588;
1.10659;3.61342;1.71547;
1.10669;3.61384;1.71588;
1.10679;3.61342;1.71547;
1.10689;3.61384;1.71588;
1.10699;3.61342;1.71547;
1.10709;3.61384;1.71588;
1.10719;3.61342;1.71547;
1.10729;3.61384;1.71588;
1.10739;3.61342;1.71547;
1.10749;3.61384;1.71588;
1.10759;3.61342;1.71547;
1.10769;3.61384;1.71588;
1.10779;3.61342;1.71547;
1.10789;3.61384;1.71588;
1.10799;3.61342;1.71547;
1.10809;3.61384;1.71588;
1.10819;3.61342;1.71547;
1.10829;3.61384;1.71588;
1.10839;3.61342;1.71547;
1.10849;3.61384;1.71588;
1.10859;3.61342;1.71547;
1.10869;3.61384;1.71588;
1.10879;3.61342;1.71547;
1.10889;3.61384;1.71588;
1.10899;3.61342;1.71547;
1.10909;3.61384;1.71588;
1.10919;3.61342;1.71547;
1.10929;3.61384;1.71588;
1.10939;3.61342;1.71547;
1.10949;3.61384;1.71588;
1.10959;3.61342;1.71547;
1.10969;3.61384;1.71588;
1.10979;3.61342;1.71547;
1.10989;3.61384;1.71588;
1.10999;3.61342;1.71547;
1.11009;3.61384;1.71588;
1.11019;3.61342;1.71547;
1.11029;3.61384;1.71588;
1.11039;3.61342;1.71547;
1.11049;3.61384;1.71588;
1.11059;3.61342;1.71547;
1.11069;3.61384;1.71588;
1.11079;3.61342;1.71547;
1.11089;3.61384;1.71588;
1.11099;3.61342;1.71547;
1.11109;3.61384;1.71588;
1.11119;3.61342;1.71547;
1.11129;3.61384;1.71588;
1.11139;3.61342;1.71547;
1.11149;3.61384;1.71588;
1.11159;3.61342;1.71547;
1.11169;3.61384;1.71588;
1.11179;3.61342;1.71547;
1.11189;3.61384;1.71588;
1.11199;3.61342;1.71547;
1.11209;3.61384;1.71587;
1.11219;3.61342;1.71547;
1.11229;3.61384;1.71587;
1.11239;3.61342;1.71547;
1.11249;3.61384;1.71587;
1.11259;3.61342;1.71547;
1.11269;3.61384;1.71587;
1.11279;3.61342;1.71547;
1.11289;3.61384;1.71587;
1.11299;3.61342;1.71547;
1.11309;3.61384;1.71587;
1.11319;3.61342;1.71547;
1.11329;3.61384;1.71587;
1.11339;3.61342;1.71547;
1.11349;3.61384;1.71587;
1.11359;3.61342;1.71547;
1.11369;3.61384;1.71587;
1.11379;3.61342;1.71548;
1.11389;3.61384;1.71587;
1.11399;3.61342;1.71548;
1.11409;3.61384;1.71587;
1.11419;3.61342;1.71548;
1.11429;3.61384;1.71587;
1.11439;3.61342;1.71548;
1.11449;3.61384;1.71587;
1.11459;3.61342;1.71548;
1.11469;3.61384;1.71587;
1.11479;3.61342;1.71548;
1.11489;3.61384;1.71587;
1.11499;3.61342;1.71548;
1.11509;3.61384;1.71587;
1.11519;3.61342;1.71548;
1.11529;3.61384;1.71587;
1.11539;3.61342;1.71548;
1.11549;3.61384;1.71587;
1.11559;3.61342;1.71548;
1.11569;3.61384;1.71587;
1.11579;3.61342;1.71548;
1.11589;3.61384;1.71587;
1.11599;3.61342;1.71548;
1.11609;3.61384;1.71587;
1.11619;3.61342;1.71548;
1.11629;3.61384;1.71587;
1.11639;3.61342;1.71548;
1.11649;3.61384;1.71587;
1.11659;3.61342;1.71548;
1.11669;3.61384;1.71587;
1.11679;3.61342;1.71548;
1.11689;3.61384;1.71587;
1.11699;3.61342;1.71548;
1.11709;3.61384;1.71587;
1.11719;3.61342;1.71548;
1.11729;3.61384;1.71587;
1.11739;3.61342;1.71548;
1.11749;3.61384;1.71587;
1.11759;3.61342;1.71548;
1.11769;3.61384;1.71587;
1.11779;3.61342;1.71548;
1.11789;3.61384;1.71587;
1.11799;3.61342;1.71548;
1.11809;3.61384;1.71587;
1.11819;3.61342;1.71548;
1.11829;3.61384;1.71587;
1.11839;3.61342;1.71548;
1.11849;3.61384;1.71587;
1.11859;3.61342;1.71548;
1.11869;3.61384;1.71587;
1.11879;3.61342;1.71548;
1.11889;3.61384;1.71587;
1.11899;3.61342;1.71548;
1.11909;3.61384;1.71587;
1.11919;3.61342;1.71548;
1.11929;3.61384;1.71587;
1.11939;3.61342;1.71548;
1.11949;3.61384;1.71587;
1.11959;3.61342;1.71548;
1.11969;3.61384;1.71587;
1.11979;3.61342;1.71548;
1.11989;3.61384;1.71587;
1.11999;3.61342;1.71548;
1.12009;3.61384;1.71587;
1.12019;3.61342;1.71548;
1.12029;3.61384;1.71587;
1.12039;3.61342;1.71548;
1.12049;3.61384;1.71587;
1.12059;3.61342;1.71548;
1.12069;3.61384;1.71587;
1.12079;3.61342;1.71548;
1.12089;3.61384;1.71587;
1.12099;3.61342;1.71548;
1.12109;3.61384;1.71587;
1.12119;3.61342;1.71548;
1.12129;3.61384;1.71587;
1.12139;3.61342;1.71548;
1.12149;3.61384;1.71587;
1.12159;3.61342;1.71548;
1.12169;3.61384;1.71587;
1.12179;3.61342;1.71548;
1.12189;3.61384;1.71587;
1.12199;3.61342;1.71548;
1.12209;3.61384;1.71587;
1.12219;3.61342;1.71548;
1.12229;3.61384;1.71587;
1.12239;3.61342;1.71548;
1.12249;3.61384;1.71587;
1.12259;3.61342;1.71548;
1.12269;3.61384;1.71587;
1.12279;3.61342;1.71548;
1.12289;3.61384;1.71587;
1.12299;3.61342;1.71548;
1.12309;3.61384;1.71587;
1.12319;3.61342;1.71548;
1.12329;3.61384;1.71587;
1.12339;3.61342;1.71548;
1.12349;3.61384;1.71587;
1.12359;3.61342;1.71548;
1.12369;3.61384;1.71587;
1.12379;3.61342;1.71548;
1.12389;3.61384;1.71587;
1.12399;3.61342;1.71548;
1.12409;3.61384;1.71587;
1.12419;3.61342;1.71548;
1.12429;3.61384;1.71587;
1.12439;3.61342;1.71548;
1.12449;3.61384;1.71587;
1.12459;3.61342;1.71548;
1.12469;3.61384;1.71587;
1.12479;3.61342;1.71548;
1.12489;3.61384;1.71587;
1.12499;3.61342;1.71548;
1.12509;3.61384;1.71587;
1.12519;3.61342;1.71548;
1.12529;3.61384;1.71587;
1.12539;3.61342;1.71548;
1.12549;3.61384;1.71587;
1.12559;3.61342;1.71548;
1.12569;3.61384;1.71587;
1.12579;3.61342;1.71548;
1.12589;3.61384;1.71587;
1.12599;3.61342;1.71548;
1.12609;3.61384;1.71587;
1.12619;3.61342;1.71548;
1.12629;3.61384;1.71587;
1.12639;3.61342;1.71548;
1.12649;3.61384;1.71587;
1.12659;3.61342;1.71548;
1.12669;3.61384;1.71587;
1.12679;3.61342;1.71548;
1.12689;3.61384;1.71587;
1.12699;3.61342;1.71548;
1.12709;3.61384;1.71587;
1.12719;3.61342;1.71548;
1.12729;3.61384;1.71587;
1.12739;3.61342;1.71548;
1.12749;3.61384;1.71587;
1.12759;3.61342;1.71548;
1.12769;3.61384;1.71587;
1.12779;3.61342;1.71548;
1.12789;3.61384;1.71587;
1.12799;3.61342;1.71548;
1.12809;3.61384;1.71587;
1.12819;3.61342;1.71548;
1.12829;3.61384;1.71587;
1.12839;3.61342;1.71548;
1.12849;3.61384;1.71587;
1.12859;3.61342;1.71548;
1.12869;3.61384;1.71587;
1.12879;3.61343;1.71548;
1.12889;3.61384;1.71587;
1.12899;3.61343;1.71548;
1.12909;3.61384;1.71587;
1.12919;3.61343;1.71548;
1.12929;3.61383;1.71587;
1.12939;3.61343;1.71548;
1.12949;3.61383;1.71587;
1.12959;3.61343;1.71548;
1.12969;3.61383;1.71587;
1.12979;3.61343;1.71548;
1.12989;3.61383;1.71587;
1.12999;3.61343;1.71548;
1.13009;3.61383;1.71587;
1.13019;3.61343;1.71548;
1.13029;3.61383;1.71587;
1.13039;3.61343;1.71548;
1.13049;3.61383;1.71587;
1.13059;3.61343;1.71548;
1.13069;3.61383;1.71587;
1.13079;3.61343;1.71548;
1.13089;3.61383;1.71587;
1.13099;3.61343;1.71548;
1.13109;3.61383;1.71587;
1.13119;3.61343;1.71548;
1.13129;3.61383;1.71587;
1.13139;3.61343;1.71548;
1.13149;3.61383;1.71587;
1.13159;3.61343;1.71548;
1.13169;3.61383;1.71587;
1.13179;3.61343;1.71548;
1.13189;3.61383;1.71587;
1.13199;3.61343;1.71548;
1.13209;3.61383;1.71587;
1.13219;3.61343;1.71548;
1.13229;3.61383;1.71587;
1.13239;3.61343;1.71548;
1.13249;3.61383;1.71587;
1.13259;3.61343;1.71548;
1.13269;3.61383;1.71587;
1.13279;3.61343;1.71548;
1.13289;3.61383;1.71587;
1.13299;3.61343;1.71548;
1.13309;3.61383;1.71587;
1.13319;3.61343;1.71548;
1.13329;3.61383;1.71587;
1.13339;3.61343;1.71548;
1.13349;3.61383;1.71587;
1.13359;3.61343;1.71548;
1.13369;3.61383;1.71587;
1.13379;3.61343;1.71548;
1.13389;3.61383;1.71587;
1.13399;3.61343;1.71548;
1.13409;3.61383;1.71587;
1.13419;3.61343;1.71548;
1.13429;3.61383;1.71587;
1.13439;3.61343;1.71548;
1.13449;3.61383;1.71587;
1.13459;3.61343;1.71548;
1.13469;3.61383;1.71587;
1.13479;3.61343;1.71548;
1.13489;3.61383;1.71587;
1.13499;3.61343;1.71548;
1.13509;3.61383;1.71587;
1.13519;3.61343;1.71548;
1.13529;3.61383;1.71587;
1.13539;3.61343;1.71548;
1.13549;3.61383;1.71587;
1.13559;3.61343;1.71548;
1.13569;3.61383;1.71587;
1.13579;3.61343;1.71548;
1.13589;3.61383;1.71587;
1.13599;3.61343;1.71548;
1.13609;3.61383;1.71587;
1.13619;3.61343;1.71548;
1.13629;3.61383;1.71587;
1.13639;3.61343;1.71548;
1.13649;3.61383;1.71587;
1.13659;3.61343;1.71548;
1.13669;3.61383;1.71587;
1.13679;3.61343;1.71548;
1.13689;3.61383;1.71587;
1.13699;3.61343;1.71548;
1.13709;3.61383;1.71587;
1.13719;3.61343;1.71548;
1.13729;3.61383;1.71587;
1.13739;3.61343;1.71548;
1.13749;3.61383;1.71587;
1.13759;3.61343;1.71548;
1.13769;3.61383;1.71587;
1.13779;3.61343;1.71548;
1.13789;3.61383;1.71587;
1.13799;3.61343;1.71548;
1.13809;3.61383;1.71587;
1.13819;3.61343;1.71548;
1.13829;3.61383;1.71587;
1.13839;3.61343;1.71548;
1.13849;3.61383;1.71587;
1.13859;3.61343;1.71548;
1.13869;3.61383;1.71587;
1.13879;3.61343;1.71548;
1.13889;3.61383;1.71587;
1.13899;3.61343;1.71548;
1.13909;3.61383;1.71587;
1.13919;3.61343;1.71548;
1.13929;3.61383;1.71587;
1.13939;3.61343;1.71548;
1.13949;3.61383;1.71587;
1.13959;3.61343;1.71548;
1.13969;3.61383;1.71587;
1.13979;3.61343;1.71548;
1.13989;3.61383;1.71587;
1.13999;3.61343;1.71548;
1.14009;3.61383;1.71587;
1.14019;3.61343;1.71548;
1.14029;3.61383;1.71587;
1.14039;3.61343;1.71548;
1.14049;3.61383;1.71587;
1.14059;3.61343;1.71548;
1.14069;3.61383;1.71587;
1.14079;3.61343;1.71548;
1.14089;3.61383;1.71587;
1.14099;3.61343;1.71548;
1.14109;3.61383;1.71587;
1.14119;3.61343;1.71548;
1.14129;3.61383;1.71587;
1.14139;3.61343;1.71548;
1.14149;3.61383;1.71587;
1.14159;3.61343;1.71548;
1.14169;3.61383;1.71587;
1.14179;3.61343;1.71548;
1.14189;3.61383;1.71587;
1.14199;3.61343;1.71548;
1.14209;3.61383;1.71587;
1.14219;3.61343;1.71548;
1.14229;3.61383;1.71587;
1.14239;3.61343;1.71548;
1.14249;3.61383;1.71587;
1.14259;3.61343;1.71548;
1.14269;3.61383;1.71587;
1.14279;3.61343;1.71548;
1.14289;3.61383;1.71587;
1.14299;3.61343;1.71548;
1.14309;3.61383;1.71587;
1.14319;3.61343;1.71548;
1.14329;3.61383;1.71587;
1.14339;3.61343;1.71548;
1.14349;3.61383;1.71587;
1.14359;3.61343;1.71548;
1.14369;3.61383;1.71587;
1.14379;3.61343;1.71548;
1.14389;3.61383;1.71587;
1.14399;3.61343;1.71548;
1.14409;3.61383;1.71587;
1.14419;3.61343;1.71548;
1.14429;3.61383;1.71587;
1.14439;3.61343;1.71548;
1.14449;3.61383;1.71587;
1.14459;3.61343;1.71548;
1.14469;3.61383;1.71587;
1.14479;3.61343;1.71548;
1.14489;3.61383;1.71587;
1.14499;3.61343;1.71548;
1.14509;3.61383;1.71587;
1.14519;3.61343;1.71548;
1.14529;3.61383;1.71587;
1.14539;3.61343;1.71548;
1.14549;3.61383;1.71587;
1.14559;3.61343;1.71548;
1.14569;3.61383;1.71587;
1.14579;3.61343;1.71548;
1.14589;3.61383;1.71587;
1.14599;3.61343;1.71548;
1.14609;3.61383;1.71587;
1.14619;3.61343;1.71548;
1.14629;3.61383;1.71587;
1.14639;3.61343;1.71548;
1.14649;3.61383;1.71587;
1.14659;3.61343;1.71548;
1.14669;3.61383;1.71587;
1.14679;3.61343;1.71548;
1.14689;3.61383;1.71587;
1.14699;3.61343;1.71548;
1.14709;3.61383;1.71587;
1.14719;3.61343;1.71548;
1.14729;3.61383;1.71587;
1.14739;3.61343;1.71548;
1.14749;3.61383;1.71587;
1.14759;3.61343;1.71548;
1.14769;3.61383;1.71587;
1.14779;3.61343;1.71548;
1.14789;3.61383;1.71587;
1.14799;3.61343;1.71548;
1.14809;3.61383;1.71587;
1.14819;3.61343;1.71548;
1.14829;3.61383;1.71587;
1.14839;3.61343;1.71548;
1.14849;3.61383;1.71587;
1.14859;3.61343;1.71548;
1.14869;3.61383;1.71587;
1.14879;3.61343;1.71548;
1.14889;3.61383;1.71587;
1.14899;3.61343;1.71548;
1.14909;3.61383;1.71587;
1.14919;3.61343;1.71548;
1.14929;3.61383;1.71587;
1.14939;3.61343;1.71548;
1.14949;3.61383;1.71587;
1.14959;3.61343;1.71548;
1.14969;3.61383;1.71587;
1.14979;3.61343;1.71548;
1.14989;3.61383;1.71587;
1.14999;3.61343;1.71548;
1.15009;3.61383;1.71587;
1.15019;3.61343;1.71548;
1.15029;3.61383;1.71587;
1.15039;3.61343;1.71548;
1.15049;3.61383;1.71587;
1.15059;3.61343;1.71548;
1.15069;3.61383;1.71587;
1.15079;3.61343;1.71548;
1.15089;3.61383;1.71587;
1.15099;3.61343;1.71548;
1.15109;3.61383;1.71587;
1.15119;3.61343;1.71548;
1.15129;3.61383;1.71587;
1.15139;3.61343;1.71548;
1.15149;3.61383;1.71587;
1.15159;3.61343;1.71548;
1.15169;3.61383;1.71587;
1.15179;3.61343;1.71548;
1.15189;3.61383;1.71587;
1.15199;3.61343;1.71548;
1.15209;3.61383;1.71587;
1.15219;3.61343;1.71548;
1.15229;3.61383;1.71587;
1.15239;3.61343;1.71548;
1.15249;3.61383;1.71587;
1.15259;3.61343;1.71548;
1.15269;3.61383;1.71587;
1.15279;3.61343;1.71548;
1.15289;3.61383;1.71587;
1.15299;3.61343;1.71548;
1.15309;3.61383;1.71587;
1.15319;3.61343;1.71548;
1.15329;3.61383;1.71587;
1.15339;3.61343;1.71548;
1.15349;3.61383;1.71587;
1.15359;3.61343;1.71548;
1.15369;3.61383;1.71587;
1.15379;3.61343;1.71548;
1.15389;3.61383;1.71587;
1.15399;3.61343;1.71548;
1.15409;3.61383;1.71587;
1.15419;3.61343;1.71548;
1.15429;3.61383;1.71586;
1.15439;3.61343;1.71548;
1.15449;3.61383;1.71586;
1.15459;3.61343;1.71548;
1.15469;3.61383;1.71586;
1.15479;3.61343;1.71548;
1.15489;3.61383;1.71586;
1.15499;3.61343;1.71548;
1.15509;3.61383;1.71586;
1.15519;3.61343;1.71548;
1.15529;3.61383;1.71586;
1.15539;3.61343;1.71548;
1.15549;3.61383;1.71586;
1.15559;3.61343;1.71548;
1.15569;3.61383;1.71586;
1.15579;3.61343;1.71548;
1.15589;3.61383;1.71586;
1.15599;3.61343;1.71548;
1.15609;3.61383;1.71586;
1.15619;3.61343;1.71549;
1.15629;3.61383;1.71586;
1.15639;3.61343;1.71549;
1.15649;3.61383;1.71586;
1.15659;3.61343;1.71549;
1.15669;3.61383;1.71586;
1.15679;3.61343;1.71549;
1.15689;3.61383;1.71586;
1.15699;3.61343;1.71549;
1.15709;3.61383;1.71586;
1.15719;3.61343;1.71549;
1.15729;3.61383;1.71586;
1.15739;3.61343;1.71549;
1.15749;3.61383;1.71586;
1.15759;3.61343;1.71549;
1.15769;3.61383;1.71586;
1.15779;3.61343;1.71549;
1.15789;3.61383;1.71586;
1.15799;3.61343;1.71549;
1.15809;3.61383;1.71586;
1.15819;3.61343;1.71549;
1.15829;3.61383;1.71586;
1.15839;3.61343;1.71549;
1.15849;3.61383;1.71586;
1.15859;3.61343;1.71549;
1.15869;3.61383;1.71586;
1.15879;3.61343;1.71549;
1.15889;3.61383;1.71586;
1.15899;3.61343;1.71549;
1.15909;3.61383;1.71586;
1.15919;3.61343;1.71549;
1.15929;3.61383;1.71586;
1.15939;3.61343;1.71549;
1.15949;3.61383;1.71586;
1.15959;3.61343;1.71549;
1.15969;3.61383;1.71586;
1.15979;3.61343;1.71549;
1.15989;3.61383;1.71586;
1.15999;3.61343;1.71549;
1.16009;3.61383;1.71586;
1.16019;3.61343;1.71549;
1.16029;3.61383;1.71586;
1.16039;3.61343;1.71549;
1.16049;3.61383;1.71586;
1.16059;3.61343;1.71549;
1.16069;3.61383;1.71586;
1.16079;3.61343;1.71549;
1.16089;3.61383;1.71586;
1.16099;3.61343;1.71549;
1.16109;3.61383;1.71586;
1.16119;3.61343;1.71549;
1.16129;3.61383;1.71586;
1.16139;3.61343;1.71549;
1.16149;3.61383;1.71586;
1.16159;3.61343;1.71549;
1.16169;3.61383;1.71586;
1.16179;3.61343;1.71549;
1.16189;3.61383;1.71586;
1.16199;3.61343;1.71549;
1.16209;3.61383;1.71586;
1.16219;3.61343;1.71549;
1.16229;3.61383;1.71586;
1.16239;3.61343;1.71549;
1.16249;3.61383;1.71586;
1.16259;3.61343;1.71549;
1.16269;3.61383;1.71586;
1.16279;3.61343;1.71549;
1.16289;3.61383;1.71586;
1.16299;3.61343;1.71549;
1.16309;3.61383;1.71586;
1.16319;3.61343;1.71549;
1.16329;3.61383;1.71586;
1.16339;3.61343;1.71549;
1.16349;3.61383;1.71586;
1.16359;3.61343;1.71549;
1.16369;3.61383;1.71586;
1.16379;3.61343;1.71549;
1.16389;3.61383;1.71586;
1.16399;3.61343;1.71549;
1.16409;3.61383;1.71586;
1.16419;3.61343;1.71549;
1.16429;3.61383;1.71586;
1.16439;3.61343;1.71549;
1.16449;3.61383;1.71586;
1.16459;3.61343;1.71549;
1.16469;3.61383;1.71586;
1.16479;3.61343;1.71549;
1.16489;3.61383;1.71586;
1.16499;3.61343;1.71549;
1.16509;3.61383;1.71586;
1.16519;3.61343;1.71549;
1.16529;3.61383;1.71586;
1.16539;3.61343;1.71549;
1.16549;3.61383;1.71586;
1.16559;3.61343;1.71549;
1.16569;3.61383;1.71586;
1.16579;3.61343;1.71549;
1.16589;3.61383;1.71586;
1.16599;3.61343;1.71549;
1.16609;3.61383;1.71586;
1.16619;3.61343;1.71549;
1.16629;3.61383;1.71586;
1.16639;3.61343;1.71549;
1.16649;3.61383;1.71586;
1.16659;3.61343;1.71549;
1.16669;3.61383;1.71586;
1.16679;3.61343;1.71549;
1.16689;3.61383;1.71586;
1.16699;3.61343;1.71549;
1.16709;3.61383;1.71586;
1.16719;3.61343;1.71549;
1.16729;3.61383;1.71586;
1.16739;3.61343;1.71549;
1.16749;3.61383;1.71586;
1.16759;3.61343;1.71549;
1.16769;3.61383;1.71586;
1.16779;3.61343;1.71549;
1.16789;3.61383;1.71586;
1.16799;3.61343;1.71549;
1.16809;3.61383;1.71586;
1.16819;3.61343;1.71549;
1.16829;3.61383;1.71586;
1.16839;3.61343;1.71549;
1.16849;3.61383;1.71586;
1.16859;3.61343;1.71549;
1.16869;3.61383;1.71586;
1.16879;3.61343;1.71549;
1.16889;3.61383;1.71586;
1.16899;3.61343;1.71549;
1.16909;3.61383;1.71586;
1.16919;3.61343;1.71549;
1.16929;3.61383;1.71586;
1.16939;3.61343;1.71549;
1.16949;3.61383;1.71586;
1.16959;3.61343;1.71549;
1.16969;3.61383;1.71586;
1.16979;3.61343;1.71549;
1.16989;3.61383;1.71586;
1.16999;3.61343;1.71549;
1.17009;3.61383;1.71586;
1.17019;3.61344;1.71549;
1.17029;3.61383;1.71586;
1.17039;3.61344;1.71549;
1.17049;3.61383;1.71586;
1.17059;3.61344;1.71549;
1.17069;3.61382;1.71586;
1.17079;3.61344;1.71549;
1.17089;3.61382;1.71586;
1.17099;3.61344;1.71549;
1.17109;3.61382;1.71586;
1.17119;3.61344;1.71549;
1.17129;3.61382;1.71586;
1.17139;3.61344;1.71549;
1.17149;3.61382;1.71586;
1.17159;3.61344;1.71549;
1.17169;3.61382;1.71586;
1.17179;3.61344;1.71549;
1.17189;3.61382;1.71586;
1.17199;3.61344;1.71549;
1.17209;3.61382;1.71586;
1.17219;3.61344;1.71549;
1.17229;3.61382;1.71586;
1.17239;3.61344;1.71549;
1.17249;3.61382;1.71586;
1.17259;3.61344;1.71549;
1.17269;3.61382;1.71586;
1.17279;3.61344;1.71549;
1.17289;3.61382;1.71586;
1.17299;3.61344;1.71549;
1.17309;3.61382;1.71586;
1.17319;3.61344;1.71549;
1.17329;3.61382;1.71586;
1.17339;3.61344;1.71549;
1.17349;3.61382;1.71586;
1.17359;3.61344;1.71549;
1.17369;3.61382;1.71586;
1.17379;3.61344;1.71549;
1.17389;3.61382;1.71586;
1.17399;3.61344;1.71549;
1.17409;3.61382;1.71586;
1.17419;3.61344;1.71549;
1.17429;3.61382;1.71586;
1.17439;3.61344;1.71549;
1.17449;3.61382;1.71586;
1.17459;3.61344;1.71549;
1.17469;3.61382;1.71586;
1.17479;3.61344;1.71549;
1.17489;3.61382;1.71586;
1.17499;3.61344;1.71549;
1.17509;3.61382;1.71586;
1.17519;3.61344;1.71549;
1.17529;3.61382;1.71586;
1.17539;3.61344;1.71549;
1.17549;3.61382;1.71586;
1.17559;3.61344;1.71549;
1.17569;3.61382;1.71586;
1.17579;3.61344;1.71549;
1.17589;3.61382;1.71586;
1.17599;3.61344;1.71549;
1.17609;3.61382;1.71586;
1.17619;3.61344;1.71549;
1.17629;3.61382;1.71586;
1.17639;3.61344;1.71549;
1.17649;3.61382;1.71586;
1.17659;3.61344;1.71549;
1.17669;3.61382;1.71586;
1.17679;3.61344;1.71549;
1.17689;3.61382;1.71586;
1.17699;3.61344;1.71549;
1.17709;3.61382;1.71586;
1.17719;3.61344;1.71549;
1.17729;3.61382;1.71586;
1.17739;3.61344;1.71549;
1.17749;3.61382;1.71586;
1.17759;3.61344;1.71549;
1.17769;3.61382;1.71586;
1.17779;3.61344;1.71549;
1.17789;3.61382;1.71586;
1.17799;3.61344;1.71549;
1.17809;3.61382;1.71586;
1.17819;3.61344;1.71549;
1.17829;3.61382;1.71586;
1.17839;3.61344;1.71549;
1.17849;3.61382;1.71586;
1.17859;3.61344;1.71549;
1.17869;3.61382;1.71586;
1.17879;3.61344;1.71549;
1.17889;3.61382;1.71586;
1.17899;3.61344;1.71549;
1.17909;3.61382;1.71586;
1.17919;3.61344;1.71549;
1.17929;3.61382;1.71586;
1.17939;3.61344;1.71549;
1.17949;3.61382;1.71586;
1.17959;3.61344;1.71549;
1.17969;3.61382;1.71586;
1.17979;3.61344;1.71549;
1.17989;3.61382;1.71586;
1.17999;3.61344;1.71549;
1.18009;3.61382;1.71586;
1.18019;3.61344;1.71549;
1.18029;3.61382;1.71586;
1.18039;3.61344;1.71549;
1.18049;3.61382;1.71586;
1.18059;3.61344;1.71549;
1.18069;3.61382;1.71586;
1.18079;3.61344;1.71549;
1.18089;3.61382;1.71586;
1.18099;3.61344;1.71549;
1.18109;3.61382;1.71586;
1.18119;3.61344;1.71549;
1.18129;3.61382;1.71586;
1.18139;3.61344;1.71549;
1.18149;3.61382;1.71586;
1.18159;3.61344;1.71549;
1.18169;3.61382;1.71586;
1.18179;3.61344;1.71549;
1.18189;3.61382;1.71586;
1.18199;3.61344;1.71549;
1.18209;3.61382;1.71586;
1.18219;3.61344;1.71549;
1.18229;3.61382;1.71586;
1.18239;3.61344;1.71549;
1.18249;3.61382;1.71586;
1.18259;3.61344;1.71549;
1.18269;3.61382;1.71586;
1.18279;3.61344;1.71549;
1.18289;3.61382;1.71586;
1.18299;3.61344;1.71549;
1.18309;3.61382;1.71586;
1.18319;3.61344;1.71549;
1.18329;3.61382;1.71586;
1.18339;3.61344;1.71549;
1.18349;3.61382;1.71586;
1.18359;3.61344;1.71549;
1.18369;3.61382;1.71586;
1.18379;3.61344;1.71549;
1.18389;3.61382;1.71586;
1.18399;3.61344;1.71549;
1.18409;3.61382;1.71586;
1.18419;3.61344;1.71549;
1.18429;3.61382;1.71586;
1.18439;3.61344;1.71549;
1.18449;3.61382;1.71586;
1.18459;3.61344;1.71549;
1.18469;3.61382;1.71586;
1.18479;3.61344;1.71549;
1.18489;3.61382;1.71586;
1.18499;3.61344;1.71549;
1.18509;3.61382;1.71586;
1.18519;3.61344;1.71549;
1.18529;3.61382;1.71586;
1.18539;3.61344;1.71549;
1.18549;3.61382;1.71586;
1.18559;3.61344;1.71549;
1.18569;3.61382;1.71586;
1.18579;3.61344;1.71549;
1.18589;3.61382;1.71586;
1.18599;3.61344;1.71549;
1.18609;3.61382;1.71586;
1.18619;3.61344;1.71549;
1.18629;3.61382;1.71586;
1.18639;3.61344;1.71549;
1.18649;3.61382;1.71586;
1.18659;3.61344;1.71549;
1.18669;3.61382;1.71586;
1.18679;3.61344;1.71549;
1.18689;3.61382;1.71586;
1.18699;3.61344;1.71549;
1.18709;3.61382;1.71586;
1.18719;3.61344;1.71549;
1.18729;3.61382;1.71586;
1.18739;3.61344;1.71549;
1.18749;3.61382;1.71586;
1.18759;3.61344;1.71549;
1.18769;3.61382;1.71586;
1.18779;3.61344;1.71549;
1.18789;3.61382;1.71586;
1.18799;3.61344;1.71549;
1.18809;3.61382;1.71586;
1.18819;3.61344;1.71549;
1.18829;3.61382;1.71586;
1.18839;3.61344;1.71549;
1.18849;3.61382;1.71586;
1.18859;3.61344;1.71549;
1.18869;3.61382;1.71586;
1.18879;3.61344;1.71549;
1.18889;3.61382;1.71586;
1.18899;3.61344;1.71549;
1.18909;3.61382;1.71586;
1.18919;3.61344;1.71549;
1.18929;3.61382;1.71586;
1.18939;3.61344;1.71549;
1.18949;3.61382;1.71586;
1.18959;3.61344;1.71549;
1.18969;3.61382;1.71586;
1.18979;3.61344;1.71549;
1.18989;3.61382;1.71586;
1.18999;3.61344;1.71549;
1.19009;3.61382;1.71586;
1.19019;3.61344;1.71549;
1.19029;3.61382;1.71586;
1.19039;3.61344;1.71549;
1.19049;3.61382;1.71586;
1.19059;3.61344;1.71549;
1.19069;3.61382;1.71586;
1.19079;3.61344;1.71549;
1.19089;3.61382;1.71586;
1.19099;3.61344;1.71549;
1.19109;3.61382;1.71586;
1.19119;3.61344;1.71549;
1.19129;3.61382;1.71586;
1.19139;3.61344;1.71549;
1.19149;3.61382;1.71586;
1.19159;3.61344;1.71549;
1.19169;3.61382;1.71586;
1.19179;3.61344;1.71549;
1.19189;3.61382;1.71586;
1.19199;3.61344;1.71549;
1.19209;3.61382;1.71586;
1.19219;3.61344;1.71549;
1.19229;3.61382;1.71586;
1.19239;3.61344;1.71549;
1.19249;3.61382;1.71586;
1.19259;3.61344;1.71549;
1.19269;3.61382;1.71586;
1.19279;3.61344;1.71549;
1.19289;3.61382;1.71586;
1.19299;3.61344;1.71549;
1.19309;3.61382;1.71586;
1.19319;3.61344;1.71549;
1.19329;3.61382;1.71586;
1.19339;3.61344;1.71549;
1.19349;3.61382;1.71586;
1.19359;3.61344;1.71549;
1.19369;3.61382;1.71586;
1.19379;3.61344;1.71549;
1.19389;3.61382;1.71586;
1.19399;3.61344;1.71549;
1.19409;3.61382;1.71586;
1.19419;3.61344;1.71549;
1.19429;3.61382;1.71586;
1.19439;3.61344;1.71549;
1.19449;3.61382;1.71586;
1.19459;3.61344;1.71549;
1.19469;3.61382;1.71586;
1.19479;3.61344;1.71549;
1.19489;3.61382;1.71586;
1.19499;3.61344;1.71549;
1.19509;3.61382;1.71586;
1.19519;3.61344;1.71549;
1.19529;3.61382;1.71586;
1.19539;3.61344;1.71549;
1.19549;3.61382;1.71586;
1.19559;3.61344;1.71549;
1.19569;3.61382;1.71586;
1.19579;3.61344;1.71549;
1.19589;3.61382;1.71586;
1.19599;3.61344;1.71549;
1.19609;3.61382;1.71586;
1.19619;3.61344;1.71549;
1.19629;3.61382;1.71586;
1.19639;3.61344;1.71549;
1.19649;3.61382;1.71586;
1.19659;3.61344;1.71549;
1.19669;3.61382;1.71586;
1.19679;3.61344;1.71549;
1.19689;3.61382;1.71586;
1.19699;3.61344;1.71549;
1.19709;3.61382;1.71586;
1.19719;3.61344;1.71549;
1.19729;3.61382;1.71586;
1.19739;3.61344;1.71549;
1.19749;3.61382;1.71586;
1.19759;3.61344;1.71549;
1.19769;3.61382;1.71586;
1.19779;3.61344;1.71549;
1.19789;3.61382;1.71586;
1.19799;3.61344;1.71549;
1.19809;3.61382;1.71586;
1.19819;3.61344;1.71549;
1.19829;3.61382;1.71586;
1.19839;3.61344;1.71549;
1.19849;3.61382;1.71586;
1.19859;3.61344;1.71549;
1.19869;3.61382;1.71586;
1.19879;3.61344;1.71549;
1.19889;3.61382;1.71586;
1.19899;3.61344;1.71549;
1.19909;3.61382;1.71586;
1.19919;3.61344;1.71549;
1.19929;3.61382;1.71586;
1.19939;3.61344;1.71549;
1.19949;3.61382;1.71586;
1.19959;3.61344;1.71549;
1.19969;3.61382;1.71585;
1.19979;3.61344;1.71549;
1.19989;3.61382;1.71585;
1.19999;3.61344;1.71549;
1.20009;3.61382;1.71585;
1.20019;3.61344;1.71549;
1.20029;3.61382;1.71585;
1.20039;3.61344;1.71549;
1.20049;3.61382;1.71585;
1.20059;3.61344;1.71549;
1.20069;3.61382;1.71585;
1.20079;3.61344;1.71549;
1.20089;3.61382;1.71585;
1.20099;3.61344;1.71549;
1.20109;3.61382;1.71585;
1.20119;3.61344;1.71549;
1.20129;3.61382;1.71585;
1.20139;3.61344;1.71549;
1.20149;3.61382;1.71585;
1.20159;3.61344;1.71549;
1.20169;3.61382;1.71585;
1.20179;3.61344;1.7155;
1.20189;3.61382;1.71585;
1.20199;3.61344;1.7155;
1.20209;3.61382;1.71585;
1.20219;3.61344;1.7155;
1.20229;3.61382;1.71585;
1.20239;3.61344;1.7155;
1.20249;3.61382;1.71585;
1.20259;3.61344;1.7155;
1.20269;3.61382;1.71585;
1.20279;3.61344;1.7155;
1.20289;3.61382;1.71585;
1.20299;3.61344;1.7155;
1.20309;3.61382;1.71585;
1.20319;3.61344;1.7155;
1.20329;3.61382;1.71585;
1.20339;3.61344;1.7155;
1.20349;3.61382;1.71585;
1.20359;3.61344;1.7155;
1.20369;3.61382;1.71585;
1.20379;3.61344;1.7155;
1.20389;3.61382;1.71585;
1.20399;3.61344;1.7155;
1.20409;3.61382;1.71585;
1.20419;3.61344;1.7155;
1.20429;3.61382;1.71585;
1.20439;3.61344;1.7155;
1.20449;3.61382;1.71585;
1.20459;3.61344;1.7155;
1.20469;3.61382;1.71585;
1.20479;3.61344;1.7155;
1.20489;3.61382;1.71585;
1.20499;3.61344;1.7155;
1.20509;3.61382;1.71585;
1.20519;3.61344;1.7155;
1.20529;3.61382;1.71585;
1.20539;3.61344;1.7155;
1.20549;3.61382;1.71585;
1.20559;3.61344;1.7155;
1.20569;3.61382;1.71585;
1.20579;3.61344;1.7155;
1.20589;3.61382;1.71585;
1.20599;3.61344;1.7155;
1.20609;3.61382;1.71585;
1.20619;3.61344;1.7155;
1.20629;3.61382;1.71585;
1.20639;3.61344;1.7155;
1.20649;3.61382;1.71585;
1.20659;3.61344;1.7155;
1.20669;3.61382;1.71585;
1.20679;3.61344;1.7155;
1.20689;3.61382;1.71585;
1.20699;3.61344;1.7155;
1.20709;3.61382;1.71585;
1.20719;3.61344;1.7155;
1.20729;3.61382;1.71585;
1.20739;3.61344;1.7155;
1.20749;3.61382;1.71585;
1.20759;3.61344;1.7155;
1.20769;3.61382;1.71585;
1.20779;3.61344;1.7155;
1.20789;3.61382;1.71585;
1.20799;3.61344;1.7155;
1.20809;3.61382;1.71585;
1.20819;3.61344;1.7155;
1.20829;3.61382;1.71585;
1.20839;3.61344;1.7155;
1.20849;3.61382;1.71585;
1.20859;3.61344;1.7155;
1.20869;3.61382;1.71585;
1.20879;3.61344;1.7155;
1.20889;3.61382;1.71585;
1.20899;3.61344;1.7155;
1.20909;3.61382;1.71585;
1.20919;3.61344;1.7155;
1.20929;3.61382;1.71585;
1.20939;3.61344;1.7155;
1.20949;3.61382;1.71585;
1.20959;3.61344;1.7155;
1.20969;3.61382;1.71585;
1.20979;3.61344;1.7155;
1.20989;3.61382;1.71585;
1.20999;3.61344;1.7155;
1.21009;3.61382;1.71585;
1.21019;3.61344;1.7155;
1.21029;3.61382;1.71585;
1.21039;3.61344;1.7155;
1.21049;3.61382;1.71585;
1.21059;3.61344;1.7155;
1.21069;3.61382;1.71585;
1.21079;3.61344;1.7155;
1.21089;3.61382;1.71585;
1.21099;3.61344;1.7155;
1.21109;3.61382;1.71585;
1.21119;3.61344;1.7155;
1.21129;3.61382;1.71585;
1.21139;3.61344;1.7155;
1.21149;3.61382;1.71585;
1.21159;3.61344;1.7155;
1.21169;3.61382;1.71585;
1.21179;3.61344;1.7155;
1.21189;3.61382;1.71585;
1.21199;3.61344;1.7155;
1.21209;3.61382;1.71585;
1.21219;3.61344;1.7155;
1.21229;3.61382;1.71585;
1.21239;3.61344;1.7155;
1.21249;3.61382;1.71585;
1.21259;3.61344;1.7155;
1.21269;3.61382;1.71585;
1.21279;3.61344;1.7155;
1.21289;3.61382;1.71585;
1.21299;3.61344;1.7155;
1.21309;3.61382;1.71585;
1.21319;3.61344;1.7155;
1.21329;3.61382;1.71585;
1.21339;3.61344;1.7155;
1.21349;3.61382;1.71585;
1.21359;3.61344;1.7155;
1.21369;3.61382;1.71585;
1.21379;3.61344;1.7155;
1.21389;3.61382;1.71585;
1.21399;3.61344;1.7155;
1.21409;3.61382;1.71585;
1.21419;3.61344;1.7155;
1.21429;3.61382;1.71585;
1.21439;3.61344;1.7155;
1.21449;3.61382;1.71585;
1.21459;3.61344;1.7155;
1.21469;3.61382;1.71585;
1.21479;3.61345;1.7155;
1.21489;3.61382;1.71585;
1.21499;3.61345;1.7155;
1.21509;3.61382;1.71585;
1.21519;3.61345;1.7155;
1.21529;3.61382;1.71585;
1.21539;3.61345;1.7155;
1.21549;3.61381;1.71585;
1.21559;3.61345;1.7155;
1.21569;3.61381;1.71585;
1.21579;3.61345;1.7155;
1.21589;3.61381;1.71585;
1.21599;3.61345;1.7155;
1.21609;3.61381;1.71585;
1.21619;3.61345;1.7155;
1.21629;3.61381;1.71585;
1.21639;3.61345;1.7155;
1.21649;3.61381;1.71585;
1.21659;3.61345;1.7155;
1.21669;3.61381;1.71585;
1.21679;3.61345;1.7155;
1.21689;3.61381;1.71585;
1.21699;3.61345;1.7155;
1.21709;3.61381;1.71585;
1.21719;3.61345;1.7155;
1.21729;3.61381;1.71585;
1.21739;3.61345;1.7155;
1.21749;3.61381;1.71585;
1.21759;3.61345;1.7155;
1.21769;3.61381;1.71585;
1.21779;3.61345;1.7155;
1.21789;3.61381;1.71585;
1.21799;3.61345;1.7155;
1.21809;3.61381;1.71585;
1.21819;3.61345;1.7155;
1.21829;3.61381;1.71585;
1.21839;3.61345;1.7155;
1.21849;3.61381;1.71585;
1.21859;3.61345;1.7155;
1.21869;3.61381;1.71585;
1.21879;3.61345;1.7155;
1.21889;3.61381;1.71585;
1.21899;3.61345;1.7155;
1.21909;3.61381;1.71585;
1.21919;3.61345;1.7155;
1.21929;3.61381;1.71585;
1.21939;3.61345;1.7155;
1.21949;3.61381;1.71585;
1.21959;3.61345;1.7155;
1.21969;3.61381;1.71585;
1.21979;3.61345;1.7155;
1.21989;3.61381;1.71585;
1.21999;3.61345;1.7155;
1.22009;3.61381;1.71585;
1.22019;3.61345;1.7155;
1.22029;3.61381;1.71585;
1.22039;3.61345;1.7155;
1.22049;3.61381;1.71585;
1.22059;3.61345;1.7155;
1.22069;3.61381;1.71585;
1.22079;3.61345;1.7155;
1.22089;3.61381;1.71585;
1.22099;3.61345;1.7155;
1.22109;3.61381;1.71585;
1.22119;3.61345;1.7155;
1.22129;3.61381;1.71585;
1.22139;3.61345;1.7155;
1.22149;3.61381;1.71585;
1.22159;3.61345;1.7155;
1.22169;3.61381;1.71585;
1.22179;3.61345;1.7155;
1.22189;3.61381;1.71585;
1.22199;3.61345;1.7155;
1.22209;3.61381;1.71585;
1.22219;3.61345;1.7155;
1.22229;3.61381;1.71585;
1.22239;3.61345;1.7155;
1.22249;3.61381;1.71585;
1.22259;3.61345;1.7155;
1.22269;3.61381;1.71585;
1.22279;3.61345;1.7155;
1.22289;3.61381;1.71585;
1.22299;3.61345;1.7155;
1.22309;3.61381;1.71585;
1.22319;3.61345;1.7155;
1.22329;3.61381;1.71585;
1.22339;3.61345;1.7155;
1.22349;3.61381;1.71585;
1.22359;3.61345;1.7155;
1.22369;3.61381;1.71585;
1.22379;3.61345;1.7155;
1.22389;3.61381;1.71585;
1.22399;3.61345;1.7155;
1.22409;3.61381;1.71585;
1.22419;3.61345;1.7155;
1.22429;3.61381;1.71585;
1.22439;3.61345;1.7155;
1.22449;3.61381;1.71585;
1.22459;3.61345;1.7155;
1.22469;3.61381;1.71585;
1.22479;3.61345;1.7155;
1.22489;3.61381;1.71585;
1.22499;3.61345;1.7155;
1.22509;3.61381;1.71585;
1.22519;3.61345;1.7155;
1.22529;3.61381;1.71585;
1.22539;3.61345;1.7155;
1.22549;3.61381;1.71585;
1.22559;3.61345;1.7155;
1.22569;3.61381;1.71585;
1.22579;3.61345;1.7155;
1.22589;3.61381;1.71585;
1.22599;3.61345;1.7155;
1.22609;3.61381;1.71585;
1.22619;3.61345;1.7155;
1.22629;3.61381;1.71585;
1.22639;3.61345;1.7155;
1.22649;3.61381;1.71585;
1.22659;3.61345;1.7155;
1.22669;3.61381;1.71585;
1.22679;3.61345;1.7155;
1.22689;3.61381;1.71585;
1.22699;3.61345;1.7155;
1.22709;3.61381;1.71585;
1.22719;3.61345;1.7155;
1.22729;3.61381;1.71585;
1.22739;3.61345;1.7155;
1.22749;3.61381;1.71585;
1.22759;3.61345;1.7155;
1.22769;3.61381;1.71585;
1.22779;3.61345;1.7155;
1.22789;3.61381;1.71585;
1.22799;3.61345;1.7155;
1.22809;3.61381;1.71585;
1.22819;3.61345;1.7155;
1.22829;3.61381;1.71585;
1.22839;3.61345;1.7155;
1.22849;3.61381;1.71585;
1.22859;3.61345;1.7155;
1.22869;3.61381;1.71585;
1.22879;3.61345;1.7155;
1.22889;3.61381;1.71585;
1.22899;3.61345;1.7155;
1.22909;3.61381;1.71585;
1.22919;3.61345;1.7155;
1.22929;3.61381;1.71585;
1.22939;3.61345;1.7155;
1.22949;3.61381;1.71585;
1.22959;3.61345;1.7155;
1.22969;3.61381;1.71585;
1.22979;3.61345;1.7155;
1.22989;3.61381;1.71585;
1.22999;3.61345;1.7155;
1.23009;3.61381;1.71585;
1.23019;3.61345;1.7155;
1.23029;3.61381;1.71585;
1.23039;3.61345;1.7155;
1.23049;3.61381;1.71585;
1.23059;3.61345;1.7155;
1.23069;3.61381;1.71585;
1.23079;3.61345;1.7155;
1.23089;3.61381;1.71585;
1.23099;3.61345;1.7155;
1.23109;3.61381;1.71585;
1.23119;3.61345;1.7155;
1.23129;3.61381;1.71585;
1.23139;3.61345;1.7155;
1.23149;3.61381;1.71585;
1.23159;3.61345;1.7155;
1.23169;3.61381;1.71585;
1.23179;3.61345;1.7155;
1.23189;3.61381;1.71585;
1.23199;3.61345;1.7155;
1.23209;3.61381;1.71585;
1.23219;3.61345;1.7155;
1.23229;3.61381;1.71585;
1.23239;3.61345;1.7155;
1.23249;3.61381;1.71585;
1.23259;3.61345;1.7155;
1.23269;3.61381;1.71585;
1.23279;3.61345;1.7155;
1.23289;3.61381;1.71585;
1.23299;3.61345;1.7155;
1.23309;3.61381;1.71585;
1.23319;3.61345;1.7155;
1.23329;3.61381;1.71585;
1.23339;3.61345;1.7155;
1.23349;3.61381;1.71585;
1.23359;3.61345;1.7155;
1.23369;3.61381;1.71585;
1.23379;3.61345;1.7155;
1.23389;3.61381;1.71585;
1.23399;3.61345;1.7155;
1.23409;3.61381;1.71585;
1.23419;3.61345;1.7155;
1.23429;3.61381;1.71585;
1.23439;3.61345;1.7155;
1.23449;3.61381;1.71585;
1.23459;3.61345;1.7155;
1.23469;3.61381;1.71585;
1.23479;3.61345;1.7155;
1.23489;3.61381;1.71585;
1.23499;3.61345;1.7155;
1.23509;3.61381;1.71585;
1.23519;3.61345;1.7155;
1.23529;3.61381;1.71585;
1.23539;3.61345;1.7155;
1.23549;3.61381;1.71585;
1.23559;3.61345;1.7155;
1.23569;3.61381;1.71585;
1.23579;3.61345;1.7155;
1.23589;3.61381;1.71585;
1.23599;3.61345;1.7155;
1.23609;3.61381;1.71585;
1.23619;3.61345;1.7155;
1.23629;3.61381;1.71585;
1.23639;3.61345;1.7155;
1.23649;3.61381;1.71585;
1.23659;3.61345;1.7155;
1.23669;3.61381;1.71585;
1.23679;3.61345;1.7155;
1.23689;3.61381;1.71585;
1.23699;3.61345;1.7155;
1.23709;3.61381;1.71585;
1.23719;3.61345;1.7155;
1.23729;3.61381;1.71585;
1.23739;3.61345;1.7155;
1.23749;3.61381;1.71585;
1.23759;3.61345;1.7155;
1.23769;3.61381;1.71585;
1.23779;3.61345;1.7155;
1.23789;3.61381;1.71585;
1.23799;3.61345;1.7155;
1.23809;3.61381;1.71585;
1.23819;3.61345;1.7155;
1.23829;3.61381;1.71585;
1.23839;3.61345;1.7155;
1.23849;3.61381;1.71585;
1.23859;3.61345;1.7155;
1.23869;3.61381;1.71585;
1.23879;3.61345;1.7155;
1.23889;3.61381;1.71585;
1.23899;3.61345;1.7155;
1.23909;3.61381;1.71585;
1.23919;3.61345;1.7155;
1.23929;3.61381;1.71585;
1.23939;3.61345;1.7155;
1.23949;3.61381;1.71585;
1.23959;3.61345;1.7155;
1.23969;3.61381;1.71585;
1.23979;3.61345;1.7155;
1.23989;3.61381;1.71585;
1.23999;3.61345;1.7155;
1.24009;3.61381;1.71585;
1.24019;3.61345;1.7155;
1.24029;3.61381;1.71585;
1.24039;3.61345;1.7155;
1.24049;3.61381;1.71585;
1.24059;3.61345;1.7155;
1.24069;3.61381;1.71585;
1.24079;3.61345;1.7155;
1.24089;3.61381;1.71585;
1.24099;3.61345;1.7155;
1.24109;3.61381;1.71585;
1.24119;3.61345;1.7155;
1.24129;3.61381;1.71585;
1.24139;3.61345;1.7155;
1.24149;3.61381;1.71585;
1.24159;3.61345;1.7155;
1.24169;3.61381;1.71585;
1.24179;3.61345;1.7155;
1.24189;3.61381;1.71585;
1.24199;3.61345;1.7155;
1.24209;3.61381;1.71585;
1.24219;3.61345;1.7155;
1.24229;3.61381;1.71585;
1.24239;3.61345;1.7155;
1.24249;3.61381;1.71585;
1.24259;3.61345;1.7155;
1.24269;3.61381;1.71585;
1.24279;3.61345;1.7155;
1.24289;3.61381;1.71585;
1.24299;3.61345;1.7155;
1.24309;3.61381;1.71585;
1.24319;3.61345;1.7155;
1.24329;3.61381;1.71585;
1.24339;3.61345;1.7155;
1.24349;3.61381;1.71585;
1.24359;3.61345;1.7155;
1.24369;3.61381;1.71585;
1.24379;3.61345;1.7155;
1.24389;3.61381;1.71585;
1.24399;3.61345;1.7155;
1.24409;3.61381;1.71585;
1.24419;3.61345;1.7155;
1.24429;3.61381;1.71585;
1.24439;3.61345;1.7155;
1.24449;3.61381;1.71585;
1.24459;3.61345;1.7155;
1.24469;3.61381;1.71585;
1.24479;3.61345;1.7155;
1.24489;3.61381;1.71585;
1.24499;3.61345;1.7155;
1.24509;3.61381;1.71585;
1.24519;3.61345;1.7155;
1.24529;3.61381;1.71585;
1.24539;3.61345;1.7155;
1.24549;3.61381;1.71585;
1.24559;3.61345;1.7155;
1.24569;3.61381;1.71585;
1.24579;3.61345;1.7155;
1.24589;3.61381;1.71585;
1.24599;3.61345;1.7155;
1.24609;3.61381;1.71585;
1.24619;3.61345;1.7155;
1.24629;3.61381;1.71585;
1.24639;3.61345;1.7155;
1.24649;3.61381;1.71585;
1.24659;3.61345;1.7155;
1.24669;3.61381;1.71585;
1.24679;3.61345;1.7155;
1.24689;3.61381;1.71585;
1.24699;3.61345;1.7155;
1.24709;3.61381;1.71585;
1.24719;3.61345;1.7155;
1.24729;3.61381;1.71585;
1.24739;3.61345;1.7155;
1.24749;3.61381;1.71585;
1.24759;3.61345;1.7155;
1.24769;3.61381;1.71585;
1.24779;3.61345;1.7155;
1.24789;3.61381;1.71585;
1.24799;3.61345;1.7155;
1.24809;3.61381;1.71585;
1.24819;3.61345;1.7155;
1.24829;3.61381;1.71585;
1.24839;3.61345;1.7155;
1.24849;3.61381;1.71585;
1.24859;3.61345;1.7155;
1.24869;3.61381;1.71585;
1.24879;3.61345;1.7155;
1.24889;3.61381;1.71584;
1.24899;3.61345;1.7155;
1.24909;3.61381;1.71584;
1.24919;3.61345;1.7155;
1.24929;3.61381;1.71584;
1.24939;3.61345;1.7155;
1.24949;3.61381;1.71584;
1.24959;3.61345;1.7155;
1.24969;3.61381;1.71584;
1.24979;3.61345;1.7155;
1.24989;3.61381;1.71584;
1.24999;3.61345;1.7155;
1.25009;3.61381;1.71584;
1.25019;3.61345;1.7155;
1.25029;3.61381;1.71584;
1.25039;3.61345;1.7155;
1.25049;3.61381;1.71584;
1.25059;3.61345;1.7155;
1.25069;3.61381;1.71584;
1.25079;3.61345;1.7155;
1.25089;3.61381;1.71584;
1.25099;3.61345;1.7155;
1.25109;3.61381;1.71584;
1.25119;3.61345;1.71551;
1.25129;3.61381;1.71584;
1.25139;3.61345;1.71551;
1.25149;3.61381;1.71584;
1.25159;3.61345;1.71551;
1.25169;3.61381;1.71584;
1.25179;3.61345;1.71551;
1.25189;3.61381;1.71584;
1.25199;3.61345;1.71551;
1.25209;3.61381;1.71584;
1.25219;3.61345;1.71551;
1.25229;3.61381;1.71584;
1.25239;3.61345;1.71551;
1.25249;3.61381;1.71584;
1.25259;3.61345;1.71551;
1.25269;3.61381;1.71584;
1.25279;3.61345;1.71551;
1.25289;3.61381;1.71584;
1.25299;3.61345;1.71551;
1.25309;3.61381;1.71584;
1.25319;3.61345;1.71551;
1.25329;3.61381;1.71584;
1.25339;3.61345;1.71551;
1.25349;3.61381;1.71584;
1.25359;3.61345;1.71551;
1.25369;3.61381;1.71584;
1.25379;3.61345;1.71551;
1.25389;3.61381;1.71584;
1.25399;3.61345;1.71551;
1.25409;3.61381;1.71584;
1.25419;3.61345;1.71551;
1.25429;3.61381;1.71584;
1.25439;3.61345;1.71551;
1.25449;3.61381;1.71584;
1.25459;3.61345;1.71551;
1.25469;3.61381;1.71584;
1.25479;3.61345;1.71551;
1.25489;3.61381;1.71584;
1.25499;3.61345;1.71551;
1.25509;3.61381;1.71584;
1.25519;3.61345;1.71551;
1.25529;3.61381;1.71584;
1.25539;3.61345;1.71551;
1.25549;3.61381;1.71584;
1.25559;3.61345;1.71551;
1.25569;3.61381;1.71584;
1.25579;3.61345;1.71551;
1.25589;3.61381;1.71584;
1.25599;3.61345;1.71551;
1.25609;3.61381;1.71584;
1.25619;3.61345;1.71551;
1.25629;3.61381;1.71584;
1.25639;3.61345;1.71551;
1.25649;3.61381;1.71584;
1.25659;3.61345;1.71551;
1.25669;3.61381;1.71584;
1.25679;3.61345;1.71551;
1.25689;3.61381;1.71584;
1.25699;3.61345;1.71551;
1.25709;3.61381;1.71584;
1.25719;3.61345;1.71551;
1.25729;3.61381;1.71584;
1.25739;3.61345;1.71551;
1.25749;3.61381;1.71584;
1.25759;3.61345;1.71551;
1.25769;3.61381;1.71584;
1.25779;3.61345;1.71551;
1.25789;3.61381;1.71584;
1.25799;3.61345;1.71551;
1.25809;3.61381;1.71584;
1.25819;3.61345;1.71551;
1.25829;3.61381;1.71584;
1.25839;3.61345;1.71551;
1.25849;3.61381;1.71584;
1.25859;3.61345;1.71551;
1.25869;3.61381;1.71584;
1.25879;3.61345;1.71551;
1.25889;3.61381;1.71584;
1.25899;3.61345;1.71551;
1.25909;3.61381;1.71584;
1.25919;3.61345;1.71551;
1.25929;3.61381;1.71584;
1.25939;3.61345;1.71551;
1.25949;3.61381;1.71584;
1.25959;3.61345;1.71551;
1.25969;3.61381;1.71584;
1.25979;3.61345;1.71551;
1.25989;3.61381;1.71584;
1.25999;3.61345;1.71551;
1.26009;3.61381;1.71584;
1.26019;3.61345;1.71551;
1.26029;3.61381;1.71584;
1.26039;3.61345;1.71551;
1.26049;3.61381;1.71584;
1.26059;3.61345;1.71551;
1.26069;3.61381;1.71584;
1.26079;3.61345;1.71551;
1.26089;3.61381;1.71584;
1.26099;3.61345;1.71551;
1.26109;3.61381;1.71584;
1.26119;3.61345;1.71551;
1.26129;3.61381;1.71584;
1.26139;3.61345;1.71551;
1.26149;3.61381;1.71584;
1.26159;3.61345;1.71551;
1.26169;3.61381;1.71584;
1.26179;3.61345;1.71551;
1.26189;3.61381;1.71584;
1.26199;3.61345;1.71551;
1.26209;3.61381;1.71584;
1.26219;3.61345;1.71551;
1.26229;3.61381;1.71584;
1.26239;3.61345;1.71551;
1.26249;3.61381;1.71584;
1.26259;3.61345;1.71551;
1.26269;3.61381;1.71584;
1.26279;3.61345;1.71551;
1.26289;3.61381;1.71584;
1.26299;3.61345;1.71551;
1.26309;3.61381;1.71584;
1.26319;3.61346;1.71551;
1.26329;3.61381;1.71584;
1.26339;3.61346;1.71551;
1.26349;3.61381;1.71584;
1.26359;3.61346;1.71551;
1.26369;3.61381;1.71584;
1.26379;3.61346;1.71551;
1.26389;3.6138;1.71584;
1.26399;3.61346;1.71551;
1.26409;3.6138;1.71584;
1.26419;3.61346;1.71551;
1.26429;3.6138;1.71584;
1.26439;3.61346;1.71551;
1.26449;3.6138;1.71584;
1.26459;3.61346;1.71551;
1.26469;3.6138;1.71584;
1.26479;3.61346;1.71551;
1.26489;3.6138;1.71584;
1.26499;3.61346;1.71551;
1.26509;3.6138;1.71584;
1.26519;3.61346;1.71551;
1.26529;3.6138;1.71584;
1.26539;3.61346;1.71551;
1.26549;3.6138;1.71584;
1.26559;3.61346;1.71551;
1.26569;3.6138;1.71584;
1.26579;3.61346;1.71551;
1.26589;3.6138;1.71584;
1.26599;3.61346;1.71551;
1.26609;3.6138;1.71584;
1.26619;3.61346;1.71551;
1.26629;3.6138;1.71584;
1.26639;3.61346;1.71551;
1.26649;3.6138;1.71584;
1.26659;3.61346;1.71551;
1.26669;3.6138;1.71584;
1.26679;3.61346;1.71551;
1.26689;3.6138;1.71584;
1.26699;3.61346;1.71551;
1.26709;3.6138;1.71584;
1.26719;3.61346;1.71551;
1.26729;3.6138;1.71584;
1.26739;3.61346;1.71551;
1.26749;3.6138;1.71584;
1.26759;3.61346;1.71551;
1.26769;3.6138;1.71584;
1.26779;3.61346;1.71551;
1.26789;3.6138;1.71584;
1.26799;3.61346;1.71551;
1.26809;3.6138;1.71584;
1.26819;3.61346;1.71551;
1.26829;3.6138;1.71584;
1.26839;3.61346;1.71551;
1.26849;3.6138;1.71584;
1.26859;3.61346;1.71551;
1.26869;3.6138;1.71584;
1.26879;3.61346;1.71551;
1.26889;3.6138;1.71584;
1.26899;3.61346;1.71551;
1.26909;3.6138;1.71584;
1.26919;3.61346;1.71551;
1.26929;3.6138;1.71584;
1.26939;3.61346;1.71551;
1.26949;3.6138;1.71584;
1.26959;3.61346;1.71551;
1.26969;3.6138;1.71584;
1.26979;3.61346;1.71551;
1.26989;3.6138;1.71584;
1.26999;3.61346;1.71551;
1.27009;3.6138;1.71584;
1.27019;3.61346;1.71551;
1.27029;3.6138;1.71584;
1.27039;3.61346;1.71551;
1.27049;3.6138;1.71584;
1.27059;3.61346;1.71551;
1.27069;3.6138;1.71584;
1.27079;3.61346;1.71551;
1.27089;3.6138;1.71584;
1.27099;3.61346;1.71551;
1.27109;3.6138;1.71584;
1.27119;3.61346;1.71551;
1.27129;3.6138;1.71584;
1.27139;3.61346;1.71551;
1.27149;3.6138;1.71584;
1.27159;3.61346;1.71551;
1.27169;3.6138;1.71584;
1.27179;3.61346;1.71551;
1.27189;3.6138;1.71584;
1.27199;3.61346;1.71551;
1.27209;3.6138;1.71584;
1.27219;3.61346;1.71551;
1.27229;3.6138;1.71584;
1.27239;3.61346;1.71551;
1.27249;3.6138;1.71584;
1.27259;3.61346;1.71551;
1.27269;3.6138;1.71584;
1.27279;3.61346;1.71551;
1.27289;3.6138;1.71584;
1.27299;3.61346;1.71551;
1.27309;3.6138;1.71584;
1.27319;3.61346;1.71551;
1.27329;3.6138;1.71584;
1.27339;3.61346;1.71551;
1.27349;3.6138;1.71584;
1.27359;3.61346;1.71551;
1.27369;3.6138;1.71584;
1.27379;3.61346;1.71551;
1.27389;3.6138;1.71584;
1.27399;3.61346;1.71551;
1.27409;3.6138;1.71584;
1.27419;3.61346;1.71551;
1.27429;3.6138;1.71584;
1.27439;3.61346;1.71551;
1.27449;3.6138;1.71584;
1.27459;3.61346;1.71551;
1.27469;3.6138;1.71584;
1.27479;3.61346;1.71551;
1.27489;3.6138;1.71584;
1.27499;3.61346;1.71551;
1.27509;3.6138;1.71584;
1.27519;3.61346;1.71551;
1.27529;3.6138;1.71584;
1.27539;3.61346;1.71551;
1.27549;3.6138;1.71584;
1.27559;3.61346;1.71551;
1.27569;3.6138;1.71584;
1.27579;3.61346;1.71551;
1.27589;3.6138;1.71584;
1.27599;3.61346;1.71551;
1.27609;3.6138;1.71584;
1.27619;3.61346;1.71551;
1.27629;3.6138;1.71584;
1.27639;3.61346;1.71551;
1.27649;3.6138;1.71584;
1.27659;3.61346;1.71551;
1.27669;3.6138;1.71584;
1.27679;3.61346;1.71551;
1.27689;3.6138;1.71584;
1.27699;3.61346;1.71551;
1.27709;3.6138;1.71584;
1.27719;3.61346;1.71551;
1.27729;3.6138;1.71584;
1.27739;3.61346;1.71551;
1.27749;3.6138;1.71584;
1.27759;3.61346;1.71551;
1.27769;3.6138;1.71584;
1.27779;3.61346;1.71551;
1.27789;3.6138;1.71584;
1.27799;3.61346;1.71551;
1.27809;3.6138;1.71584;
1.27819;3.61346;1.71551;
1.27829;3.6138;1.71584;
1.27839;3.61346;1.71551;
1.27849;3.6138;1.71584;
1.27859;3.61346;1.71551;
1.27869;3.6138;1.71584;
1.27879;3.61346;1.71551;
1.27889;3.6138;1.71584;
1.27899;3.61346;1.71551;
1.27909;3.6138;1.71584;
1.27919;3.61346;1.71551;
1.27929;3.6138;1.71584;
1.27939;3.61346;1.71551;
1.27949;3.6138;1.71584;
1.27959;3.61346;1.71551;
1.27969;3.6138;1.71584;
1.27979;3.61346;1.71551;
1.27989;3.6138;1.71584;
1.27999;3.61346;1.71551;
1.28009;3.6138;1.71584;
1.28019;3.61346;1.71551;
1.28029;3.6138;1.71584;
1.28039;3.61346;1.71551;
1.28049;3.6138;1.71584;
1.28059;3.61346;1.71551;
1.28069;3.6138;1.71584;
1.28079;3.61346;1.71551;
1.28089;3.6138;1.71584;
1.28099;3.61346;1.71551;
1.28109;3.6138;1.71584;
1.28119;3.61346;1.71551;
1.28129;3.6138;1.71584;
1.28139;3.61346;1.71551;
1.28149;3.6138;1.71584;
1.28159;3.61346;1.71551;
1.28169;3.6138;1.71584;
1.28179;3.61346;1.71551;
1.28189;3.6138;1.71584;
1.28199;3.61346;1.71551;
1.28209;3.6138;1.71584;
1.28219;3.61346;1.71551;
1.28229;3.6138;1.71584;
1.28239;3.61346;1.71551;
1.28249;3.6138;1.71584;
1.28259;3.61346;1.71551;
1.28269;3.6138;1.71584;
1.28279;3.61346;1.71551;
1.28289;3.6138;1.71584;
1.28299;3.61346;1.71551;
1.28309;3.6138;1.71584;
1.28319;3.61346;1.71551;
1.28329;3.6138;1.71584;
1.28339;3.61346;1.71551;
1.28349;3.6138;1.71584;
1.28359;3.61346;1.71551;
1.28369;3.6138;1.71584;
1.28379;3.61346;1.71551;
1.28389;3.6138;1.71584;
1.28399;3.61346;1.71551;
1.28409;3.6138;1.71584;
1.28419;3.61346;1.71551;
1.28429;3.6138;1.71584;
1.28439;3.61346;1.71551;
1.28449;3.6138;1.71584;
1.28459;3.61346;1.71551;
1.28469;3.6138;1.71584;
1.28479;3.61346;1.71551;
1.28489;3.6138;1.71584;
1.28499;3.61346;1.71551;
1.28509;3.6138;1.71584;
1.28519;3.61346;1.71551;
1.28529;3.6138;1.71584;
1.28539;3.61346;1.71551;
1.28549;3.6138;1.71584;
1.28559;3.61346;1.71551;
1.28569;3.6138;1.71584;
1.28579;3.61346;1.71551;
1.28589;3.6138;1.71584;
1.28599;3.61346;1.71551;
1.28609;3.6138;1.71584;
1.28619;3.61346;1.71551;
1.28629;3.6138;1.71584;
1.28639;3.61346;1.71551;
1.28649;3.6138;1.71584;
1.28659;3.61346;1.71551;
1.28669;3.6138;1.71584;
1.28679;3.61346;1.71551;
1.28689;3.6138;1.71584;
1.28699;3.61346;1.71551;
1.28709;3.6138;1.71584;
1.28719;3.61346;1.71551;
1.28729;3.6138;1.71584;
1.28739;3.61346;1.71551;
1.28749;3.6138;1.71584;
1.28759;3.61346;1.71551;
1.28769;3.6138;1.71584;
1.28779;3.61346;1.71551;
1.28789;3.6138;1.71584;
1.28799;3.61346;1.71551;
1.28809;3.6138;1.71584;
1.28819;3.61346;1.71551;
1.28829;3.6138;1.71584;
1.28839;3.61346;1.71551;
1.28849;3.6138;1.71584;
1.28859;3.61346;1.71551;
1.28869;3.6138;1.71584;
1.28879;3.61346;1.71551;
1.28889;3.6138;1.71584;
1.28899;3.61346;1.71551;
1.28909;3.6138;1.71584;
1.28919;3.61346;1.71551;
1.28929;3.6138;1.71584;
1.28939;3.61346;1.71551;
1.28949;3.6138;1.71584;
1.28959;3.61346;1.71551;
1.28969;3.6138;1.71584;
1.28979;3.61346;1.71551;
1.28989;3.6138;1.71584;
1.28999;3.61346;1.71551;
1.29009;3.6138;1.71584;
1.29019;3.61346;1.71551;
1.29029;3.6138;1.71584;
1.29039;3.61346;1.71551;
1.29049;3.6138;1.71584;
1.29059;3.61346;1.71551;
1.29069;3.6138;1.71584;
1.29079;3.61346;1.71551;
1.29089;3.6138;1.71584;
1.29099;3.61346;1.71551;
1.29109;3.6138;1.71584;
1.29119;3.61346;1.71551;
1.29129;3.6138;1.71584;
1.29139;3.61346;1.71551;
1.29149;3.6138;1.71584;
1.29159;3.61346;1.71551;
1.29169;3.6138;1.71584;
1.29179;3.61346;1.71551;
1.29189;3.6138;1.71584;
1.29199;3.61346;1.71551;
1.29209;3.6138;1.71584;
1.29219;3.61346;1.71551;
1.29229;3.6138;1.71584;
1.29239;3.61346;1.71551;
1.29249;3.6138;1.71584;
1.29259;3.61346;1.71551;
1.29269;3.6138;1.71584;
1.29279;3.61346;1.71551;
1.29289;3.6138;1.71584;
1.29299;3.61346;1.71551;
1.29309;3.6138;1.71584;
1.29319;3.61346;1.71551;
1.29329;3.6138;1.71584;
1.29339;3.61346;1.71551;
1.29349;3.6138;1.71584;
1.29359;3.61346;1.71551;
1.29369;3.6138;1.71584;
1.29379;3.61346;1.71551;
1.29389;3.6138;1.71584;
1.29399;3.61346;1.71551;
1.29409;3.6138;1.71584;
1.29419;3.61346;1.71551;
1.29429;3.6138;1.71584;
1.29439;3.61346;1.71551;
1.29449;3.6138;1.71584;
1.29459;3.61346;1.71551;
1.29469;3.6138;1.71584;
1.29479;3.61346;1.71551;
1.29489;3.6138;1.71584;
1.29499;3.61346;1.71551;
1.29509;3.6138;1.71584;
1.29519;3.61346;1.71551;
1.29529;3.6138;1.71584;
1.29539;3.61346;1.71551;
1.29549;3.6138;1.71584;
1.29559;3.61346;1.71551;
1.29569;3.6138;1.71584;
1.29579;3.61346;1.71551;
1.29589;3.6138;1.71584;
1.29599;3.61346;1.71551;
1.29609;3.6138;1.71584;
1.29619;3.61346;1.71551;
1.29629;3.6138;1.71584;
1.29639;3.61346;1.71551;
1.29649;3.6138;1.71584;
1.29659;3.61346;1.71551;
1.29669;3.6138;1.71584;
1.29679;3.61346;1.71551;
1.29689;3.6138;1.71584;
1.29699;3.61346;1.71551;
1.29709;3.6138;1.71584;
1.29719;3.61346;1.71551;
1.29729;3.6138;1.71584;
1.29739;3.61346;1.71551;
1.29749;3.6138;1.71584;
1.29759;3.61346;1.71551;
1.29769;3.6138;1.71584;
1.29779;3.61346;1.71551;
1.29789;3.6138;1.71584;
1.29799;3.61346;1.71551;
1.29809;3.6138;1.71584;
1.29819;3.61346;1.71551;
1.29829;3.6138;1.71584;
1.29839;3.61346;1.71551;
1.29849;3.6138;1.71584;
1.29859;3.61346;1.71551;
1.29869;3.6138;1.71584;
1.29879;3.61346;1.71551;
1.29889;3.6138;1.71584;
1.29899;3.61346;1.71551;
1.29909;3.6138;1.71584;
1.29919;3.61346;1.71551;
1.29929;3.6138;1.71584;
1.29939;3.61346;1.71551;
1.29949;3.6138;1.71584;
1.29959;3.61346;1.71551;
1.29969;3.6138;1.71584;
1.29979;3.61346;1.71551;
1.29989;3.6138;1.71584;
1.29999;3.61346;1.71551;
1.30009;3.6138;1.71584;
1.30019;3.61346;1.71551;
1.30029;3.6138;1.71584;
1.30039;3.61346;1.71551;
1.30049;3.6138;1.71584;
1.30059;3.61346;1.71551;
1.30069;3.6138;1.71584;
1.30079;3.61346;1.71551;
1.30089;3.6138;1.71584;
1.30099;3.61346;1.71551;
1.30109;3.6138;1.71584;
1.30119;3.61346;1.71551;
1.30129;3.6138;1.71584;
1.30139;3.61346;1.71551;
1.30149;3.6138;1.71584;
1.30159;3.61346;1.71551;
1.30169;3.6138;1.71584;
1.30179;3.61346;1.71551;
1.30189;3.6138;1.71584;
1.30199;3.61346;1.71551;
1.30209;3.6138;1.71584;
1.30219;3.61346;1.71551;
1.30229;3.6138;1.71584;
1.30239;3.61346;1.71551;
1.30249;3.6138;1.71584;
1.30259;3.61346;1.71551;
1.30269;3.6138;1.71584;
1.30279;3.61346;1.71551;
1.30289;3.6138;1.71583;
1.30299;3.61346;1.71551;
1.30309;3.6138;1.71583;
1.30319;3.61346;1.71551;
1.30329;3.6138;1.71583;
1.30339;3.61346;1.71551;
1.30349;3.6138;1.71583;
1.30359;3.61346;1.71551;
1.30369;3.6138;1.71583;
1.30379;3.61346;1.71551;
1.30389;3.6138;1.71583;
1.30399;3.61346;1.71551;
1.30409;3.6138;1.71584;
1.3041;3.61366;1.7157;
1.30412;3.61361;1.71565;
1.30413;3.61365;1.7157;
1.30414;3.6136;1.71565;
1.30416;3.61366;1.7157;
1.30417;3.6136;1.71565;
1.30419;3.61366;1.7157;
1.30421;3.61359;1.71564;
1.30423;0.00770897;2.54401e-12;
1.30425;0.00769048;2.53791e-12;
1.30427;0.00770864;2.5439e-12;
1.30428;0.0076903;2.53785e-12;
1.3043;0.00770805;2.54371e-12;
1.30433;0.0076898;2.53769e-12;
1.30438;0.00770837;2.54381e-12;
1.30446;0.00768969;2.53765e-12;
1.30456;0.00770783;2.54364e-12;
1.30466;0.00768959;2.53762e-12;
1.30476;0.00770772;2.5436e-12;
1.30486;0.0076899;2.53772e-12;
1.30496;0.00770764;2.54357e-12;
1.30506;0.00768982;2.53769e-12;
1.30516;0.00770756;2.54355e-12;
1.30526;0.00768975;2.53767e-12;
1.30536;0.00770749;2.54353e-12;
1.30546;0.00768969;2.53765e-12;
1.30556;0.00770744;2.54351e-12;
1.30566;0.00768925;2.53751e-12;
1.30576;0.00770739;2.54349e-12;
1.30586;0.00768922;2.5375e-12;
1.30596;0.00770736;2.54348e-12;
1.30606;0.00768921;2.53749e-12;
1.30616;0.00770734;2.54348e-12;
1.30626;0.00768919;2.53749e-12;
1.30636;0.00770733;2.54347e-12;
1.30646;0.00768919;2.53749e-12;
1.30656;0.00770731;2.54347e-12;
1.30666;0.00768919;2.53748e-12;
1.30676;0.0077073;2.54346e-12;
1.30686;0.00768919;2.53748e-12;
1.30696;0.0077073;2.54346e-12;
1.30706;0.00768919;2.53748e-12;
1.30716;0.00770729;2.54346e-12;
1.30726;0.00768919;2.53749e-12;
1.30736;0.00770728;2.54346e-12;
1.30746;0.00768919;2.53749e-12;
1.30756;0.00770728;2.54345e-12;
1.30766;0.00768919;2.53749e-12;
1.30776;0.00770727;2.54345e-12;
1.30786;0.0076892;2.53749e-12;
1.30796;0.00770727;2.54345e-12;
1.30806;0.0076892;2.53749e-12;
1.30816;0.00770726;2.54345e-12;
1.30826;0.00768921;2.53749e-12;
1.30836;0.00770726;2.54345e-12;
1.30846;0.00768921;2.53749e-12;
1.30856;0.00770725;2.54345e-12;
1.30866;0.00768921;2.53749e-12;
1.30876;0.00770725;2.54345e-12;
1.30886;0.00768922;2.5375e-12;
1.30896;0.00770725;2.54344e-12;
1.30906;0.00768922;2.5375e-12;
1.30916;0.00770724;2.54344e-12;
1.30926;0.00768923;2.5375e-12;
1.30936;0.00770724;2.54344e-12;
1.30946;0.00768923;2.5375e-12;
1.30956;0.00770723;2.54344e-12;
1.30966;0.00768924;2.5375e-12;
1.30976;0.00770723;2.54344e-12;
1.30986;0.00768924;2.5375e-12;
1.30996;0.00770722;2.54344e-12;
1.31006;0.00768924;2.5375e-12;
1.31016;0.00770722;2.54344e-12;
1.31026;0.00768925;2.5375e-12;
1.31036;0.00770721;2.54343e-12;
1.31046;0.00768925;2.53751e-12;
1.31056;0.00770721;2.54343e-12;
1.31066;0.00768926;2.53751e-12;
1.31076;0.00770721;2.54343e-12;
1.31086;0.00768926;2.53751e-12;
1.31096;0.0077072;2.54343e-12;
1.31106;0.00768927;2.53751e-12;
1.31116;0.0077072;2.54343e-12;
1.31126;0.00768927;2.53751e-12;
1.31136;0.00770719;2.54343e-12;
1.31146;0.00768927;2.53751e-12;
1.31156;0.00770719;2.54343e-12;
1.31166;0.00768928;2.53751e-12;
1.31176;0.00770718;2.54342e-12;
1.31186;0.00768928;2.53752e-12;
1.31196;0.00770718;2.54342e-12;
1.31206;0.00768929;2.53752e-12;
1.31216;0.00770718;2.54342e-12;
1.31226;0.00768929;2.53752e-12;
1.31236;0.00770717;2.54342e-12;
1.31246;0.0076893;2.53752e-12;
1.31256;0.00770717;2.54342e-12;
1.31266;0.0076893;2.53752e-12;
1.31276;0.00770716;2.54342e-12;
1.31286;0.0076893;2.53752e-12;
1.31296;0.00770716;2.54342e-12;
1.31306;0.00768931;2.53752e-12;
1.31316;0.00770715;2.54341e-12;
1.31326;0.00768931;2.53753e-12;
1.31336;0.00770715;2.54341e-12;
1.31346;0.00768932;2.53753e-12;
1.31356;0.00770714;2.54341e-12;
1.31366;0.00768932;2.53753e-12;
1.31376;0.00770714;2.54341e-12;
1.31386;0.00768933;2.53753e-12;
1.31396;0.00770714;2.54341e-12;
1.31406;0.00768933;2.53753e-12;
1.31416;0.00770713;2.54341e-12;
1.31426;0.00768933;2.53753e-12;
1.31436;0.00770713;2.5434e-12;
1.31446;0.00768934;2.53753e-12;
1.31456;0.00770712;2.5434e-12;
1.31466;0.00768934;2.53754e-12;
1.31476;0.00770712;2.5434e-12;
1.31486;0.00768935;2.53754e-12;
1.31496;0.00770711;2.5434e-12;
1.31506;0.00768935;2.53754e-12;
1.31516;0.00770711;2.5434e-12;
1.31526;0.00768936;2.53754e-12;
1.31536;0.0077071;2.5434e-12;
1.31546;0.00768936;2.53754e-12;
1.31556;0.0077071;2.5434e-12;
1.31566;0.00768936;2.53754e-12;
1.31576;0.0077071;2.54339e-12;
1.31586;0.00768937;2.53754e-12;
1.31596;0.00770709;2.54339e-12;
1.31606;0.00768937;2.53755e-12;
1.31616;0.00770709;2.54339e-12;
1.31626;0.00768938;2.53755e-12;
1.31636;0.00770708;2.54339e-12;
1.31646;0.00768938;2.53755e-12;
1.31656;0.00770708;2.54339e-12;
1.31666;0.00768939;2.53755e-12;
1.31676;0.00770707;2.54339e-12;
1.31686;0.00768939;2.53755e-12;
1.31696;0.00770707;2.54339e-12;
1.31706;0.00768939;2.53755e-12;
1.31716;0.00770707;2.54338e-12;
1.31726;0.0076894;2.53755e-12;
1.31736;0.00770706;2.54338e-12;
1.31746;0.0076894;2.53756e-12;
1.31756;0.00770706;2.54338e-12;
1.31766;0.00768941;2.53756e-12;
1.31776;0.00770705;2.54338e-12;
1.31786;0.00768941;2.53756e-12;
1.31796;0.00770705;2.54338e-12;
1.31806;0.00768942;2.53756e-12;
1.31816;0.00770704;2.54338e-12;
1.31826;0.00768942;2.53756e-12;
1.31836;0.00770704;2.54338e-12;
1.31846;0.00768943;2.53756e-12;
1.31856;0.00770703;2.54337e-12;
1.31866;0.00768943;2.53756e-12;
1.31876;0.00770703;2.54337e-12;
1.31886;0.00768943;2.53757e-12;
1.31896;0.00770703;2.54337e-12;
1.31906;0.00768944;2.53757e-12;
1.31916;0.00770702;2.54337e-12;
1.31926;0.00768944;2.53757e-12;
1.31936;0.00770702;2.54337e-12;
1.31946;0.00768945;2.53757e-12;
1.31956;0.00770701;2.54337e-12;
1.31966;0.00768945;2.53757e-12;
1.31976;0.00770701;2.54337e-12;
1.31986;0.00768946;2.53757e-12;
1.31996;0.007707;2.54336e-12;
1.32006;0.00768946;2.53757e-12;
1.32016;0.007707;2.54336e-12;
1.32026;0.00768946;2.53758e-12;
1.32036;0.00770699;2.54336e-12;
1.32046;0.00768947;2.53758e-12;
1.32056;0.00770699;2.54336e-12;
1.32066;0.00768947;2.53758e-12;
1.32076;0.00770699;2.54336e-12;
1.32086;0.00768948;2.53758e-12;
1.32096;0.00770698;2.54336e-12;
1.32106;0.00768948;2.53758e-12;
1.32116;0.00770698;2.54336e-12;
1.32126;0.00768949;2.53758e-12;
1.32136;0.00770697;2.54335e-12;
1.32146;0.00768949;2.53758e-12;
1.32156;0.00770697;2.54335e-12;
1.32166;0.00768949;2.53759e-12;
1.32176;0.00770696;2.54335e-12;
1.32186;0.0076895;2.53759e-12;
1.32196;0.00770696;2.54335e-12;
1.32206;0.0076895;2.53759e-12;
1.32216;0.00770695;2.54335e-12;
1.32226;0.00768951;2.53759e-12;
1.32236;0.00770695;2.54335e-12;
1.32246;0.00768951;2.53759e-12;
1.32256;0.00770695;2.54334e-12;
1.32266;0.00768952;2.53759e-12;
1.32276;0.00770694;2.54334e-12;
1.32286;0.00768952;2.53759e-12;
1.32296;0.00770694;2.54334e-12;
1.32306;0.00768952;2.5376e-12;
1.32316;0.00770693;2.54334e-12;
1.32326;0.00768953;2.5376e-12;
1.32336;0.00770693;2.54334e-12;
1.32346;0.00768953;2.5376e-12;
1.32356;0.00770692;2.54334e-12;
1.32366;0.00768954;2.5376e-12;
1.32376;0.00770692;2.54334e-12;
1.32386;0.00768954;2.5376e-12;
1.32396;0.00770691;2.54333e-12;
1.32406;0.00768955;2.5376e-12;
1.32416;0.00770691;2.54333e-12;
1.32426;0.00768955;2.5376e-12;
1.32436;0.00770691;2.54333e-12;
1.32446;0.00768955;2.53761e-12;
1.32456;0.0077069;2.54333e-12;
1.32466;0.00768956;2.53761e-12;
1.32476;0.0077069;2.54333e-12;
1.32486;0.00768956;2.53761e-12;
1.32496;0.00770689;2.54333e-12;
1.32506;0.00768957;2.53761e-12;
1.32516;0.00770689;2.54333e-12;
1.32526;0.00768957;2.53761e-12;
1.32536;0.00770688;2.54332e-12;
1.32546;0.00768958;2.53761e-12;
1.32556;0.00770688;2.54332e-12;
1.32566;0.00768958;2.53761e-12;
1.32576;0.00770687;2.54332e-12;
1.32586;0.00768959;2.53762e-12;
1.32596;0.00770687;2.54332e-12;
1.32606;0.00768959;2.53762e-12;
1.32616;0.00770686;2.54332e-12;
1.32626;0.00768959;2.53762e-12;
1.32636;0.00770686;2.54332e-12;
1.32646;0.0076896;2.53762e-12;
1.32656;0.00770686;2.54332e-12;
1.32666;0.0076896;2.53762e-12;
1.32676;0.00770685;2.54331e-12;
1.32686;0.00768961;2.53762e-12;
1.32696;0.00770685;2.54331e-12;
1.32706;0.00768961;2.53762e-12;
1.32716;0.00770684;2.54331e-12;
1.32726;0.00768962;2.53763e-12;
1.32736;0.00770684;2.54331e-12;
1.32746;0.00768962;2.53763e-12;
1.32756;0.00770683;2.54331e-12;
1.32766;0.00768962;2.53763e-12;
1.32776;0.00770683;2.54331e-12;
1.32786;0.00768963;2.53763e-12;
1.32796;0.00770682;2.5433e-12;
1.32806;0.00768963;2.53763e-12;
1.32816;0.00770682;2.5433e-12;
1.32826;0.00768964;2.53763e-12;
1.32836;0.00770682;2.5433e-12;
1.32846;0.00768964;2.53763e-12;
1.32856;0.00770681;2.5433e-12;
1.32866;0.00768965;2.53764e-12;
1.32876;0.00770681;2.5433e-12;
1.32886;0.00768965;2.53764e-12;
1.32896;0.0077068;2.5433e-12;
1.32906;0.00768965;2.53764e-12;
1.32916;0.0077068;2.5433e-12;
1.32926;0.00768966;2.53764e-12;
1.32936;0.00770679;2.54329e-12;
1.32946;0.00768966;2.53764e-12;
1.32956;0.00770679;2.54329e-12;
1.32966;0.00768967;2.53764e-12;
1.32976;0.00770678;2.54329e-12;
1.32986;0.00768967;2.53764e-12;
1.32996;0.00770678;2.54329e-12;
1.33006;0.00768968;2.53765e-12;
1.33016;0.00770677;2.54329e-12;
1.33026;0.00768968;2.53765e-12;
1.33036;0.00770677;2.54329e-12;
1.33046;0.00768968;2.53765e-12;
1.33056;0.00770677;2.54329e-12;
1.33066;0.00768969;2.53765e-12;
1.33076;0.00770676;2.54328e-12;
1.33086;0.00768969;2.53765e-12;
1.33096;0.00770676;2.54328e-12;
1.33106;0.0076897;2.53765e-12;
1.33116;0.00770675;2.54328e-12;
1.33126;0.0076897;2.53765e-12;
1.33136;0.00770675;2.54328e-12;
1.33146;0.00768971;2.53766e-12;
1.33156;0.00770674;2.54328e-12;
1.33166;0.00768971;2.53766e-12;
1.33176;0.00770674;2.54328e-12;
1.33186;0.00768971;2.53766e-12;
1.33196;0.00770673;2.54328e-12;
1.33206;0.00768972;2.53766e-12;
1.33216;0.00770673;2.54327e-12;
1.33226;0.00768972;2.53766e-12;
1.33236;0.00770672;2.54327e-12;
1.33246;0.00768973;2.53766e-12;
1.33256;0.00770672;2.54327e-12;
1.33266;0.00768973;2.53766e-12;
1.33276;0.00770672;2.54327e-12;
1.33286;0.00768974;2.53767e-12;
1.33296;0.00770671;2.54327e-12;
1.33306;0.00768974;2.53767e-12;
1.33316;0.00770671;2.54327e-12;
1.33326;0.00768975;2.53767e-12;
1.33336;0.0077067;2.54326e-12;
1.33346;0.00768975;2.53767e-12;
1.33356;0.0077067;2.54326e-12;
1.33366;0.00768975;2.53767e-12;
1.33376;0.00770669;2.54326e-12;
1.33386;0.00768976;2.53767e-12;
1.33396;0.00770669;2.54326e-12;
1.33406;0.00768976;2.53767e-12;
1.33416;0.00770668;2.54326e-12;
1.33426;0.00768977;2.53768e-12;
1.33436;0.00770668;2.54326e-12;
1.33446;0.00768977;2.53768e-12;
1.33456;0.00770667;2.54326e-12;
1.33466;0.00768978;2.53768e-12;
1.33476;0.00770667;2.54325e-12;
1.33486;0.00768978;2.53768e-12;
1.33496;0.00770667;2.54325e-12;
1.33506;0.00768978;2.53768e-12;
1.33516;0.00770666;2.54325e-12;
1.33526;0.00768979;2.53768e-12;
1.33536;0.00770666;2.54325e-12;
1.33546;0.00768979;2.53768e-12;
1.33556;0.00770665;2.54325e-12;
1.33566;0.0076898;2.53769e-12;
1.33576;0.00770665;2.54325e-12;
1.33586;0.0076898;2.53769e-12;
1.33596;0.00770664;2.54325e-12;
1.33606;0.00768981;2.53769e-12;
1.33616;0.00770664;2.54324e-12;
1.33626;0.00768981;2.53769e-12;
1.33636;0.00770663;2.54324e-12;
1.33646;0.00768981;2.53769e-12;
1.33656;0.00770663;2.54324e-12;
1.33666;0.00768982;2.53769e-12;
1.33676;0.00770662;2.54324e-12;
1.33686;0.00768982;2.53769e-12;
1.33696;0.00770662;2.54324e-12;
1.33706;0.00768983;2.5377e-12;
1.33716;0.00770662;2.54324e-12;
1.33726;0.00768983;2.5377e-12;
1.33736;0.00770661;2.54323e-12;
1.33746;0.00768984;2.5377e-12;
1.33756;0.00770661;2.54323e-12;
1.33766;0.00768984;2.5377e-12;
1.33776;0.0077066;2.54323e-12;
1.33786;0.00768984;2.5377e-12;
1.33796;0.0077066;2.54323e-12;
1.33806;0.00768985;2.5377e-12;
1.33816;0.00770659;2.54323e-12;
1.33826;0.00768985;2.5377e-12;
1.33836;0.00770659;2.54323e-12;
1.33846;0.00768986;2.53771e-12;
1.33856;0.00770658;2.54323e-12;
1.33866;0.00768986;2.53771e-12;
1.33876;0.00770658;2.54322e-12;
1.33886;0.00768987;2.53771e-12;
1.33896;0.00770657;2.54322e-12;
1.33906;0.00768987;2.53771e-12;
1.33916;0.00770657;2.54322e-12;
1.33926;0.00768988;2.53771e-12;
1.33936;0.00770657;2.54322e-12;
1.33946;0.00768988;2.53771e-12;
1.33956;0.00770656;2.54322e-12;
1.33966;0.00768988;2.53771e-12;
1.33976;0.00770656;2.54322e-12;
1.33986;0.00768989;2.53772e-12;
1.33996;0.00770655;2.54322e-12;
1.34006;0.00768989;2.53772e-12;
1.34016;0.00770655;2.54321e-12;
1.34026;0.0076899;2.53772e-12;
1.34036;0.00770654;2.54321e-12;
1.34046;0.0076899;2.53772e-12;
1.34056;0.00770654;2.54321e-12;
1.34066;0.00768991;2.53772e-12;
1.34076;0.00770653;2.54321e-12;
1.34086;0.00768991;2.53772e-12;
1.34096;0.00770653;2.54321e-12;
1.34106;0.00768991;2.53772e-12;
1.34116;0.00770652;2.54321e-12;
1.34126;0.00768992;2.53773e-12;
1.34136;0.00770652;2.5432e-12;
1.34146;0.00768992;2.53773e-12;
1.34156;0.00770652;2.5432e-12;
1.34166;0.00768993;2.53773e-12;
1.34176;0.00770651;2.5432e-12;
1.34186;0.00768993;2.53773e-12;
1.34196;0.00770651;2.5432e-12;
1.34206;0.00768994;2.53773e-12;
1.34216;0.0077065;2.5432e-12;
1.34226;0.00768994;2.53773e-12;
1.34236;0.0077065;2.5432e-12;
1.34246;0.00768994;2.53773e-12;
1.34256;0.00770649;2.5432e-12;
1.34266;0.00768995;2.53774e-12;
1.34276;0.00770649;2.54319e-12;
1.34286;0.00768995;2.53774e-12;
1.34296;0.00770648;2.54319e-12;
1.34306;0.00768996;2.53774e-12;
1.34316;0.00770648;2.54319e-12;
1.34326;0.00768996;2.53774e-12;
1.34336;0.00770647;2.54319e-12;
1.34346;0.00768997;2.53774e-12;
1.34356;0.00770647;2.54319e-12;
1.34366;0.00768997;2.53774e-12;
1.34376;0.00770646;2.54319e-12;
1.34386;0.00768997;2.53774e-12;
1.34396;0.00770646;2.54318e-12;
1.34406;0.00768998;2.53775e-12;
1.34416;0.00770646;2.54318e-12;
1.34426;0.00768998;2.53775e-12;
1.34436;0.00770645;2.54318e-12;
1.34446;0.00768999;2.53775e-12;
1.34456;0.00770645;2.54318e-12;
1.34466;0.00768999;2.53775e-12;
1.34476;0.00770644;2.54318e-12;
1.34486;0.00769;2.53775e-12;
1.34496;0.00770644;2.54318e-12;
1.34506;0.00769;2.53775e-12;
1.34516;0.00770643;2.54318e-12;
1.34526;0.00769001;2.53775e-12;
1.34536;0.00770643;2.54317e-12;
1.34546;0.00769001;2.53776e-12;
1.34556;0.00770642;2.54317e-12;
1.34566;0.00769001;2.53776e-12;
1.34576;0.00770642;2.54317e-12;
1.34586;0.00769002;2.53776e-12;
1.34596;0.00770641;2.54317e-12;
1.34606;0.00769002;2.53776e-12;
1.34616;0.00770641;2.54317e-12;
1.34626;0.00769003;2.53776e-12;
1.34636;0.0077064;2.54317e-12;
1.34646;0.00769003;2.53776e-12;
1.34656;0.0077064;2.54317e-12;
1.34666;0.00769004;2.53776e-12;
1.34676;0.0077064;2.54316e-12;
1.34686;0.00769004;2.53777e-12;
1.34696;0.00770639;2.54316e-12;
1.34706;0.00769004;2.53777e-12;
1.34716;0.00770639;2.54316e-12;
1.34726;0.00769005;2.53777e-12;
1.34736;0.00770638;2.54316e-12;
1.34746;0.00769005;2.53777e-12;
1.34756;0.00770638;2.54316e-12;
1.34766;0.00769006;2.53777e-12;
1.34776;0.00770637;2.54316e-12;
1.34786;0.00769006;2.53777e-12;
1.34796;0.00770637;2.54315e-12;
1.34806;0.00769007;2.53777e-12;
1.34816;0.00770636;2.54315e-12;
1.34826;0.00769007;2.53778e-12;
1.34836;0.00770636;2.54315e-12;
1.34846;0.00769007;2.53778e-12;
1.34856;0.00770635;2.54315e-12;
1.34866;0.00769008;2.53778e-12;
1.34876;0.00770635;2.54315e-12;
1.34886;0.00769008;2.53778e-12;
1.34896;0.00770634;2.54315e-12;
1.34906;0.00769009;2.53778e-12;
1.34916;0.00770634;2.54315e-12;
1.34926;0.00769009;2.53778e-12;
1.34936;0.00770634;2.54314e-12;
1.34946;0.0076901;2.53778e-12;
1.34956;0.00770633;2.54314e-12;
1.34966;0.0076901;2.53779e-12;
1.34976;0.00770633;2.54314e-12;
1.34986;0.0076901;2.53779e-12;
1.34996;0.00770632;2.54314e-12;
1.35006;0.00769011;2.53779e-12;
1.35016;0.00770632;2.54314e-12;
1.35026;0.00769011;2.53779e-12;
1.35036;0.00770631;2.54314e-12;
1.35046;0.00769012;2.53779e-12;
1.35056;0.00770631;2.54313e-12;
1.35066;0.00769012;2.53779e-12;
1.35076;0.0077063;2.54313e-12;
1.35086;0.00769013;2.53779e-12;
1.35096;0.0077063;2.54313e-12;
1.35106;0.00769013;2.5378e-12;
1.35116;0.00770629;2.54313e-12;
1.35126;0.00769013;2.5378e-12;
1.35136;0.00770629;2.54313e-12;
1.35146;0.00769014;2.5378e-12;
1.35156;0.00770628;2.54313e-12;
1.35166;0.00769014;2.5378e-12;
1.35176;0.00770628;2.54313e-12;
1.35186;0.00769015;2.5378e-12;
1.35196;0.00770628;2.54312e-12;
1.35206;0.00769015;2.5378e-12;
1.35216;0.00770627;2.54312e-12;
1.35226;0.00769016;2.5378e-12;
1.35236;0.00770627;2.54312e-12;
1.35246;0.00769016;2.53781e-12;
1.35256;0.00770626;2.54312e-12;
1.35266;0.00769017;2.53781e-12;
1.35276;0.00770626;2.54312e-12;
1.35286;0.00769017;2.53781e-12;
1.35296;0.00770625;2.54312e-12;
1.35306;0.00769017;2.53781e-12;
1.35316;0.00770625;2.54311e-12;
1.35326;0.00769018;2.53781e-12;
1.35336;0.00770624;2.54311e-12;
1.35346;0.00769018;2.53781e-12;
1.35356;0.00770624;2.54311e-12;
1.35366;0.00769019;2.53781e-12;
1.35376;0.00770623;2.54311e-12;
1.35386;0.00769019;2.53782e-12;
1.35396;0.00770623;2.54311e-12;
1.35406;0.0076902;2.53782e-12;
1.35416;0.00770622;2.54311e-12;
1.35426;0.0076902;2.53782e-12;
1.35436;0.00770622;2.54311e-12;
1.35446;0.0076902;2.53782e-12;
1.35456;0.00770622;2.5431e-12;
1.35466;0.00769021;2.53782e-12;
1.35476;0.00770621;2.5431e-12;
1.35486;0.00769021;2.53782e-12;
1.35496;0.00770621;2.5431e-12;
1.35506;0.00769022;2.53782e-12;
1.35516;0.0077062;2.5431e-12;
1.35526;0.00769022;2.53783e-12;
1.35536;0.0077062;2.5431e-12;
1.35546;0.00769023;2.53783e-12;
1.35556;0.00770619;2.5431e-12;
1.35566;0.00769023;2.53783e-12;
1.35576;0.00770619;2.54309e-12;
1.35586;0.00769023;2.53783e-12;
1.35596;0.00770618;2.54309e-12;
1.35606;0.00769024;2.53783e-12;
1.35616;0.00770618;2.54309e-12;
1.35626;0.00769024;2.53783e-12;
1.35636;0.00770617;2.54309e-12;
1.35646;0.00769025;2.53783e-12;
1.35656;0.00770617;2.54309e-12;
1.35666;0.00769025;2.53784e-12;
1.35676;0.00770616;2.54309e-12;
1.35686;0.00769026;2.53784e-12;
1.35696;0.00770616;2.54309e-12;
1.35706;0.00769026;2.53784e-12;
1.35716;0.00770616;2.54308e-12;
1.35726;0.00769026;2.53784e-12;
1.35736;0.00770615;2.54308e-12;
1.35746;0.00769027;2.53784e-12;
1.35756;0.00770615;2.54308e-12;
1.35766;0.00769027;2.53784e-12;
1.35776;0.00770614;2.54308e-12;
1.35786;0.00769028;2.53784e-12;
1.35796;0.00770614;2.54308e-12;
1.35806;0.00769028;2.53785e-12;
1.35816;0.00770613;2.54308e-12;
1.35826;0.00769029;2.53785e-12;
1.35836;0.00770613;2.54307e-12;
1.35846;0.00769029;2.53785e-12;
1.35856;0.00770612;2.54307e-12;
1.35866;0.00769029;2.53785e-12;
1.35876;0.00770612;2.54307e-12;
1.35886;0.0076903;2.53785e-12;
1.35896;0.00770611;2.54307e-12;
1.35906;0.0076903;2.53785e-12;
1.35916;0.00770611;2.54307e-12;
1.35926;0.00769031;2.53785e-12;
1.35936;0.0077061;2.54307e-12;
1.35946;0.00769031;2.53786e-12;
1.35956;0.0077061;2.54307e-12;
1.35966;0.00769032;2.53786e-12;
1.35976;0.00770609;2.54306e-12;
1.35986;0.00769032;2.53786e-12;
1.35996;0.00770609;2.54306e-12;
1.36006;0.00769033;2.53786e-12;
1.36016;0.00770609;2.54306e-12;
1.36026;0.00769033;2.53786e-12;
1.36036;0.00770608;2.54306e-12;
1.36046;0.00769033;2.53786e-12;
1.36056;0.00770608;2.54306e-12;
1.36066;0.00769034;2.53786e-12;
1.36076;0.00770607;2.54306e-12;
1.36086;0.00769034;2.53787e-12;
1.36096;0.00770607;2.54306e-12;
1.36106;0.00769035;2.53787e-12;
1.36116;0.00770606;2.54305e-12;
1.36126;0.00769035;2.53787e-12;
1.36136;0.00770606;2.54305e-12;
1.36146;0.00769036;2.53787e-12;
1.36156;0.00770605;2.54305e-12;
1.36166;0.00769036;2.53787e-12;
1.36176;0.00770605;2.54305e-12;
1.36186;0.00769036;2.53787e-12;
1.36196;0.00770604;2.54305e-12;
1.36206;0.00769037;2.53787e-12;
1.36216;0.00770604;2.54305e-12;
1.36226;0.00769037;2.53788e-12;
1.36236;0.00770603;2.54304e-12;
1.36246;0.00769038;2.53788e-12;
1.36256;0.00770603;2.54304e-12;
1.36266;0.00769038;2.53788e-12;
1.36276;0.00770602;2.54304e-12;
1.36286;0.00769039;2.53788e-12;
1.36296;0.00770602;2.54304e-12;
1.36306;0.00769039;2.53788e-12;
1.36316;0.00770602;2.54304e-12;
1.36326;0.00769039;2.53788e-12;
1.36336;0.00770601;2.54304e-12;
1.36346;0.0076904;2.53788e-12;
1.36356;0.00770601;2.54304e-12;
1.36366;0.0076904;2.53789e-12;
1.36376;0.007706;2.54303e-12;
1.36386;0.00769041;2.53789e-12;
1.36396;0.007706;2.54303e-12;
1.36406;0.00769041;2.53789e-12;
1.36416;0.00770599;2.54303e-12;
1.36426;0.00769042;2.53789e-12;
1.36436;0.00770599;2.54303e-12;
1.36446;0.00769042;2.53789e-12;
1.36456;0.00770598;2.54303e-12;
1.36466;0.00769042;2.53789e-12;
1.36476;0.00770598;2.54303e-12;
1.36486;0.00769043;2.53789e-12;
1.36496;0.00770597;2.54302e-12;
1.36506;0.00769043;2.5379e-12;
1.36516;0.00770597;2.54302e-12;
1.36526;0.00769044;2.5379e-12;
1.36536;0.00770596;2.54302e-12;
1.36546;0.00769044;2.5379e-12;
1.36556;0.00770596;2.54302e-12;
1.36566;0.00769045;2.5379e-12;
1.36576;0.00770595;2.54302e-12;
1.36586;0.00769045;2.5379e-12;
1.36596;0.00770595;2.54302e-12;
1.36606;0.00769045;2.5379e-12;
1.36616;0.00770595;2.54302e-12;
1.36626;0.00769046;2.5379e-12;
1.36636;0.00770594;2.54301e-12;
1.36646;0.00769046;2.53791e-12;
1.36656;0.00770594;2.54301e-12;
1.36666;0.00769047;2.53791e-12;
1.36676;0.00770593;2.54301e-12;
1.36686;0.00769047;2.53791e-12;
1.36696;0.00770593;2.54301e-12;
1.36706;0.00769048;2.53791e-12;
1.36716;0.00770592;2.54301e-12;
1.36726;0.00769048;2.53791e-12;
1.36736;0.00770592;2.54301e-12;
1.36746;0.00769048;2.53791e-12;
1.36756;0.00770591;2.543e-12;
1.36766;0.00769049;2.53791e-12;
1.36776;0.00770591;2.543e-12;
1.36786;0.00769049;2.53792e-12;
1.36796;0.0077059;2.543e-12;
1.36806;0.0076905;2.53792e-12;
1.36816;0.0077059;2.543e-12;
1.36826;0.0076905;2.53792e-12;
1.36836;0.00770589;2.543e-12;
1.36846;0.00769051;2.53792e-12;
1.36856;0.00770589;2.543e-12;
1.36866;0.00769051;2.53792e-12;
1.36876;0.00770588;2.543e-12;
1.36886;0.00769051;2.53792e-12;
1.36896;0.00770588;2.54299e-12;
1.36906;0.00769052;2.53792e-12;
1.36916;0.00770588;2.54299e-12;
1.36926;0.00769052;2.53793e-12;
1.36936;0.00770587;2.54299e-12;
1.36946;0.00769053;2.53793e-12;
1.36956;0.00770587;2.54299e-12;
1.36966;0.00769053;2.53793e-12;
1.36976;0.00770586;2.54299e-12;
1.36986;0.00769054;2.53793e-12;
1.36996;0.00770586;2.54299e-12;
1.37006;0.00769054;2.53793e-12;
1.37016;0.00770585;2.54298e-12;
1.37026;0.00769054;2.53793e-12;
1.37036;0.00770585;2.54298e-12;
1.37046;0.00769055;2.53793e-12;
1.37056;0.00770584;2.54298e-12;
1.37066;0.00769055;2.53794e-12;
1.37076;0.00770584;2.54298e-12;
1.37086;0.00769056;2.53794e-12;
1.37096;0.00770583;2.54298e-12;
1.37106;0.00769056;2.53794e-12;
1.37116;0.00770583;2.54298e-12;
1.37126;0.00769057;2.53794e-12;
1.37136;0.00770582;2.54297e-12;
1.37146;0.00769057;2.53794e-12;
1.37156;0.00770582;2.54297e-12;
1.37166;0.00769057;2.53794e-12;
1.37176;0.00770581;2.54297e-12;
1.37186;0.00769058;2.53794e-12;
1.37196;0.00770581;2.54297e-12;
1.37206;0.00769058;2.53795e-12;
1.37216;0.00770581;2.54297e-12;
1.37226;0.00769059;2.53795e-12;
1.37236;0.0077058;2.54297e-12;
1.37246;0.00769059;2.53795e-12;
1.37256;0.0077058;2.54297e-12;
1.37266;0.0076906;2.53795e-12;
1.37276;0.00770579;2.54296e-12;
1.37286;0.0076906;2.53795e-12;
1.37296;0.00770579;2.54296e-12;
1.37306;0.0076906;2.53795e-12;
1.37316;0.00770578;2.54296e-12;
1.37326;0.00769061;2.53795e-12;
1.37336;0.00770578;2.54296e-12;
1.37346;0.00769061;2.53796e-12;
1.37356;0.00770577;2.54296e-12;
1.37366;0.00769062;2.53796e-12;
1.37376;0.00770577;2.54296e-12;
1.37386;0.00769062;2.53796e-12;
1.37396;0.00770576;2.54295e-12;
1.37406;0.00769063;2.53796e-12;
1.37416;0.00770576;2.54295e-12;
1.37426;0.00769063;2.53796e-12;
1.37436;0.00770575;2.54295e-12;
1.37446;0.00769063;2.53796e-12;
1.37456;0.00770575;2.54295e-12;
1.37466;0.00769064;2.53796e-12;
1.37476;0.00770574;2.54295e-12;
1.37486;0.00769064;2.53797e-12;
1.37496;0.00770574;2.54295e-12;
1.37506;0.00769065;2.53797e-12;
1.37516;0.00770574;2.54295e-12;
1.37526;0.00769065;2.53797e-12;
1.37536;0.00770573;2.54294e-12;
1.37546;0.00769066;2.53797e-12;
1.37556;0.00770573;2.54294e-12;
1.37566;0.00769066;2.53797e-12;
1.37576;0.00770572;2.54294e-12;
1.37586;0.00769066;2.53797e-12;
1.37596;0.00770572;2.54294e-12;
1.37606;0.00769067;2.53797e-12;
1.37616;0.00770571;2.54294e-12;
1.37626;0.00769067;2.53798e-12;
1.37636;0.00770571;2.54294e-12;
1.37646;0.00769068;2.53798e-12;
1.37656;0.0077057;2.54293e-12;
1.37666;0.00769068;2.53798e-12;
1.37676;0.0077057;2.54293e-12;
1.37686;0.00769069;2.53798e-12;
1.37696;0.00770569;2.54293e-12;
1.37706;0.00769069;2.53798e-12;
1.37716;0.00770569;2.54293e-12;
1.37726;0.00769069;2.53798e-12;
1.37736;0.00770568;2.54293e-12;
1.37746;0.0076907;2.53798e-12;
1.37756;0.00770568;2.54293e-12;
1.37766;0.0076907;2.53799e-12;
1.37776;0.00770567;2.54293e-12;
1.37786;0.00769071;2.53799e-12;
1.37796;0.00770567;2.54292e-12;
1.37806;0.00769071;2.53799e-12;
1.37816;0.00770567;2.54292e-12;
1.37826;0.00769072;2.53799e-12;
1.37836;0.00770566;2.54292e-12;
1.37846;0.00769072;2.53799e-12;
1.37856;0.00770566;2.54292e-12;
1.37866;0.00769072;2.53799e-12;
1.37876;0.00770565;2.54292e-12;
1.37886;0.00769073;2.53799e-12;
1.37896;0.00770565;2.54292e-12;
1.37906;0.00769073;2.53799e-12;
1.37916;0.00770564;2.54291e-12;
1.37926;0.00769074;2.538e-12;
1.37936;0.00770564;2.54291e-12;
1.37946;0.00769074;2.538e-12;
1.37956;0.00770563;2.54291e-12;
1.37966;0.00769075;2.538e-12;
1.37976;0.00770563;2.54291e-12;
1.37986;0.00769075;2.538e-12;
1.37996;0.00770562;2.54291e-12;
1.38006;0.00769075;2.538e-12;
1.38016;0.00770562;2.54291e-12;
1.38026;0.00769076;2.538e-12;
1.38036;0.00770561;2.54291e-12;
1.38046;0.00769076;2.538e-12;
1.38056;0.00770561;2.5429e-12;
1.38066;0.00769077;2.53801e-12;
1.38076;0.0077056;2.5429e-12;
1.38086;0.00769077;2.53801e-12;
1.38096;0.0077056;2.5429e-12;
1.38106;0.00769078;2.53801e-12;
1.38116;0.00770559;2.5429e-12;
1.38126;0.00769078;2.53801e-12;
1.38136;0.00770559;2.5429e-12;
1.38146;0.00769078;2.53801e-12;
1.38156;0.00770559;2.5429e-12;
1.38166;0.00769079;2.53801e-12;
1.38176;0.00770558;2.54289e-12;
1.38186;0.00769079;2.53801e-12;
1.38196;0.00770558;2.54289e-12;
1.38206;0.0076908;2.53802e-12;
1.38216;0.00770557;2.54289e-12;
1.38226;0.0076908;2.53802e-12;
1.38236;0.00770557;2.54289e-12;
1.38246;0.00769081;2.53802e-12;
1.38256;0.00770556;2.54289e-12;
1.38266;0.00769081;2.53802e-12;
1.38276;0.00770556;2.54289e-12;
1.38286;0.00769081;2.53802e-12;
1.38296;0.00770555;2.54289e-12;
1.38306;0.00769082;2.53802e-12;
1.38316;0.00770555;2.54288e-12;
1.38326;0.00769082;2.53802e-12;
1.38336;0.00770554;2.54288e-12;
1.38346;0.00769083;2.53803e-12;
1.38356;0.00770554;2.54288e-12;
1.38366;0.00769083;2.53803e-12;
1.38376;0.00770553;2.54288e-12;
1.38386;0.00769084;2.53803e-12;
1.38396;0.00770553;2.54288e-12;
1.38406;0.00769084;2.53803e-12;
1.38416;0.00770552;2.54288e-12;
1.38426;0.00769084;2.53803e-12;
1.38436;0.00770552;2.54287e-12;
1.38446;0.00769085;2.53803e-12;
1.38456;0.00770552;2.54287e-12;
1.38466;0.00769085;2.53803e-12;
1.38476;0.00770551;2.54287e-12;
1.38486;0.00769086;2.53804e-12;
1.38496;0.00770551;2.54287e-12;
1.38506;0.00769086;2.53804e-12;
1.38516;0.0077055;2.54287e-12;
1.38526;0.00769087;2.53804e-12;
1.38536;0.0077055;2.54287e-12;
1.38546;0.00769087;2.53804e-12;
1.38556;0.00770549;2.54287e-12;
1.38566;0.00769087;2.53804e-12;
1.38576;0.00770549;2.54286e-12;
1.38586;0.00769088;2.53804e-12;
1.38596;0.00770548;2.54286e-12;
1.38606;0.00769088;2.53804e-12;
1.38616;0.00770548;2.54286e-12;
1.38626;0.00769089;2.53805e-12;
1.38636;0.00770547;2.54286e-12;
1.38646;0.00769089;2.53805e-12;
1.38656;0.00770547;2.54286e-12;
1.38666;0.0076909;2.53805e-12;
1.38676;0.00770546;2.54286e-12;
1.38686;0.0076909;2.53805e-12;
1.38696;0.00770546;2.54285e-12;
1.38706;0.0076909;2.53805e-12;
1.38716;0.00770545;2.54285e-12;
1.38726;0.00769091;2.53805e-12;
1.38736;0.00770545;2.54285e-12;
1.38746;0.00769091;2.53805e-12;
1.38756;0.00770545;2.54285e-12;
1.38766;0.00769092;2.53806e-12;
1.38776;0.00770544;2.54285e-12;
1.38786;0.00769092;2.53806e-12;
1.38796;0.00770544;2.54285e-12;
1.38806;0.00769093;2.53806e-12;
1.38816;0.00770543;2.54285e-12;
1.38826;0.00769093;2.53806e-12;
1.38836;0.00770543;2.54284e-12;
1.38846;0.00769093;2.53806e-12;
1.38856;0.00770542;2.54284e-12;
1.38866;0.00769094;2.53806e-12;
1.38876;0.00770542;2.54284e-12;
1.38886;0.00769094;2.53806e-12;
1.38896;0.00770541;2.54284e-12;
1.38906;0.00769095;2.53807e-12;
1.38916;0.00770541;2.54284e-12;
1.38926;0.00769095;2.53807e-12;
1.38936;0.0077054;2.54284e-12;
1.38946;0.00769096;2.53807e-12;
1.38956;0.0077054;2.54283e-12;
1.38966;0.00769096;2.53807e-12;
1.38976;0.00770539;2.54283e-12;
1.38986;0.00769096;2.53807e-12;
1.38996;0.00770539;2.54283e-12;
1.39006;0.00769097;2.53807e-12;
1.39016;0.00770538;2.54283e-12;
1.39026;0.00769097;2.53807e-12;
1.39036;0.00770538;2.54283e-12;
1.39046;0.00769098;2.53808e-12;
1.39056;0.00770537;2.54283e-12;
1.39066;0.00769098;2.53808e-12;
1.39076;0.00770537;2.54283e-12;
1.39086;0.00769098;2.53808e-12;
1.39096;0.00770537;2.54282e-12;
1.39106;0.00769099;2.53808e-12;
1.39116;0.00770536;2.54282e-12;
1.39126;0.00769099;2.53808e-12;
1.39136;0.00770536;2.54282e-12;
1.39146;0.007691;2.53808e-12;
1.39156;0.00770535;2.54282e-12;
1.39166;0.007691;2.53808e-12;
1.39176;0.00770535;2.54282e-12;
1.39186;0.00769101;2.53808e-12;
1.39196;0.00770534;2.54282e-12;
1.39206;0.00769101;2.53809e-12;
1.39216;0.00770534;2.54281e-12;
1.39226;0.00769101;2.53809e-12;
1.39236;0.00770533;2.54281e-12;
1.39246;0.00769102;2.53809e-12;
1.39256;0.00770533;2.54281e-12;
1.39266;0.00769102;2.53809e-12;
1.39276;0.00770532;2.54281e-12;
1.39286;0.00769103;2.53809e-12;
1.39296;0.00770532;2.54281e-12;
1.39306;0.00769103;2.53809e-12;
1.39316;0.00770531;2.54281e-12;
1.39326;0.00769104;2.53809e-12;
1.39336;0.00770531;2.54281e-12;
1.39346;0.00769104;2.5381e-12;
1.39356;0.0077053;2.5428e-12;
1.39366;0.00769104;2.5381e-12;
1.39376;0.0077053;2.5428e-12;
1.39386;0.00769105;2.5381e-12;
1.39396;0.0077053;2.5428e-12;
1.39406;0.00769105;2.5381e-12;
1.39416;0.00770529;2.5428e-12;
1.39426;0.00769106;2.5381e-12;
1.39436;0.00770529;2.5428e-12;
1.39446;0.00769106;2.5381e-12;
1.39456;0.00770528;2.5428e-12;
1.39466;0.00769107;2.5381e-12;
1.39476;0.00770528;2.54279e-12;
1.39486;0.00769107;2.53811e-12;
1.39496;0.00770527;2.54279e-12;
1.39506;0.00769107;2.53811e-12;
1.39516;0.00770527;2.54279e-12;
1.39526;0.00769108;2.53811e-12;
1.39536;0.00770526;2.54279e-12;
1.39546;0.00769108;2.53811e-12;
1.39556;0.00770526;2.54279e-12;
1.39566;0.00769109;2.53811e-12;
1.39576;0.00770525;2.54279e-12;
1.39586;0.00769109;2.53811e-12;
1.39596;0.00770525;2.54279e-12;
1.39606;0.0076911;2.53811e-12;
1.39616;0.00770524;2.54278e-12;
1.39626;0.0076911;2.53812e-12;
1.39636;0.00770524;2.54278e-12;
1.39646;0.0076911;2.53812e-12;
1.39656;0.00770523;2.54278e-12;
1.39666;0.00769111;2.53812e-12;
1.39676;0.00770523;2.54278e-12;
1.39686;0.00769111;2.53812e-12;
1.39696;0.00770523;2.54278e-12;
1.39706;0.00769112;2.53812e-12;
1.39716;0.00770522;2.54278e-12;
1.39726;0.00769112;2.53812e-12;
1.39736;0.00770522;2.54277e-12;
1.39746;0.00769112;2.53812e-12;
1.39756;0.00770521;2.54277e-12;
1.39766;0.00769113;2.53813e-12;
1.39776;0.00770521;2.54277e-12;
1.39786;0.00769113;2.53813e-12;
1.39796;0.0077052;2.54277e-12;
1.39806;0.00769114;2.53813e-12;
1.39816;0.0077052;2.54277e-12;
1.39826;0.00769114;2.53813e-12;
1.39836;0.00770519;2.54277e-12;
1.39846;0.00769115;2.53813e-12;
1.39856;0.00770519;2.54276e-12;
1.39866;0.00769115;2.53813e-12;
1.39876;0.00770518;2.54276e-12;
1.39886;0.00769115;2.53813e-12;
1.39896;0.00770518;2.54276e-12;
1.39906;0.00769116;2.53814e-12;
1.39916;0.00770517;2.54276e-12;
1.39926;0.00769116;2.53814e-12;
1.39936;0.00770517;2.54276e-12;
1.39946;0.00769117;2.53814e-12;
1.39956;0.00770516;2.54276e-12;
1.39966;0.00769117;2.53814e-12;
1.39976;0.00770516;2.54276e-12;
1.39986;0.00769118;2.53814e-12;
1.39996;0.00770515;2.54275e-12;
1.40006;0.00769118;2.53814e-12;
1.40016;0.00770515;2.54275e-12;
1.40026;0.00769118;2.53814e-12;
1.40036;0.00770515;2.54275e-12;
1.40046;0.00769119;2.53814e-12;
1.40056;0.00770514;2.54275e-12;
1.40066;0.00769119;2.53815e-12;
1.40076;0.00770514;2.54275e-12;
1.40086;0.0076912;2.53815e-12;
1.40096;0.00770513;2.54275e-12;
1.40106;0.0076912;2.53815e-12;
1.40116;0.00770513;2.54274e-12;
1.40126;0.0076912;2.53815e-12;
1.40136;0.00770512;2.54274e-12;
1.40146;0.00769121;2.53815e-12;
1.40156;0.00770512;2.54274e-12;
1.40166;0.00769121;2.53815e-12;
1.40176;0.00770511;2.54274e-12;
1.40186;0.00769122;2.53815e-12;
1.40196;0.00770511;2.54274e-12;
1.40206;0.00769122;2.53816e-12;
1.40216;0.0077051;2.54274e-12;
1.40226;0.00769123;2.53816e-12;
1.40236;0.0077051;2.54274e-12;
1.40246;0.00769123;2.53816e-12;
1.40256;0.00770509;2.54273e-12;
1.40266;0.00769123;2.53816e-12;
1.40276;0.00770509;2.54273e-12;
1.40286;0.00769124;2.53816e-12;
1.40296;0.00770508;2.54273e-12;
1.40306;0.00769124;2.53816e-12;
1.40316;0.00770508;2.54273e-12;
1.40326;0.00769125;2.53816e-12;
1.40336;0.00770508;2.54273e-12;
1.40346;0.00769125;2.53817e-12;
1.40356;0.00770507;2.54273e-12;
1.40366;0.00769126;2.53817e-12;
1.40376;0.00770507;2.54272e-12;
1.40386;0.00769126;2.53817e-12;
1.40396;0.00770506;2.54272e-12;
1.40406;0.00769126;2.53817e-12;
1.40416;0.00770506;2.54272e-12;
1.40426;0.00769127;2.53817e-12;
1.40436;0.00770505;2.54272e-12;
1.40446;0.00769127;2.53817e-12;
1.40456;0.00770505;2.54272e-12;
1.40466;0.00769128;2.53817e-12;
1.40476;0.00770504;2.54272e-12;
1.40486;0.00769128;2.53818e-12;
1.40496;0.00770504;2.54272e-12;
1.40506;0.00769128;2.53818e-12;
1.40516;0.00770503;2.54271e-12;
1.40526;0.00769129;2.53818e-12;
1.40536;0.00770503;2.54271e-12;
1.40546;0.00769129;2.53818e-12;
1.40556;0.00770502;2.54271e-12;
1.40566;0.0076913;2.53818e-12;
1.40576;0.00770502;2.54271e-12;
1.40586;0.0076913;2.53818e-12;
1.40596;0.00770501;2.54271e-12;
1.40606;0.00769131;2.53818e-12;
1.40616;0.00770501;2.54271e-12;
1.40626;0.00769131;2.53819e-12;
1.40636;0.00770501;2.5427e-12;
1.40646;0.00769131;2.53819e-12;
1.40656;0.007705;2.5427e-12;
1.40666;0.00769132;2.53819e-12;
1.40676;0.007705;2.5427e-12;
1.40686;0.00769132;2.53819e-12;
1.40696;0.00770499;2.5427e-12;
1.40706;0.00769133;2.53819e-12;
1.40716;0.00770499;2.5427e-12;
1.40726;0.00769133;2.53819e-12;
1.40736;0.00770498;2.5427e-12;
1.40746;0.00769133;2.53819e-12;
1.40756;0.00770498;2.5427e-12;
1.40766;0.00769134;2.53819e-12;
1.40776;0.00770497;2.54269e-12;
1.40786;0.00769134;2.5382e-12;
1.40796;0.00770497;2.54269e-12;
1.40806;0.00769135;2.5382e-12;
1.40816;0.00770496;2.54269e-12;
1.40826;0.00769135;2.5382e-12;
1.40836;0.00770496;2.54269e-12;
1.40846;0.00769136;2.5382e-12;
1.40856;0.00770495;2.54269e-12;
1.40866;0.00769136;2.5382e-12;
1.40876;0.00770495;2.54269e-12;
1.40886;0.00769136;2.5382e-12;
1.40896;0.00770494;2.54268e-12;
1.40906;0.00769137;2.5382e-12;
1.40916;0.00770494;2.54268e-12;
1.40926;0.00769137;2.53821e-12;
1.40936;0.00770494;2.54268e-12;
1.40946;0.00769138;2.53821e-12;
1.40956;0.00770493;2.54268e-12;
1.40966;0.00769138;2.53821e-12;
1.40976;0.00770493;2.54268e-12;
1.40986;0.00769139;2.53821e-12;
1.40996;0.00770492;2.54268e-12;
1.41006;0.00769139;2.53821e-12;
1.41016;0.00770492;2.54268e-12;
1.41026;0.00769139;2.53821e-12;
1.41036;0.00770491;2.54267e-12;
1.41046;0.0076914;2.53821e-12;
1.41056;0.00770491;2.54267e-12;
1.41066;0.0076914;2.53822e-12;
1.41076;0.0077049;2.54267e-12;
1.41086;0.00769141;2.53822e-12;
1.41096;0.0077049;2.54267e-12;
1.41106;0.00769141;2.53822e-12;
1.41116;0.00770489;2.54267e-12;
1.41126;0.00769141;2.53822e-12;
1.41136;0.00770489;2.54267e-12;
1.41146;0.00769142;2.53822e-12;
1.41156;0.00770488;2.54266e-12;
1.41166;0.00769142;2.53822e-12;
1.41176;0.00770488;2.54266e-12;
1.41186;0.00769143;2.53822e-12;
1.41196;0.00770488;2.54266e-12;
1.41206;0.00769143;2.53823e-12;
1.41216;0.00770487;2.54266e-12;
1.41226;0.00769144;2.53823e-12;
1.41236;0.00770487;2.54266e-12;
1.41246;0.00769144;2.53823e-12;
1.41256;0.00770486;2.54266e-12;
1.41266;0.00769144;2.53823e-12;
1.41276;0.00770486;2.54266e-12;
1.41286;0.00769145;2.53823e-12;
1.41296;0.00770485;2.54265e-12;
1.41306;0.00769145;2.53823e-12;
1.41316;0.00770485;2.54265e-12;
1.41326;0.00769146;2.53823e-12;
1.41336;0.00770484;2.54265e-12;
1.41346;0.00769146;2.53823e-12;
1.41356;0.00770484;2.54265e-12;
1.41366;0.00769146;2.53824e-12;
1.41376;0.00770483;2.54265e-12;
1.41386;0.00769147;2.53824e-12;
1.41396;0.00770483;2.54265e-12;
1.41406;0.00769147;2.53824e-12;
1.41416;0.00770482;2.54264e-12;
1.41426;0.00769148;2.53824e-12;
1.41436;0.00770482;2.54264e-12;
1.41446;0.00769148;2.53824e-12;
1.41456;0.00770481;2.54264e-12;
1.41466;0.00769149;2.53824e-12;
1.41476;0.00770481;2.54264e-12;
1.41486;0.00769149;2.53824e-12;
1.41496;0.00770481;2.54264e-12;
1.41506;0.00769149;2.53825e-12;
1.41516;0.0077048;2.54264e-12;
1.41526;0.0076915;2.53825e-12;
1.41536;0.0077048;2.54264e-12;
1.41546;0.0076915;2.53825e-12;
1.41556;0.00770479;2.54263e-12;
1.41566;0.00769151;2.53825e-12;
1.41576;0.00770479;2.54263e-12;
1.41586;0.00769151;2.53825e-12;
1.41596;0.00770478;2.54263e-12;
1.41606;0.00769151;2.53825e-12;
1.41616;0.00770478;2.54263e-12;
1.41626;0.00769152;2.53825e-12;
1.41636;0.00770477;2.54263e-12;
1.41646;0.00769152;2.53826e-12;
1.41656;0.00770477;2.54263e-12;
1.41666;0.00769153;2.53826e-12;
1.41676;0.00770476;2.54262e-12;
1.41686;0.00769153;2.53826e-12;
1.41696;0.00770476;2.54262e-12;
1.41706;0.00769154;2.53826e-12;
1.41716;0.00770475;2.54262e-12;
1.41726;0.00769154;2.53826e-12;
1.41736;0.00770475;2.54262e-12;
1.41746;0.00769154;2.53826e-12;
1.41756;0.00770474;2.54262e-12;
1.41766;0.00769155;2.53826e-12;
1.41776;0.00770474;2.54262e-12;
1.41786;0.00769155;2.53826e-12;
1.41796;0.00770474;2.54262e-12;
1.41806;0.00769156;2.53827e-12;
1.41816;0.00770473;2.54261e-12;
1.41826;0.00769156;2.53827e-12;
1.41836;0.00770473;2.54261e-12;
1.41846;0.00769156;2.53827e-12;
1.41856;0.00770472;2.54261e-12;
1.41866;0.00769157;2.53827e-12;
1.41876;0.00770472;2.54261e-12;
1.41886;0.00769157;2.53827e-12;
1.41896;0.00770471;2.54261e-12;
1.41906;0.00769158;2.53827e-12;
1.41916;0.00770471;2.54261e-12;
1.41926;0.00769158;2.53827e-12;
1.41936;0.0077047;2.54261e-12;
1.41946;0.00769158;2.53828e-12;
1.41956;0.0077047;2.5426e-12;
1.41966;0.00769159;2.53828e-12;
1.41976;0.00770469;2.5426e-12;
1.41986;0.00769159;2.53828e-12;
1.41996;0.00770469;2.5426e-12;
1.42006;0.0076916;2.53828e-12;
1.42016;0.00770468;2.5426e-12;
1.42026;0.0076916;2.53828e-12;
1.42036;0.00770468;2.5426e-12;
1.42046;0.00769161;2.53828e-12;
1.42056;0.00770468;2.5426e-12;
1.42066;0.00769161;2.53828e-12;
1.42076;0.00770467;2.54259e-12;
1.42086;0.00769161;2.53829e-12;
1.42096;0.00770467;2.54259e-12;
1.42106;0.00769162;2.53829e-12;
1.42116;0.00770466;2.54259e-12;
1.42126;0.00769162;2.53829e-12;
1.42136;0.00770466;2.54259e-12;
1.42146;0.00769163;2.53829e-12;
1.42156;0.00770465;2.54259e-12;
1.42166;0.00769163;2.53829e-12;
1.42176;0.00770465;2.54259e-12;
1.42186;0.00769163;2.53829e-12;
1.42196;0.00770464;2.54259e-12;
1.42206;0.00769164;2.53829e-12;
1.42216;0.00770464;2.54258e-12;
1.42226;0.00769164;2.53829e-12;
1.42236;0.00770463;2.54258e-12;
1.42246;0.00769165;2.5383e-12;
1.42256;0.00770463;2.54258e-12;
1.42266;0.00769165;2.5383e-12;
1.42276;0.00770462;2.54258e-12;
1.42286;0.00769166;2.5383e-12;
1.42296;0.00770462;2.54258e-12;
1.42306;0.00769166;2.5383e-12;
1.42316;0.00770462;2.54258e-12;
1.42326;0.00769166;2.5383e-12;
1.42336;0.00770461;2.54257e-12;
1.42346;0.00769167;2.5383e-12;
1.42356;0.00770461;2.54257e-12;
1.42366;0.00769167;2.5383e-12;
1.42376;0.0077046;2.54257e-12;
1.42386;0.00769168;2.53831e-12;
1.42396;0.0077046;2.54257e-12;
1.42406;0.00769168;2.53831e-12;
1.42416;0.00770459;2.54257e-12;
1.42426;0.00769168;2.53831e-12;
1.42436;0.00770459;2.54257e-12;
1.42446;0.00769169;2.53831e-12;
1.42456;0.00770458;2.54257e-12;
1.42466;0.00769169;2.53831e-12;
1.42476;0.00770458;2.54256e-12;
1.42486;0.0076917;2.53831e-12;
1.42496;0.00770457;2.54256e-12;
1.42506;0.0076917;2.53831e-12;
1.42516;0.00770457;2.54256e-12;
1.42526;0.0076917;2.53832e-12;
1.42536;0.00770456;2.54256e-12;
1.42546;0.00769171;2.53832e-12;
1.42556;0.00770456;2.54256e-12;
1.42566;0.00769171;2.53832e-12;
1.42576;0.00770456;2.54256e-12;
1.42586;0.00769172;2.53832e-12;
1.42596;0.00770455;2.54255e-12;
1.42606;0.00769172;2.53832e-12;
1.42616;0.00770455;2.54255e-12;
1.42626;0.00769172;2.53832e-12;
1.42636;0.00770454;2.54255e-12;
1.42646;0.00769173;2.53832e-12;
1.42656;0.00770454;2.54255e-12;
1.42666;0.00769173;2.53832e-12;
1.42676;0.00770453;2.54255e-12;
1.42686;0.00769174;2.53833e-12;
1.42696;0.00770453;2.54255e-12;
1.42706;0.00769174;2.53833e-12;
1.42716;0.00770452;2.54255e-12;
1.42726;0.00769175;2.53833e-12;
1.42736;0.00770452;2.54254e-12;
1.42746;0.00769175;2.53833e-12;
1.42756;0.00770451;2.54254e-12;
1.42766;0.00769175;2.53833e-12;
1.42776;0.00770451;2.54254e-12;
1.42786;0.00769176;2.53833e-12;
1.42796;0.0077045;2.54254e-12;
1.42806;0.00769176;2.53833e-12;
1.42816;0.0077045;2.54254e-12;
1.42826;0.00769177;2.53834e-12;
1.42836;0.0077045;2.54254e-12;
1.42846;0.00769177;2.53834e-12;
1.42856;0.00770449;2.54253e-12;
1.42866;0.00769177;2.53834e-12;
1.42876;0.00770449;2.54253e-12;
1.42886;0.00769178;2.53834e-12;
1.42896;0.00770448;2.54253e-12;
1.42906;0.00769178;2.53834e-12;
1.42916;0.00770448;2.54253e-12;
1.42926;0.00769179;2.53834e-12;
1.42936;0.00770447;2.54253e-12;
1.42946;0.00769179;2.53834e-12;
1.42956;0.00770447;2.54253e-12;
1.42966;0.00769179;2.53835e-12;
1.42976;0.00770446;2.54253e-12;
1.42986;0.0076918;2.53835e-12;
1.42996;0.00770446;2.54252e-12;
1.43006;0.0076918;2.53835e-12;
1.43016;0.00770445;2.54252e-12;
1.43026;0.00769181;2.53835e-12;
1.43036;0.00770445;2.54252e-12;
1.43046;0.00769181;2.53835e-12;
1.43056;0.00770444;2.54252e-12;
1.43066;0.00769182;2.53835e-12;
1.43076;0.00770444;2.54252e-12;
1.43086;0.00769182;2.53835e-12;
1.43096;0.00770444;2.54252e-12;
1.43106;0.00769182;2.53835e-12;
1.43116;0.00770443;2.54252e-12;
1.43126;0.00769183;2.53836e-12;
1.43136;0.00770443;2.54251e-12;
1.43146;0.00769183;2.53836e-12;
1.43156;0.00770442;2.54251e-12;
1.43166;0.00769184;2.53836e-12;
1.43176;0.00770442;2.54251e-12;
1.43186;0.00769184;2.53836e-12;
1.43196;0.00770441;2.54251e-12;
1.43206;0.00769184;2.53836e-12;
1.43216;0.00770441;2.54251e-12;
1.43226;0.00769185;2.53836e-12;
1.43236;0.0077044;2.54251e-12;
1.43246;0.00769185;2.53836e-12;
1.43256;0.0077044;2.5425e-12;
1.43266;0.00769186;2.53837e-12;
1.43276;0.00770439;2.5425e-12;
1.43286;0.00769186;2.53837e-12;
1.43296;0.00770439;2.5425e-12;
1.43306;0.00769186;2.53837e-12;
1.43316;0.00770438;2.5425e-12;
1.43326;0.00769187;2.53837e-12;
1.43336;0.00770438;2.5425e-12;
1.43346;0.00769187;2.53837e-12;
1.43356;0.00770438;2.5425e-12;
1.43366;0.00769188;2.53837e-12;
1.43376;0.00770437;2.5425e-12;
1.43386;0.00769188;2.53837e-12;
1.43396;0.00770437;2.54249e-12;
1.43406;0.00769188;2.53837e-12;
1.43416;0.00770436;2.54249e-12;
1.43426;0.00769189;2.53838e-12;
1.43436;0.00770436;2.54249e-12;
1.43446;0.00769189;2.53838e-12;
1.43456;0.00770435;2.54249e-12;
1.43466;0.0076919;2.53838e-12;
1.43476;0.00770435;2.54249e-12;
1.43486;0.0076919;2.53838e-12;
1.43496;0.00770434;2.54249e-12;
1.43506;0.0076919;2.53838e-12;
1.43516;0.00770434;2.54248e-12;
1.43526;0.00769191;2.53838e-12;
1.43536;0.00770433;2.54248e-12;
1.43546;0.00769191;2.53838e-12;
1.43556;0.00770433;2.54248e-12;
1.43566;0.00769192;2.53839e-12;
1.43576;0.00770432;2.54248e-12;
1.43586;0.00769192;2.53839e-12;
1.43596;0.00770432;2.54248e-12;
1.43606;0.00769193;2.53839e-12;
1.43616;0.00770432;2.54248e-12;
1.43626;0.00769193;2.53839e-12;
1.43636;0.00770431;2.54248e-12;
1.43646;0.00769193;2.53839e-12;
1.43656;0.00770431;2.54247e-12;
1.43666;0.00769194;2.53839e-12;
1.43676;0.0077043;2.54247e-12;
1.43686;0.00769194;2.53839e-12;
1.43696;0.0077043;2.54247e-12;
1.43706;0.00769195;2.53839e-12;
1.43716;0.00770429;2.54247e-12;
1.43726;0.00769195;2.5384e-12;
1.43736;0.00770429;2.54247e-12;
1.43746;0.00769195;2.5384e-12;
1.43756;0.00770428;2.54247e-12;
1.43766;0.00769196;2.5384e-12;
1.43776;0.00770442;2.54251e-12;
1.43786;0.0076921;2.53845e-12;
1.43796;0.00770442;2.54251e-12;
1.43806;0.00769211;2.53845e-12;
1.43816;0.00770441;2.54251e-12;
1.43826;0.00769211;2.53845e-12;
1.43836;0.00770441;2.54251e-12;
1.43846;0.00769211;2.53845e-12;
1.43856;0.0077044;2.54251e-12;
1.43866;0.00769212;2.53845e-12;
1.43876;0.0077044;2.5425e-12;
1.43886;0.00769212;2.53845e-12;
1.43896;0.00770439;2.5425e-12;
1.43906;0.00769213;2.53845e-12;
1.43916;0.00770439;2.5425e-12;
1.43926;0.00769213;2.53846e-12;
1.43936;0.00770438;2.5425e-12;
1.43946;0.00769213;2.53846e-12;
1.43956;0.00770438;2.5425e-12;
1.43966;0.00769214;2.53846e-12;
1.43976;0.00770437;2.5425e-12;
1.43986;0.00769214;2.53846e-12;
1.43996;0.00770437;2.54249e-12;
1.44006;0.00769214;2.53846e-12;
1.44016;0.00770436;2.54249e-12;
1.44026;0.00769215;2.53846e-12;
1.44036;0.00770436;2.54249e-12;
1.44046;0.00769215;2.53846e-12;
1.44056;0.00770436;2.54249e-12;
1.44066;0.00769216;2.53846e-12;
1.44076;0.00770435;2.54249e-12;
1.44086;0.00769216;2.53847e-12;
1.44096;0.00770435;2.54249e-12;
1.44106;0.00769216;2.53847e-12;
1.44116;0.00770434;2.54249e-12;
1.44126;0.00769217;2.53847e-12;
1.44136;0.00770434;2.54248e-12;
1.44146;0.00769217;2.53847e-12;
1.44156;0.00770433;2.54248e-12;
1.44166;0.00769218;2.53847e-12;
1.44176;0.00770433;2.54248e-12;
1.44186;0.00769218;2.53847e-12;
1.44196;0.00770418;2.54243e-12;
1.44206;0.00769205;2.53843e-12;
1.44216;0.00770418;2.54243e-12;
1.44226;0.00769205;2.53843e-12;
1.44236;0.00770417;2.54243e-12;
1.44246;0.00769205;2.53843e-12;
1.44256;0.00770417;2.54243e-12;
1.44266;0.00769206;2.53843e-12;
1.44276;0.00770416;2.54243e-12;
1.44286;0.00769206;2.53843e-12;
1.44296;0.00770416;2.54243e-12;
1.44306;0.00769207;2.53843e-12;
1.44316;0.00770416;2.54242e-12;
1.44326;0.00769207;2.53844e-12;
1.44336;0.00770415;2.54242e-12;
1.44346;0.00769207;2.53844e-12;
1.44356;0.00770415;2.54242e-12;
1.44366;0.00769208;2.53844e-12;
1.44376;0.00770414;2.54242e-12;
1.44386;0.00769208;2.53844e-12;
1.44396;0.00770414;2.54242e-12;
1.44406;0.00769209;2.53844e-12;
1.44416;0.00770413;2.54242e-12;
1.44426;0.00769209;2.53844e-12;
1.44436;0.00770413;2.54242e-12;
1.44446;0.00769209;2.53844e-12;
1.44456;0.00770412;2.54241e-12;
1.44466;0.0076921;2.53845e-12;
1.44476;0.00770412;2.54241e-12;
1.44486;0.0076921;2.53845e-12;
1.44496;0.00770411;2.54241e-12;
1.44506;0.00769211;2.53845e-12;
1.44516;0.00770411;2.54241e-12;
1.44526;0.00769211;2.53845e-12;
1.44536;0.00770411;2.54241e-12;
1.44546;0.00769212;2.53845e-12;
1.44556;0.0077041;2.54241e-12;
1.44566;0.00769212;2.53845e-12;
1.44576;0.0077041;2.5424e-12;
1.44586;0.00769212;2.53845e-12;
1.44596;0.00770409;2.5424e-12;
1.44606;0.00769213;2.53845e-12;
1.44616;0.00770409;2.5424e-12;
1.44626;0.00769213;2.53846e-12;
1.44636;0.00770408;2.5424e-12;
1.44646;0.00769214;2.53846e-12;
1.44656;0.00770408;2.5424e-12;
1.44666;0.00769214;2.53846e-12;
1.44676;0.00770407;2.5424e-12;
1.44686;0.00769214;2.53846e-12;
1.44696;0.00770407;2.5424e-12;
1.44706;0.00769215;2.53846e-12;
1.44716;0.00770406;2.54239e-12;
1.44726;0.00769215;2.53846e-12;
1.44736;0.00770406;2.54239e-12;
1.44746;0.00769216;2.53846e-12;
1.44756;0.00770406;2.54239e-12;
1.44766;0.00769216;2.53847e-12;
1.44776;0.00770405;2.54239e-12;
1.44786;0.00769216;2.53847e-12;
1.44796;0.00770405;2.54239e-12;
1.44806;0.00769217;2.53847e-12;
1.44816;0.00770404;2.54239e-12;
1.44826;0.00769217;2.53847e-12;
1.44836;0.00770404;2.54239e-12;
1.44846;0.00769218;2.53847e-12;
1.44856;0.00770403;2.54238e-12;
1.44866;0.00769218;2.53847e-12;
1.44876;0.00770403;2.54238e-12;
1.44886;0.00769218;2.53847e-12;
1.44896;0.00770402;2.54238e-12;
1.44906;0.00769219;2.53847e-12;
1.44916;0.00770402;2.54238e-12;
1.44926;0.00769219;2.53848e-12;
1.44936;0.00770401;2.54238e-12;
1.44946;0.0076922;2.53848e-12;
1.44956;0.00770401;2.54238e-12;
1.44966;0.0076922;2.53848e-12;
1.44976;0.00770401;2.54237e-12;
1.44986;0.0076922;2.53848e-12;
1.44996;0.007704;2.54237e-12;
1.45006;0.00769221;2.53848e-12;
1.45016;0.007704;2.54237e-12;
1.45026;0.00769221;2.53848e-12;
1.45036;0.00770399;2.54237e-12;
1.45046;0.00769222;2.53848e-12;
1.45056;0.00770399;2.54237e-12;
1.45066;0.00769222;2.53849e-12;
1.45076;0.00770398;2.54237e-12;
1.45086;0.00769222;2.53849e-12;
1.45096;0.00770398;2.54237e-12;
1.45106;0.00769223;2.53849e-12;
1.45116;0.00770397;2.54236e-12;
1.45126;0.00769223;2.53849e-12;
1.45136;0.00770397;2.54236e-12;
1.45146;0.00769224;2.53849e-12;
1.45156;0.00770396;2.54236e-12;
1.45166;0.00769224;2.53849e-12;
1.45176;0.00770396;2.54236e-12;
1.45186;0.00769224;2.53849e-12;
1.45196;0.00770396;2.54236e-12;
1.45206;0.00769225;2.53849e-12;
1.45216;0.00770395;2.54236e-12;
1.45226;0.00769225;2.5385e-12;
1.45236;0.00770395;2.54236e-12;
1.45246;0.00769226;2.5385e-12;
1.45256;0.00770394;2.54235e-12;
1.45266;0.00769226;2.5385e-12;
1.45276;0.00770394;2.54235e-12;
1.45286;0.00769226;2.5385e-12;
1.45296;0.00770393;2.54235e-12;
1.45306;0.00769227;2.5385e-12;
1.45316;0.00770393;2.54235e-12;
1.45326;0.00769227;2.5385e-12;
1.45336;0.00770392;2.54235e-12;
1.45346;0.00769227;2.5385e-12;
1.45356;0.00770392;2.54235e-12;
1.45366;0.00769228;2.5385e-12;
1.45376;0.00770392;2.54234e-12;
1.45386;0.00769228;2.53851e-12;
1.45396;0.00770391;2.54234e-12;
1.45406;0.00769229;2.53851e-12;
1.45416;0.00770391;2.54234e-12;
1.45426;0.00769229;2.53851e-12;
1.45436;0.0077039;2.54234e-12;
1.45446;0.00769229;2.53851e-12;
1.45456;0.0077039;2.54234e-12;
1.45466;0.0076923;2.53851e-12;
1.45476;0.00770389;2.54234e-12;
1.45486;0.0076923;2.53851e-12;
1.45496;0.00770389;2.54234e-12;
1.45506;0.00769231;2.53851e-12;
1.45516;0.00770388;2.54233e-12;
1.45526;0.00769231;2.53852e-12;
1.45536;0.00770388;2.54233e-12;
1.45546;0.00769231;2.53852e-12;
1.45556;0.00770387;2.54233e-12;
1.45566;0.00769232;2.53852e-12;
1.45576;0.00770387;2.54233e-12;
1.45586;0.00769232;2.53852e-12;
1.45596;0.00770387;2.54233e-12;
1.45606;0.00769233;2.53852e-12;
1.45616;0.00770386;2.54233e-12;
1.45626;0.00769233;2.53852e-12;
1.45636;0.00770386;2.54233e-12;
1.45646;0.00769233;2.53852e-12;
1.45656;0.00770385;2.54232e-12;
1.45666;0.00769234;2.53852e-12;
1.45676;0.00770385;2.54232e-12;
1.45686;0.00769234;2.53853e-12;
1.45696;0.00770384;2.54232e-12;
1.45706;0.00769235;2.53853e-12;
1.45716;0.00770384;2.54232e-12;
1.45726;0.00769235;2.53853e-12;
1.45736;0.00770383;2.54232e-12;
1.45746;0.00769235;2.53853e-12;
1.45756;0.00770383;2.54232e-12;
1.45766;0.00769236;2.53853e-12;
1.45776;0.00770382;2.54232e-12;
1.45786;0.00769236;2.53853e-12;
1.45796;0.00770382;2.54231e-12;
1.45806;0.00769237;2.53853e-12;
1.45816;0.00770382;2.54231e-12;
1.45826;0.00769237;2.53854e-12;
1.45836;0.00770381;2.54231e-12;
1.45846;0.00769237;2.53854e-12;
1.45856;0.00770381;2.54231e-12;
1.45866;0.00769238;2.53854e-12;
1.45876;0.0077038;2.54231e-12;
1.45886;0.00769238;2.53854e-12;
1.45896;0.0077038;2.54231e-12;
1.45906;0.00769239;2.53854e-12;
1.45916;0.00770379;2.5423e-12;
1.45926;0.00769239;2.53854e-12;
1.45936;0.00770379;2.5423e-12;
1.45946;0.00769239;2.53854e-12;
1.45956;0.00770378;2.5423e-12;
1.45966;0.0076924;2.53854e-12;
1.45976;0.00770378;2.5423e-12;
1.45986;0.0076924;2.53855e-12;
1.45996;0.00770378;2.5423e-12;
1.46006;0.00769241;2.53855e-12;
1.46016;0.00770377;2.5423e-12;
1.46026;0.00769241;2.53855e-12;
1.46036;0.00770377;2.5423e-12;
1.46046;0.00769241;2.53855e-12;
1.46056;0.00770376;2.54229e-12;
1.46066;0.00769242;2.53855e-12;
1.46076;0.00770376;2.54229e-12;
1.46086;0.00769242;2.53855e-12;
1.46096;0.00770375;2.54229e-12;
1.46106;0.00769243;2.53855e-12;
1.46116;0.00770375;2.54229e-12;
1.46126;0.00769243;2.53855e-12;
1.46136;0.00770374;2.54229e-12;
1.46146;0.00769243;2.53856e-12;
1.46156;0.00770374;2.54229e-12;
1.46166;0.00769244;2.53856e-12;
1.46176;0.00770374;2.54229e-12;
1.46186;0.00769244;2.53856e-12;
1.46196;0.00770373;2.54228e-12;
1.46206;0.00769244;2.53856e-12;
1.46216;0.00770373;2.54228e-12;
1.46226;0.00769245;2.53856e-12;
1.46236;0.00770372;2.54228e-12;
1.46246;0.00769245;2.53856e-12;
1.46256;0.00770372;2.54228e-12;
1.46266;0.00769246;2.53856e-12;
1.46276;0.00770371;2.54228e-12;
1.46286;0.00769246;2.53856e-12;
1.46296;0.00770371;2.54228e-12;
1.46306;0.00769246;2.53857e-12;
1.46316;0.0077037;2.54228e-12;
1.46326;0.00769247;2.53857e-12;
1.46336;0.0077037;2.54227e-12;
1.46346;0.00769247;2.53857e-12;
1.46356;0.00770369;2.54227e-12;
1.46366;0.00769248;2.53857e-12;
1.46376;0.00770369;2.54227e-12;
1.46386;0.00769248;2.53857e-12;
1.46396;0.00770369;2.54227e-12;
1.46406;0.00769248;2.53857e-12;
1.46416;0.00770368;2.54227e-12;
1.46426;0.00769249;2.53857e-12;
1.46436;0.00770368;2.54227e-12;
1.46446;0.00769249;2.53858e-12;
1.46456;0.00770367;2.54226e-12;
1.46466;0.0076925;2.53858e-12;
1.46476;0.00770367;2.54226e-12;
1.46486;0.0076925;2.53858e-12;
1.46496;0.00770366;2.54226e-12;
1.46506;0.0076925;2.53858e-12;
1.46516;0.00770366;2.54226e-12;
1.46526;0.00769251;2.53858e-12;
1.46536;0.00770365;2.54226e-12;
1.46546;0.00769251;2.53858e-12;
1.46556;0.00770365;2.54226e-12;
1.46566;0.00769252;2.53858e-12;
1.46576;0.00770365;2.54226e-12;
1.46586;0.00769252;2.53858e-12;
1.46596;0.00770364;2.54225e-12;
1.46606;0.00769252;2.53859e-12;
1.46616;0.00770364;2.54225e-12;
1.46626;0.00769253;2.53859e-12;
1.46636;0.00770363;2.54225e-12;
1.46646;0.00769253;2.53859e-12;
1.46656;0.00770363;2.54225e-12;
1.46666;0.00769253;2.53859e-12;
1.46676;0.00770362;2.54225e-12;
1.46686;0.00769254;2.53859e-12;
1.46696;0.00770362;2.54225e-12;
1.46706;0.00769254;2.53859e-12;
1.46716;0.00770361;2.54225e-12;
1.46726;0.00769255;2.53859e-12;
1.46736;0.00770361;2.54224e-12;
1.46746;0.00769255;2.53859e-12;
1.46756;0.00770361;2.54224e-12;
1.46766;0.00769255;2.5386e-12;
1.46776;0.0077036;2.54224e-12;
1.46786;0.00769256;2.5386e-12;
1.46796;0.0077036;2.54224e-12;
1.46806;0.00769256;2.5386e-12;
1.46816;0.00770359;2.54224e-12;
1.46826;0.00769257;2.5386e-12;
1.46836;0.00770359;2.54224e-12;
1.46846;0.00769257;2.5386e-12;
1.46856;0.00770358;2.54224e-12;
1.46866;0.00769257;2.5386e-12;
1.46876;0.00770358;2.54223e-12;
1.46886;0.00769258;2.5386e-12;
1.46896;0.00770357;2.54223e-12;
1.46906;0.00769258;2.5386e-12;
1.46916;0.00770357;2.54223e-12;
1.46926;0.00769259;2.53861e-12;
1.46936;0.00770357;2.54223e-12;
1.46946;0.00769259;2.53861e-12;
1.46956;0.00770356;2.54223e-12;
1.46966;0.00769259;2.53861e-12;
1.46976;0.00770356;2.54223e-12;
1.46986;0.0076926;2.53861e-12;
1.46996;0.00770355;2.54223e-12;
1.47006;0.0076926;2.53861e-12;
1.47016;0.00770355;2.54222e-12;
1.47026;0.0076926;2.53861e-12;
1.47036;0.00770354;2.54222e-12;
1.47046;0.00769261;2.53861e-12;
1.47056;0.00770354;2.54222e-12;
1.47066;0.00769261;2.53862e-12;
1.47076;0.00770353;2.54222e-12;
1.47086;0.00769262;2.53862e-12;
1.47096;0.00770353;2.54222e-12;
1.47106;0.00769262;2.53862e-12;
1.47116;0.00770353;2.54222e-12;
1.47126;0.00769262;2.53862e-12;
1.47136;0.00770352;2.54222e-12;
1.47146;0.00769263;2.53862e-12;
1.47156;0.00770352;2.54221e-12;
1.47166;0.00769263;2.53862e-12;
1.47176;0.00770351;2.54221e-12;
1.47186;0.00769264;2.53862e-12;
1.47196;0.00770351;2.54221e-12;
1.47206;0.00769264;2.53862e-12;
1.47216;0.0077035;2.54221e-12;
1.47226;0.00769264;2.53863e-12;
1.47236;0.0077035;2.54221e-12;
1.47246;0.00769265;2.53863e-12;
1.47256;0.00770349;2.54221e-12;
1.47266;0.00769265;2.53863e-12;
1.47276;0.00770349;2.5422e-12;
1.47286;0.00769266;2.53863e-12;
1.47296;0.00770349;2.5422e-12;
1.47306;0.00769266;2.53863e-12;
1.47316;0.00770348;2.5422e-12;
1.47326;0.00769266;2.53863e-12;
1.47336;0.00770348;2.5422e-12;
1.47346;0.00769267;2.53863e-12;
1.47356;0.00770347;2.5422e-12;
1.47366;0.00769267;2.53863e-12;
1.47376;0.00770347;2.5422e-12;
1.47386;0.00769267;2.53864e-12;
1.47396;0.00770346;2.5422e-12;
1.47406;0.00769268;2.53864e-12;
1.47416;0.00770346;2.54219e-12;
1.47426;0.00769268;2.53864e-12;
1.47436;0.00770345;2.54219e-12;
1.47446;0.00769269;2.53864e-12;
1.47456;0.00770345;2.54219e-12;
1.47466;0.00769269;2.53864e-12;
1.47476;0.00770345;2.54219e-12;
1.47486;0.00769269;2.53864e-12;
1.47496;0.00770344;2.54219e-12;
1.47506;0.0076927;2.53864e-12;
1.47516;0.00770344;2.54219e-12;
1.47526;0.0076927;2.53864e-12;
1.47536;0.00770343;2.54219e-12;
1.47546;0.00769271;2.53865e-12;
1.47556;0.00770343;2.54218e-12;
1.47566;0.00769271;2.53865e-12;
1.47576;0.00770342;2.54218e-12;
1.47586;0.00769271;2.53865e-12;
1.47596;0.00770342;2.54218e-12;
1.47606;0.00769272;2.53865e-12;
1.47616;0.00770342;2.54218e-12;
1.47626;0.00769272;2.53865e-12;
1.47636;0.00770341;2.54218e-12;
1.47646;0.00769272;2.53865e-12;
1.47656;0.00770341;2.54218e-12;
1.47666;0.00769273;2.53865e-12;
1.47676;0.0077034;2.54218e-12;
1.47686;0.00769273;2.53865e-12;
1.47696;0.0077034;2.54217e-12;
1.47706;0.00769274;2.53866e-12;
1.47716;0.00770339;2.54217e-12;
1.47726;0.00769274;2.53866e-12;
1.47736;0.00770339;2.54217e-12;
1.47746;0.00769274;2.53866e-12;
1.47756;0.00770338;2.54217e-12;
1.47766;0.00769275;2.53866e-12;
1.47776;0.00770338;2.54217e-12;
1.47786;0.00769275;2.53866e-12;
1.47796;0.00770338;2.54217e-12;
1.47806;0.00769276;2.53866e-12;
1.47816;0.00770337;2.54217e-12;
1.47826;0.00769276;2.53866e-12;
1.47836;0.00770337;2.54216e-12;
1.47846;0.00769276;2.53866e-12;
1.47856;0.00770336;2.54216e-12;
1.47866;0.00769277;2.53867e-12;
1.47876;0.00770336;2.54216e-12;
1.47886;0.00769277;2.53867e-12;
1.47896;0.00770335;2.54216e-12;
1.47906;0.00769277;2.53867e-12;
1.47916;0.00770335;2.54216e-12;
1.47926;0.00769278;2.53867e-12;
1.47936;0.00770334;2.54216e-12;
1.47946;0.00769278;2.53867e-12;
1.47956;0.00770334;2.54216e-12;
1.47966;0.00769279;2.53867e-12;
1.47976;0.00770334;2.54215e-12;
1.47986;0.00769279;2.53867e-12;
1.47996;0.00770333;2.54215e-12;
1.48006;0.00769279;2.53867e-12;
1.48016;0.00770333;2.54215e-12;
1.48026;0.0076928;2.53868e-12;
1.48036;0.00770332;2.54215e-12;
1.48046;0.0076928;2.53868e-12;
1.48056;0.00770332;2.54215e-12;
1.48066;0.00769281;2.53868e-12;
1.48076;0.00770331;2.54215e-12;
1.48086;0.00769281;2.53868e-12;
1.48096;0.00770331;2.54215e-12;
1.48106;0.00769281;2.53868e-12;
1.48116;0.00770331;2.54214e-12;
1.48126;0.00769282;2.53868e-12;
1.48136;0.0077033;2.54214e-12;
1.48146;0.00769282;2.53868e-12;
1.48156;0.0077033;2.54214e-12;
1.48166;0.00769282;2.53868e-12;
1.48176;0.00770329;2.54214e-12;
1.48186;0.00769283;2.53869e-12;
1.48196;0.00770329;2.54214e-12;
1.48206;0.00769283;2.53869e-12;
1.48216;0.00770328;2.54214e-12;
1.48226;0.00769284;2.53869e-12;
1.48236;0.00770328;2.54214e-12;
1.48246;0.00769284;2.53869e-12;
1.48256;0.00770327;2.54213e-12;
1.48266;0.00769284;2.53869e-12;
1.48276;0.00770327;2.54213e-12;
1.48286;0.00769285;2.53869e-12;
1.48296;0.00770327;2.54213e-12;
1.48306;0.00769285;2.53869e-12;
1.48316;0.00770326;2.54213e-12;
1.48326;0.00769285;2.53869e-12;
1.48336;0.00770326;2.54213e-12;
1.48346;0.00769286;2.5387e-12;
1.48356;0.00770325;2.54213e-12;
1.48366;0.00769286;2.5387e-12;
1.48376;0.00770325;2.54213e-12;
1.48386;0.00769287;2.5387e-12;
1.48396;0.00770324;2.54212e-12;
1.48406;0.00769287;2.5387e-12;
1.48416;0.00770324;2.54212e-12;
1.48426;0.00769287;2.5387e-12;
1.48436;0.00770324;2.54212e-12;
1.48446;0.00769288;2.5387e-12;
1.48456;0.00770323;2.54212e-12;
1.48466;0.00769288;2.5387e-12;
1.48476;0.00770323;2.54212e-12;
1.48486;0.00769289;2.53871e-12;
1.48496;0.00770322;2.54212e-12;
1.48506;0.00769289;2.53871e-12;
1.48516;0.00770322;2.54211e-12;
1.48526;0.00769289;2.53871e-12;
1.48536;0.00770321;2.54211e-12;
1.48546;0.0076929;2.53871e-12;
1.48556;0.00770321;2.54211e-12;
1.48566;0.0076929;2.53871e-12;
1.48576;0.0077032;2.54211e-12;
1.48586;0.0076929;2.53871e-12;
1.48596;0.0077032;2.54211e-12;
1.48606;0.00769291;2.53871e-12;
1.48616;0.0077032;2.54211e-12;
1.48626;0.00769291;2.53871e-12;
1.48636;0.00770319;2.54211e-12;
1.48646;0.00769292;2.53872e-12;
1.48656;0.00770319;2.5421e-12;
1.48666;0.00769292;2.53872e-12;
1.48676;0.00770318;2.5421e-12;
1.48686;0.00769292;2.53872e-12;
1.48696;0.00770318;2.5421e-12;
1.48706;0.00769293;2.53872e-12;
1.48716;0.00770317;2.5421e-12;
1.48726;0.00769293;2.53872e-12;
1.48736;0.00770317;2.5421e-12;
1.48746;0.00769293;2.53872e-12;
1.48756;0.00770317;2.5421e-12;
1.48766;0.00769294;2.53872e-12;
1.48776;0.00770316;2.5421e-12;
1.48786;0.00769294;2.53872e-12;
1.48796;0.00770316;2.54209e-12;
1.48806;0.00769295;2.53873e-12;
1.48816;0.00770315;2.54209e-12;
1.48826;0.00769295;2.53873e-12;
1.48836;0.00770315;2.54209e-12;
1.48846;0.00769295;2.53873e-12;
1.48856;0.00770314;2.54209e-12;
1.48866;0.00769296;2.53873e-12;
1.48876;0.00770314;2.54209e-12;
1.48886;0.00769296;2.53873e-12;
1.48896;0.00770314;2.54209e-12;
1.48906;0.00769296;2.53873e-12;
1.48916;0.00770313;2.54209e-12;
1.48926;0.00769297;2.53873e-12;
1.48936;0.00770313;2.54208e-12;
1.48946;0.00769297;2.53873e-12;
1.48956;0.00770312;2.54208e-12;
1.48966;0.00769298;2.53873e-12;
1.48976;0.00770312;2.54208e-12;
1.48986;0.00769298;2.53874e-12;
1.48996;0.00770311;2.54208e-12;
1.49006;0.00769298;2.53874e-12;
1.49016;0.00770311;2.54208e-12;
1.49026;0.00769299;2.53874e-12;
1.49036;0.00770311;2.54208e-12;
1.49046;0.00769299;2.53874e-12;
1.49056;0.0077031;2.54208e-12;
1.49066;0.00769299;2.53874e-12;
1.49076;0.0077031;2.54207e-12;
1.49086;0.007693;2.53874e-12;
1.49096;0.00770309;2.54207e-12;
1.49106;0.007693;2.53874e-12;
1.49116;0.00770309;2.54207e-12;
1.49126;0.00769301;2.53874e-12;
1.49136;0.00770308;2.54207e-12;
1.49146;0.00769301;2.53875e-12;
1.49156;0.00770308;2.54207e-12;
1.49166;0.00769301;2.53875e-12;
1.49176;0.00770307;2.54207e-12;
1.49186;0.00769302;2.53875e-12;
1.49196;0.00770307;2.54207e-12;
1.49206;0.00769302;2.53875e-12;
1.49216;0.00770307;2.54206e-12;
1.49226;0.00769302;2.53875e-12;
1.49236;0.00770306;2.54206e-12;
1.49246;0.00769303;2.53875e-12;
1.49256;0.00770306;2.54206e-12;
1.49266;0.00769303;2.53875e-12;
1.49276;0.00770305;2.54206e-12;
1.49286;0.00769304;2.53875e-12;
1.49296;0.00770305;2.54206e-12;
1.49306;0.00769304;2.53876e-12;
1.49316;0.00770304;2.54206e-12;
1.49326;0.00769304;2.53876e-12;
1.49336;0.00770304;2.54206e-12;
1.49346;0.00769305;2.53876e-12;
1.49356;0.00770304;2.54205e-12;
1.49366;0.00769305;2.53876e-12;
1.49376;0.00770303;2.54205e-12;
1.49386;0.00769305;2.53876e-12;
1.49396;0.00770303;2.54205e-12;
1.49406;0.00769306;2.53876e-12;
1.49416;0.00770302;2.54205e-12;
1.49426;0.00769306;2.53876e-12;
1.49436;0.00770302;2.54205e-12;
1.49446;0.00769307;2.53876e-12;
1.49456;0.00770301;2.54205e-12;
1.49466;0.00769307;2.53877e-12;
1.49476;0.00770301;2.54205e-12;
1.49486;0.00769307;2.53877e-12;
1.49496;0.00770301;2.54204e-12;
1.49506;0.00769308;2.53877e-12;
1.49516;0.007703;2.54204e-12;
1.49526;0.00769308;2.53877e-12;
1.49536;0.007703;2.54204e-12;
1.49546;0.00769308;2.53877e-12;
1.49556;0.00770299;2.54204e-12;
1.49566;0.00769309;2.53877e-12;
1.49576;0.00770299;2.54204e-12;
1.49586;0.00769309;2.53877e-12;
1.49596;0.00770298;2.54204e-12;
1.49606;0.0076931;2.53877e-12;
1.49616;0.00770298;2.54204e-12;
1.49626;0.0076931;2.53878e-12;
1.49636;0.00770298;2.54203e-12;
1.49646;0.0076931;2.53878e-12;
1.49656;0.00770297;2.54203e-12;
1.49666;0.00769311;2.53878e-12;
1.49676;0.00770297;2.54203e-12;
1.49686;0.00769311;2.53878e-12;
1.49696;0.00770296;2.54203e-12;
1.49706;0.00769311;2.53878e-12;
1.49716;0.00770296;2.54203e-12;
1.49726;0.00769312;2.53878e-12;
1.49736;0.00770295;2.54203e-12;
1.49746;0.00769312;2.53878e-12;
1.49756;0.00770295;2.54203e-12;
1.49766;0.00769313;2.53878e-12;
1.49776;0.00770295;2.54203e-12;
1.49786;0.00769313;2.53879e-12;
1.49796;0.00770294;2.54202e-12;
1.49806;0.00769313;2.53879e-12;
1.49816;0.00770294;2.54202e-12;
1.49826;0.00769314;2.53879e-12;
1.49836;0.00770293;2.54202e-12;
1.49846;0.00769314;2.53879e-12;
1.49856;0.00770293;2.54202e-12;
1.49866;0.00769314;2.53879e-12;
1.49876;0.00770292;2.54202e-12;
1.49886;0.00769315;2.53879e-12;
1.49896;0.00770292;2.54202e-12;
1.49906;0.00769315;2.53879e-12;
1.49916;0.00770292;2.54202e-12;
1.49926;0.00769316;2.53879e-12;
1.49936;0.00770291;2.54201e-12;
1.49946;0.00769316;2.5388e-12;
1.49956;0.00770291;2.54201e-12;
1.49966;0.00769316;2.5388e-12;
1.49976;0.0077029;2.54201e-12;
1.49986;0.00769317;2.5388e-12;
1.49996;0.0077029;2.54201e-12;
1.50006;0.00769317;2.5388e-12;
1.50016;0.00770289;2.54201e-12;
1.50026;0.00769317;2.5388e-12;
1.50036;0.00770289;2.54201e-12;
1.50046;0.00769318;2.5388e-12;
1.50056;0.00770289;2.54201e-12;
1.50066;0.00769318;2.5388e-12;
1.50076;0.00770288;2.542e-12;
1.50086;0.00769318;2.5388e-12;
1.50096;0.00770288;2.542e-12;
1.50106;0.00769319;2.53881e-12;
1.50116;0.00770287;2.542e-12;
1.50126;0.00769319;2.53881e-12;
1.50136;0.00770287;2.542e-12;
1.50146;0.0076932;2.53881e-12;
1.50156;0.00770286;2.542e-12;
1.50166;0.0076932;2.53881e-12;
1.50176;0.00770286;2.542e-12;
1.50186;0.0076932;2.53881e-12;
1.50196;0.00770286;2.542e-12;
1.50206;0.00769321;2.53881e-12;
1.50216;0.00770285;2.54199e-12;
1.50226;0.00769321;2.53881e-12;
1.50236;0.00770285;2.54199e-12;
1.50246;0.00769321;2.53881e-12;
1.50256;0.00770284;2.54199e-12;
1.50266;0.00769322;2.53881e-12;
1.50276;0.00770284;2.54199e-12;
1.50286;0.00769322;2.53882e-12;
1.50296;0.00770283;2.54199e-12;
1.50306;0.00769323;2.53882e-12;
1.50316;0.00770283;2.54199e-12;
1.50326;0.00769323;2.53882e-12;
1.50336;0.00770283;2.54199e-12;
1.50346;0.00769323;2.53882e-12;
1.50356;0.00770282;2.54198e-12;
1.50366;0.00769324;2.53882e-12;
1.50376;0.00770282;2.54198e-12;
1.50386;0.00769324;2.53882e-12;
1.50396;0.00770281;2.54198e-12;
1.50406;0.00769324;2.53882e-12;
1.50416;0.00770281;2.54198e-12;
1.50426;0.00769325;2.53882e-12;
1.50436;0.0077028;2.54198e-12;
1.50446;0.00769325;2.53883e-12;
1.50456;0.0077028;2.54198e-12;
1.50466;0.00769325;2.53883e-12;
1.50476;0.0077028;2.54198e-12;
1.50486;0.00769326;2.53883e-12;
1.50496;0.00770279;2.54197e-12;
1.50506;0.00769326;2.53883e-12;
1.50516;0.00770279;2.54197e-12;
1.50526;0.00769327;2.53883e-12;
1.50536;0.00770278;2.54197e-12;
1.50546;0.00769327;2.53883e-12;
1.50556;0.00770278;2.54197e-12;
1.50566;0.00769327;2.53883e-12;
1.50576;0.00770278;2.54197e-12;
1.50586;0.00769328;2.53883e-12;
1.50596;0.00770277;2.54197e-12;
1.50606;0.00769328;2.53884e-12;
1.50616;0.00770277;2.54197e-12;
1.50626;0.00769328;2.53884e-12;
1.50636;0.00770276;2.54196e-12;
1.50646;0.00769329;2.53884e-12;
1.50656;0.00770276;2.54196e-12;
1.50666;0.00769329;2.53884e-12;
1.50676;0.00770275;2.54196e-12;
1.50686;0.0076933;2.53884e-12;
1.50696;0.00770275;2.54196e-12;
1.50706;0.0076933;2.53884e-12;
1.50716;0.00770275;2.54196e-12;
1.50726;0.0076933;2.53884e-12;
1.50736;0.00770274;2.54196e-12;
1.50746;0.00769331;2.53884e-12;
1.50756;0.00770274;2.54196e-12;
1.50766;0.00769331;2.53885e-12;
1.50776;0.00770273;2.54195e-12;
1.50786;0.00769331;2.53885e-12;
1.50796;0.00770273;2.54195e-12;
1.50806;0.00769332;2.53885e-12;
1.50816;0.00770272;2.54195e-12;
1.50826;0.00769332;2.53885e-12;
1.50836;0.00770272;2.54195e-12;
1.50846;0.00769332;2.53885e-12;
1.50856;0.00770272;2.54195e-12;
1.50866;0.00769333;2.53885e-12;
1.50876;0.00770271;2.54195e-12;
1.50886;0.00769333;2.53885e-12;
1.50896;0.00770271;2.54195e-12;
1.50906;0.00769334;2.53885e-12;
1.50916;0.0077027;2.54195e-12;
1.50926;0.00769334;2.53885e-12;
1.50936;0.0077027;2.54194e-12;
1.50946;0.00769334;2.53886e-12;
1.50956;0.00770269;2.54194e-12;
1.50966;0.00769335;2.53886e-12;
1.50976;0.00770269;2.54194e-12;
1.50986;0.00769335;2.53886e-12;
1.50996;0.00770269;2.54194e-12;
1.51006;0.00769335;2.53886e-12;
1.51016;0.00770268;2.54194e-12;
1.51026;0.00769336;2.53886e-12;
1.51036;0.00770268;2.54194e-12;
1.51046;0.00769336;2.53886e-12;
1.51056;0.00770267;2.54194e-12;
1.51066;0.00769336;2.53886e-12;
1.51076;0.00770267;2.54193e-12;
1.51086;0.00769337;2.53886e-12;
1.51096;0.00770267;2.54193e-12;
1.51106;0.00769337;2.53887e-12;
1.51116;0.00770266;2.54193e-12;
1.51126;0.00769338;2.53887e-12;
1.51136;0.00770266;2.54193e-12;
1.51146;0.00769338;2.53887e-12;
1.51156;0.00770265;2.54193e-12;
1.51166;0.00769338;2.53887e-12;
1.51176;0.00770265;2.54193e-12;
1.51186;0.00769339;2.53887e-12;
1.51196;0.00770264;2.54193e-12;
1.51206;0.00769339;2.53887e-12;
1.51216;0.00770264;2.54192e-12;
1.51226;0.00769339;2.53887e-12;
1.51236;0.00770264;2.54192e-12;
1.51246;0.0076934;2.53887e-12;
1.51256;0.00770263;2.54192e-12;
1.51266;0.0076934;2.53888e-12;
1.51276;0.00770263;2.54192e-12;
1.51286;0.0076934;2.53888e-12;
1.51296;0.00770262;2.54192e-12;
1.51306;0.00769341;2.53888e-12;
1.51316;0.00770262;2.54192e-12;
1.51326;0.00769341;2.53888e-12;
1.51336;0.00770262;2.54192e-12;
1.51346;0.00769342;2.53888e-12;
1.51356;0.00770261;2.54191e-12;
1.51366;0.00769342;2.53888e-12;
1.51376;0.00770261;2.54191e-12;
1.51386;0.00769342;2.53888e-12;
1.51396;0.0077026;2.54191e-12;
1.51406;0.00769343;2.53888e-12;
1.51416;0.0077026;2.54191e-12;
1.51426;0.00769343;2.53888e-12;
1.51436;0.00770259;2.54191e-12;
1.51446;0.00769343;2.53889e-12;
1.51456;0.00770259;2.54191e-12;
1.51466;0.00769344;2.53889e-12;
1.51476;0.00770259;2.54191e-12;
1.51486;0.00769344;2.53889e-12;
1.51496;0.00770258;2.5419e-12;
1.51506;0.00769344;2.53889e-12;
1.51516;0.00770258;2.5419e-12;
1.51526;0.00769345;2.53889e-12;
1.51536;0.00770257;2.5419e-12;
1.51546;0.00769345;2.53889e-12;
1.51556;0.00770257;2.5419e-12;
1.51566;0.00769346;2.53889e-12;
1.51576;0.00770256;2.5419e-12;
1.51586;0.00769346;2.53889e-12;
1.51596;0.00770256;2.5419e-12;
1.51606;0.00769346;2.5389e-12;
1.51616;0.00770256;2.5419e-12;
1.51626;0.00769347;2.5389e-12;
1.51636;0.00770255;2.5419e-12;
1.51646;0.00769347;2.5389e-12;
1.51656;0.00770255;2.54189e-12;
1.51666;0.00769347;2.5389e-12;
1.51676;0.00770254;2.54189e-12;
1.51686;0.00769348;2.5389e-12;
1.51696;0.00770254;2.54189e-12;
1.51706;0.00769348;2.5389e-12;
1.51716;0.00770254;2.54189e-12;
1.51726;0.00769348;2.5389e-12;
1.51736;0.00770253;2.54189e-12;
1.51746;0.00769349;2.5389e-12;
1.51756;0.00770253;2.54189e-12;
1.51766;0.00769349;2.5389e-12;
1.51776;0.00770252;2.54189e-12;
1.51786;0.00769349;2.53891e-12;
1.51796;0.00770252;2.54188e-12;
1.51806;0.0076935;2.53891e-12;
1.51816;0.00770251;2.54188e-12;
1.51826;0.0076935;2.53891e-12;
1.51836;0.00770251;2.54188e-12;
1.51846;0.00769351;2.53891e-12;
1.51856;0.00770251;2.54188e-12;
1.51866;0.00769351;2.53891e-12;
1.51876;0.0077025;2.54188e-12;
1.51886;0.00769351;2.53891e-12;
1.51896;0.0077025;2.54188e-12;
1.51906;0.00769352;2.53891e-12;
1.51916;0.00770249;2.54188e-12;
1.51926;0.00769352;2.53891e-12;
1.51936;0.00770249;2.54187e-12;
1.51946;0.00769352;2.53892e-12;
1.51956;0.00770249;2.54187e-12;
1.51966;0.00769353;2.53892e-12;
1.51976;0.00770248;2.54187e-12;
1.51986;0.00769353;2.53892e-12;
1.51996;0.00770248;2.54187e-12;
1.52006;0.00769353;2.53892e-12;
1.52016;0.00770247;2.54187e-12;
1.52026;0.00769354;2.53892e-12;
1.52036;0.00770247;2.54187e-12;
1.52046;0.00769354;2.53892e-12;
1.52056;0.00770247;2.54187e-12;
1.52066;0.00769354;2.53892e-12;
1.52076;0.00770246;2.54187e-12;
1.52086;0.00769355;2.53892e-12;
1.52096;0.00770246;2.54186e-12;
1.52106;0.00769355;2.53893e-12;
1.52116;0.00770245;2.54186e-12;
1.52126;0.00769356;2.53893e-12;
1.52136;0.00770245;2.54186e-12;
1.52146;0.00769356;2.53893e-12;
1.52156;0.00770244;2.54186e-12;
1.52166;0.00769356;2.53893e-12;
1.52176;0.00770244;2.54186e-12;
1.52186;0.00769357;2.53893e-12;
1.52196;0.00770244;2.54186e-12;
1.52206;0.00769357;2.53893e-12;
1.52216;0.00770243;2.54186e-12;
1.52226;0.00769357;2.53893e-12;
1.52236;0.00770243;2.54185e-12;
1.52246;0.00769358;2.53893e-12;
1.52256;0.00770242;2.54185e-12;
1.52266;0.00769358;2.53893e-12;
1.52276;0.00770242;2.54185e-12;
1.52286;0.00769358;2.53894e-12;
1.52296;0.00770242;2.54185e-12;
1.52306;0.00769359;2.53894e-12;
1.52316;0.00770241;2.54185e-12;
1.52326;0.00769359;2.53894e-12;
1.52336;0.00770241;2.54185e-12;
1.52346;0.00769359;2.53894e-12;
1.52356;0.0077024;2.54185e-12;
1.52366;0.0076936;2.53894e-12;
1.52376;0.0077024;2.54184e-12;
1.52386;0.0076936;2.53894e-12;
1.52396;0.00770239;2.54184e-12;
1.52406;0.00769361;2.53894e-12;
1.52416;0.00770239;2.54184e-12;
1.52426;0.00769361;2.53894e-12;
1.52436;0.00770239;2.54184e-12;
1.52446;0.00769361;2.53894e-12;
1.52456;0.00770238;2.54184e-12;
1.52466;0.00769362;2.53895e-12;
1.52476;0.00770238;2.54184e-12;
1.52486;0.00769362;2.53895e-12;
1.52496;0.00770237;2.54184e-12;
1.52506;0.00769362;2.53895e-12;
1.52516;0.00770237;2.54184e-12;
1.52526;0.00769363;2.53895e-12;
1.52536;0.00770237;2.54183e-12;
1.52546;0.00769363;2.53895e-12;
1.52556;0.00770236;2.54183e-12;
1.52566;0.00769363;2.53895e-12;
1.52576;0.00770236;2.54183e-12;
1.52586;0.00769364;2.53895e-12;
1.52596;0.00770235;2.54183e-12;
1.52606;0.00769364;2.53895e-12;
1.52616;0.00770235;2.54183e-12;
1.52626;0.00769364;2.53896e-12;
1.52636;0.00770235;2.54183e-12;
1.52646;0.00769365;2.53896e-12;
1.52656;0.00770234;2.54183e-12;
1.52666;0.00769365;2.53896e-12;
1.52676;0.00770234;2.54182e-12;
1.52686;0.00769365;2.53896e-12;
1.52696;0.00770233;2.54182e-12;
1.52706;0.00769366;2.53896e-12;
1.52716;0.00770233;2.54182e-12;
1.52726;0.00769366;2.53896e-12;
1.52736;0.00770232;2.54182e-12;
1.52746;0.00769367;2.53896e-12;
1.52756;0.00770232;2.54182e-12;
1.52766;0.00769367;2.53896e-12;
1.52776;0.00770232;2.54182e-12;
1.52786;0.00769367;2.53896e-12;
1.52796;0.00770231;2.54182e-12;
1.52806;0.00769368;2.53897e-12;
1.52816;0.00770231;2.54181e-12;
1.52826;0.00769368;2.53897e-12;
1.52836;0.0077023;2.54181e-12;
1.52846;0.00769368;2.53897e-12;
1.52856;0.0077023;2.54181e-12;
1.52866;0.00769369;2.53897e-12;
1.52876;0.0077023;2.54181e-12;
1.52886;0.00769369;2.53897e-12;
1.52896;0.00770229;2.54181e-12;
1.52906;0.00769369;2.53897e-12;
1.52916;0.00770229;2.54181e-12;
1.52926;0.0076937;2.53897e-12;
1.52936;0.00770228;2.54181e-12;
1.52946;0.0076937;2.53897e-12;
1.52956;0.00770228;2.54181e-12;
1.52966;0.0076937;2.53898e-12;
1.52976;0.00770228;2.5418e-12;
1.52986;0.00769371;2.53898e-12;
1.52996;0.00770227;2.5418e-12;
1.53006;0.00769371;2.53898e-12;
1.53016;0.00770227;2.5418e-12;
1.53026;0.00769371;2.53898e-12;
1.53036;0.00770226;2.5418e-12;
1.53046;0.00769372;2.53898e-12;
1.53056;0.00770226;2.5418e-12;
1.53066;0.00769372;2.53898e-12;
1.53076;0.00770226;2.5418e-12;
1.53086;0.00769373;2.53898e-12;
1.53096;0.00770225;2.5418e-12;
1.53106;0.00769373;2.53898e-12;
1.53116;0.00770225;2.54179e-12;
1.53126;0.00769373;2.53898e-12;
1.53136;0.00770224;2.54179e-12;
1.53146;0.00769374;2.53899e-12;
1.53156;0.00770224;2.54179e-12;
1.53166;0.00769374;2.53899e-12;
1.53176;0.00770224;2.54179e-12;
1.53186;0.00769374;2.53899e-12;
1.53196;0.00770223;2.54179e-12;
1.53206;0.00769375;2.53899e-12;
1.53216;0.00770223;2.54179e-12;
1.53226;0.00769375;2.53899e-12;
1.53236;0.00770222;2.54179e-12;
1.53246;0.00769375;2.53899e-12;
1.53256;0.00770222;2.54179e-12;
1.53266;0.00769376;2.53899e-12;
1.53276;0.00770221;2.54178e-12;
1.53286;0.00769376;2.53899e-12;
1.53296;0.00770221;2.54178e-12;
1.53306;0.00769376;2.53899e-12;
1.53316;0.00770221;2.54178e-12;
1.53326;0.00769377;2.539e-12;
1.53336;0.0077022;2.54178e-12;
1.53346;0.00769377;2.539e-12;
1.53356;0.0077022;2.54178e-12;
1.53366;0.00769377;2.539e-12;
1.53376;0.00770219;2.54178e-12;
1.53386;0.00769378;2.539e-12;
1.53396;0.00770219;2.54178e-12;
1.53406;0.00769378;2.539e-12;
1.53416;0.00770219;2.54177e-12;
1.53426;0.00769378;2.539e-12;
1.53436;0.00770218;2.54177e-12;
1.53446;0.00769379;2.539e-12;
1.53456;0.00770218;2.54177e-12;
1.53466;0.00769379;2.539e-12;
1.53476;0.00770217;2.54177e-12;
1.53486;0.00769379;2.53901e-12;
1.53496;0.00770217;2.54177e-12;
1.53506;0.0076938;2.53901e-12;
1.53516;0.00770217;2.54177e-12;
1.53526;0.0076938;2.53901e-12;
1.53536;0.00770216;2.54177e-12;
1.53546;0.00769381;2.53901e-12;
1.53556;0.00770216;2.54177e-12;
1.53566;0.00769381;2.53901e-12;
1.53576;0.00770215;2.54176e-12;
1.53586;0.00769381;2.53901e-12;
1.53596;0.00770215;2.54176e-12;
1.53606;0.00769382;2.53901e-12;
1.53616;0.00770215;2.54176e-12;
1.53626;0.00769382;2.53901e-12;
1.53636;0.00770214;2.54176e-12;
1.53646;0.00769382;2.53901e-12;
1.53656;0.00770214;2.54176e-12;
1.53666;0.00769383;2.53902e-12;
1.53676;0.00770213;2.54176e-12;
1.53686;0.00769383;2.53902e-12;
1.53696;0.00770213;2.54176e-12;
1.53706;0.00769383;2.53902e-12;
1.53716;0.00770213;2.54175e-12;
1.53726;0.00769384;2.53902e-12;
1.53736;0.00770212;2.54175e-12;
1.53746;0.00769384;2.53902e-12;
1.53756;0.00770212;2.54175e-12;
1.53766;0.00769384;2.53902e-12;
1.53776;0.00770211;2.54175e-12;
1.53786;0.00769385;2.53902e-12;
1.53796;0.00770211;2.54175e-12;
1.53806;0.00769385;2.53902e-12;
1.53816;0.00770211;2.54175e-12;
1.53826;0.00769385;2.53902e-12;
1.53836;0.0077021;2.54175e-12;
1.53846;0.00769386;2.53903e-12;
1.53856;0.0077021;2.54175e-12;
1.53866;0.00769386;2.53903e-12;
1.53876;0.00770209;2.54174e-12;
1.53886;0.00769386;2.53903e-12;
1.53896;0.00770209;2.54174e-12;
1.53906;0.00769387;2.53903e-12;
1.53916;0.00770209;2.54174e-12;
1.53926;0.00769387;2.53903e-12;
1.53936;0.00770208;2.54174e-12;
1.53946;0.00769387;2.53903e-12;
1.53956;0.00770208;2.54174e-12;
1.53966;0.00769388;2.53903e-12;
1.53976;0.00770207;2.54174e-12;
1.53986;0.00769388;2.53903e-12;
1.53996;0.00770207;2.54174e-12;
1.54006;0.00769388;2.53903e-12;
1.54016;0.00770207;2.54173e-12;
1.54026;0.00769389;2.53904e-12;
1.54036;0.00770206;2.54173e-12;
1.54046;0.00769389;2.53904e-12;
1.54056;0.00770206;2.54173e-12;
1.54066;0.0076939;2.53904e-12;
1.54076;0.00770205;2.54173e-12;
1.54086;0.0076939;2.53904e-12;
1.54096;0.00770205;2.54173e-12;
1.54106;0.0076939;2.53904e-12;
1.54116;0.00770205;2.54173e-12;
1.54126;0.00769391;2.53904e-12;
1.54136;0.00770204;2.54173e-12;
1.54146;0.00769391;2.53904e-12;
1.54156;0.00770204;2.54173e-12;
1.54166;0.00769391;2.53904e-12;
1.54176;0.00770203;2.54172e-12;
1.54186;0.00769392;2.53905e-12;
1.54196;0.00770203;2.54172e-12;
1.54206;0.00769392;2.53905e-12;
1.54216;0.00770203;2.54172e-12;
1.54226;0.00769392;2.53905e-12;
1.54236;0.00770202;2.54172e-12;
1.54246;0.00769393;2.53905e-12;
1.54256;0.00770202;2.54172e-12;
1.54266;0.00769393;2.53905e-12;
1.54276;0.00770201;2.54172e-12;
1.54286;0.00769393;2.53905e-12;
1.54296;0.00770201;2.54172e-12;
1.54306;0.00769394;2.53905e-12;
1.54316;0.00770201;2.54171e-12;
1.54326;0.00769394;2.53905e-12;
1.54336;0.007702;2.54171e-12;
1.54346;0.00769394;2.53905e-12;
1.54356;0.007702;2.54171e-12;
1.54366;0.00769395;2.53906e-12;
1.54376;0.00770199;2.54171e-12;
1.54386;0.00769395;2.53906e-12;
1.54396;0.00770199;2.54171e-12;
1.54406;0.00769395;2.53906e-12;
1.54416;0.00770199;2.54171e-12;
1.54426;0.00769396;2.53906e-12;
1.54436;0.00770198;2.54171e-12;
1.54446;0.00769396;2.53906e-12;
1.54456;0.00770198;2.54171e-12;
1.54466;0.00769396;2.53906e-12;
1.54476;0.00770197;2.5417e-12;
1.54486;0.00769397;2.53906e-12;
1.54496;0.00770197;2.5417e-12;
1.54506;0.00769397;2.53906e-12;
1.54516;0.00770197;2.5417e-12;
1.54526;0.00769397;2.53906e-12;
1.54536;0.00770196;2.5417e-12;
1.54546;0.00769398;2.53907e-12;
1.54556;0.00770196;2.5417e-12;
1.54566;0.00769398;2.53907e-12;
1.54576;0.00770195;2.5417e-12;
1.54586;0.00769398;2.53907e-12;
1.54596;0.00770195;2.5417e-12;
1.54606;0.00769399;2.53907e-12;
1.54616;0.00770195;2.54169e-12;
1.54626;0.00769399;2.53907e-12;
1.54636;0.00770194;2.54169e-12;
1.54646;0.00769399;2.53907e-12;
1.54656;0.00770194;2.54169e-12;
1.54666;0.007694;2.53907e-12;
1.54676;0.00770193;2.54169e-12;
1.54686;0.007694;2.53907e-12;
1.54696;0.00770193;2.54169e-12;
1.54706;0.007694;2.53907e-12;
1.54716;0.00770193;2.54169e-12;
1.54726;0.00769401;2.53908e-12;
1.54736;0.00770192;2.54169e-12;
1.54746;0.00769401;2.53908e-12;
1.54756;0.00770192;2.54169e-12;
1.54766;0.00769401;2.53908e-12;
1.54776;0.00770191;2.54168e-12;
1.54786;0.00769402;2.53908e-12;
1.54796;0.00770191;2.54168e-12;
1.54806;0.00769402;2.53908e-12;
1.54816;0.00770191;2.54168e-12;
1.54826;0.00769402;2.53908e-12;
1.54836;0.0077019;2.54168e-12;
1.54846;0.00769403;2.53908e-12;
1.54856;0.0077019;2.54168e-12;
1.54866;0.00769403;2.53908e-12;
1.54876;0.00770189;2.54168e-12;
1.54886;0.00769404;2.53908e-12;
1.54896;0.00770189;2.54168e-12;
1.54906;0.00769404;2.53909e-12;
1.54916;0.00770189;2.54168e-12;
1.54926;0.00769404;2.53909e-12;
1.54936;0.00770188;2.54167e-12;
1.54946;0.00769405;2.53909e-12;
1.54956;0.00770188;2.54167e-12;
1.54966;0.00769405;2.53909e-12;
1.54976;0.00770187;2.54167e-12;
1.54986;0.00769405;2.53909e-12;
1.54996;0.00770187;2.54167e-12;
1.55006;0.00769406;2.53909e-12;
1.55016;0.00770187;2.54167e-12;
1.55026;0.00769406;2.53909e-12;
1.55036;0.00770186;2.54167e-12;
1.55046;0.00769406;2.53909e-12;
1.55056;0.00770186;2.54167e-12;
1.55066;0.00769407;2.53909e-12;
1.55076;0.00770185;2.54166e-12;
1.55086;0.00769407;2.5391e-12;
1.55096;0.00770185;2.54166e-12;
1.55106;0.00769407;2.5391e-12;
1.55116;0.00770185;2.54166e-12;
1.55126;0.00769408;2.5391e-12;
1.55136;0.00770184;2.54166e-12;
1.55146;0.00769408;2.5391e-12;
1.55156;0.00770184;2.54166e-12;
1.55166;0.00769408;2.5391e-12;
1.55176;0.00770183;2.54166e-12;
1.55186;0.00769409;2.5391e-12;
1.55196;0.00770183;2.54166e-12;
1.55206;0.00769409;2.5391e-12;
1.55216;0.00770183;2.54166e-12;
1.55226;0.00769409;2.5391e-12;
1.55236;0.00770182;2.54165e-12;
1.55246;0.0076941;2.5391e-12;
1.55256;0.00770182;2.54165e-12;
1.55266;0.0076941;2.53911e-12;
1.55276;0.00770181;2.54165e-12;
1.55286;0.0076941;2.53911e-12;
1.55296;0.00770181;2.54165e-12;
1.55306;0.00769411;2.53911e-12;
1.55316;0.00770181;2.54165e-12;
1.55326;0.00769411;2.53911e-12;
1.55336;0.0077018;2.54165e-12;
1.55346;0.00769411;2.53911e-12;
1.55356;0.0077018;2.54165e-12;
1.55366;0.00769412;2.53911e-12;
1.55376;0.0077018;2.54165e-12;
1.55386;0.00769412;2.53911e-12;
1.55396;0.00770179;2.54164e-12;
1.55406;0.00769412;2.53911e-12;
1.55416;0.00770179;2.54164e-12;
1.55426;0.00769413;2.53911e-12;
1.55436;0.00770178;2.54164e-12;
1.55446;0.00769413;2.53912e-12;
1.55456;0.00770178;2.54164e-12;
1.55466;0.00769413;2.53912e-12;
1.55476;0.00770178;2.54164e-12;
1.55486;0.00769414;2.53912e-12;
1.55496;0.00770177;2.54164e-12;
1.55506;0.00769414;2.53912e-12;
1.55516;0.00770177;2.54164e-12;
1.55526;0.00769414;2.53912e-12;
1.55536;0.00770176;2.54164e-12;
1.55546;0.00769415;2.53912e-12;
1.55556;0.00770176;2.54163e-12;
1.55566;0.00769415;2.53912e-12;
1.55576;0.00770176;2.54163e-12;
1.55586;0.00769415;2.53912e-12;
1.55596;0.00770175;2.54163e-12;
1.55606;0.00769416;2.53912e-12;
1.55616;0.00770175;2.54163e-12;
1.55626;0.00769416;2.53913e-12;
1.55636;0.00770174;2.54163e-12;
1.55646;0.00769416;2.53913e-12;
1.55656;0.00770174;2.54163e-12;
1.55666;0.00769417;2.53913e-12;
1.55676;0.00770174;2.54163e-12;
1.55686;0.00769417;2.53913e-12;
1.55696;0.00770173;2.54162e-12;
1.55706;0.00769417;2.53913e-12;
1.55716;0.00770173;2.54162e-12;
1.55726;0.00769418;2.53913e-12;
1.55736;0.00770172;2.54162e-12;
1.55746;0.00769418;2.53913e-12;
1.55756;0.00770172;2.54162e-12;
1.55766;0.00769418;2.53913e-12;
1.55776;0.00770172;2.54162e-12;
1.55786;0.00769419;2.53913e-12;
1.55796;0.00770171;2.54162e-12;
1.55806;0.00769419;2.53914e-12;
1.55816;0.00770171;2.54162e-12;
1.55826;0.00769419;2.53914e-12;
1.55836;0.00770171;2.54162e-12;
1.55846;0.0076942;2.53914e-12;
1.55856;0.0077017;2.54161e-12;
1.55866;0.0076942;2.53914e-12;
1.55876;0.0077017;2.54161e-12;
1.55886;0.0076942;2.53914e-12;
1.55896;0.00770169;2.54161e-12;
1.55906;0.00769421;2.53914e-12;
1.55916;0.00770169;2.54161e-12;
1.55926;0.00769421;2.53914e-12;
1.55936;0.00770169;2.54161e-12;
1.55946;0.00769421;2.53914e-12;
1.55956;0.00770168;2.54161e-12;
1.55966;0.00769422;2.53914e-12;
1.55976;0.00770168;2.54161e-12;
1.55986;0.00769422;2.53915e-12;
1.55996;0.00770167;2.54161e-12;
1.56006;0.00769422;2.53915e-12;
1.56016;0.00770167;2.5416e-12;
1.56026;0.00769423;2.53915e-12;
1.56036;0.00770167;2.5416e-12;
1.56046;0.00769423;2.53915e-12;
1.56056;0.00770166;2.5416e-12;
1.56066;0.00769423;2.53915e-12;
1.56076;0.00770166;2.5416e-12;
1.56086;0.00769424;2.53915e-12;
1.56096;0.00770166;2.5416e-12;
1.56106;0.00769424;2.53915e-12;
1.56116;0.00770165;2.5416e-12;
1.56126;0.00769424;2.53915e-12;
1.56136;0.00770165;2.5416e-12;
1.56146;0.00769425;2.53915e-12;
1.56156;0.00770164;2.5416e-12;
1.56166;0.00769425;2.53916e-12;
1.56176;0.00770164;2.54159e-12;
1.56186;0.00769425;2.53916e-12;
1.56196;0.00770164;2.54159e-12;
1.56206;0.00769426;2.53916e-12;
1.56216;0.00770163;2.54159e-12;
1.56226;0.00769426;2.53916e-12;
1.56236;0.00770163;2.54159e-12;
1.56246;0.00769426;2.53916e-12;
1.56256;0.00770162;2.54159e-12;
1.56266;0.00769427;2.53916e-12;
1.56276;0.00770162;2.54159e-12;
1.56286;0.00769427;2.53916e-12;
1.56296;0.00770162;2.54159e-12;
1.56306;0.00769427;2.53916e-12;
1.56316;0.00770161;2.54159e-12;
1.56326;0.00769428;2.53916e-12;
1.56336;0.00770161;2.54158e-12;
1.56346;0.00769428;2.53916e-12;
1.56356;0.0077016;2.54158e-12;
1.56366;0.00769428;2.53917e-12;
1.56376;0.0077016;2.54158e-12;
1.56386;0.00769429;2.53917e-12;
1.56396;0.0077016;2.54158e-12;
1.56406;0.00769429;2.53917e-12;
1.56416;0.00770159;2.54158e-12;
1.56426;0.00769429;2.53917e-12;
1.56436;0.00770159;2.54158e-12;
1.56446;0.00769429;2.53917e-12;
1.56456;0.00770159;2.54158e-12;
1.56466;0.0076943;2.53917e-12;
1.56476;0.00770158;2.54157e-12;
1.56486;0.0076943;2.53917e-12;
1.56496;0.00770158;2.54157e-12;
1.56506;0.0076943;2.53917e-12;
1.56516;0.00770157;2.54157e-12;
1.56526;0.00769431;2.53917e-12;
1.56536;0.00770157;2.54157e-12;
1.56546;0.00769431;2.53918e-12;
1.56556;0.00770157;2.54157e-12;
1.56566;0.00769431;2.53918e-12;
1.56576;0.00770156;2.54157e-12;
1.56586;0.00769432;2.53918e-12;
1.56596;0.00770156;2.54157e-12;
1.56606;0.00769432;2.53918e-12;
1.56616;0.00770155;2.54157e-12;
1.56626;0.00769432;2.53918e-12;
1.56636;0.00770155;2.54156e-12;
1.56646;0.00769433;2.53918e-12;
1.56656;0.00770155;2.54156e-12;
1.56666;0.00769433;2.53918e-12;
1.56676;0.00770154;2.54156e-12;
1.56686;0.00769433;2.53918e-12;
1.56696;0.00770154;2.54156e-12;
1.56706;0.00769434;2.53918e-12;
1.56716;0.00770154;2.54156e-12;
1.56726;0.00769434;2.53919e-12;
1.56736;0.00770153;2.54156e-12;
1.56746;0.00769434;2.53919e-12;
1.56756;0.00770153;2.54156e-12;
1.56766;0.00769435;2.53919e-12;
1.56776;0.00770152;2.54156e-12;
1.56786;0.00769435;2.53919e-12;
1.56796;0.00770152;2.54155e-12;
1.56806;0.00769435;2.53919e-12;
1.56816;0.00770152;2.54155e-12;
1.56826;0.00769436;2.53919e-12;
1.56836;0.00770151;2.54155e-12;
1.56846;0.00769436;2.53919e-12;
1.56856;0.00770151;2.54155e-12;
1.56866;0.00769436;2.53919e-12;
1.56876;0.00770151;2.54155e-12;
1.56886;0.00769437;2.53919e-12;
1.56896;0.0077015;2.54155e-12;
1.56906;0.00769437;2.5392e-12;
1.56916;0.0077015;2.54155e-12;
1.56926;0.00769437;2.5392e-12;
1.56936;0.00770149;2.54155e-12;
1.56946;0.00769438;2.5392e-12;
1.56956;0.00770149;2.54154e-12;
1.56966;0.00769438;2.5392e-12;
1.56976;0.00770149;2.54154e-12;
1.56986;0.00769438;2.5392e-12;
1.56996;0.00770148;2.54154e-12;
1.57006;0.00769439;2.5392e-12;
1.57016;0.00770148;2.54154e-12;
1.57026;0.00769439;2.5392e-12;
1.57036;0.00770147;2.54154e-12;
1.57046;0.00769439;2.5392e-12;
1.57056;0.00770147;2.54154e-12;
1.57066;0.0076944;2.5392e-12;
1.57076;0.00770147;2.54154e-12;
1.57086;0.0076944;2.5392e-12;
1.57096;0.00770146;2.54154e-12;
1.57106;0.0076944;2.53921e-12;
1.57116;0.00770146;2.54153e-12;
1.57126;0.00769441;2.53921e-12;
1.57136;0.00770146;2.54153e-12;
1.57146;0.00769441;2.53921e-12;
1.57156;0.00770145;2.54153e-12;
1.57166;0.00769441;2.53921e-12;
1.57176;0.00770145;2.54153e-12;
1.57186;0.00769442;2.53921e-12;
1.57196;0.00770144;2.54153e-12;
1.57206;0.00769442;2.53921e-12;
1.57216;0.00770144;2.54153e-12;
1.57226;0.00769442;2.53921e-12;
1.57236;0.00770144;2.54153e-12;
1.57246;0.00769443;2.53921e-12;
1.57256;0.00770143;2.54153e-12;
1.57266;0.00769443;2.53921e-12;
1.57276;0.00770143;2.54152e-12;
1.57286;0.00769443;2.53922e-12;
1.57296;0.00770143;2.54152e-12;
1.57306;0.00769443;2.53922e-12;
1.57316;0.00770142;2.54152e-12;
1.57326;0.00769444;2.53922e-12;
1.57336;0.00770142;2.54152e-12;
1.57346;0.00769444;2.53922e-12;
1.57356;0.00770141;2.54152e-12;
1.57366;0.00769444;2.53922e-12;
1.57376;0.00770141;2.54152e-12;
1.57386;0.00769445;2.53922e-12;
1.57396;0.00770141;2.54152e-12;
1.57406;0.00769445;2.53922e-12;
1.57416;0.0077014;2.54152e-12;
1.57426;0.00769445;2.53922e-12;
1.57436;0.0077014;2.54151e-12;
1.57446;0.00769446;2.53922e-12;
1.57456;0.00770139;2.54151e-12;
1.57466;0.00769446;2.53922e-12;
1.57476;0.00770139;2.54151e-12;
1.57486;0.00769446;2.53923e-12;
1.57496;0.00770139;2.54151e-12;
1.57506;0.00769447;2.53923e-12;
1.57516;0.00770138;2.54151e-12;
1.57526;0.00769447;2.53923e-12;
1.57536;0.00770138;2.54151e-12;
1.57546;0.00769447;2.53923e-12;
1.57556;0.00770138;2.54151e-12;
1.57566;0.00769448;2.53923e-12;
1.57576;0.00770137;2.54151e-12;
1.57586;0.00769448;2.53923e-12;
1.57596;0.00770137;2.5415e-12;
1.57606;0.00769448;2.53923e-12;
1.57616;0.00770136;2.5415e-12;
1.57626;0.00769449;2.53923e-12;
1.57636;0.00770136;2.5415e-12;
1.57646;0.00769449;2.53923e-12;
1.57656;0.00770136;2.5415e-12;
1.57666;0.00769449;2.53924e-12;
1.57676;0.00770135;2.5415e-12;
1.57686;0.0076945;2.53924e-12;
1.57696;0.00770135;2.5415e-12;
1.57706;0.0076945;2.53924e-12;
1.57716;0.00770135;2.5415e-12;
1.57726;0.0076945;2.53924e-12;
1.57736;0.00770134;2.5415e-12;
1.57746;0.00769451;2.53924e-12;
1.57756;0.00770134;2.54149e-12;
1.57766;0.00769451;2.53924e-12;
1.57776;0.00770133;2.54149e-12;
1.57786;0.00769451;2.53924e-12;
1.57796;0.00770133;2.54149e-12;
1.57806;0.00769451;2.53924e-12;
1.57816;0.00770133;2.54149e-12;
1.57826;0.00769452;2.53924e-12;
1.57836;0.00770132;2.54149e-12;
1.57846;0.00769452;2.53924e-12;
1.57856;0.00770132;2.54149e-12;
1.57866;0.00769452;2.53925e-12;
1.57876;0.00770132;2.54149e-12;
1.57886;0.00769453;2.53925e-12;
1.57896;0.00770131;2.54149e-12;
1.57906;0.00769453;2.53925e-12;
1.57916;0.00770131;2.54148e-12;
1.57926;0.00769453;2.53925e-12;
1.57936;0.0077013;2.54148e-12;
1.57946;0.00769454;2.53925e-12;
1.57956;0.0077013;2.54148e-12;
1.57966;0.00769454;2.53925e-12;
1.57976;0.0077013;2.54148e-12;
1.57986;0.00769454;2.53925e-12;
1.57996;0.00770129;2.54148e-12;
1.58006;0.00769455;2.53925e-12;
1.58016;0.00770129;2.54148e-12;
1.58026;0.00769455;2.53925e-12;
1.58036;0.00770129;2.54148e-12;
1.58046;0.00769455;2.53926e-12;
1.58056;0.00770128;2.54148e-12;
1.58066;0.00769456;2.53926e-12;
1.58076;0.00770128;2.54147e-12;
1.58086;0.00769456;2.53926e-12;
1.58096;0.00770127;2.54147e-12;
1.58106;0.00769456;2.53926e-12;
1.58116;0.00770127;2.54147e-12;
1.58126;0.00769457;2.53926e-12;
1.58136;0.00770127;2.54147e-12;
1.58146;0.00769457;2.53926e-12;
1.58156;0.00770126;2.54147e-12;
1.58166;0.00769457;2.53926e-12;
1.58176;0.00770126;2.54147e-12;
1.58186;0.00769458;2.53926e-12;
1.58196;0.00770126;2.54147e-12;
1.58206;0.00769458;2.53926e-12;
1.58216;0.00770125;2.54147e-12;
1.58226;0.00769458;2.53926e-12;
1.58236;0.00770125;2.54147e-12;
1.58246;0.00769458;2.53927e-12;
1.58256;0.00770125;2.54146e-12;
1.58266;0.00769459;2.53927e-12;
1.58276;0.00770124;2.54146e-12;
1.58286;0.00769459;2.53927e-12;
1.58296;0.00770124;2.54146e-12;
1.58306;0.00769459;2.53927e-12;
1.58316;0.00770123;2.54146e-12;
1.58326;0.0076946;2.53927e-12;
1.58336;0.00770123;2.54146e-12;
1.58346;0.0076946;2.53927e-12;
1.58356;0.00770123;2.54146e-12;
1.58366;0.0076946;2.53927e-12;
1.58376;0.00770122;2.54146e-12;
1.58386;0.00769461;2.53927e-12;
1.58396;0.00770122;2.54146e-12;
1.58406;0.00769461;2.53927e-12;
1.58416;0.00770122;2.54145e-12;
1.58426;0.00769461;2.53928e-12;
1.58436;0.00770121;2.54145e-12;
1.58446;0.00769462;2.53928e-12;
1.58456;0.00770121;2.54145e-12;
1.58466;0.00769462;2.53928e-12;
1.58476;0.0077012;2.54145e-12;
1.58486;0.00769462;2.53928e-12;
1.58496;0.0077012;2.54145e-12;
1.58506;0.00769463;2.53928e-12;
1.58516;0.0077012;2.54145e-12;
1.58526;0.00769463;2.53928e-12;
1.58536;0.00770119;2.54145e-12;
1.58546;0.00769463;2.53928e-12;
1.58556;0.00770119;2.54145e-12;
1.58566;0.00769463;2.53928e-12;
1.58576;0.00770119;2.54144e-12;
1.58586;0.00769464;2.53928e-12;
1.58596;0.00770118;2.54144e-12;
1.58606;0.00769464;2.53928e-12;
1.58616;0.00770118;2.54144e-12;
1.58626;0.00769464;2.53929e-12;
1.58636;0.00770117;2.54144e-12;
1.58646;0.00769465;2.53929e-12;
1.58656;0.00770117;2.54144e-12;
1.58666;0.00769465;2.53929e-12;
1.58676;0.00770117;2.54144e-12;
1.58686;0.00769465;2.53929e-12;
1.58696;0.00770116;2.54144e-12;
1.58706;0.00769466;2.53929e-12;
1.58716;0.00770116;2.54144e-12;
1.58726;0.00769466;2.53929e-12;
1.58736;0.00770116;2.54143e-12;
1.58746;0.00769466;2.53929e-12;
1.58756;0.00770115;2.54143e-12;
1.58766;0.00769467;2.53929e-12;
1.58776;0.00770115;2.54143e-12;
1.58786;0.00769467;2.53929e-12;
1.58796;0.00770115;2.54143e-12;
1.58806;0.00769467;2.53929e-12;
1.58816;0.00770114;2.54143e-12;
1.58826;0.00769468;2.5393e-12;
1.58836;0.00770114;2.54143e-12;
1.58846;0.00769468;2.5393e-12;
1.58856;0.00770113;2.54143e-12;
1.58866;0.00769468;2.5393e-12;
1.58876;0.00770113;2.54143e-12;
1.58886;0.00769468;2.5393e-12;
1.58896;0.00770113;2.54142e-12;
1.58906;0.00769469;2.5393e-12;
1.58916;0.00770112;2.54142e-12;
1.58926;0.00769469;2.5393e-12;
1.58936;0.00770112;2.54142e-12;
1.58946;0.00769469;2.5393e-12;
1.58956;0.00770112;2.54142e-12;
1.58966;0.0076947;2.5393e-12;
1.58976;0.00770111;2.54142e-12;
1.58986;0.0076947;2.5393e-12;
1.58996;0.00770111;2.54142e-12;
1.59006;0.0076947;2.53931e-12;
1.59016;0.0077011;2.54142e-12;
1.59026;0.00769471;2.53931e-12;
1.59036;0.0077011;2.54142e-12;
1.59046;0.00769471;2.53931e-12;
1.59056;0.0077011;2.54142e-12;
1.59066;0.00769471;2.53931e-12;
1.59076;0.00770109;2.54141e-12;
1.59086;0.00769472;2.53931e-12;
1.59096;0.00770109;2.54141e-12;
1.59106;0.00769472;2.53931e-12;
1.59116;0.00770109;2.54141e-12;
1.59126;0.00769472;2.53931e-12;
1.59136;0.00770108;2.54141e-12;
1.59146;0.00769473;2.53931e-12;
1.59156;0.00770108;2.54141e-12;
1.59166;0.00769473;2.53931e-12;
1.59176;0.00770108;2.54141e-12;
1.59186;0.00769473;2.53931e-12;
1.59196;0.00770107;2.54141e-12;
1.59206;0.00769473;2.53932e-12;
1.59216;0.00770107;2.54141e-12;
1.59226;0.00769474;2.53932e-12;
1.59236;0.00770106;2.5414e-12;
1.59246;0.00769474;2.53932e-12;
1.59256;0.00770106;2.5414e-12;
1.59266;0.00769474;2.53932e-12;
1.59276;0.00770106;2.5414e-12;
1.59286;0.00769475;2.53932e-12;
1.59296;0.00770105;2.5414e-12;
1.59306;0.00769475;2.53932e-12;
1.59316;0.00770105;2.5414e-12;
1.59326;0.00769475;2.53932e-12;
1.59336;0.00770105;2.5414e-12;
1.59346;0.00769476;2.53932e-12;
1.59356;0.00770104;2.5414e-12;
1.59366;0.00769476;2.53932e-12;
1.59376;0.00770104;2.5414e-12;
1.59386;0.00769476;2.53932e-12;
1.59396;0.00770104;2.54139e-12;
1.59406;0.00769477;2.53933e-12;
1.59416;0.00770103;2.54139e-12;
1.59426;0.00769477;2.53933e-12;
1.59436;0.00770103;2.54139e-12;
1.59446;0.00769477;2.53933e-12;
1.59456;0.00770102;2.54139e-12;
1.59466;0.00769477;2.53933e-12;
1.59476;0.00770102;2.54139e-12;
1.59486;0.00769478;2.53933e-12;
1.59496;0.00770102;2.54139e-12;
1.59506;0.00769478;2.53933e-12;
1.59516;0.00770101;2.54139e-12;
1.59526;0.00769478;2.53933e-12;
1.59536;0.00770101;2.54139e-12;
1.59546;0.00769479;2.53933e-12;
1.59556;0.00770101;2.54139e-12;
1.59566;0.00769479;2.53933e-12;
1.59576;0.007701;2.54138e-12;
1.59586;0.00769479;2.53933e-12;
1.59596;0.007701;2.54138e-12;
1.59606;0.0076948;2.53934e-12;
1.59616;0.007701;2.54138e-12;
1.59626;0.0076948;2.53934e-12;
1.59636;0.00770099;2.54138e-12;
1.59646;0.0076948;2.53934e-12;
1.59656;0.00770099;2.54138e-12;
1.59666;0.00769481;2.53934e-12;
1.59676;0.00770098;2.54138e-12;
1.59686;0.00769481;2.53934e-12;
1.59696;0.00770098;2.54138e-12;
1.59706;0.00769481;2.53934e-12;
1.59716;0.00770098;2.54138e-12;
1.59726;0.00769481;2.53934e-12;
1.59736;0.00770097;2.54137e-12;
1.59746;0.00769482;2.53934e-12;
1.59756;0.00770097;2.54137e-12;
1.59766;0.00769482;2.53934e-12;
1.59776;0.00770097;2.54137e-12;
1.59786;0.00769482;2.53934e-12;
1.59796;0.00770096;2.54137e-12;
1.59806;0.00769483;2.53935e-12;
1.59816;0.00770096;2.54137e-12;
1.59826;0.00769483;2.53935e-12;
1.59836;0.00770096;2.54137e-12;
1.59846;0.00769483;2.53935e-12;
1.59856;0.00770095;2.54137e-12;
1.59866;0.00769484;2.53935e-12;
1.59876;0.00770095;2.54137e-12;
1.59886;0.00769484;2.53935e-12;
1.59896;0.00770094;2.54136e-12;
1.59906;0.00769484;2.53935e-12;
1.59916;0.00770094;2.54136e-12;
1.59926;0.00769484;2.53935e-12;
1.59936;0.00770094;2.54136e-12;
1.59946;0.00769485;2.53935e-12;
1.59956;0.00770093;2.54136e-12;
1.59966;0.00769485;2.53935e-12;
1.59976;0.00770093;2.54136e-12;
1.59986;0.00769485;2.53935e-12;
1.59996;0.00770093;2.54136e-12;
1.60006;0.00769486;2.53936e-12;
1.60016;0.00770092;2.54136e-12;
1.60026;0.00769486;2.53936e-12;
1.60036;0.00770092;2.54136e-12;
1.60046;0.00769486;2.53936e-12;
1.60056;0.00770092;2.54136e-12;
1.60066;0.00769487;2.53936e-12;
1.60076;0.00770091;2.54135e-12;
1.60086;0.00769487;2.53936e-12;
1.60096;0.00770095;2.54137e-12;
1.60106;0.00769487;2.53936e-12;
1.60116;0.00770095;2.54137e-12;
1.60126;0.00769487;2.53936e-12;
1.60136;0.00770094;2.54136e-12;
1.60146;0.00769488;2.53936e-12;
1.60156;0.00770094;2.54136e-12;
1.60166;0.00769488;2.53936e-12;
1.60176;0.00770093;2.54136e-12;
1.60186;0.00769488;2.53936e-12;
1.60196;0.00770093;2.54136e-12;
1.60206;0.00769489;2.53937e-12;
1.60216;0.00770093;2.54136e-12;
1.60226;0.00769489;2.53937e-12;
1.60236;0.00770092;2.54136e-12;
1.60246;0.00769489;2.53937e-12;
1.60256;0.00770092;2.54136e-12;
1.60266;0.0076949;2.53937e-12;
1.60276;0.00770092;2.54136e-12;
1.60286;0.0076949;2.53937e-12;
1.60296;0.00770091;2.54135e-12;
1.60306;0.0076949;2.53937e-12;
1.60316;0.00770091;2.54135e-12;
1.60326;0.00769491;2.53937e-12;
1.60336;0.00770091;2.54135e-12;
1.60346;0.00769491;2.53937e-12;
1.60356;0.0077009;2.54135e-12;
1.60366;0.00769491;2.53937e-12;
1.60376;0.0077009;2.54135e-12;
1.60386;0.00769491;2.53937e-12;
1.60396;0.00770089;2.54135e-12;
1.60406;0.00769492;2.53938e-12;
1.60416;0.00770089;2.54135e-12;
1.60426;0.00769492;2.53938e-12;
1.60436;0.00770089;2.54135e-12;
1.60446;0.00769492;2.53938e-12;
1.60456;0.00770088;2.54134e-12;
1.60466;0.00769493;2.53938e-12;
1.60476;0.00770088;2.54134e-12;
1.60486;0.00769493;2.53938e-12;
1.60496;0.00770088;2.54134e-12;
1.60506;0.00769493;2.53938e-12;
1.60516;0.00770087;2.54134e-12;
1.60526;0.00769494;2.53938e-12;
1.60536;0.00770087;2.54134e-12;
1.60546;0.00769494;2.53938e-12;
1.60556;0.00770087;2.54134e-12;
1.60566;0.00769494;2.53938e-12;
1.60576;0.00770086;2.54134e-12;
1.60586;0.00769494;2.53938e-12;
1.60596;0.00770086;2.54134e-12;
1.60606;0.00769495;2.53939e-12;
1.60616;0.00770085;2.54134e-12;
1.60626;0.00769495;2.53939e-12;
1.60636;0.00770085;2.54133e-12;
1.60646;0.00769495;2.53939e-12;
1.60656;0.00770085;2.54133e-12;
1.60666;0.00769496;2.53939e-12;
1.60676;0.00770084;2.54133e-12;
1.60686;0.00769496;2.53939e-12;
1.60696;0.00770084;2.54133e-12;
1.60706;0.00769496;2.53939e-12;
1.60716;0.00770084;2.54133e-12;
1.60726;0.00769497;2.53939e-12;
1.60736;0.00770083;2.54133e-12;
1.60746;0.00769497;2.53939e-12;
1.60756;0.00770083;2.54133e-12;
1.60766;0.00769497;2.53939e-12;
1.60776;0.00770083;2.54133e-12;
1.60786;0.00769497;2.53939e-12;
1.60796;0.00770082;2.54132e-12;
1.60806;0.00769498;2.5394e-12;
1.60816;0.00770082;2.54132e-12;
1.60826;0.00769498;2.5394e-12;
1.60836;0.00770082;2.54132e-12;
1.60846;0.00769498;2.5394e-12;
1.60856;0.00770081;2.54132e-12;
1.60866;0.00769499;2.5394e-12;
1.60876;0.00770081;2.54132e-12;
1.60886;0.00769499;2.5394e-12;
1.60896;0.0077008;2.54132e-12;
1.60906;0.00769499;2.5394e-12;
1.60916;0.0077008;2.54132e-12;
1.60926;0.007695;2.5394e-12;
1.60936;0.0077008;2.54132e-12;
1.60946;0.007695;2.5394e-12;
1.60956;0.00770079;2.54131e-12;
1.60966;0.007695;2.5394e-12;
1.60976;0.00770079;2.54131e-12;
1.60986;0.007695;2.5394e-12;
1.60996;0.00770079;2.54131e-12;
1.61006;0.00769501;2.53941e-12;
1.61016;0.00770078;2.54131e-12;
1.61026;0.00769501;2.53941e-12;
1.61036;0.00770078;2.54131e-12;
1.61046;0.00769501;2.53941e-12;
1.61056;0.00770078;2.54131e-12;
1.61066;0.00769502;2.53941e-12;
1.61076;0.00770077;2.54131e-12;
1.61086;0.00769502;2.53941e-12;
1.61096;0.00770077;2.54131e-12;
1.61106;0.00769502;2.53941e-12;
1.61116;0.00770076;2.54131e-12;
1.61126;0.00769502;2.53941e-12;
1.61136;0.00770076;2.5413e-12;
1.61146;0.00769503;2.53941e-12;
1.61156;0.00770076;2.5413e-12;
1.61166;0.00769503;2.53941e-12;
1.61176;0.00770075;2.5413e-12;
1.61186;0.00769503;2.53941e-12;
1.61196;0.00770075;2.5413e-12;
1.61206;0.00769504;2.53942e-12;
1.61216;0.00770075;2.5413e-12;
1.61226;0.00769504;2.53942e-12;
1.61236;0.00770074;2.5413e-12;
1.61246;0.00769504;2.53942e-12;
1.61256;0.00770074;2.5413e-12;
1.61266;0.00769505;2.53942e-12;
1.61276;0.00770074;2.5413e-12;
1.61286;0.00769505;2.53942e-12;
1.61296;0.00770073;2.54129e-12;
1.61306;0.00769505;2.53942e-12;
1.61316;0.00770073;2.54129e-12;
1.61326;0.00769505;2.53942e-12;
1.61336;0.00770073;2.54129e-12;
1.61346;0.00769506;2.53942e-12;
1.61356;0.00770072;2.54129e-12;
1.61366;0.00769506;2.53942e-12;
1.61376;0.00770072;2.54129e-12;
1.61386;0.00769506;2.53942e-12;
1.61396;0.00770071;2.54129e-12;
1.61406;0.00769507;2.53942e-12;
1.61416;0.00770071;2.54129e-12;
1.61426;0.00769507;2.53943e-12;
1.61436;0.00770071;2.54129e-12;
1.61446;0.00769507;2.53943e-12;
1.61456;0.0077007;2.54129e-12;
1.61466;0.00769508;2.53943e-12;
1.61476;0.0077007;2.54128e-12;
1.61486;0.00769508;2.53943e-12;
1.61496;0.0077007;2.54128e-12;
1.61506;0.00769508;2.53943e-12;
1.61516;0.00770069;2.54128e-12;
1.61526;0.00769508;2.53943e-12;
1.61536;0.00770069;2.54128e-12;
1.61546;0.00769512;2.53944e-12;
1.61556;0.00770069;2.54128e-12;
1.61566;0.00769513;2.53944e-12;
1.61576;0.00770068;2.54128e-12;
1.61586;0.00769513;2.53945e-12;
1.61596;0.00770068;2.54128e-12;
1.61606;0.00769513;2.53945e-12;
1.61616;0.00770068;2.54128e-12;
1.61626;0.00769513;2.53945e-12;
1.61636;0.00770067;2.54127e-12;
1.61646;0.00769514;2.53945e-12;
1.61656;0.00770067;2.54127e-12;
1.61666;0.00769514;2.53945e-12;
1.61676;0.00770067;2.54127e-12;
1.61686;0.00769514;2.53945e-12;
1.61696;0.00770066;2.54127e-12;
1.61706;0.00769515;2.53945e-12;
1.61716;0.00770066;2.54127e-12;
1.61726;0.00769515;2.53945e-12;
1.61736;0.00770065;2.54127e-12;
1.61746;0.00769515;2.53945e-12;
1.61756;0.00770065;2.54127e-12;
1.61766;0.00769515;2.53945e-12;
1.61776;0.00770065;2.54127e-12;
1.61786;0.00769516;2.53945e-12;
1.61796;0.00770064;2.54127e-12;
1.61806;0.00769516;2.53946e-12;
1.61816;0.00770064;2.54126e-12;
1.61826;0.00769516;2.53946e-12;
1.61836;0.00770064;2.54126e-12;
1.61846;0.00769517;2.53946e-12;
1.61856;0.00770063;2.54126e-12;
1.61866;0.00769517;2.53946e-12;
1.61876;0.00770063;2.54126e-12;
1.61886;0.00769517;2.53946e-12;
1.61896;0.00770063;2.54126e-12;
1.61906;0.00769517;2.53946e-12;
1.61916;0.00770062;2.54126e-12;
1.61926;0.00769518;2.53946e-12;
1.61936;0.00770062;2.54126e-12;
1.61946;0.00769518;2.53946e-12;
1.61956;0.00770062;2.54126e-12;
1.61966;0.00769518;2.53946e-12;
1.61976;0.00770061;2.54126e-12;
1.61986;0.00769519;2.53946e-12;
1.61996;0.00770061;2.54125e-12;
1.62006;0.00769519;2.53947e-12;
1.62016;0.00770061;2.54125e-12;
1.62026;0.00769519;2.53947e-12;
1.62036;0.0077006;2.54125e-12;
1.62046;0.00769519;2.53947e-12;
1.62056;0.0077006;2.54125e-12;
1.62066;0.0076952;2.53947e-12;
1.62076;0.0077006;2.54125e-12;
1.62086;0.0076952;2.53947e-12;
1.62096;0.00770059;2.54125e-12;
1.62106;0.0076952;2.53947e-12;
1.62116;0.00770059;2.54125e-12;
1.62126;0.00769521;2.53947e-12;
1.62136;0.00770058;2.54125e-12;
1.62146;0.00769521;2.53947e-12;
1.62156;0.00770058;2.54124e-12;
1.62166;0.00769521;2.53947e-12;
1.62176;0.00770058;2.54124e-12;
1.62186;0.00769521;2.53947e-12;
1.62196;0.00770057;2.54124e-12;
1.62206;0.00769522;2.53947e-12;
1.62216;0.00770057;2.54124e-12;
1.62226;0.00769522;2.53948e-12;
1.62236;0.00770057;2.54124e-12;
1.62246;0.00769522;2.53948e-12;
1.62256;0.00770056;2.54124e-12;
1.62266;0.00769523;2.53948e-12;
1.62276;0.00770056;2.54124e-12;
1.62286;0.00769523;2.53948e-12;
1.62296;0.00770056;2.54124e-12;
1.62306;0.00769523;2.53948e-12;
1.62316;0.00770055;2.54124e-12;
1.62326;0.00769523;2.53948e-12;
1.62336;0.00770055;2.54123e-12;
1.62346;0.00769524;2.53948e-12;
1.62356;0.00770055;2.54123e-12;
1.62366;0.00769524;2.53948e-12;
1.62376;0.00770054;2.54123e-12;
1.62386;0.00769524;2.53948e-12;
1.62396;0.00770054;2.54123e-12;
1.62406;0.00769525;2.53948e-12;
1.62416;0.00770054;2.54123e-12;
1.62426;0.00769525;2.53948e-12;
1.62436;0.00770053;2.54123e-12;
1.62446;0.00769525;2.53949e-12;
1.62456;0.00770053;2.54123e-12;
1.62466;0.00769525;2.53949e-12;
1.62476;0.00770053;2.54123e-12;
1.62486;0.00769526;2.53949e-12;
1.62496;0.00770052;2.54123e-12;
1.62506;0.00769526;2.53949e-12;
1.62516;0.00770052;2.54122e-12;
1.62526;0.00769526;2.53949e-12;
1.62536;0.00770052;2.54122e-12;
1.62546;0.00769526;2.53949e-12;
1.62556;0.00770051;2.54122e-12;
1.62566;0.00769527;2.53949e-12;
1.62576;0.00770051;2.54122e-12;
1.62586;0.00769527;2.53949e-12;
1.62596;0.0077005;2.54122e-12;
1.62606;0.00769527;2.53949e-12;
1.62616;0.0077005;2.54122e-12;
1.62626;0.00769528;2.53949e-12;
1.62636;0.0077005;2.54122e-12;
1.62646;0.00769528;2.5395e-12;
1.62656;0.00770049;2.54122e-12;
1.62666;0.00769528;2.5395e-12;
1.62676;0.00770049;2.54121e-12;
1.62686;0.00769528;2.5395e-12;
1.62696;0.00770049;2.54121e-12;
1.62706;0.00769529;2.5395e-12;
1.62716;0.00770048;2.54121e-12;
1.62726;0.00769529;2.5395e-12;
1.62736;0.00770048;2.54121e-12;
1.62746;0.00769529;2.5395e-12;
1.62756;0.00770048;2.54121e-12;
1.62766;0.0076953;2.5395e-12;
1.62776;0.00770047;2.54121e-12;
1.62786;0.0076953;2.5395e-12;
1.62796;0.00770047;2.54121e-12;
1.62806;0.0076953;2.5395e-12;
1.62816;0.00770047;2.54121e-12;
1.62826;0.0076953;2.5395e-12;
1.62836;0.00770046;2.54121e-12;
1.62846;0.00769531;2.5395e-12;
1.62856;0.00770046;2.5412e-12;
1.62866;0.00769531;2.53951e-12;
1.62876;0.00770046;2.5412e-12;
1.62886;0.00769531;2.53951e-12;
1.62896;0.00770045;2.5412e-12;
1.62906;0.00769532;2.53951e-12;
1.62916;0.00770045;2.5412e-12;
1.62926;0.00769532;2.53951e-12;
1.62936;0.00770045;2.5412e-12;
1.62946;0.00769532;2.53951e-12;
1.62956;0.00770044;2.5412e-12;
1.62966;0.00769532;2.53951e-12;
1.62976;0.00770044;2.5412e-12;
1.62986;0.00769533;2.53951e-12;
1.62996;0.00770044;2.5412e-12;
1.63006;0.00769533;2.53951e-12;
1.63016;0.00770043;2.5412e-12;
1.63026;0.00769533;2.53951e-12;
1.63036;0.00770043;2.54119e-12;
1.63046;0.00769533;2.53951e-12;
1.63056;0.00770043;2.54119e-12;
1.63066;0.00769534;2.53951e-12;
1.63076;0.00770042;2.54119e-12;
1.63086;0.00769534;2.53952e-12;
1.63096;0.00770042;2.54119e-12;
1.63106;0.00769534;2.53952e-12;
1.63116;0.00770042;2.54119e-12;
1.63126;0.00769535;2.53952e-12;
1.63136;0.00770041;2.54119e-12;
1.63146;0.00769535;2.53952e-12;
1.63156;0.00770041;2.54119e-12;
1.63166;0.00769535;2.53952e-12;
1.63176;0.0077004;2.54119e-12;
1.63186;0.00769535;2.53952e-12;
1.63196;0.0077004;2.54119e-12;
1.63206;0.00769536;2.53952e-12;
1.63216;0.0077004;2.54118e-12;
1.63226;0.00769536;2.53952e-12;
1.63236;0.00770039;2.54118e-12;
1.63246;0.00769536;2.53952e-12;
1.63256;0.00770039;2.54118e-12;
1.63266;0.00769537;2.53952e-12;
1.63276;0.00770039;2.54118e-12;
1.63286;0.00769537;2.53952e-12;
1.63296;0.00770038;2.54118e-12;
1.63306;0.00769537;2.53953e-12;
1.63316;0.00770038;2.54118e-12;
1.63326;0.00769537;2.53953e-12;
1.63336;0.00770038;2.54118e-12;
1.63346;0.00769538;2.53953e-12;
1.63356;0.00770037;2.54118e-12;
1.63366;0.00769538;2.53953e-12;
1.63376;0.00770037;2.54118e-12;
1.63386;0.00769538;2.53953e-12;
1.63396;0.00770037;2.54117e-12;
1.63406;0.00769538;2.53953e-12;
1.63416;0.00770036;2.54117e-12;
1.63426;0.00769539;2.53953e-12;
1.63436;0.00770036;2.54117e-12;
1.63446;0.00769539;2.53953e-12;
1.63456;0.00770036;2.54117e-12;
1.63466;0.00769539;2.53953e-12;
1.63476;0.00770035;2.54117e-12;
1.63486;0.0076954;2.53953e-12;
1.63496;0.00770035;2.54117e-12;
1.63506;0.0076954;2.53953e-12;
1.63516;0.00770035;2.54117e-12;
1.63526;0.0076954;2.53954e-12;
1.63536;0.00770034;2.54117e-12;
1.63546;0.0076954;2.53954e-12;
1.63556;0.00770034;2.54117e-12;
1.63566;0.00769541;2.53954e-12;
1.63576;0.00770034;2.54116e-12;
1.63586;0.00769541;2.53954e-12;
1.63596;0.00770033;2.54116e-12;
1.63606;0.00769541;2.53954e-12;
1.63616;0.00770033;2.54116e-12;
1.63626;0.00769541;2.53954e-12;
1.63636;0.00770033;2.54116e-12;
1.63646;0.00769542;2.53954e-12;
1.63656;0.00770032;2.54116e-12;
1.63666;0.00769542;2.53954e-12;
1.63676;0.00770032;2.54116e-12;
1.63686;0.00769542;2.53954e-12;
1.63696;0.00770032;2.54116e-12;
1.63706;0.00769543;2.53954e-12;
1.63716;0.00770031;2.54116e-12;
1.63726;0.00769543;2.53954e-12;
1.63736;0.00770031;2.54116e-12;
1.63746;0.00769543;2.53955e-12;
1.63756;0.00770031;2.54115e-12;
1.63766;0.00769543;2.53955e-12;
1.63776;0.0077003;2.54115e-12;
1.63786;0.00769544;2.53955e-12;
1.63796;0.0077003;2.54115e-12;
1.63806;0.00769544;2.53955e-12;
1.63816;0.0077003;2.54115e-12;
1.63826;0.00769544;2.53955e-12;
1.63836;0.00770029;2.54115e-12;
1.63846;0.00769545;2.53955e-12;
1.63856;0.00770029;2.54115e-12;
1.63866;0.00769545;2.53955e-12;
1.63876;0.00770029;2.54115e-12;
1.63886;0.00769545;2.53955e-12;
1.63896;0.00770028;2.54115e-12;
1.63906;0.00769545;2.53955e-12;
1.63916;0.00770028;2.54115e-12;
1.63926;0.00769546;2.53955e-12;
1.63936;0.00770028;2.54114e-12;
1.63946;0.00769546;2.53955e-12;
1.63956;0.00770027;2.54114e-12;
1.63966;0.00769546;2.53956e-12;
1.63976;0.00770027;2.54114e-12;
1.63986;0.00769546;2.53956e-12;
1.63996;0.00770027;2.54114e-12;
1.64006;0.00769547;2.53956e-12;
1.64016;0.00770026;2.54114e-12;
1.64026;0.00769547;2.53956e-12;
1.64036;0.00770026;2.54114e-12;
1.64046;0.00769547;2.53956e-12;
1.64056;0.00770026;2.54114e-12;
1.64066;0.00769547;2.53956e-12;
1.64076;0.00770025;2.54114e-12;
1.64086;0.00769548;2.53956e-12;
1.64096;0.00770025;2.54114e-12;
1.64106;0.00769548;2.53956e-12;
1.64116;0.00770025;2.54113e-12;
1.64126;0.00769548;2.53956e-12;
1.64136;0.00770024;2.54113e-12;
1.64146;0.00769549;2.53956e-12;
1.64156;0.00770024;2.54113e-12;
1.64166;0.00769549;2.53956e-12;
1.64176;0.00770024;2.54113e-12;
1.64186;0.00769549;2.53957e-12;
1.64196;0.00770023;2.54113e-12;
1.64206;0.00769549;2.53957e-12;
1.64216;0.00770023;2.54113e-12;
1.64226;0.0076955;2.53957e-12;
1.64236;0.00770023;2.54113e-12;
1.64246;0.0076955;2.53957e-12;
1.64256;0.00770022;2.54113e-12;
1.64266;0.0076955;2.53957e-12;
1.64276;0.00770022;2.54113e-12;
1.64286;0.0076955;2.53957e-12;
1.64296;0.00770022;2.54112e-12;
1.64306;0.00769551;2.53957e-12;
1.64316;0.00770021;2.54112e-12;
1.64326;0.00769551;2.53957e-12;
1.64336;0.00770021;2.54112e-12;
1.64346;0.00769551;2.53957e-12;
1.64356;0.00770021;2.54112e-12;
1.64366;0.00769552;2.53957e-12;
1.64376;0.0077002;2.54112e-12;
1.64386;0.00769552;2.53957e-12;
1.64396;0.0077002;2.54112e-12;
1.64406;0.00769552;2.53957e-12;
1.64416;0.0077002;2.54112e-12;
1.64426;0.00769552;2.53958e-12;
1.64436;0.00770019;2.54112e-12;
1.64446;0.00769553;2.53958e-12;
1.64456;0.00770019;2.54112e-12;
1.64466;0.00769553;2.53958e-12;
1.64476;0.00770019;2.54111e-12;
1.64486;0.00769553;2.53958e-12;
1.64496;0.00770018;2.54111e-12;
1.64506;0.00769553;2.53958e-12;
1.64516;0.00770018;2.54111e-12;
1.64526;0.00769554;2.53958e-12;
1.64536;0.00770018;2.54111e-12;
1.64546;0.00769554;2.53958e-12;
1.64556;0.00770017;2.54111e-12;
1.64566;0.00769554;2.53958e-12;
1.64576;0.00770017;2.54111e-12;
1.64586;0.00769554;2.53958e-12;
1.64596;0.00770017;2.54111e-12;
1.64606;0.00769555;2.53958e-12;
1.64616;0.00770016;2.54111e-12;
1.64626;0.00769555;2.53958e-12;
1.64636;0.00770016;2.54111e-12;
1.64646;0.00769555;2.53959e-12;
1.64656;0.00770016;2.5411e-12;
1.64666;0.00769555;2.53959e-12;
1.64676;0.00770015;2.5411e-12;
1.64686;0.00769556;2.53959e-12;
1.64696;0.00770015;2.5411e-12;
1.64706;0.00769556;2.53959e-12;
1.64716;0.00770015;2.5411e-12;
1.64726;0.00769556;2.53959e-12;
1.64736;0.00770014;2.5411e-12;
1.64746;0.00769556;2.53959e-12;
1.64756;0.00770014;2.5411e-12;
1.64766;0.00769557;2.53959e-12;
1.64776;0.00770013;2.5411e-12;
1.64786;0.00769557;2.53959e-12;
1.64796;0.00770013;2.5411e-12;
1.64806;0.00769557;2.53959e-12;
1.64816;0.00770013;2.54109e-12;
1.64826;0.00769557;2.53959e-12;
1.64836;0.00770012;2.54109e-12;
1.64846;0.00769558;2.53959e-12;
1.64856;0.00770012;2.54109e-12;
1.64866;0.00769558;2.53959e-12;
1.64876;0.00770012;2.54109e-12;
1.64886;0.00769558;2.53959e-12;
1.64896;0.00770011;2.54109e-12;
1.64906;0.00769558;2.53959e-12;
1.64916;0.00770011;2.54109e-12;
1.64926;0.00769558;2.5396e-12;
1.64936;0.0077001;2.54109e-12;
1.64946;0.00769559;2.5396e-12;
1.64956;0.0077001;2.54109e-12;
1.64966;0.00769559;2.5396e-12;
1.64976;0.00770009;2.54108e-12;
1.64986;0.00769559;2.5396e-12;
1.64996;0.00770009;2.54108e-12;
1.65006;0.00769559;2.5396e-12;
1.65016;0.00770008;2.54108e-12;
1.65026;0.00769559;2.5396e-12;
1.65036;0.00770008;2.54108e-12;
1.65046;0.00769559;2.5396e-12;
1.65056;0.00770007;2.54108e-12;
1.65066;0.00769559;2.5396e-12;
1.65076;0.00770007;2.54108e-12;
1.65086;0.00769559;2.5396e-12;
1.65096;0.00770006;2.54107e-12;
1.65106;0.00769559;2.5396e-12;
1.65116;0.00770005;2.54107e-12;
1.65126;0.00769559;2.5396e-12;
1.65136;0.00770005;2.54107e-12;
1.65146;0.00769559;2.5396e-12;
1.65156;0.00770004;2.54107e-12;
1.65166;0.00769558;2.5396e-12;
1.65176;0.00770003;2.54106e-12;
1.65186;0.00769558;2.53959e-12;
1.65196;0.00770002;2.54106e-12;
1.65206;0.00769558;2.53959e-12;
1.65216;0.00770001;2.54106e-12;
1.65226;0.00769557;2.53959e-12;
1.65236;0.0077;2.54105e-12;
1.65246;0.00769557;2.53959e-12;
1.65256;0.00769999;2.54105e-12;
1.65266;0.00769556;2.53959e-12;
1.65276;0.00769998;2.54105e-12;
1.65286;0.00769556;2.53959e-12;
1.65296;0.00769997;2.54104e-12;
1.65306;0.00769555;2.53958e-12;
1.65316;0.00769995;2.54104e-12;
1.65326;0.00769554;2.53958e-12;
1.65336;0.00769994;2.54103e-12;
1.65346;0.00769553;2.53958e-12;
1.65356;0.00769992;2.54103e-12;
1.65366;0.00769552;2.53957e-12;
1.65376;0.0076999;2.54102e-12;
1.65386;0.00769551;2.53957e-12;
1.65396;0.00769989;2.54102e-12;
1.65406;0.0076955;2.53957e-12;
1.65416;0.00769987;2.54101e-12;
1.65426;0.00769548;2.53956e-12;
1.65436;0.00769985;2.541e-12;
1.65446;0.00769547;2.53956e-12;
1.65456;0.00769983;2.541e-12;
1.65466;0.00769545;2.53955e-12;
1.65476;0.0076998;2.54099e-12;
1.65486;0.00769543;2.53955e-12;
1.65496;0.00769978;2.54098e-12;
1.65506;0.00769541;2.53954e-12;
1.65516;0.00769975;2.54097e-12;
1.65526;0.00769539;2.53953e-12;
1.65536;0.00769972;2.54096e-12;
1.65546;0.00769537;2.53952e-12;
1.65556;0.0076997;2.54095e-12;
1.65566;0.00769534;2.53952e-12;
1.65576;0.00769967;2.54094e-12;
1.65586;0.00769532;2.53951e-12;
1.65596;0.00769963;2.54093e-12;
1.65606;0.00769529;2.5395e-12;
1.65616;0.0076996;2.54092e-12;
1.65626;0.00769526;2.53949e-12;
1.65636;0.00769957;2.54091e-12;
1.65646;0.00769523;2.53948e-12;
1.65656;0.00769953;2.5409e-12;
1.65666;0.0076952;2.53947e-12;
1.65676;0.00769949;2.54089e-12;
1.65686;0.00769517;2.53946e-12;
1.65696;0.00769945;2.54087e-12;
1.65706;0.00769513;2.53945e-12;
1.65716;0.00769941;2.54086e-12;
1.65726;0.0076951;2.53943e-12;
1.65736;0.00769937;2.54084e-12;
1.65746;0.00769506;2.53942e-12;
1.65756;0.00769932;2.54083e-12;
1.65766;0.00769502;2.53941e-12;
1.65776;0.00769928;2.54081e-12;
1.65786;0.00769497;2.53939e-12;
1.65796;0.00769923;2.5408e-12;
1.65806;0.00769493;2.53938e-12;
1.65816;0.00769918;2.54078e-12;
1.65826;0.00769488;2.53936e-12;
1.65836;0.00769912;2.54076e-12;
1.65846;0.00769483;2.53935e-12;
1.65856;0.00769907;2.54075e-12;
1.65866;0.00769478;2.53933e-12;
1.65876;0.00769901;2.54073e-12;
1.65886;0.00769473;2.53931e-12;
1.65896;0.00769895;2.54071e-12;
1.65906;0.00769467;2.53929e-12;
1.65916;0.00769889;2.54069e-12;
1.65926;0.00769461;2.53928e-12;
1.65936;0.00769882;2.54066e-12;
1.65946;0.00769455;2.53925e-12;
1.65956;0.00769875;2.54064e-12;
1.65966;0.00769449;2.53923e-12;
1.65976;0.00769868;2.54062e-12;
1.65986;0.00769442;2.53921e-12;
1.65996;0.0076986;2.54059e-12;
1.66006;0.00769435;2.53919e-12;
1.66016;0.00769853;2.54057e-12;
1.66026;0.00769427;2.53916e-12;
1.66036;0.00769844;2.54054e-12;
1.66046;0.00769419;2.53914e-12;
1.66056;0.00769836;2.54051e-12;
1.66066;0.00769411;2.53911e-12;
1.66076;0.00769827;2.54048e-12;
1.66086;0.00769402;2.53908e-12;
1.66096;0.00769817;2.54045e-12;
1.66106;0.00769392;2.53905e-12;
1.66116;0.00769807;2.54042e-12;
1.66126;0.00769383;2.53902e-12;
1.66136;0.00769796;2.54038e-12;
1.66146;0.00769372;2.53898e-12;
1.66156;0.00769785;2.54034e-12;
1.66166;0.00769361;2.53894e-12;
1.66176;0.00769773;2.5403e-12;
1.66186;0.00769349;2.5389e-12;
1.66196;0.0076976;2.54026e-12;
1.66206;0.00769336;2.53886e-12;
1.66216;0.00769746;2.54021e-12;
1.66226;0.00769322;2.53882e-12;
1.66236;0.00769731;2.54017e-12;
1.66246;0.00769307;2.53877e-12;
1.66256;0.00769715;2.54011e-12;
1.66266;0.00769291;2.53871e-12;
1.66276;0.00769697;2.54005e-12;
1.66286;0.00769273;2.53866e-12;
1.66296;0.00769678;2.53999e-12;
1.66306;0.00769254;2.53859e-12;
1.66316;0.00769657;2.53992e-12;
1.66326;0.00769233;2.53852e-12;
1.66336;0.00769634;2.53985e-12;
1.66346;0.00769209;2.53844e-12;
1.66356;0.00769608;2.53976e-12;
1.66366;0.00769182;2.53835e-12;
1.66376;0.00769579;2.53966e-12;
1.66386;0.00769151;2.53825e-12;
1.66396;0.00769544;2.53955e-12;
1.66406;0.00769115;2.53813e-12;
1.66416;0.00769504;2.53942e-12;
1.66426;0.00769073;2.53799e-12;
1.66436;0.00769456;2.53926e-12;
1.66446;0.00769021;2.53782e-12;
1.66456;0.00769397;2.53906e-12;
1.66466;0.00768957;2.53761e-12;
1.66476;0.00769321;2.53881e-12;
1.66486;0.00768874;2.53734e-12;
1.66496;0.00769222;2.53849e-12;
1.66506;0.00768765;2.53698e-12;
1.66516;0.00769092;2.53806e-12;
1.66526;0.00768623;2.53651e-12;
1.66536;0.00768929;2.53752e-12;
1.66546;0.00768451;2.53594e-12;
1.66556;0.00768743;2.53691e-12;
1.66566;0.0076826;2.53531e-12;
1.66576;0.00768548;2.53626e-12;
1.66586;0.00768063;2.53466e-12;
1.66596;0.00768352;2.53561e-12;
1.66606;0.00767864;2.534e-12;
1.66616;0.00768157;2.53497e-12;
1.66626;0.00767668;2.53336e-12;
1.66636;0.0076796;2.53432e-12;
1.66646;0.00767475;2.53272e-12;
1.66656;0.00767771;2.5337e-12;
1.66666;0.00767285;2.53209e-12;
1.66676;0.00767586;2.53309e-12;
1.66686;0.00767099;2.53148e-12;
1.66696;0.00767404;2.53249e-12;
1.66706;0.00766916;2.53088e-12;
1.66716;0.00767225;2.53189e-12;
1.66726;0.00766735;2.53028e-12;
1.66736;0.00767048;2.53131e-12;
1.66746;0.00766557;2.52969e-12;
1.66756;0.00766873;2.53073e-12;
1.66766;0.00766379;2.5291e-12;
1.66776;0.00766695;2.53015e-12;
1.66786;0.00766195;2.5285e-12;
1.66796;0.00766503;2.52951e-12;
1.66806;0.00765991;2.52782e-12;
1.66816;0.00766258;2.5287e-12;
1.66826;0.00765722;2.52694e-12;
1.66836;0.00765865;2.52741e-12;
1.66846;0.00765262;2.52542e-12;
1.66856;0.00764953;2.5244e-12;
1.66866;0.00764074;2.5215e-12;
1.66867;0.00761909;2.51435e-12;
1.66869;0.0076198;2.51459e-12;
1.66869;0.00766371;2.52908e-12;
1.66869;0.00765943;2.52767e-12;
1.66869;0.00765547;2.52636e-12;
1.66869;0.00765511;2.52624e-12;
1.66869;0.00765019;2.52461e-12;
1.66869;0.00761267;2.51223e-12;
1.66869;0.00760409;2.5094e-12;
1.66869;0.00758771;2.504e-12;
1.66869;0.00754924;2.4913e-12;
1.66869;0.00753422;2.48634e-12;
1.66869;0.00749046;2.4719e-12;
1.66869;0.0072769;2.40143e-12;
1.66869;0.0200015;6.60064e-12;
1.66869;1.07817;3.71733e-07;
1.66869;1.98325;0.215224;
1.66869;2.56059;0.721885;
1.66869;2.97319;1.10712;
1.66869;3.20941;1.33045;
1.66869;3.35395;1.46782;
1.66869;3.44483;1.55442;
1.66869;3.5014;1.60841;
1.66869;3.54254;1.64771;
1.66869;3.56792;1.67196;
1.66869;3.58928;1.69239;
1.66869;3.6018;1.70436;
1.66869;3.61109;1.71325;
1.66869;3.61288;1.71495;
1.66869;3.61416;1.71618;
1.66869;3.61313;1.7152;
1.66869;3.61412;1.71614;
1.66869;3.61316;1.71522;
1.66869;3.6141;1.71612;
1.66869;3.61316;1.71522;
1.66869;3.61409;1.71611;
1.6687;3.61316;1.71523;
1.6687;3.61409;1.71611;
1.6687;3.61316;1.71523;
1.66872;3.61409;1.71611;
1.66874;3.61316;1.71523;
1.66878;3.61409;1.71611;
1.66887;3.61316;1.71523;
1.66897;3.61409;1.71611;
1.66907;3.61316;1.71523;
1.66917;3.61409;1.71611;
1.66927;3.61316;1.71523;
1.66937;3.61409;1.71611;
1.66947;3.61316;1.71523;
1.66957;3.61408;1.71611;
1.66967;3.61316;1.71523;
1.66977;3.61408;1.71611;
1.66987;3.61316;1.71523;
1.66997;3.61408;1.71611;
1.67007;3.61316;1.71523;
1.67017;3.61408;1.71611;
1.67027;3.61316;1.71523;
1.67037;3.61408;1.71611;
1.67047;3.61316;1.71523;
1.67057;3.61408;1.71611;
1.67067;3.61316;1.71523;
1.67077;3.61408;1.71611;
1.67087;3.61316;1.71523;
1.67097;3.61408;1.71611;
1.67107;3.61316;1.71523;
1.67117;3.61408;1.71611;
1.67127;3.61316;1.71523;
1.67137;3.61408;1.71611;
1.67147;3.61316;1.71523;
1.67157;3.61408;1.71611;
1.67167;3.61316;1.71523;
1.67177;3.61408;1.71611;
1.67187;3.61316;1.71523;
1.67197;3.61408;1.71611;
1.67207;3.61316;1.71523;
1.67217;3.61408;1.71611;
1.67227;3.61316;1.71523;
1.67237;3.61408;1.71611;
1.67247;3.61316;1.71523;
1.67257;3.61408;1.71611;
1.67267;3.61316;1.71523;
1.67277;3.61408;1.71611;
1.67287;3.61316;1.71523;
1.67297;3.61408;1.71611;
1.67307;3.61316;1.71523;
1.67317;3.61408;1.71611;
1.67327;3.61316;1.71523;
1.67337;3.61408;1.71611;
1.67347;3.61316;1.71523;
1.67357;3.61408;1.71611;
1.67367;3.61316;1.71523;
1.67377;3.61408;1.71611;
1.67387;3.61316;1.71523;
1.67397;3.61408;1.71611;
1.67407;3.61316;1.71523;
1.67417;3.61408;1.71611;
1.67427;3.61316;1.71523;
1.67437;3.61408;1.71611;
1.67447;3.61316;1.71523;
1.67457;3.61408;1.71611;
1.67467;3.61316;1.71523;
1.67477;3.61408;1.71611;
1.67487;3.61316;1.71523;
1.67497;3.61408;1.71611;
1.67507;3.61316;1.71523;
1.67517;3.61408;1.71611;
1.67527;3.61316;1.71523;
1.67537;3.61408;1.71611;
1.67547;3.61316;1.71523;
1.67557;3.61408;1.71611;
1.67567;3.61316;1.71523;
1.67577;3.61408;1.71611;
1.67587;3.61316;1.71523;
1.67597;3.61408;1.71611;
1.67607;3.61316;1.71523;
1.67617;3.61408;1.71611;
1.67627;3.61316;1.71523;
1.67637;3.61408;1.71611;
1.67647;3.61316;1.71523;
1.67657;3.61408;1.71611;
1.67667;3.61316;1.71523;
1.67677;3.61408;1.71611;
1.67687;3.61316;1.71523;
1.67697;3.61408;1.71611;
1.67707;3.61316;1.71523;
1.67717;3.61408;1.71611;
1.67727;3.61316;1.71523;
1.67737;3.61408;1.71611;
1.67747;3.61316;1.71523;
1.67757;3.61408;1.71611;
1.67767;3.61316;1.71523;
1.67777;3.61408;1.71611;
1.67787;3.61316;1.71523;
1.67797;3.61408;1.71611;
1.67807;3.61316;1.71523;
1.67817;3.61408;1.71611;
1.67827;3.61316;1.71523;
1.67837;3.61408;1.71611;
1.67847;3.61316;1.71523;
1.67857;3.61408;1.71611;
1.67867;3.61316;1.71523;
1.67877;3.61408;1.71611;
1.67887;3.61316;1.71523;
1.67897;3.61408;1.71611;
1.67907;3.61316;1.71523;
1.67917;3.61408;1.71611;
1.67927;3.61316;1.71523;
1.67937;3.61408;1.71611;
1.67947;3.61316;1.71523;
1.67957;3.61408;1.71611;
1.67967;3.61316;1.71523;
1.67977;3.61408;1.71611;
1.67987;3.61316;1.71523;
1.67997;3.61408;1.71611;
1.68007;3.61316;1.71523;
1.68017;3.61408;1.71611;
1.68027;3.61316;1.71523;
1.68037;3.61408;1.71611;
1.68047;3.61316;1.71523;
1.68057;3.61408;1.71611;
1.68067;3.61316;1.71523;
1.68077;3.61408;1.71611;
1.68087;3.61316;1.71523;
1.68097;3.61408;1.71611;
1.68107;3.61316;1.71523;
1.68117;3.61408;1.71611;
1.68127;3.61316;1.71523;
1.68137;3.61408;1.71611;
1.68147;3.61316;1.71523;
1.68157;3.61408;1.71611;
1.68167;3.61316;1.71523;
1.68177;3.61408;1.71611;
1.68187;3.61316;1.71523;
1.68197;3.61408;1.71611;
1.68207;3.61316;1.71523;
1.68217;3.61408;1.71611;
1.68227;3.61316;1.71523;
1.68237;3.61408;1.71611;
1.68247;3.61316;1.71523;
1.68257;3.61408;1.71611;
1.68267;3.61316;1.71523;
1.68277;3.61408;1.71611;
1.68287;3.61316;1.71523;
1.68297;3.61408;1.71611;
1.68307;3.61317;1.71523;
1.68317;3.61408;1.71611;
1.68327;3.61317;1.71523;
1.68337;3.61408;1.71611;
1.68347;3.61317;1.71523;
1.68357;3.61408;1.71611;
1.68367;3.61317;1.71523;
1.68377;3.61408;1.71611;
1.68387;3.61317;1.71523;
1.68397;3.61408;1.71611;
1.68407;3.61317;1.71523;
1.68417;3.61408;1.71611;
1.68427;3.61317;1.71523;
1.68437;3.61408;1.71611;
1.68447;3.61317;1.71523;
1.68457;3.61408;1.71611;
1.68467;3.61317;1.71523;
1.68477;3.61408;1.71611;
1.68487;3.61317;1.71523;
1.68497;3.61408;1.71611;
1.68507;3.61317;1.71523;
1.68517;3.61408;1.71611;
1.68527;3.61317;1.71523;
1.68537;3.61408;1.71611;
1.68547;3.61317;1.71523;
1.68557;3.61408;1.71611;
1.68567;3.61317;1.71523;
1.68577;3.61408;1.71611;
1.68587;3.61317;1.71523;
1.68597;3.61408;1.71611;
1.68607;3.61317;1.71523;
1.68617;3.61408;1.71611;
1.68627;3.61317;1.71523;
1.68637;3.61408;1.71611;
1.68647;3.61317;1.71523;
1.68657;3.61408;1.71611;
1.68667;3.61317;1.71523;
1.68677;3.61408;1.71611;
1.68687;3.61317;1.71523;
1.68697;3.61408;1.71611;
1.68707;3.61317;1.71523;
1.68717;3.61408;1.71611;
1.68727;3.61317;1.71523;
1.68737;3.61408;1.71611;
1.68747;3.61317;1.71523;
1.68757;3.61408;1.71611;
1.68767;3.61317;1.71523;
1.68777;3.61408;1.71611;
1.68787;3.61317;1.71523;
1.68797;3.61408;1.71611;
1.68807;3.61317;1.71523;
1.68817;3.61408;1.71611;
1.68827;3.61317;1.71523;
1.68837;3.61408;1.71611;
1.68847;3.61317;1.71523;
1.68857;3.61408;1.71611;
1.68867;3.61317;1.71523;
1.68877;3.61408;1.71611;
1.68887;3.61317;1.71523;
1.68897;3.61408;1.71611;
1.68907;3.61317;1.71523;
1.68917;3.61408;1.71611;
1.68927;3.61317;1.71523;
1.68937;3.61408;1.71611;
1.68947;3.61317;1.71523;
1.68957;3.61408;1.71611;
1.68967;3.61317;1.71523;
1.68977;3.61408;1.71611;
1.68987;3.61317;1.71523;
1.68997;3.61408;1.71611;
1.69007;3.61317;1.71523;
1.69017;3.61408;1.71611;
1.69027;3.61317;1.71523;
1.69037;3.61408;1.71611;
1.69047;3.61317;1.71523;
1.69057;3.61408;1.71611;
1.69067;3.61317;1.71523;
1.69077;3.61408;1.71611;
1.69087;3.61317;1.71523;
1.69097;3.61408;1.71611;
1.69107;3.61317;1.71523;
1.69117;3.61408;1.71611;
1.69127;3.61317;1.71523;
1.69137;3.61408;1.71611;
1.69147;3.61317;1.71523;
1.69157;3.61408;1.71611;
1.69167;3.61317;1.71523;
1.69177;3.61408;1.71611;
1.69187;3.61317;1.71523;
1.69197;3.61408;1.71611;
1.69207;3.61317;1.71523;
1.69217;3.61408;1.71611;
1.69227;3.61317;1.71523;
1.69237;3.61408;1.71611;
1.69247;3.61317;1.71523;
1.69257;3.61408;1.71611;
1.69267;3.61317;1.71523;
1.69277;3.61408;1.71611;
1.69287;3.61317;1.71523;
1.69297;3.61408;1.71611;
1.69307;3.61317;1.71523;
1.69317;3.61408;1.71611;
1.69327;3.61317;1.71523;
1.69337;3.61408;1.71611;
1.69347;3.61317;1.71523;
1.69357;3.61408;1.71611;
1.69367;3.61317;1.71523;
1.69377;3.61408;1.71611;
1.69387;3.61317;1.71523;
1.69397;3.61408;1.71611;
1.69407;3.61317;1.71523;
1.69417;3.61408;1.71611;
1.69427;3.61317;1.71523;
1.69437;3.61408;1.71611;
1.69447;3.61317;1.71523;
1.69457;3.61408;1.71611;
1.69467;3.61317;1.71523;
1.69477;3.61408;1.71611;
1.69487;3.61317;1.71523;
1.69497;3.61408;1.71611;
1.69507;3.61317;1.71523;
1.69517;3.61408;1.71611;
1.69527;3.61317;1.71523;
1.69537;3.61408;1.71611;
1.69547;3.61317;1.71523;
1.69557;3.61408;1.71611;
1.69567;3.61317;1.71523;
1.69577;3.61408;1.71611;
1.69587;3.61317;1.71523;
1.69597;3.61408;1.7161;
1.69607;3.61317;1.71523;
1.69617;3.61408;1.7161;
1.69627;3.61317;1.71523;
1.69637;3.61408;1.7161;
1.69647;3.61317;1.71523;
1.69657;3.61408;1.7161;
1.69667;3.61317;1.71523;
1.69677;3.61408;1.7161;
1.69687;3.61317;1.71523;
1.69697;3.61408;1.7161;
1.69707;3.61317;1.71523;
1.69717;3.61408;1.7161;
1.69727;3.61317;1.71523;
1.69737;3.61408;1.7161;
1.69747;3.61317;1.71523;
1.69757;3.61408;1.7161;
1.69767;3.61317;1.71523;
1.69777;3.61408;1.7161;
1.69787;3.61317;1.71523;
1.69797;3.61408;1.7161;
1.69807;3.61317;1.71523;
1.69817;3.61408;1.7161;
1.69827;3.61317;1.71523;
1.69837;3.61408;1.7161;
1.69847;3.61317;1.71523;
1.69857;3.61408;1.7161;
1.69867;3.61317;1.71523;
1.69877;3.61408;1.7161;
1.69887;3.61317;1.71523;
1.69897;3.61408;1.7161;
1.69907;3.61317;1.71523;
1.69917;3.61408;1.7161;
1.69927;3.61317;1.71523;
1.69937;3.61408;1.7161;
1.69947;3.61317;1.71523;
1.69957;3.61408;1.7161;
1.69967;3.61317;1.71523;
1.69977;3.61408;1.7161;
1.69987;3.61317;1.71523;
1.69997;3.61408;1.7161;
1.70007;3.61317;1.71523;
1.70017;3.61408;1.7161;
1.70027;3.61317;1.71523;
1.70037;3.61408;1.7161;
1.70047;3.61317;1.71523;
1.70057;3.61408;1.7161;
1.70067;3.61317;1.71523;
1.70077;3.61408;1.7161;
1.70087;3.61317;1.71523;
1.70097;3.61408;1.7161;
1.70107;3.61317;1.71523;
1.70117;3.61408;1.7161;
1.70127;3.61317;1.71523;
1.70137;3.61408;1.7161;
1.70147;3.61317;1.71523;
1.70157;3.61408;1.7161;
1.70167;3.61317;1.71523;
1.70177;3.61408;1.7161;
1.70187;3.61317;1.71523;
1.70197;3.61408;1.7161;
1.70207;3.61317;1.71523;
1.70217;3.61408;1.7161;
1.70227;3.61317;1.71523;
1.70237;3.61408;1.7161;
1.70247;3.61317;1.71523;
1.70257;3.61408;1.7161;
1.70267;3.61317;1.71523;
1.70277;3.61408;1.7161;
1.70287;3.61317;1.71523;
1.70297;3.61408;1.7161;
1.70307;3.61317;1.71523;
1.70317;3.61408;1.7161;
1.70327;3.61317;1.71523;
1.70337;3.61408;1.7161;
1.70347;3.61317;1.71523;
1.70357;3.61408;1.7161;
1.70367;3.61317;1.71523;
1.70377;3.61408;1.7161;
1.70387;3.61317;1.71523;
1.70397;3.61408;1.7161;
1.70407;3.61317;1.71523;
1.70417;3.61408;1.7161;
1.70427;3.61317;1.71523;
1.70437;3.61408;1.7161;
1.70447;3.61317;1.71523;
1.70457;3.61408;1.7161;
1.70467;3.61317;1.71523;
1.70477;3.61408;1.7161;
1.70487;3.61317;1.71523;
1.70497;3.61408;1.7161;
1.70507;3.61317;1.71523;
1.70517;3.61408;1.7161;
1.70527;3.61317;1.71523;
1.70537;3.61408;1.7161;
1.70547;3.61317;1.71523;
1.70557;3.61408;1.7161;
1.70567;3.61317;1.71523;
1.70577;3.61408;1.7161;
1.70587;3.61317;1.71523;
1.70597;3.61408;1.7161;
1.70607;3.61317;1.71523;
1.70617;3.61408;1.7161;
1.70627;3.61317;1.71523;
1.70637;3.61408;1.7161;
1.70647;3.61317;1.71523;
1.70657;3.61408;1.7161;
1.70667;3.61317;1.71523;
1.70677;3.61408;1.7161;
1.70687;3.61317;1.71523;
1.70697;3.61408;1.7161;
1.70707;3.61317;1.71523;
1.70717;3.61408;1.7161;
1.70727;3.61317;1.71523;
1.70737;3.61408;1.7161;
1.70747;3.61317;1.71523;
1.70757;3.61408;1.7161;
1.70767;3.61317;1.71523;
1.70777;3.61408;1.7161;
1.70787;3.61317;1.71523;
1.70797;3.61408;1.7161;
1.70807;3.61317;1.71523;
1.70817;3.61408;1.7161;
1.70827;3.61317;1.71523;
1.70837;3.61408;1.7161;
1.70847;3.61317;1.71523;
1.70857;3.61408;1.7161;
1.70867;3.61317;1.71523;
1.70877;3.61408;1.7161;
1.70887;3.61317;1.71523;
1.70897;3.61408;1.7161;
1.70907;3.61317;1.71523;
1.70917;3.61408;1.7161;
1.70927;3.61317;1.71523;
1.70937;3.61408;1.7161;
1.70947;3.61317;1.71523;
1.70957;3.61408;1.7161;
1.70967;3.61317;1.71523;
1.70977;3.61408;1.7161;
1.70987;3.61317;1.71523;
1.70997;3.61408;1.7161;
1.71007;3.61317;1.71523;
1.71017;3.61408;1.7161;
1.71027;3.61317;1.71523;
1.71037;3.61408;1.7161;
1.71047;3.61317;1.71523;
1.71057;3.61408;1.7161;
1.71067;3.61317;1.71523;
1.71077;3.61408;1.7161;
1.71087;3.61317;1.71523;
1.71097;3.61408;1.7161;
1.71107;3.61317;1.71523;
1.71117;3.61408;1.7161;
1.71127;3.61317;1.71524;
1.71137;3.61408;1.7161;
1.71147;3.61317;1.71524;
1.71157;3.61408;1.7161;
1.71167;3.61317;1.71524;
1.71177;3.61408;1.7161;
1.71187;3.61317;1.71524;
1.71197;3.61408;1.7161;
1.71207;3.61317;1.71524;
1.71217;3.61408;1.7161;
1.71227;3.61317;1.71524;
1.71237;3.61408;1.7161;
1.71247;3.61317;1.71524;
1.71257;3.61408;1.7161;
1.71267;3.61317;1.71524;
1.71277;3.61408;1.7161;
1.71287;3.61317;1.71524;
1.71297;3.61408;1.7161;
1.71307;3.61317;1.71524;
1.71317;3.61408;1.7161;
1.71327;3.61317;1.71524;
1.71337;3.61408;1.7161;
1.71347;3.61317;1.71524;
1.71357;3.61408;1.7161;
1.71367;3.61317;1.71524;
1.71377;3.61408;1.7161;
1.71387;3.61317;1.71524;
1.71397;3.61408;1.7161;
1.71407;3.61317;1.71524;
1.71417;3.61408;1.7161;
1.71427;3.61317;1.71524;
1.71437;3.61408;1.7161;
1.71447;3.61317;1.71524;
1.71457;3.61408;1.7161;
1.71467;3.61317;1.71524;
1.71477;3.61408;1.7161;
1.71487;3.61317;1.71524;
1.71497;3.61408;1.7161;
1.71507;3.61317;1.71524;
1.71517;3.61408;1.7161;
1.71527;3.61317;1.71524;
1.71537;3.61408;1.7161;
1.71547;3.61317;1.71524;
1.71557;3.61408;1.7161;
1.71567;3.61317;1.71524;
1.71577;3.61408;1.7161;
1.71587;3.61317;1.71524;
1.71597;3.61408;1.7161;
1.71607;3.61317;1.71524;
1.71617;3.61408;1.7161;
1.71627;3.61317;1.71524;
1.71637;3.61408;1.7161;
1.71647;3.61317;1.71524;
1.71657;3.61408;1.7161;
1.71667;3.61317;1.71524;
1.71677;3.61408;1.7161;
1.71687;3.61317;1.71524;
1.71697;3.61408;1.7161;
1.71707;3.61317;1.71524;
1.71717;3.61408;1.7161;
1.71727;3.61317;1.71524;
1.71737;3.61408;1.7161;
1.71747;3.61317;1.71524;
1.71757;3.61408;1.7161;
1.71767;3.61317;1.71524;
1.71777;3.61408;1.7161;
1.71787;3.61317;1.71524;
1.71797;3.61408;1.7161;
1.71807;3.61317;1.71524;
1.71817;3.61408;1.7161;
1.71827;3.61317;1.71524;
1.71837;3.61408;1.7161;
1.71847;3.61317;1.71524;
1.71857;3.61408;1.7161;
1.71867;3.61317;1.71524;
1.71877;3.61408;1.7161;
1.71887;3.61317;1.71524;
1.71897;3.61408;1.7161;
1.71907;3.61317;1.71524;
1.71917;3.61408;1.7161;
1.71927;3.61317;1.71524;
1.71937;3.61408;1.7161;
1.71947;3.61317;1.71524;
1.71957;3.61408;1.7161;
1.71967;3.61317;1.71524;
1.71977;3.61408;1.7161;
1.71987;3.61317;1.71524;
1.71997;3.61408;1.7161;
1.72007;3.61317;1.71524;
1.72017;3.61408;1.7161;
1.72027;3.61317;1.71524;
1.72037;3.61408;1.7161;
1.72047;3.61317;1.71524;
1.72057;3.61408;1.7161;
1.72067;3.61317;1.71524;
1.72077;3.61408;1.7161;
1.72087;3.61317;1.71524;
1.72097;3.61408;1.7161;
1.72107;3.61317;1.71524;
1.72117;3.61408;1.7161;
1.72127;3.61317;1.71524;
1.72137;3.61408;1.7161;
1.72147;3.61317;1.71524;
1.72157;3.61408;1.7161;
1.72167;3.61317;1.71524;
1.72177;3.61408;1.7161;
1.72187;3.61317;1.71524;
1.72197;3.61408;1.7161;
1.72207;3.61317;1.71524;
1.72217;3.61407;1.7161;
1.72227;3.61317;1.71524;
1.72237;3.61407;1.7161;
1.72247;3.61317;1.71524;
1.72257;3.61407;1.7161;
1.72267;3.61317;1.71524;
1.72277;3.61407;1.7161;
1.72287;3.61317;1.71524;
1.72297;3.61407;1.7161;
1.72307;3.61317;1.71524;
1.72317;3.61407;1.7161;
1.72327;3.61317;1.71524;
1.72337;3.61407;1.7161;
1.72347;3.61317;1.71524;
1.72357;3.61407;1.7161;
1.72367;3.61317;1.71524;
1.72377;3.61407;1.7161;
1.72387;3.61317;1.71524;
1.72397;3.61407;1.7161;
1.72407;3.61317;1.71524;
1.72417;3.61407;1.7161;
1.72427;3.61317;1.71524;
1.72437;3.61407;1.7161;
1.72447;3.61317;1.71524;
1.72457;3.61407;1.7161;
1.72467;3.61317;1.71524;
1.72477;3.61407;1.7161;
1.72487;3.61317;1.71524;
1.72497;3.61407;1.7161;
1.72507;3.61317;1.71524;
1.72517;3.61407;1.7161;
1.72527;3.61317;1.71524;
1.72537;3.61407;1.7161;
1.72547;3.61317;1.71524;
1.72557;3.61407;1.7161;
1.72567;3.61317;1.71524;
1.72577;3.61407;1.7161;
1.72587;3.61317;1.71524;
1.72597;3.61407;1.7161;
1.72607;3.61317;1.71524;
1.72617;3.61407;1.7161;
1.72627;3.61317;1.71524;
1.72637;3.61407;1.7161;
1.72647;3.61317;1.71524;
1.72657;3.61407;1.7161;
1.72667;3.61317;1.71524;
1.72677;3.61407;1.7161;
1.72687;3.61317;1.71524;
1.72697;3.61407;1.7161;
1.72707;3.61317;1.71524;
1.72717;3.61407;1.7161;
1.72727;3.61317;1.71524;
1.72737;3.61407;1.7161;
1.72747;3.61317;1.71524;
1.72757;3.61407;1.7161;
1.72767;3.61317;1.71524;
1.72777;3.61407;1.7161;
1.72787;3.61317;1.71524;
1.72797;3.61407;1.7161;
1.72807;3.61317;1.71524;
1.72817;3.61407;1.7161;
1.72827;3.61317;1.71524;
1.72837;3.61407;1.7161;
1.72847;3.61317;1.71524;
1.72857;3.61407;1.7161;
1.72867;3.61317;1.71524;
1.72877;3.61407;1.7161;
1.72887;3.61317;1.71524;
1.72897;3.61407;1.7161;
1.72907;3.61317;1.71524;
1.72917;3.61407;1.7161;
1.72927;3.61317;1.71524;
1.72937;3.61407;1.7161;
1.72947;3.61317;1.71524;
1.72957;3.61407;1.7161;
1.72967;3.61317;1.71524;
1.72977;3.61407;1.7161;
1.72987;3.61317;1.71524;
1.72997;3.61407;1.7161;
1.73007;3.61317;1.71524;
1.73017;3.61407;1.7161;
1.73027;3.61317;1.71524;
1.73037;3.61407;1.7161;
1.73047;3.61317;1.71524;
1.73057;3.61407;1.7161;
1.73067;3.61317;1.71524;
1.73077;3.61407;1.7161;
1.73087;3.61317;1.71524;
1.73097;3.61407;1.7161;
1.73107;3.61317;1.71524;
1.73117;3.61407;1.7161;
1.73127;3.61317;1.71524;
1.73137;3.61407;1.7161;
1.73147;3.61317;1.71524;
1.73157;3.61407;1.7161;
1.73167;3.61317;1.71524;
1.73177;3.61407;1.7161;
1.73187;3.61317;1.71524;
1.73197;3.61407;1.7161;
1.73207;3.61317;1.71524;
1.73217;3.61407;1.7161;
1.73227;3.61317;1.71524;
1.73237;3.61407;1.7161;
1.73247;3.61317;1.71524;
1.73257;3.61407;1.7161;
1.73267;3.61317;1.71524;
1.73277;3.61407;1.7161;
1.73287;3.61317;1.71524;
1.73297;3.61407;1.7161;
1.73307;3.61317;1.71524;
1.73317;3.61407;1.7161;
1.73327;3.61317;1.71524;
1.73337;3.61407;1.7161;
1.73347;3.61317;1.71524;
1.73357;3.61407;1.7161;
1.73367;3.61317;1.71524;
1.73377;3.61407;1.7161;
1.73387;3.61317;1.71524;
1.73397;3.61407;1.7161;
1.73407;3.61317;1.71524;
1.73417;3.61407;1.7161;
1.73427;3.61317;1.71524;
1.73437;3.61407;1.7161;
1.73447;3.61317;1.71524;
1.73457;3.61407;1.7161;
1.73467;3.61317;1.71524;
1.73477;3.61407;1.7161;
1.73487;3.61317;1.71524;
1.73497;3.61407;1.7161;
1.73507;3.61317;1.71524;
1.73517;3.61407;1.7161;
1.73527;3.61317;1.71524;
1.73537;3.61407;1.7161;
1.73547;3.61317;1.71524;
1.73557;3.61407;1.7161;
1.73567;3.61317;1.71524;
1.73577;3.61407;1.7161;
1.73587;3.61317;1.71524;
1.73597;3.61407;1.7161;
1.73607;3.61317;1.71524;
1.73617;3.61407;1.7161;
1.73627;3.61317;1.71524;
1.73637;3.61407;1.7161;
1.73647;3.61317;1.71524;
1.73657;3.61407;1.7161;
1.73667;3.61317;1.71524;
1.73677;3.61407;1.7161;
1.73687;3.61317;1.71524;
1.73697;3.61407;1.7161;
1.73707;3.61317;1.71524;
1.73717;3.61407;1.7161;
1.73727;3.61317;1.71524;
1.73737;3.61407;1.7161;
1.73747;3.61318;1.71524;
1.73757;3.61407;1.7161;
1.73767;3.61318;1.71524;
1.73777;3.61407;1.7161;
1.73787;3.61318;1.71524;
1.73797;3.61407;1.7161;
1.73807;3.61318;1.71524;
1.73817;3.61407;1.7161;
1.73827;3.61318;1.71524;
1.73837;3.61407;1.7161;
1.73847;3.61318;1.71524;
1.73857;3.61407;1.7161;
1.73867;3.61318;1.71524;
1.73877;3.61407;1.7161;
1.73887;3.61318;1.71524;
1.73897;3.61407;1.7161;
1.73907;3.61318;1.71524;
1.73917;3.61407;1.7161;
1.73927;3.61318;1.71524;
1.73937;3.61407;1.7161;
1.73947;3.61318;1.71524;
1.73957;3.61407;1.7161;
1.73967;3.61318;1.71524;
1.73977;3.61407;1.7161;
1.73987;3.61318;1.71524;
1.73997;3.61407;1.7161;
1.74007;3.61318;1.71524;
1.74017;3.61407;1.7161;
1.74027;3.61318;1.71524;
1.74037;3.61407;1.7161;
1.74047;3.61318;1.71524;
1.74057;3.61407;1.7161;
1.74067;3.61318;1.71524;
1.74077;3.61407;1.7161;
1.74087;3.61318;1.71524;
1.74097;3.61407;1.7161;
1.74107;3.61318;1.71524;
1.74117;3.61407;1.7161;
1.74127;3.61318;1.71524;
1.74137;3.61407;1.7161;
1.74147;3.61318;1.71524;
1.74157;3.61407;1.7161;
1.74167;3.61318;1.71524;
1.74177;3.61407;1.7161;
1.74187;3.61318;1.71524;
1.74197;3.61407;1.7161;
1.74207;3.61318;1.71524;
1.74217;3.61407;1.7161;
1.74227;3.61318;1.71524;
1.74237;3.61407;1.7161;
1.74247;3.61318;1.71524;
1.74257;3.61407;1.7161;
1.74267;3.61318;1.71524;
1.74277;3.61407;1.7161;
1.74287;3.61318;1.71524;
1.74297;3.61407;1.7161;
1.74307;3.61318;1.71524;
1.74317;3.61407;1.7161;
1.74327;3.61318;1.71524;
1.74337;3.61407;1.7161;
1.74347;3.61318;1.71524;
1.74357;3.61407;1.7161;
1.74367;3.61318;1.71524;
1.74377;3.61407;1.7161;
1.74387;3.61318;1.71524;
1.74397;3.61407;1.7161;
1.74407;3.61318;1.71524;
1.74417;3.61407;1.7161;
1.74427;3.61318;1.71524;
1.74437;3.61407;1.7161;
1.74447;3.61318;1.71524;
1.74457;3.61407;1.7161;
1.74467;3.61318;1.71524;
1.74477;3.61407;1.7161;
1.74487;3.61318;1.71524;
1.74497;3.61407;1.7161;
1.74507;3.61318;1.71524;
1.74517;3.61407;1.7161;
1.74527;3.61318;1.71524;
1.74537;3.61407;1.7161;
1.74547;3.61318;1.71524;
1.74557;3.61407;1.7161;
1.74567;3.61318;1.71524;
1.74577;3.61407;1.7161;
1.74587;3.61318;1.71524;
1.74597;3.61407;1.7161;
1.74607;3.61318;1.71524;
1.74617;3.61407;1.7161;
1.74627;3.61318;1.71524;
1.74637;3.61407;1.7161;
1.74647;3.61318;1.71524;
1.74657;3.61407;1.7161;
1.74667;3.61318;1.71524;
1.74677;3.61407;1.7161;
1.74687;3.61318;1.71524;
1.74697;3.61407;1.7161;
1.74707;3.61318;1.71524;
1.74717;3.61407;1.7161;
1.74727;3.61318;1.71524;
1.74737;3.61407;1.7161;
1.74747;3.61318;1.71524;
1.74757;3.61407;1.7161;
1.74767;3.61318;1.71524;
1.74777;3.61407;1.7161;
1.74787;3.61318;1.71524;
1.74797;3.61407;1.7161;
1.74807;3.61318;1.71524;
1.74817;3.61407;1.7161;
1.74827;3.61318;1.71524;
1.74837;3.61407;1.7161;
1.74847;3.61318;1.71524;
1.74857;3.61407;1.7161;
1.74867;3.61318;1.71524;
1.74877;3.61407;1.7161;
1.74887;3.61318;1.71524;
1.74897;3.61407;1.7161;
1.74907;3.61318;1.71524;
1.74917;3.61407;1.7161;
1.74927;3.61318;1.71524;
1.74937;3.61407;1.7161;
1.74947;3.61318;1.71524;
1.74957;3.61407;1.7161;
1.74967;3.61318;1.71524;
1.74977;3.61407;1.7161;
1.74987;3.61318;1.71524;
1.74997;3.61407;1.7161;
1.75007;3.61318;1.71524;
1.75017;3.61407;1.7161;
1.75027;3.61318;1.71524;
1.75037;3.61407;1.7161;
1.75047;3.61318;1.71524;
1.75057;3.61407;1.7161;
1.75067;3.61318;1.71524;
1.75077;3.61407;1.7161;
1.75087;3.61318;1.71524;
1.75097;3.61407;1.7161;
1.75107;3.61318;1.71524;
1.75117;3.61407;1.7161;
1.75127;3.61318;1.71524;
1.75137;3.61407;1.7161;
1.75147;3.61318;1.71524;
1.75157;3.61407;1.7161;
1.75167;3.61318;1.71524;
1.75177;3.61407;1.7161;
1.75187;3.61318;1.71524;
1.75197;3.61407;1.7161;
1.75207;3.61318;1.71524;
1.75217;3.61407;1.7161;
1.75227;3.61318;1.71524;
1.75237;3.61407;1.7161;
1.75247;3.61318;1.71524;
1.75257;3.61407;1.7161;
1.75267;3.61318;1.71524;
1.75277;3.61407;1.7161;
1.75287;3.61318;1.71524;
1.75297;3.61407;1.7161;
1.75307;3.61318;1.71524;
1.75317;3.61407;1.7161;
1.75327;3.61318;1.71524;
1.75337;3.61407;1.7161;
1.75347;3.61318;1.71524;
1.75357;3.61407;1.7161;
1.75367;3.61318;1.71524;
1.75377;3.61407;1.7161;
1.75387;3.61318;1.71524;
1.75397;3.61407;1.7161;
1.75407;3.61318;1.71524;
1.75417;3.61407;1.7161;
1.75427;3.61318;1.71524;
1.75437;3.61407;1.7161;
1.75447;3.61318;1.71524;
1.75457;3.61407;1.7161;
1.75467;3.61318;1.71524;
1.75477;3.61407;1.7161;
1.75487;3.61318;1.71524;
1.75497;3.61407;1.7161;
1.75507;3.61318;1.71524;
1.75517;3.61407;1.7161;
1.75527;3.61318;1.71524;
1.75537;3.61407;1.7161;
1.75547;3.61318;1.71524;
1.75557;3.61407;1.7161;
1.75567;3.61318;1.71524;
1.75577;3.61407;1.7161;
1.75587;3.61318;1.71524;
1.75597;3.61407;1.7161;
1.75607;3.61318;1.71524;
1.75617;3.61407;1.71609;
1.75627;3.61318;1.71524;
1.75637;3.61407;1.71609;
1.75647;3.61318;1.71524;
1.75657;3.61407;1.71609;
1.75667;3.61318;1.71524;
1.75677;3.61407;1.71609;
1.75687;3.61318;1.71524;
1.75697;3.61407;1.71609;
1.75707;3.61318;1.71524;
1.75717;3.61407;1.71609;
1.75727;3.61318;1.71524;
1.75737;3.61407;1.71609;
1.75747;3.61318;1.71524;
1.75757;3.61407;1.71609;
1.75767;3.61318;1.71524;
1.75777;3.61407;1.71609;
1.75787;3.61318;1.71524;
1.75797;3.61407;1.71609;
1.75807;3.61318;1.71524;
1.75817;3.61407;1.71609;
1.75827;3.61318;1.71524;
1.75837;3.61407;1.71609;
1.75847;3.61318;1.71524;
1.75857;3.61407;1.71609;
1.75867;3.61318;1.71524;
1.75877;3.61407;1.71609;
1.75887;3.61318;1.71524;
1.75897;3.61407;1.71609;
1.75907;3.61318;1.71524;
1.75917;3.61407;1.71609;
1.75927;3.61318;1.71524;
1.75937;3.61407;1.71609;
1.75947;3.61318;1.71524;
1.75957;3.61407;1.71609;
1.75967;3.61318;1.71524;
1.75977;3.61407;1.71609;
1.75987;3.61318;1.71524;
1.75997;3.61407;1.71609;
1.76007;3.61318;1.71524;
1.76017;3.61407;1.71609;
1.76027;3.61318;1.71524;
1.76037;3.61407;1.71609;
1.76047;3.61318;1.71524;
1.76057;3.61407;1.71609;
1.76067;3.61318;1.71524;
1.76077;3.61407;1.71609;
1.76087;3.61318;1.71524;
1.76097;3.61407;1.71609;
1.76107;3.61318;1.71524;
1.76117;3.61407;1.71609;
1.76127;3.61318;1.71524;
1.76137;3.61407;1.71609;
1.76147;3.61318;1.71524;
1.76157;3.61407;1.71609;
1.76167;3.61318;1.71524;
1.76177;3.61407;1.71609;
1.76187;3.61318;1.71524;
1.76197;3.61407;1.71609;
1.76207;3.61318;1.71524;
1.76217;3.61407;1.71609;
1.76227;3.61318;1.71524;
1.76237;3.61407;1.71609;
1.76247;3.61318;1.71524;
1.76257;3.61407;1.71609;
1.76267;3.61318;1.71524;
1.76277;3.61407;1.71609;
1.76287;3.61318;1.71524;
1.76297;3.61407;1.71609;
1.76307;3.61318;1.71524;
1.76317;3.61407;1.71609;
1.76327;3.61318;1.71524;
1.76337;3.61407;1.71609;
1.76347;3.61318;1.71524;
1.76357;3.61407;1.71609;
1.76367;3.61318;1.71524;
1.76377;3.61407;1.71609;
1.76387;3.61318;1.71524;
1.76397;3.61407;1.71609;
1.76407;3.61318;1.71524;
1.76417;3.61407;1.71609;
1.76427;3.61318;1.71524;
1.76437;3.61407;1.71609;
1.76447;3.61318;1.71524;
1.76457;3.61407;1.71609;
1.76467;3.61318;1.71524;
1.76477;3.61407;1.71609;
1.76487;3.61318;1.71524;
1.76497;3.61407;1.71609;
1.76507;3.61318;1.71524;
1.76517;3.61407;1.71609;
1.76527;3.61318;1.71524;
1.76537;3.61407;1.71609;
1.76547;3.61318;1.71524;
1.76557;3.61407;1.71609;
1.76567;3.61318;1.71524;
1.76577;3.61407;1.71609;
1.76587;3.61318;1.71524;
1.76597;3.61407;1.71609;
1.76607;3.61318;1.71524;
1.76617;3.61407;1.71609;
1.76627;3.61318;1.71524;
1.76637;3.61407;1.71609;
1.76647;3.61318;1.71524;
1.76657;3.61407;1.71609;
1.76667;3.61318;1.71524;
1.76677;3.61407;1.71609;
1.76687;3.61318;1.71524;
1.76697;3.61407;1.71609;
1.76707;3.61318;1.71524;
1.76717;3.61407;1.71609;
1.76727;3.61318;1.71524;
1.76737;3.61407;1.71609;
1.76747;3.61318;1.71524;
1.76757;3.61407;1.71609;
1.76767;3.61318;1.71524;
1.76777;3.61407;1.71609;
1.76787;3.61318;1.71524;
1.76797;3.61407;1.71609;
1.76807;3.61318;1.71524;
1.76817;3.61407;1.71609;
1.76827;3.61318;1.71524;
1.76837;3.61407;1.71609;
1.76847;3.61318;1.71524;
1.76857;3.61407;1.71609;
1.76867;3.61318;1.71524;
1.76877;3.61407;1.71609;
1.76887;3.61318;1.71524;
1.76897;3.61407;1.71609;
1.76907;3.61318;1.71524;
1.76917;3.61407;1.71609;
1.76927;3.61318;1.71524;
1.76937;3.61407;1.71609;
1.76947;3.61318;1.71524;
1.76957;3.61407;1.71609;
1.76967;3.61318;1.71524;
1.76977;3.61407;1.71609;
1.76987;3.61318;1.71524;
1.76997;3.61407;1.71609;
1.77007;3.61318;1.71524;
1.77017;3.61407;1.71609;
1.77027;3.61318;1.71524;
1.77037;3.61407;1.71609;
1.77047;3.61318;1.71524;
1.77057;3.61407;1.71609;
1.77067;3.61318;1.71524;
1.77077;3.61407;1.71609;
1.77087;3.61318;1.71524;
1.77097;3.61407;1.71609;
1.77107;3.61318;1.71524;
1.77117;3.61407;1.71609;
1.77127;3.61318;1.71524;
1.77137;3.61407;1.71609;
1.77147;3.61318;1.71524;
1.77157;3.61407;1.71609;
1.77167;3.61318;1.71524;
1.77177;3.61407;1.71609;
1.77187;3.61318;1.71524;
1.77197;3.61407;1.71609;
1.77207;3.61318;1.71524;
1.77217;3.61407;1.71609;
1.77227;3.61318;1.71524;
1.77237;3.61407;1.71609;
1.77247;3.61318;1.71524;
1.77257;3.61407;1.71609;
1.77267;3.61318;1.71524;
1.77277;3.61407;1.71609;
1.77287;3.61318;1.71525;
1.77297;3.61407;1.71609;
1.77307;3.61318;1.71525;
1.77317;3.61407;1.71609;
1.77327;3.61318;1.71525;
1.77337;3.61407;1.71609;
1.77347;3.61318;1.71525;
1.77357;3.61407;1.71609;
1.77367;3.61318;1.71525;
1.77377;3.61407;1.71609;
1.77387;3.61318;1.71525;
1.77397;3.61407;1.71609;
1.77407;3.61318;1.71525;
1.77417;3.61407;1.71609;
1.77427;3.61318;1.71525;
1.77437;3.61407;1.71609;
1.77447;3.61318;1.71525;
1.77457;3.61407;1.71609;
1.77467;3.61318;1.71525;
1.77477;3.61407;1.71609;
1.77487;3.61318;1.71525;
1.77497;3.61407;1.71609;
1.77507;3.61318;1.71525;
1.77517;3.61407;1.71609;
1.77527;3.61318;1.71525;
1.77537;3.61407;1.71609;
1.77547;3.61318;1.71525;
1.77557;3.61407;1.71609;
1.77567;3.61318;1.71525;
1.77577;3.61407;1.71609;
1.77587;3.61318;1.71525;
1.77597;3.61407;1.71609;
1.77607;3.61318;1.71525;
1.77617;3.61407;1.71609;
1.77627;3.61318;1.71525;
1.77637;3.61407;1.71609;
1.77647;3.61318;1.71525;
1.77657;3.61407;1.71609;
1.77667;3.61318;1.71525;
1.77677;3.61407;1.71609;
1.77687;3.61318;1.71525;
1.77697;3.61407;1.71609;
1.77707;3.61318;1.71525;
1.77717;3.61407;1.71609;
1.77727;3.61318;1.71525;
1.77737;3.61407;1.71609;
1.77747;3.61318;1.71525;
1.77757;3.61407;1.71609;
1.77767;3.61318;1.71525;
1.77777;3.61407;1.71609;
1.77787;3.61318;1.71525;
1.77797;3.61407;1.71609;
1.77807;3.61318;1.71525;
1.77817;3.61407;1.71609;
1.77827;3.61318;1.71525;
1.77837;3.61407;1.71609;
1.77847;3.61318;1.71525;
1.77857;3.61407;1.71609;
1.77867;3.61318;1.71525;
1.77877;3.61407;1.71609;
1.77887;3.61318;1.71525;
1.77897;3.61407;1.71609;
1.77907;3.61318;1.71525;
1.77917;3.61407;1.71609;
1.77927;3.61318;1.71525;
1.77937;3.61407;1.71609;
1.77947;3.61318;1.71525;
1.77957;3.61407;1.71609;
1.77967;3.61318;1.71525;
1.77977;3.61407;1.71609;
1.77987;3.61318;1.71525;
1.77997;3.61407;1.71609;
1.78007;3.61318;1.71525;
1.78017;3.61407;1.71609;
1.78027;3.61318;1.71525;
1.78037;3.61407;1.71609;
1.78047;3.61318;1.71525;
1.78057;3.61407;1.71609;
1.78067;3.61318;1.71525;
1.78077;3.61407;1.71609;
1.78087;3.61318;1.71525;
1.78097;3.61407;1.71609;
1.78107;3.61318;1.71525;
1.78117;3.61407;1.71609;
1.78127;3.61318;1.71525;
1.78137;3.61407;1.71609;
1.78147;3.61318;1.71525;
1.78157;3.61407;1.71609;
1.78167;3.61318;1.71525;
1.78177;3.61407;1.71609;
1.78187;3.61318;1.71525;
1.78197;3.61407;1.71609;
1.78207;3.61318;1.71525;
1.78217;3.61407;1.71609;
1.78227;3.61318;1.71525;
1.78237;3.61407;1.71609;
1.78247;3.61318;1.71525;
1.78257;3.61407;1.71609;
1.78267;3.61318;1.71525;
1.78277;3.61407;1.71609;
1.78287;3.61318;1.71525;
1.78297;3.61407;1.71609;
1.78307;3.61318;1.71525;
1.78317;3.61407;1.71609;
1.78327;3.61318;1.71525;
1.78337;3.61406;1.71609;
1.78347;3.61318;1.71525;
1.78357;3.61406;1.71609;
1.78367;3.61318;1.71525;
1.78377;3.61406;1.71609;
1.78387;3.61318;1.71525;
1.78397;3.61406;1.71609;
1.78407;3.61318;1.71525;
1.78417;3.61406;1.71609;
1.78427;3.61318;1.71525;
1.78437;3.61406;1.71609;
1.78447;3.61318;1.71525;
1.78457;3.61406;1.71609;
1.78467;3.61318;1.71525;
1.78477;3.61406;1.71609;
1.78487;3.61318;1.71525;
1.78497;3.61406;1.71609;
1.78507;3.61318;1.71525;
1.78517;3.61406;1.71609;
1.78527;3.61318;1.71525;
1.78537;3.61406;1.71609;
1.78547;3.61318;1.71525;
1.78557;3.61406;1.71609;
1.78567;3.61318;1.71525;
1.78577;3.61406;1.71609;
1.78587;3.61318;1.71525;
1.78597;3.61406;1.71609;
1.78607;3.61318;1.71525;
1.78617;3.61406;1.71609;
1.78627;3.61318;1.71525;
1.78637;3.61406;1.71609;
1.78647;3.61318;1.71525;
1.78657;3.61406;1.71609;
1.78667;3.61318;1.71525;
1.78677;3.61406;1.71609;
1.78687;3.61318;1.71525;
1.78697;3.61406;1.71609;
1.78707;3.61318;1.71525;
1.78717;3.61406;1.71609;
1.78727;3.61318;1.71525;
1.78737;3.61406;1.71609;
1.78747;3.61318;1.71525;
1.78757;3.61406;1.71609;
1.78767;3.61318;1.71525;
1.78777;3.61406;1.71609;
1.78787;3.61318;1.71525;
1.78797;3.61406;1.71609;
1.78807;3.61318;1.71525;
1.78817;3.61406;1.71609;
1.78827;3.61318;1.71525;
1.78837;3.61406;1.71609;
1.78847;3.61318;1.71525;
1.78857;3.61406;1.71609;
1.78867;3.61318;1.71525;
1.78877;3.61406;1.71609;
1.78887;3.61318;1.71525;
1.78897;3.61406;1.71609;
1.78907;3.61318;1.71525;
1.78917;3.61406;1.71609;
1.78927;3.61318;1.71525;
1.78937;3.61406;1.71609;
1.78947;3.61318;1.71525;
1.78957;3.61406;1.71609;
1.78967;3.61318;1.71525;
1.78977;3.61406;1.71609;
1.78987;3.61318;1.71525;
1.78997;3.61406;1.71609;
1.79007;3.61318;1.71525;
1.79017;3.61406;1.71609;
1.79027;3.61318;1.71525;
1.79037;3.61406;1.71609;
1.79047;3.61318;1.71525;
1.79057;3.61406;1.71609;
1.79067;3.61318;1.71525;
1.79077;3.61406;1.71609;
1.79087;3.61318;1.71525;
1.79097;3.61406;1.71609;
1.79107;3.61318;1.71525;
1.79117;3.61406;1.71609;
1.79127;3.61318;1.71525;
1.79137;3.61406;1.71609;
1.79147;3.61318;1.71525;
1.79157;3.61406;1.71609;
1.79167;3.61318;1.71525;
1.79177;3.61406;1.71609;
1.79187;3.61318;1.71525;
1.79197;3.61406;1.71609;
1.79207;3.61318;1.71525;
1.79217;3.61406;1.71609;
1.79227;3.61318;1.71525;
1.79237;3.61406;1.71609;
1.79247;3.61318;1.71525;
1.79257;3.61406;1.71609;
1.79267;3.61318;1.71525;
1.79277;3.61406;1.71609;
1.79287;3.61318;1.71525;
1.79297;3.61406;1.71609;
1.79307;3.61318;1.71525;
1.79317;3.61406;1.71609;
1.79327;3.61318;1.71525;
1.79337;3.61406;1.71609;
1.79347;3.61318;1.71525;
1.79357;3.61406;1.71609;
1.79367;3.61318;1.71525;
1.79377;3.61406;1.71609;
1.79387;3.61318;1.71525;
1.79397;3.61406;1.71609;
1.79407;3.61318;1.71525;
1.79417;3.61406;1.71609;
1.79427;3.61318;1.71525;
1.79437;3.61406;1.71609;
1.79447;3.61318;1.71525;
1.79457;3.61406;1.71609;
1.79467;3.61318;1.71525;
1.79477;3.61406;1.71609;
1.79487;3.61318;1.71525;
1.79497;3.61406;1.71609;
1.79507;3.61318;1.71525;
1.79517;3.61406;1.71609;
1.79527;3.61318;1.71525;
1.79537;3.61406;1.71609;
1.79547;3.61318;1.71525;
1.79557;3.61406;1.71609;
1.79567;3.61318;1.71525;
1.79577;3.61406;1.71609;
1.79587;3.61318;1.71525;
1.79597;3.61406;1.71609;
1.79607;3.61318;1.71525;
1.79617;3.61406;1.71609;
1.79627;3.61318;1.71525;
1.79637;3.61406;1.71609;
1.79647;3.61318;1.71525;
1.79657;3.61406;1.71609;
1.79667;3.61318;1.71525;
1.79677;3.61406;1.71609;
1.79687;3.61318;1.71525;
1.79697;3.61406;1.71609;
1.79707;3.61318;1.71525;
1.79717;3.61406;1.71609;
1.79727;3.61318;1.71525;
1.79737;3.61406;1.71609;
1.79747;3.61318;1.71525;
1.79757;3.61406;1.71609;
1.79767;3.61318;1.71525;
1.79777;3.61406;1.71609;
1.79787;3.61318;1.71525;
1.79797;3.61406;1.71609;
1.79807;3.61318;1.71525;
1.79817;3.61406;1.71609;
1.79827;3.61318;1.71525;
1.79837;3.61406;1.71609;
1.79847;3.61318;1.71525;
1.79857;3.61406;1.71609;
1.79867;3.61318;1.71525;
1.79877;3.61406;1.71609;
1.79887;3.61318;1.71525;
1.79897;3.61406;1.71609;
1.79907;3.61318;1.71525;
1.79917;3.61406;1.71609;
1.79927;3.61318;1.71525;
1.79937;3.61406;1.71609;
1.79947;3.61319;1.71525;
1.79957;3.61406;1.71609;
1.79967;3.61319;1.71525;
1.79977;3.61406;1.71609;
1.79987;3.61319;1.71525;
1.79997;3.61406;1.71609;
1.80007;3.61319;1.71525;
1.80017;3.61406;1.71609;
1.80027;3.61319;1.71525;
1.80037;3.61406;1.71609;
1.80047;3.61319;1.71525;
1.80057;3.61406;1.71609;
1.80067;3.61319;1.71525;
1.80077;3.61406;1.71609;
1.80087;3.61319;1.71525;
1.80097;3.61406;1.71609;
1.80107;3.61319;1.71525;
1.80117;3.61406;1.71609;
1.80127;3.61319;1.71525;
1.80137;3.61406;1.71609;
1.80147;3.61319;1.71525;
1.80157;3.61406;1.71609;
1.80167;3.61319;1.71525;
1.80177;3.61406;1.71609;
1.80187;3.61319;1.71525;
1.80197;3.61406;1.71609;
1.80207;3.61319;1.71525;
1.80217;3.61406;1.71609;
1.80227;3.61319;1.71525;
1.80237;3.61406;1.71609;
1.80247;3.61319;1.71525;
1.80257;3.61406;1.71609;
1.80267;3.61319;1.71525;
1.80277;3.61406;1.71609;
1.80287;3.61319;1.71525;
1.80297;3.61406;1.71609;
1.80307;3.61319;1.71525;
1.80317;3.61406;1.71609;
1.80327;3.61319;1.71525;
1.80337;3.61406;1.71609;
1.80347;3.61319;1.71525;
1.80357;3.61406;1.71609;
1.80367;3.61319;1.71525;
1.80377;3.61406;1.71609;
1.80387;3.61319;1.71525;
1.80397;3.61406;1.71609;
1.80407;3.61319;1.71525;
1.80417;3.61406;1.71609;
1.80427;3.61319;1.71525;
1.80437;3.61406;1.71609;
1.80447;3.61319;1.71525;
1.80457;3.61406;1.71609;
1.80467;3.61319;1.71525;
1.80477;3.61406;1.71609;
1.80487;3.61319;1.71525;
1.80497;3.61406;1.71609;
1.80507;3.61319;1.71525;
1.80517;3.61406;1.71609;
1.80527;3.61319;1.71525;
1.80537;3.61406;1.71609;
1.80547;3.61319;1.71525;
1.80557;3.61406;1.71609;
1.80567;3.61319;1.71525;
1.80577;3.61406;1.71609;
1.80587;3.61319;1.71525;
1.80597;3.61406;1.71609;
1.80607;3.61319;1.71525;
1.80617;3.61406;1.71609;
1.80627;3.61319;1.71525;
1.80637;3.61406;1.71609;
1.80647;3.61319;1.71525;
1.80657;3.61406;1.71609;
1.80667;3.61319;1.71525;
1.80677;3.61406;1.71609;
1.80687;3.61319;1.71525;
1.80697;3.61406;1.71609;
1.80707;3.61319;1.71525;
1.80717;3.61406;1.71609;
1.80727;3.61319;1.71525;
1.80737;3.61406;1.71609;
1.80747;3.61319;1.71525;
1.80757;3.61406;1.71609;
1.80767;3.61319;1.71525;
1.80777;3.61406;1.71609;
1.80787;3.61319;1.71525;
1.80797;3.61406;1.71609;
1.80807;3.61319;1.71525;
1.80817;3.61406;1.71609;
1.80827;3.61319;1.71525;
1.80837;3.61406;1.71609;
1.80847;3.61319;1.71525;
1.80857;3.61406;1.71609;
1.80867;3.61319;1.71525;
1.80877;3.61406;1.71609;
1.80887;3.61319;1.71525;
1.80897;3.61406;1.71609;
1.80907;3.61319;1.71525;
1.80917;3.61406;1.71609;
1.80927;3.61319;1.71525;
1.80937;3.61406;1.71609;
1.80947;3.61319;1.71525;
1.80957;3.61406;1.71609;
1.80967;3.61319;1.71525;
1.80977;3.61406;1.71609;
1.80987;3.61319;1.71525;
1.80997;3.61406;1.71609;
1.81007;3.61319;1.71525;
1.81017;3.61406;1.71609;
1.81027;3.61319;1.71525;
1.81037;3.61406;1.71609;
1.81047;3.61319;1.71525;
1.81057;3.61406;1.71609;
1.81067;3.61319;1.71525;
1.81077;3.61406;1.71609;
1.81087;3.61319;1.71525;
1.81097;3.61406;1.71609;
1.81107;3.61319;1.71525;
1.81117;3.61406;1.71609;
1.81127;3.61319;1.71525;
1.81137;3.61406;1.71609;
1.81147;3.61319;1.71525;
1.81157;3.61406;1.71609;
1.81167;3.61319;1.71525;
1.81177;3.61406;1.71609;
1.81187;3.61319;1.71525;
1.81197;3.61406;1.71609;
1.81207;3.61319;1.71525;
1.81217;3.61406;1.71609;
1.81227;3.61319;1.71525;
1.81237;3.61406;1.71609;
1.81247;3.61319;1.71525;
1.81257;3.61406;1.71609;
1.81267;3.61319;1.71525;
1.81277;3.61406;1.71609;
1.81287;3.61319;1.71525;
1.81297;3.61406;1.71609;
1.81307;3.61319;1.71525;
1.81317;3.61406;1.71609;
1.81327;3.61319;1.71525;
1.81337;3.61406;1.71609;
1.81347;3.61319;1.71525;
1.81357;3.61406;1.71609;
1.81367;3.61319;1.71525;
1.81377;3.61406;1.71609;
1.81387;3.61319;1.71525;
1.81397;3.61406;1.71609;
1.81407;3.61319;1.71525;
1.81417;3.61406;1.71609;
1.81427;3.61319;1.71525;
1.81437;3.61406;1.71609;
1.81447;3.61319;1.71525;
1.81457;3.61406;1.71609;
1.81467;3.61319;1.71525;
1.81477;3.61406;1.71609;
1.81487;3.61319;1.71525;
1.81497;3.61406;1.71609;
1.81507;3.61319;1.71525;
1.81517;3.61406;1.71609;
1.81527;3.61319;1.71525;
1.81537;3.61406;1.71609;
1.81547;3.61319;1.71525;
1.81557;3.61406;1.71609;
1.81567;3.61319;1.71525;
1.81577;3.61406;1.71609;
1.81587;3.61319;1.71525;
1.81597;3.61406;1.71609;
1.81607;3.61319;1.71525;
1.81617;3.61406;1.71609;
1.81627;3.61319;1.71525;
1.81637;3.61406;1.71609;
1.81647;3.61319;1.71525;
1.81657;3.61406;1.71609;
1.81667;3.61319;1.71525;
1.81677;3.61406;1.71609;
1.81687;3.61319;1.71525;
1.81697;3.61406;1.71609;
1.81707;3.61319;1.71525;
1.81717;3.61406;1.71609;
1.81727;3.61319;1.71525;
1.81737;3.61406;1.71609;
1.81747;3.61319;1.71525;
1.81757;3.61406;1.71609;
1.81767;3.61319;1.71525;
1.81777;3.61406;1.71609;
1.81787;3.61319;1.71525;
1.81797;3.61406;1.71609;
1.81807;3.61319;1.71525;
1.81817;3.61406;1.71609;
1.81827;3.61319;1.71525;
1.81837;3.61406;1.71609;
1.81847;3.61319;1.71525;
1.81857;3.61406;1.71609;
1.81867;3.61319;1.71525;
1.81877;3.61406;1.71609;
1.81887;3.61319;1.71525;
1.81897;3.61406;1.71609;
1.81907;3.61319;1.71525;
1.81917;3.61406;1.71609;
1.81927;3.61319;1.71525;
1.81937;3.61406;1.71609;
1.81947;3.61319;1.71525;
1.81957;3.61406;1.71609;
1.81967;3.61319;1.71525;
1.81977;3.61406;1.71609;
1.81987;3.61319;1.71525;
1.81997;3.61406;1.71609;
1.82007;3.61319;1.71525;
1.82017;3.61406;1.71609;
1.82027;3.61319;1.71525;
1.82037;3.61406;1.71609;
1.82047;3.61319;1.71525;
1.82057;3.61406;1.71609;
1.82067;3.61319;1.71525;
1.82077;3.61406;1.71609;
1.82087;3.61319;1.71525;
1.82097;3.61406;1.71609;
1.82107;3.61319;1.71525;
1.82117;3.61406;1.71609;
1.82127;3.61319;1.71525;
1.82137;3.61406;1.71609;
1.82147;3.61319;1.71525;
1.82157;3.61406;1.71609;
1.82167;3.61319;1.71525;
1.82177;3.61406;1.71609;
1.82187;3.61319;1.71525;
1.82197;3.61406;1.71609;
1.82207;3.61319;1.71525;
1.82217;3.61406;1.71609;
1.82227;3.61319;1.71525;
1.82237;3.61406;1.71609;
1.82247;3.61319;1.71525;
1.82257;3.61406;1.71609;
1.82267;3.61319;1.71525;
1.82277;3.61406;1.71609;
1.82287;3.61319;1.71525;
1.82297;3.61406;1.71609;
1.82307;3.61319;1.71525;
1.82317;3.61406;1.71609;
1.82327;3.61319;1.71525;
1.82337;3.61406;1.71609;
1.82347;3.61319;1.71525;
1.82357;3.61406;1.71609;
1.82367;3.61319;1.71525;
1.82377;3.61406;1.71608;
1.82387;3.61319;1.71525;
1.82397;3.61406;1.71608;
1.82407;3.61319;1.71525;
1.82417;3.61406;1.71608;
1.82427;3.61319;1.71525;
1.82437;3.61406;1.71608;
1.82447;3.61319;1.71525;
1.82457;3.61406;1.71608;
1.82467;3.61319;1.71525;
1.82477;3.61406;1.71608;
1.82487;3.61319;1.71525;
1.82497;3.61406;1.71608;
1.82507;3.61319;1.71525;
1.82517;3.61406;1.71608;
1.82527;3.61319;1.71525;
1.82537;3.61406;1.71608;
1.82547;3.61319;1.71525;
1.82557;3.61406;1.71608;
1.82567;3.61319;1.71525;
1.82577;3.61406;1.71608;
1.82587;3.61319;1.71525;
1.82597;3.61406;1.71608;
1.82607;3.61319;1.71525;
1.82617;3.61406;1.71608;
1.82627;3.61319;1.71525;
1.82637;3.61406;1.71608;
1.82647;3.61319;1.71525;
1.82657;3.61406;1.71608;
1.82667;3.61319;1.71525;
1.82677;3.61406;1.71608;
1.82687;3.61319;1.71525;
1.82697;3.61406;1.71608;
1.82707;3.61319;1.71525;
1.82717;3.61406;1.71608;
1.82727;3.61319;1.71525;
1.82737;3.61406;1.71608;
1.82747;3.61319;1.71525;
1.82757;3.61406;1.71608;
1.82767;3.61319;1.71525;
1.82777;3.61406;1.71608;
1.82787;3.61319;1.71525;
1.82797;3.61406;1.71608;
1.82807;3.61319;1.71525;
1.82817;3.61406;1.71608;
1.82827;3.61319;1.71525;
1.82837;3.61406;1.71608;
1.82847;3.61319;1.71525;
1.82857;3.61406;1.71608;
1.82867;3.61319;1.71525;
1.82877;3.61406;1.71608;
1.82887;3.61319;1.71525;
1.82897;3.61406;1.71608;
1.82907;3.61319;1.71525;
1.82917;3.61406;1.71608;
1.82927;3.61319;1.71525;
1.82937;3.61406;1.71608;
1.82947;3.61319;1.71525;
1.82957;3.61406;1.71608;
1.82967;3.61319;1.71525;
1.82977;3.61406;1.71608;
1.82987;3.61319;1.71525;
1.82997;3.61406;1.71608;
1.83007;3.61319;1.71525;
1.83017;3.61406;1.71608;
1.83027;3.61319;1.71525;
1.83037;3.61406;1.71608;
1.83047;3.61319;1.71525;
1.83057;3.61406;1.71608;
1.83067;3.61319;1.71525;
1.83077;3.61406;1.71608;
1.83087;3.61319;1.71525;
1.83097;3.61406;1.71608;
1.83107;3.61319;1.71525;
1.83117;3.61406;1.71608;
1.83127;3.61319;1.71525;
1.83137;3.61406;1.71608;
1.83147;3.61319;1.71525;
1.83157;3.61406;1.71608;
1.83167;3.61319;1.71525;
1.83177;3.61406;1.71608;
1.83187;3.61319;1.71525;
1.83197;3.61406;1.71608;
1.83207;3.61319;1.71525;
1.83217;3.61406;1.71608;
1.83227;3.61319;1.71525;
1.83237;3.61406;1.71608;
1.83247;3.61319;1.71525;
1.83257;3.61406;1.71608;
1.83267;3.61319;1.71525;
1.83277;3.61406;1.71608;
1.83287;3.61319;1.71525;
1.83297;3.61406;1.71608;
1.83307;3.61319;1.71525;
1.83317;3.61406;1.71608;
1.83327;3.61319;1.71525;
1.83337;3.61406;1.71608;
1.83347;3.61319;1.71525;
1.83357;3.61406;1.71608;
1.83367;3.61319;1.71525;
1.83377;3.61406;1.71608;
1.83387;3.61319;1.71525;
1.83397;3.61406;1.71608;
1.83407;3.61319;1.71525;
1.83417;3.61406;1.71608;
1.83427;3.61319;1.71525;
1.83437;3.61406;1.71608;
1.83447;3.61319;1.71525;
1.83457;3.61406;1.71608;
1.83467;3.61319;1.71525;
1.83477;3.61406;1.71608;
1.83487;3.61319;1.71525;
1.83497;3.61406;1.71608;
1.83507;3.61319;1.71525;
1.83517;3.61406;1.71608;
1.83527;3.61319;1.71525;
1.83537;3.61406;1.71608;
1.83547;3.61319;1.71525;
1.83557;3.61406;1.71608;
1.83567;3.61319;1.71525;
1.83577;3.61406;1.71608;
1.83587;3.61319;1.71525;
1.83597;3.61406;1.71608;
1.83607;3.61319;1.71525;
1.83617;3.61406;1.71608;
1.83627;3.61319;1.71525;
1.83637;3.61406;1.71608;
1.83647;3.61319;1.71525;
1.83657;3.61406;1.71608;
1.83667;3.61319;1.71525;
1.83677;3.61406;1.71608;
1.83687;3.61319;1.71525;
1.83697;3.61406;1.71608;
1.83707;3.61319;1.71525;
1.83717;3.61406;1.71608;
1.83727;3.61319;1.71525;
1.83737;3.61406;1.71608;
1.83747;3.61319;1.71525;
1.83757;3.61406;1.71608;
1.83767;3.61319;1.71525;
1.83777;3.61406;1.71608;
1.83787;3.61319;1.71525;
1.83797;3.61406;1.71608;
1.83807;3.61319;1.71525;
1.83817;3.61406;1.71608;
1.83827;3.61319;1.71525;
1.83837;3.61406;1.71608;
1.83847;3.61319;1.71525;
1.83857;3.61406;1.71608;
1.83867;3.61319;1.71525;
1.83877;3.61406;1.71608;
1.83887;3.61319;1.71525;
1.83897;3.61406;1.71608;
1.83907;3.61319;1.71525;
1.83917;3.61406;1.71608;
1.83927;3.61319;1.71525;
1.83937;3.61406;1.71608;
1.83947;3.61319;1.71525;
1.83957;3.61406;1.71608;
1.83967;3.61319;1.71525;
1.83977;3.61406;1.71608;
1.83987;3.61319;1.71525;
1.83997;3.61406;1.71608;
1.84007;3.61319;1.71525;
1.84017;3.61406;1.71608;
1.84027;3.61319;1.71525;
1.84037;3.61406;1.71608;
1.84047;3.61319;1.71525;
1.84057;3.61406;1.71608;
1.84067;3.61319;1.71526;
1.84077;3.61406;1.71608;
1.84087;3.61319;1.71526;
1.84097;3.61406;1.71608;
1.84107;3.61319;1.71526;
1.84117;3.61406;1.71608;
1.84127;3.61319;1.71526;
1.84137;3.61406;1.71608;
1.84147;3.61319;1.71526;
1.84157;3.61406;1.71608;
1.84167;3.61319;1.71526;
1.84177;3.61406;1.71608;
1.84187;3.61319;1.71526;
1.84197;3.61406;1.71608;
1.84207;3.61319;1.71526;
1.84217;3.61406;1.71608;
1.84227;3.61319;1.71526;
1.84237;3.61406;1.71608;
1.84247;3.61319;1.71526;
1.84257;3.61406;1.71608;
1.84267;3.61319;1.71526;
1.84277;3.61406;1.71608;
1.84287;3.61319;1.71526;
1.84297;3.61406;1.71608;
1.84307;3.61319;1.71526;
1.84317;3.61406;1.71608;
1.84327;3.61319;1.71526;
1.84337;3.61406;1.71608;
1.84347;3.61319;1.71526;
1.84357;3.61406;1.71608;
1.84367;3.61319;1.71526;
1.84377;3.61406;1.71608;
1.84387;3.61319;1.71526;
1.84397;3.61406;1.71608;
1.84407;3.61319;1.71526;
1.84417;3.61406;1.71608;
1.84427;3.61319;1.71526;
1.84437;3.61406;1.71608;
1.84447;3.61319;1.71526;
1.84457;3.61406;1.71608;
1.84467;3.61319;1.71526;
1.84477;3.61406;1.71608;
1.84487;3.61319;1.71526;
1.84497;3.61406;1.71608;
1.84507;3.61319;1.71526;
1.84517;3.61406;1.71608;
1.84527;3.61319;1.71526;
1.84537;3.61406;1.71608;
1.84547;3.61319;1.71526;
1.84557;3.61406;1.71608;
1.84567;3.61319;1.71526;
1.84577;3.61406;1.71608;
1.84587;3.61319;1.71526;
1.84597;3.61406;1.71608;
1.84607;3.61319;1.71526;
1.84617;3.61406;1.71608;
1.84627;3.61319;1.71526;
1.84637;3.61406;1.71608;
1.84647;3.61319;1.71526;
1.84657;3.61406;1.71608;
1.84667;3.61319;1.71526;
1.84677;3.61406;1.71608;
1.84687;3.61319;1.71526;
1.84697;3.61406;1.71608;
1.84707;3.61319;1.71526;
1.84717;3.61406;1.71608;
1.84727;3.61319;1.71526;
1.84737;3.61406;1.71608;
1.84747;3.61319;1.71526;
1.84757;3.61406;1.71608;
1.84767;3.61319;1.71526;
1.84777;3.61406;1.71608;
1.84787;3.61319;1.71526;
1.84797;3.61406;1.71608;
1.84807;3.61319;1.71526;
1.84817;3.61406;1.71608;
1.84827;3.61319;1.71526;
1.84837;3.61406;1.71608;
1.84847;3.61319;1.71526;
1.84857;3.61406;1.71608;
1.84867;3.61319;1.71526;
1.84877;3.61406;1.71608;
1.84887;3.61319;1.71526;
1.84897;3.61406;1.71608;
1.84907;3.61319;1.71526;
1.84917;3.61406;1.71608;
1.84927;3.61319;1.71526;
1.84937;3.61406;1.71608;
1.84947;3.61319;1.71526;
1.84957;3.61406;1.71608;
1.84967;3.61319;1.71526;
1.84977;3.61405;1.71608;
1.84987;3.61319;1.71526;
1.84997;3.61405;1.71608;
1.85007;3.61319;1.71526;
1.85017;3.61405;1.71608;
1.85027;3.61319;1.71526;
1.85037;3.61405;1.71608;
1.85047;3.61319;1.71526;
1.85057;3.61405;1.71608;
1.85067;3.61319;1.71526;
1.85077;3.61405;1.71608;
1.85087;3.61319;1.71526;
1.85097;3.61405;1.71608;
1.85107;3.61319;1.71526;
1.85117;3.61405;1.71608;
1.85127;3.61319;1.71526;
1.85137;3.61405;1.71608;
1.85147;3.61319;1.71526;
1.85157;3.61405;1.71608;
1.85167;3.61319;1.71526;
1.85177;3.61405;1.71608;
1.85187;3.61319;1.71526;
1.85197;3.61405;1.71608;
1.85207;3.61319;1.71526;
1.85217;3.61405;1.71608;
1.85227;3.61319;1.71526;
1.85237;3.61405;1.71608;
1.85247;3.61319;1.71526;
1.85257;3.61405;1.71608;
1.85267;3.61319;1.71526;
1.85277;3.61405;1.71608;
1.85287;3.61319;1.71526;
1.85297;3.61405;1.71608;
1.85307;3.61319;1.71526;
1.85317;3.61405;1.71608;
1.85327;3.61319;1.71526;
1.85337;3.61405;1.71608;
1.85347;3.61319;1.71526;
1.85357;3.61405;1.71608;
1.85367;3.61319;1.71526;
1.85377;3.61405;1.71608;
1.85387;3.61319;1.71526;
1.85397;3.61405;1.71608;
1.85407;3.61319;1.71526;
1.85417;3.61405;1.71608;
1.85427;3.61319;1.71526;
1.85437;3.61405;1.71608;
1.85447;3.61319;1.71526;
1.85457;3.61405;1.71608;
1.85467;3.61319;1.71526;
1.85477;3.61405;1.71608;
1.85487;3.61319;1.71526;
1.85497;3.61405;1.71608;
1.85507;3.61319;1.71526;
1.85517;3.61405;1.71608;
1.85527;3.61319;1.71526;
1.85537;3.61405;1.71608;
1.85547;3.61319;1.71526;
1.85557;3.61405;1.71608;
1.85567;3.61319;1.71526;
1.85577;3.61405;1.71608;
1.85587;3.61319;1.71526;
1.85597;3.61405;1.71608;
1.85607;3.61319;1.71526;
1.85617;3.61405;1.71608;
1.85627;3.61319;1.71526;
1.85637;3.61405;1.71608;
1.85647;3.61319;1.71526;
1.85657;3.61405;1.71608;
1.85667;3.61319;1.71526;
1.85677;3.61405;1.71608;
1.85687;3.61319;1.71526;
1.85697;3.61405;1.71608;
1.85707;3.61319;1.71526;
1.85717;3.61405;1.71608;
1.85727;3.61319;1.71526;
1.85737;3.61405;1.71608;
1.85747;3.61319;1.71526;
1.85757;3.61405;1.71608;
1.85767;3.61319;1.71526;
1.85777;3.61405;1.71608;
1.85787;3.61319;1.71526;
1.85797;3.61405;1.71608;
1.85807;3.61319;1.71526;
1.85817;3.61405;1.71608;
1.85827;3.61319;1.71526;
1.85837;3.61405;1.71608;
1.85847;3.61319;1.71526;
1.85857;3.61405;1.71608;
1.85867;3.61319;1.71526;
1.85877;3.61405;1.71608;
1.85887;3.61319;1.71526;
1.85897;3.61405;1.71608;
1.85907;3.61319;1.71526;
1.85917;3.61405;1.71608;
1.85927;3.61319;1.71526;
1.85937;3.61405;1.71608;
1.85947;3.61319;1.71526;
1.85957;3.61405;1.71608;
1.85967;3.61319;1.71526;
1.85977;3.61405;1.71608;
1.85987;3.61319;1.71526;
1.85997;3.61405;1.71608;
1.86007;3.61319;1.71526;
1.86017;3.61405;1.71608;
1.86027;3.61319;1.71526;
1.86037;3.61405;1.71608;
1.86047;3.61319;1.71526;
1.86057;3.61405;1.71608;
1.86067;3.61319;1.71526;
1.86077;3.61405;1.71608;
1.86087;3.61319;1.71526;
1.86097;3.61405;1.71608;
1.86107;3.61319;1.71526;
1.86117;3.61405;1.71608;
1.86127;3.61319;1.71526;
1.86137;3.61405;1.71608;
1.86147;3.61319;1.71526;
1.86157;3.61405;1.71608;
1.86167;3.61319;1.71526;
1.86177;3.61405;1.71608;
1.86187;3.61319;1.71526;
1.86197;3.61405;1.71608;
1.86207;3.61319;1.71526;
1.86217;3.61405;1.71608;
1.86227;3.61319;1.71526;
1.86237;3.61405;1.71608;
1.86247;3.61319;1.71526;
1.86257;3.61405;1.71608;
1.86267;3.61319;1.71526;
1.86277;3.61405;1.71608;
1.86287;3.61319;1.71526;
1.86297;3.61405;1.71608;
1.86307;3.61319;1.71526;
1.86317;3.61405;1.71608;
1.86327;3.61319;1.71526;
1.86337;3.61405;1.71608;
1.86347;3.61319;1.71526;
1.86357;3.61405;1.71608;
1.86367;3.61319;1.71526;
1.86377;3.61405;1.71608;
1.86387;3.61319;1.71526;
1.86397;3.61405;1.71608;
1.86407;3.61319;1.71526;
1.86417;3.61405;1.71608;
1.86427;3.61319;1.71526;
1.86437;3.61405;1.71608;
1.86447;3.61319;1.71526;
1.86457;3.61405;1.71608;
1.86467;3.61319;1.71526;
1.86477;3.61405;1.71608;
1.86487;3.61319;1.71526;
1.86497;3.61405;1.71608;
1.86507;3.61319;1.71526;
1.86517;3.61405;1.71608;
1.86527;3.61319;1.71526;
1.86537;3.61405;1.71608;
1.86547;3.61319;1.71526;
1.86557;3.61405;1.71608;
1.86567;3.61319;1.71526;
1.86577;3.61405;1.71608;
1.86587;3.6132;1.71526;
1.86597;3.61405;1.71608;
1.86607;3.6132;1.71526;
1.86617;3.61405;1.71608;
1.86627;3.6132;1.71526;
1.86637;3.61405;1.71608;
1.86647;3.6132;1.71526;
1.86657;3.61405;1.71608;
1.86667;3.6132;1.71526;
1.86677;3.61405;1.71608;
1.86687;3.6132;1.71526;
1.86697;3.61405;1.71608;
1.86707;3.6132;1.71526;
1.86717;3.61405;1.71608;
1.86727;3.6132;1.71526;
1.86737;3.61405;1.71608;
1.86747;3.6132;1.71526;
1.86757;3.61405;1.71608;
1.86767;3.6132;1.71526;
1.86777;3.61405;1.71608;
1.86787;3.6132;1.71526;
1.86797;3.61405;1.71608;
1.86807;3.6132;1.71526;
1.86817;3.61405;1.71608;
1.86827;3.6132;1.71526;
1.86837;3.61405;1.71608;
1.86847;3.6132;1.71526;
1.86857;3.61405;1.71608;
1.86867;3.6132;1.71526;
1.86877;3.61405;1.71608;
1.86887;3.6132;1.71526;
1.86897;3.61405;1.71608;
1.86907;3.6132;1.71526;
1.86917;3.61405;1.71608;
1.86927;3.6132;1.71526;
1.86937;3.61405;1.71608;
1.86947;3.6132;1.71526;
1.86957;3.61405;1.71608;
1.86967;3.6132;1.71526;
1.86977;3.61405;1.71608;
1.86987;3.6132;1.71526;
1.86997;3.61405;1.71608;
1.87007;3.6132;1.71526;
1.87017;3.61405;1.71608;
1.87027;3.6132;1.71526;
1.87037;3.61405;1.71608;
1.87047;3.6132;1.71526;
1.87057;3.61405;1.71608;
1.87067;3.6132;1.71526;
1.87077;3.61405;1.71608;
1.87087;3.6132;1.71526;
1.87097;3.61405;1.71608;
1.87107;3.6132;1.71526;
1.87117;3.61405;1.71608;
1.87127;3.6132;1.71526;
1.87137;3.61405;1.71608;
1.87147;3.6132;1.71526;
1.87157;3.61405;1.71608;
1.87167;3.6132;1.71526;
1.87177;3.61405;1.71608;
1.87187;3.6132;1.71526;
1.87197;3.61405;1.71608;
1.87207;3.6132;1.71526;
1.87217;3.61405;1.71608;
1.87227;3.6132;1.71526;
1.87237;3.61405;1.71608;
1.87247;3.6132;1.71526;
1.87257;3.61405;1.71608;
1.87267;3.6132;1.71526;
1.87277;3.61405;1.71608;
1.87287;3.6132;1.71526;
1.87297;3.61405;1.71608;
1.87307;3.6132;1.71526;
1.87317;3.61405;1.71608;
1.87327;3.6132;1.71526;
1.87337;3.61405;1.71608;
1.87347;3.6132;1.71526;
1.87357;3.61405;1.71608;
1.87367;3.6132;1.71526;
1.87377;3.61405;1.71608;
1.87387;3.6132;1.71526;
1.87397;3.61405;1.71608;
1.87407;3.6132;1.71526;
1.87417;3.61405;1.71608;
1.87427;3.6132;1.71526;
1.87437;3.61405;1.71608;
1.87447;3.6132;1.71526;
1.87457;3.61405;1.71608;
1.87467;3.6132;1.71526;
1.87477;3.61405;1.71608;
1.87487;3.6132;1.71526;
1.87497;3.61405;1.71608;
1.87507;3.6132;1.71526;
1.87517;3.61405;1.71608;
1.87527;3.6132;1.71526;
1.87537;3.61405;1.71608;
1.87547;3.6132;1.71526;
1.87557;3.61405;1.71608;
1.87567;3.6132;1.71526;
1.87577;3.61405;1.71608;
1.87587;3.6132;1.71526;
1.87597;3.61405;1.71608;
1.87607;3.6132;1.71526;
1.87617;3.61405;1.71608;
1.87627;3.6132;1.71526;
1.87637;3.61405;1.71608;
1.87647;3.6132;1.71526;
1.87657;3.61405;1.71608;
1.87667;3.6132;1.71526;
1.87677;3.61405;1.71608;
1.87687;3.6132;1.71526;
1.87697;3.61405;1.71608;
1.87707;3.6132;1.71526;
1.87717;3.61405;1.71608;
1.87727;3.6132;1.71526;
1.87737;3.61405;1.71608;
1.87747;3.6132;1.71526;
1.87757;3.61405;1.71608;
1.87767;3.6132;1.71526;
1.87777;3.61405;1.71608;
1.87787;3.6132;1.71526;
1.87797;3.61405;1.71608;
1.87807;3.6132;1.71526;
1.87817;3.61405;1.71608;
1.87827;3.6132;1.71526;
1.87837;3.61405;1.71608;
1.87847;3.6132;1.71526;
1.87857;3.61405;1.71608;
1.87867;3.6132;1.71526;
1.87877;3.61405;1.71608;
1.87887;3.6132;1.71526;
1.87897;3.61405;1.71608;
1.87907;3.6132;1.71526;
1.87917;3.61405;1.71608;
1.87927;3.6132;1.71526;
1.87937;3.61405;1.71608;
1.87947;3.6132;1.71526;
1.87957;3.61405;1.71608;
1.87967;3.6132;1.71526;
1.87977;3.61405;1.71608;
1.87987;3.6132;1.71526;
1.87997;3.61405;1.71608;
1.88007;3.6132;1.71526;
1.88017;3.61405;1.71608;
1.88027;3.6132;1.71526;
1.88037;3.61405;1.71608;
1.88047;3.6132;1.71526;
1.88057;3.61405;1.71608;
1.88067;3.6132;1.71526;
1.88077;3.61405;1.71608;
1.88087;3.6132;1.71526;
1.88097;3.61405;1.71608;
1.88107;3.6132;1.71526;
1.88117;3.61405;1.71608;
1.88127;3.6132;1.71526;
1.88137;3.61405;1.71608;
1.88147;3.6132;1.71526;
1.88157;3.61405;1.71608;
1.88167;3.6132;1.71526;
1.88177;3.61405;1.71608;
1.88187;3.6132;1.71526;
1.88197;3.61405;1.71608;
1.88207;3.6132;1.71526;
1.88217;3.61405;1.71608;
1.88227;3.6132;1.71526;
1.88237;3.61405;1.71608;
1.88247;3.6132;1.71526;
1.88257;3.61405;1.71608;
1.88267;3.6132;1.71526;
1.88277;3.61405;1.71608;
1.88287;3.6132;1.71526;
1.88297;3.61405;1.71608;
1.88307;3.6132;1.71526;
1.88317;3.61405;1.71608;
1.88327;3.6132;1.71526;
1.88337;3.61405;1.71608;
1.88347;3.6132;1.71526;
1.88357;3.61405;1.71608;
1.88367;3.6132;1.71526;
1.88377;3.61405;1.71608;
1.88387;3.6132;1.71526;
1.88397;3.61405;1.71608;
1.88407;3.6132;1.71526;
1.88417;3.61405;1.71608;
1.88427;3.6132;1.71526;
1.88437;3.61405;1.71608;
1.88447;3.6132;1.71526;
1.88457;3.61405;1.71608;
1.88467;3.6132;1.71526;
1.88477;3.61405;1.71608;
1.88487;3.6132;1.71526;
1.88497;3.61405;1.71608;
1.88507;3.6132;1.71526;
1.88517;3.61405;1.71608;
1.88527;3.6132;1.71526;
1.88537;3.61405;1.71608;
1.88547;3.6132;1.71526;
1.88557;3.61405;1.71608;
1.88567;3.6132;1.71526;
1.88577;3.61405;1.71608;
1.88587;3.6132;1.71526;
1.88597;3.61405;1.71608;
1.88607;3.6132;1.71526;
1.88617;3.61405;1.71608;
1.88627;3.6132;1.71526;
1.88637;3.61405;1.71608;
1.88647;3.6132;1.71526;
1.88657;3.61405;1.71608;
1.88667;3.6132;1.71526;
1.88677;3.61405;1.71608;
1.88687;3.6132;1.71526;
1.88697;3.61405;1.71608;
1.88707;3.6132;1.71526;
1.88717;3.61405;1.71608;
1.88727;3.6132;1.71526;
1.88737;3.61405;1.71608;
1.88747;3.6132;1.71526;
1.88757;3.61405;1.71608;
1.88767;3.6132;1.71526;
1.88777;3.61405;1.71608;
1.88787;3.6132;1.71526;
1.88797;3.61405;1.71608;
1.88807;3.6132;1.71526;
1.88817;3.61405;1.71608;
1.88827;3.6132;1.71526;
1.88837;3.61405;1.71608;
1.88847;3.6132;1.71526;
1.88857;3.61405;1.71608;
1.88867;3.6132;1.71526;
1.88877;3.61405;1.71608;
1.88887;3.6132;1.71526;
1.88897;3.61405;1.71608;
1.88907;3.6132;1.71526;
1.88917;3.61405;1.71608;
1.88927;3.6132;1.71526;
1.88937;3.61405;1.71608;
1.88947;3.6132;1.71526;
1.88957;3.61405;1.71608;
1.88967;3.6132;1.71526;
1.88977;3.61405;1.71608;
1.88987;3.6132;1.71526;
1.88997;3.61405;1.71608;
1.89007;3.6132;1.71526;
1.89017;3.61405;1.71608;
1.89027;3.6132;1.71526;
1.89037;3.61405;1.71608;
1.89047;3.6132;1.71526;
1.89057;3.61405;1.71608;
1.89067;3.6132;1.71526;
1.89077;3.61405;1.71608;
1.89087;3.6132;1.71526;
1.89097;3.61405;1.71608;
1.89107;3.6132;1.71526;
1.89117;3.61405;1.71608;
1.89127;3.6132;1.71526;
1.89137;3.61405;1.71608;
1.89147;3.6132;1.71526;
1.89157;3.61405;1.71608;
1.89167;3.6132;1.71526;
1.89177;3.61405;1.71608;
1.89187;3.6132;1.71526;
1.89197;3.61405;1.71608;
1.89207;3.6132;1.71526;
1.89217;3.61405;1.71608;
1.89227;3.6132;1.71526;
1.89237;3.61405;1.71608;
1.89247;3.6132;1.71526;
1.89257;3.61405;1.71608;
1.89267;3.6132;1.71526;
1.89277;3.61405;1.71608;
1.89287;3.6132;1.71526;
1.89297;3.61405;1.71608;
1.89307;3.6132;1.71526;
1.89317;3.61405;1.71608;
1.89327;3.6132;1.71526;
1.89337;3.61405;1.71608;
1.89347;3.6132;1.71526;
1.89357;3.61405;1.71608;
1.89367;3.6132;1.71526;
1.89377;3.61405;1.71608;
1.89387;3.6132;1.71526;
1.89397;3.61405;1.71608;
1.89407;3.6132;1.71526;
1.89417;3.61405;1.71608;
1.89427;3.6132;1.71526;
1.89437;3.61405;1.71608;
1.89447;3.6132;1.71526;
1.89457;3.61405;1.71608;
1.89467;3.6132;1.71526;
1.89477;3.61405;1.71608;
1.89487;3.6132;1.71526;
1.89497;3.61405;1.71608;
1.89507;3.6132;1.71526;
1.89517;3.61405;1.71608;
1.89527;3.6132;1.71526;
1.89537;3.61405;1.71607;
1.89547;3.6132;1.71526;
1.89557;3.61405;1.71607;
1.89567;3.6132;1.71526;
1.89577;3.61405;1.71607;
1.89587;3.6132;1.71526;
1.89597;3.61405;1.71607;
1.89607;3.6132;1.71526;
1.89617;3.61405;1.71607;
1.89627;3.6132;1.71526;
1.89637;3.61405;1.71607;
1.89647;3.6132;1.71526;
1.89657;3.61405;1.71607;
1.89667;3.6132;1.71526;
1.89677;3.61405;1.71607;
1.89687;3.6132;1.71526;
1.89697;3.61405;1.71607;
1.89707;3.6132;1.71526;
1.89717;3.61405;1.71607;
1.89727;3.6132;1.71526;
1.89737;3.61405;1.71607;
1.89747;3.6132;1.71526;
1.89757;3.61405;1.71607;
1.89767;3.6132;1.71526;
1.89777;3.61405;1.71607;
1.89787;3.6132;1.71526;
1.89797;3.61405;1.71607;
1.89807;3.6132;1.71526;
1.89817;3.61405;1.71607;
1.89827;3.6132;1.71526;
1.89837;3.61405;1.71607;
1.89847;3.6132;1.71526;
1.89857;3.61405;1.71607;
1.89867;3.6132;1.71526;
1.89877;3.61405;1.71607;
1.89887;3.6132;1.71526;
1.89897;3.61405;1.71607;
1.89907;3.6132;1.71526;
1.89917;3.61405;1.71607;
1.89927;3.6132;1.71526;
1.89937;3.61405;1.71607;
1.89947;3.6132;1.71526;
1.89957;3.61405;1.71607;
1.89967;3.6132;1.71526;
1.89977;3.61405;1.71607;
1.89987;3.6132;1.71526;
1.89997;3.61405;1.71607;
1.90007;3.6132;1.71526;
1.90017;3.61405;1.71607;
1.90027;3.6132;1.71526;
1.90037;3.61405;1.71607;
1.90047;3.6132;1.71526;
1.90057;3.61405;1.71607;
1.90067;3.6132;1.71526;
1.90077;3.61405;1.71607;
1.90087;3.6132;1.71526;
1.90097;3.61405;1.71607;
1.90107;3.6132;1.71526;
1.90117;3.61405;1.71607;
1.90127;3.6132;1.71526;
1.90137;3.61405;1.71607;
1.90147;3.6132;1.71526;
1.90157;3.61405;1.71607;
1.90167;3.6132;1.71526;
1.90177;3.61405;1.71607;
1.90187;3.6132;1.71526;
1.90197;3.61405;1.71607;
1.90207;3.6132;1.71526;
1.90217;3.61405;1.71607;
1.90227;3.6132;1.71526;
1.90237;3.61405;1.71607;
1.90247;3.6132;1.71526;
1.90257;3.61405;1.71607;
1.90267;3.6132;1.71526;
1.90277;3.61405;1.71607;
1.90287;3.6132;1.71526;
1.90297;3.61405;1.71607;
1.90307;3.6132;1.71526;
1.90317;3.61405;1.71607;
1.90327;3.6132;1.71526;
1.90337;3.61405;1.71607;
1.90347;3.6132;1.71526;
1.90357;3.61405;1.71607;
1.90367;3.6132;1.71526;
1.90377;3.61405;1.71607;
1.90387;3.6132;1.71526;
1.90397;3.61405;1.71607;
1.90407;3.6132;1.71526;
1.90417;3.61405;1.71607;
1.90427;3.6132;1.71526;
1.90437;3.61405;1.71607;
1.90447;3.6132;1.71526;
1.90457;3.61405;1.71607;
1.90467;3.6132;1.71526;
1.90477;3.61405;1.71607;
1.90487;3.6132;1.71526;
1.90497;3.61405;1.71607;
1.90507;3.6132;1.71526;
1.90517;3.61405;1.71607;
1.90527;3.6132;1.71526;
1.90537;3.61405;1.71607;
1.90547;3.6132;1.71526;
1.90557;3.61405;1.71607;
1.90567;3.6132;1.71526;
1.90577;3.61405;1.71607;
1.90587;3.6132;1.71526;
1.90597;3.61405;1.71607;
1.90607;3.6132;1.71526;
1.90617;3.61405;1.71607;
1.90627;3.6132;1.71526;
1.90637;3.61405;1.71607;
1.90647;3.6132;1.71526;
1.90657;3.61405;1.71607;
1.90667;3.6132;1.71526;
1.90677;3.61405;1.71607;
1.90687;3.6132;1.71526;
1.90697;3.61405;1.71607;
1.90707;3.6132;1.71526;
1.90717;3.61405;1.71607;
1.90727;3.6132;1.71526;
1.90737;3.61405;1.71607;
1.90747;3.6132;1.71526;
1.90757;3.61405;1.71607;
1.90767;3.6132;1.71526;
1.90777;3.61405;1.71607;
1.90787;3.6132;1.71526;
1.90797;3.61405;1.71607;
1.90807;3.6132;1.71526;
1.90817;3.61405;1.71607;
1.90827;3.6132;1.71526;
1.90837;3.61405;1.71607;
1.90847;3.6132;1.71526;
1.90857;3.61405;1.71607;
1.90867;3.6132;1.71526;
1.90877;3.61405;1.71607;
1.90887;3.6132;1.71526;
1.90897;3.61405;1.71607;
1.90907;3.6132;1.71526;
1.90917;3.61405;1.71607;
1.90927;3.6132;1.71526;
1.90937;3.61405;1.71607;
1.90947;3.6132;1.71526;
1.90957;3.61405;1.71607;
1.90967;3.6132;1.71526;
1.90977;3.61405;1.71607;
1.90987;3.6132;1.71526;
1.90997;3.61405;1.71607;
1.91007;3.6132;1.71526;
1.91017;3.61405;1.71607;
1.91027;3.6132;1.71526;
1.91037;3.61405;1.71607;
1.91047;3.6132;1.71526;
1.91057;3.61405;1.71607;
1.91067;3.6132;1.71526;
1.91077;3.61405;1.71607;
1.91087;3.6132;1.71526;
1.91097;3.61405;1.71607;
1.91107;3.6132;1.71526;
1.91117;3.61405;1.71607;
1.91127;3.6132;1.71526;
1.91137;3.61405;1.71607;
1.91147;3.6132;1.71526;
1.91157;3.61405;1.71607;
1.91167;3.6132;1.71526;
1.91177;3.61405;1.71607;
1.91187;3.6132;1.71527;
1.91197;3.61405;1.71607;
1.91207;3.6132;1.71527;
1.91217;3.61405;1.71607;
1.91227;3.6132;1.71527;
1.91237;3.61405;1.71607;
1.91247;3.6132;1.71527;
1.91257;3.61405;1.71607;
1.91267;3.6132;1.71527;
1.91277;3.61405;1.71607;
1.91287;3.6132;1.71527;
1.91297;3.61405;1.71607;
1.91307;3.6132;1.71527;
1.91317;3.61405;1.71607;
1.91327;3.6132;1.71527;
1.91337;3.61405;1.71607;
1.91347;3.6132;1.71527;
1.91357;3.61405;1.71607;
1.91367;3.6132;1.71527;
1.91377;3.61405;1.71607;
1.91387;3.6132;1.71527;
1.91397;3.61405;1.71607;
1.91407;3.6132;1.71527;
1.91417;3.61405;1.71607;
1.91427;3.6132;1.71527;
1.91437;3.61405;1.71607;
1.91447;3.6132;1.71527;
1.91457;3.61405;1.71607;
1.91467;3.6132;1.71527;
1.91477;3.61405;1.71607;
1.91487;3.6132;1.71527;
1.91497;3.61405;1.71607;
1.91507;3.6132;1.71527;
1.91517;3.61405;1.71607;
1.91527;3.6132;1.71527;
1.91537;3.61405;1.71607;
1.91547;3.6132;1.71527;
1.91557;3.61405;1.71607;
1.91567;3.6132;1.71527;
1.91577;3.61405;1.71607;
1.91587;3.6132;1.71527;
1.91597;3.61405;1.71607;
1.91607;3.6132;1.71527;
1.91617;3.61405;1.71607;
1.91627;3.6132;1.71527;
1.91637;3.61405;1.71607;
1.91647;3.6132;1.71527;
1.91657;3.61405;1.71607;
1.91667;3.6132;1.71527;
1.91677;3.61405;1.71607;
1.91687;3.6132;1.71527;
1.91697;3.61405;1.71607;
1.91707;3.6132;1.71527;
1.91717;3.61405;1.71607;
1.91727;3.6132;1.71527;
1.91737;3.61405;1.71607;
1.91747;3.6132;1.71527;
1.91757;3.61405;1.71607;
1.91767;3.6132;1.71527;
1.91777;3.61405;1.71607;
1.91787;3.6132;1.71527;
1.91797;3.61405;1.71607;
1.91807;3.6132;1.71527;
1.91817;3.61405;1.71607;
1.91827;3.6132;1.71527;
1.91837;3.61405;1.71607;
1.91847;3.6132;1.71527;
1.91857;3.61405;1.71607;
1.91867;3.6132;1.71527;
1.91877;3.61405;1.71607;
1.91887;3.6132;1.71527;
1.91897;3.61405;1.71607;
1.91907;3.6132;1.71527;
1.91917;3.61405;1.71607;
1.91927;3.6132;1.71527;
1.91937;3.61404;1.71607;
1.91947;3.6132;1.71527;
1.91957;3.61404;1.71607;
1.91967;3.6132;1.71527;
1.91977;3.61404;1.71607;
1.91987;3.6132;1.71527;
1.91997;3.61404;1.71607;
1.92007;3.6132;1.71527;
1.92017;3.61404;1.71607;
1.92027;3.6132;1.71527;
1.92037;3.61404;1.71607;
1.92047;3.6132;1.71527;
1.92057;3.61404;1.71607;
1.92067;3.6132;1.71527;
1.92077;3.61404;1.71607;
1.92087;3.6132;1.71527;
1.92097;3.61404;1.71607;
1.92107;3.6132;1.71527;
1.92117;3.61404;1.71607;
1.92127;3.6132;1.71527;
1.92137;3.61404;1.71607;
1.92147;3.6132;1.71527;
1.92157;3.61404;1.71607;
1.92167;3.6132;1.71527;
1.92177;3.61404;1.71607;
1.92187;3.6132;1.71527;
1.92197;3.61404;1.71607;
1.92207;3.6132;1.71527;
1.92217;3.61404;1.71607;
1.92227;3.6132;1.71527;
1.92237;3.61404;1.71607;
1.92247;3.6132;1.71527;
1.92257;3.61404;1.71607;
1.92267;3.6132;1.71527;
1.92277;3.61404;1.71607;
1.92287;3.6132;1.71527;
1.92297;3.61404;1.71607;
1.92307;3.6132;1.71527;
1.92317;3.61404;1.71607;
1.92327;3.6132;1.71527;
1.92337;3.61404;1.71607;
1.92347;3.6132;1.71527;
1.92357;3.61404;1.71607;
1.92367;3.6132;1.71527;
1.92377;3.61404;1.71607;
1.92387;3.6132;1.71527;
1.92397;3.61404;1.71607;
1.92407;3.6132;1.71527;
1.92417;3.61404;1.71607;
1.92427;3.6132;1.71527;
1.92437;3.61404;1.71607;
1.92447;3.6132;1.71527;
1.92457;3.61404;1.71607;
1.92467;3.6132;1.71527;
1.92477;3.61404;1.71607;
1.92487;3.6132;1.71527;
1.92497;3.61404;1.71607;
1.92507;3.6132;1.71527;
1.92517;3.61404;1.71607;
1.92527;3.6132;1.71527;
1.92537;3.61404;1.71607;
1.92547;3.6132;1.71527;
1.92557;3.61404;1.71607;
1.92567;3.6132;1.71527;
1.92577;3.61404;1.71607;
1.92587;3.6132;1.71527;
1.92597;3.61404;1.71607;
1.92607;3.6132;1.71527;
1.92617;3.61404;1.71607;
1.92627;3.6132;1.71527;
1.92637;3.61404;1.71607;
1.92647;3.6132;1.71527;
1.92657;3.61404;1.71607;
1.92667;3.6132;1.71527;
1.92677;3.61404;1.71607;
1.92687;3.6132;1.71527;
1.92697;3.61404;1.71607;
1.92707;3.6132;1.71527;
1.92717;3.61404;1.71607;
1.92727;3.6132;1.71527;
1.92737;3.61404;1.71607;
1.92747;3.6132;1.71527;
1.92757;3.61404;1.71607;
1.92767;3.6132;1.71527;
1.92777;3.61404;1.71607;
1.92787;3.6132;1.71527;
1.92797;3.61404;1.71607;
1.92807;3.6132;1.71527;
1.92817;3.61404;1.71607;
1.92827;3.6132;1.71527;
1.92837;3.61404;1.71607;
1.92847;3.6132;1.71527;
1.92857;3.61404;1.71607;
1.92867;3.6132;1.71527;
1.92877;3.61404;1.71607;
1.92887;3.6132;1.71527;
1.92897;3.61404;1.71607;
1.92907;3.6132;1.71527;
1.92917;3.61404;1.71607;
1.92927;3.6132;1.71527;
1.92937;3.61404;1.71607;
1.92947;3.6132;1.71527;
1.92957;3.61404;1.71607;
1.92967;3.6132;1.71527;
1.92977;3.61404;1.71607;
1.92987;3.6132;1.71527;
1.92997;3.61404;1.71607;
1.93007;3.6132;1.71527;
1.93017;3.61404;1.71607;
1.93027;3.6132;1.71527;
1.93037;3.61404;1.71607;
1.93047;3.6132;1.71527;
1.93057;3.61404;1.71607;
1.93067;3.6132;1.71527;
1.93077;3.61404;1.71607;
1.93087;3.6132;1.71527;
1.93097;3.61404;1.71607;
1.93107;3.6132;1.71527;
1.93117;3.61404;1.71607;
1.93127;3.6132;1.71527;
1.93137;3.61404;1.71607;
1.93147;3.6132;1.71527;
1.93157;3.61404;1.71607;
1.93167;3.6132;1.71527;
1.93177;3.61404;1.71607;
1.93187;3.6132;1.71527;
1.93197;3.61404;1.71607;
1.93207;3.6132;1.71527;
1.93217;3.61404;1.71607;
1.93227;3.6132;1.71527;
1.93237;3.61404;1.71607;
1.93247;3.6132;1.71527;
1.93257;3.61404;1.71607;
1.93267;3.6132;1.71527;
1.93277;3.61404;1.71607;
1.93287;3.6132;1.71527;
1.93297;3.61404;1.71607;
1.93307;3.6132;1.71527;
1.93317;3.61404;1.71607;
1.93327;3.6132;1.71527;
1.93337;3.61404;1.71607;
1.93347;3.6132;1.71527;
1.93357;3.61404;1.71607;
1.93367;3.6132;1.71527;
1.93377;3.61404;1.71607;
1.93387;3.6132;1.71527;
1.93397;3.61404;1.71607;
1.93407;3.6132;1.71527;
1.93417;3.61404;1.71607;
1.93427;3.6132;1.71527;
1.93437;3.61404;1.71607;
1.93447;3.6132;1.71527;
1.93457;3.61404;1.71607;
1.93467;3.6132;1.71527;
1.93477;3.61404;1.71607;
1.93487;3.61321;1.71527;
1.93497;3.61404;1.71607;
1.93507;3.61321;1.71527;
1.93517;3.61404;1.71607;
1.93527;3.61321;1.71527;
1.93537;3.61404;1.71607;
1.93547;3.61321;1.71527;
1.93557;3.61404;1.71607;
1.93567;3.61321;1.71527;
1.93577;3.61404;1.71607;
1.93587;3.61321;1.71527;
1.93597;3.61404;1.71607;
1.93607;3.61321;1.71527;
1.93617;3.61404;1.71607;
1.93627;3.61321;1.71527;
1.93637;3.61404;1.71607;
1.93647;3.61321;1.71527;
1.93657;3.61404;1.71607;
1.93667;3.61321;1.71527;
1.93677;3.61404;1.71607;
1.93687;3.61321;1.71527;
1.93697;3.61404;1.71607;
1.93707;3.61321;1.71527;
1.93717;3.61404;1.71607;
1.93727;3.61321;1.71527;
1.93737;3.61404;1.71607;
1.93747;3.61321;1.71527;
1.93757;3.61404;1.71607;
1.93767;3.61321;1.71527;
1.93777;3.61404;1.71607;
1.93787;3.61321;1.71527;
1.93797;3.61404;1.71607;
1.93807;3.61321;1.71527;
1.93817;3.61404;1.71607;
1.93827;3.61321;1.71527;
1.93837;3.61404;1.71607;
1.93847;3.61321;1.71527;
1.93857;3.61404;1.71607;
1.93867;3.61321;1.71527;
1.93877;3.61404;1.71607;
1.93887;3.61321;1.71527;
1.93897;3.61404;1.71607;
1.93907;3.61321;1.71527;
1.93917;3.61404;1.71607;
1.93927;3.61321;1.71527;
1.93937;3.61404;1.71607;
1.93947;3.61321;1.71527;
1.93957;3.61404;1.71607;
1.93967;3.61321;1.71527;
1.93977;3.61404;1.71607;
1.93987;3.61321;1.71527;
1.93997;3.61404;1.71607;
1.94007;3.61321;1.71527;
1.94017;3.61404;1.71607;
1.94027;3.61321;1.71527;
1.94037;3.61404;1.71607;
1.94047;3.61321;1.71527;
1.94057;3.61404;1.71607;
1.94067;3.61321;1.71527;
1.94077;3.61404;1.71607;
1.94087;3.61321;1.71527;
1.94097;3.61404;1.71607;
1.94107;3.61321;1.71527;
1.94117;3.61404;1.71607;
1.94127;3.61321;1.71527;
1.94137;3.61404;1.71607;
1.94147;3.61321;1.71527;
1.94157;3.61404;1.71607;
1.94167;3.61321;1.71527;
1.94177;3.61404;1.71607;
1.94187;3.61321;1.71527;
1.94197;3.61404;1.71607;
1.94207;3.61321;1.71527;
1.94217;3.61404;1.71607;
1.94227;3.61321;1.71527;
1.94237;3.61404;1.71607;
1.94247;3.61321;1.71527;
1.94257;3.61404;1.71607;
1.94267;3.61321;1.71527;
1.94277;3.61404;1.71607;
1.94287;3.61321;1.71527;
1.94297;3.61404;1.71607;
1.94307;3.61321;1.71527;
1.94317;3.61404;1.71607;
1.94327;3.61321;1.71527;
1.94337;3.61404;1.71607;
1.94347;3.61321;1.71527;
1.94357;3.61404;1.71607;
1.94367;3.61321;1.71527;
1.94377;3.61404;1.71607;
1.94387;3.61321;1.71527;
1.94397;3.61404;1.71607;
1.94407;3.61321;1.71527;
1.94417;3.61404;1.71607;
1.94427;3.61321;1.71527;
1.94437;3.61404;1.71607;
1.94447;3.61321;1.71527;
1.94457;3.61404;1.71607;
1.94467;3.61321;1.71527;
1.94477;3.61404;1.71607;
1.94487;3.61321;1.71527;
1.94497;3.61404;1.71607;
1.94507;3.61321;1.71527;
1.94517;3.61404;1.71607;
1.94527;3.61321;1.71527;
1.94537;3.61404;1.71607;
1.94547;3.61321;1.71527;
1.94557;3.61404;1.71607;
1.94567;3.61321;1.71527;
1.94577;3.61404;1.71607;
1.94587;3.61321;1.71527;
1.94597;3.61404;1.71607;
1.94607;3.61321;1.71527;
1.94617;3.61404;1.71607;
1.94627;3.61321;1.71527;
1.94637;3.61404;1.71607;
1.94647;3.61321;1.71527;
1.94657;3.61404;1.71607;
1.94667;3.61321;1.71527;
1.94677;3.61404;1.71607;
1.94687;3.61321;1.71527;
1.94697;3.61404;1.71607;
1.94707;3.61321;1.71527;
1.94717;3.61404;1.71607;
1.94727;3.61321;1.71527;
1.94737;3.61404;1.71607;
1.94747;3.61321;1.71527;
1.94757;3.61404;1.71607;
1.94767;3.61321;1.71527;
1.94777;3.61404;1.71607;
1.94787;3.61321;1.71527;
1.94797;3.61404;1.71607;
1.94807;3.61321;1.71527;
1.94817;3.61404;1.71607;
1.94827;3.61321;1.71527;
1.94837;3.61404;1.71607;
1.94847;3.61321;1.71527;
1.94857;3.61404;1.71607;
1.94867;3.61321;1.71527;
1.94877;3.61404;1.71607;
1.94887;3.61321;1.71527;
1.94897;3.61404;1.71607;
1.94907;3.61321;1.71527;
1.94917;3.61404;1.71607;
1.94927;3.61321;1.71527;
1.94937;3.61404;1.71607;
1.94947;3.61321;1.71527;
1.94957;3.61404;1.71607;
1.94967;3.61321;1.71527;
1.94977;3.61404;1.71607;
1.94987;3.61321;1.71527;
1.94997;3.61404;1.71607;
1.95007;3.61321;1.71527;
1.95017;3.61404;1.71607;
1.95027;3.61321;1.71527;
1.95037;3.61404;1.71607;
1.95047;3.61321;1.71527;
1.95057;3.61404;1.71607;
1.95067;3.61321;1.71527;
1.95077;3.61404;1.71607;
1.95087;3.61321;1.71527;
1.95097;3.61404;1.71607;
1.95107;3.61321;1.71527;
1.95117;3.61404;1.71607;
1.95127;3.61321;1.71527;
1.95137;3.61404;1.71607;
1.95147;3.61321;1.71527;
1.95157;3.61404;1.71607;
1.95167;3.61321;1.71527;
1.95177;3.61404;1.71607;
1.95187;3.61321;1.71527;
1.95197;3.61404;1.71607;
1.95207;3.61321;1.71527;
1.95217;3.61404;1.71607;
1.95227;3.61321;1.71527;
1.95237;3.61404;1.71607;
1.95247;3.61321;1.71527;
1.95257;3.61404;1.71607;
1.95267;3.61321;1.71527;
1.95277;3.61404;1.71607;
1.95287;3.61321;1.71527;
1.95297;3.61404;1.71607;
1.95307;3.61321;1.71527;
1.95317;3.61404;1.71607;
1.95327;3.61321;1.71527;
1.95337;3.61404;1.71607;
1.95347;3.61321;1.71527;
1.95357;3.61404;1.71607;
1.95367;3.61321;1.71527;
1.95377;3.61404;1.71607;
1.95387;3.61321;1.71527;
1.95397;3.61404;1.71607;
1.95407;3.61321;1.71527;
1.95417;3.61404;1.71607;
1.95427;3.61321;1.71527;
1.95437;3.61404;1.71607;
1.95447;3.61321;1.71527;
1.95457;3.61404;1.71607;
1.95467;3.61321;1.71527;
1.95477;3.61404;1.71607;
1.95487;3.61321;1.71527;
1.95497;3.61404;1.71607;
1.95507;3.61321;1.71527;
1.95517;3.61404;1.71607;
1.95527;3.61321;1.71527;
1.95537;3.61404;1.71607;
1.95547;3.61321;1.71527;
1.95557;3.61404;1.71607;
1.95567;3.61321;1.71527;
1.95577;3.61404;1.71607;
1.95587;3.61321;1.71527;
1.95597;3.61404;1.71607;
1.95607;3.61321;1.71527;
1.95617;3.61404;1.71607;
1.95627;3.61321;1.71527;
1.95637;3.61404;1.71607;
1.95647;3.61321;1.71527;
1.95657;3.61404;1.71607;
1.95667;3.61321;1.71527;
1.95677;3.61404;1.71607;
1.95687;3.61321;1.71527;
1.95697;3.61404;1.71607;
1.95707;3.61321;1.71527;
1.95717;3.61404;1.71607;
1.95727;3.61321;1.71527;
1.95737;3.61404;1.71607;
1.95747;3.61321;1.71527;
1.95757;3.61404;1.71607;
1.95767;3.61321;1.71527;
1.95777;3.61404;1.71607;
1.95787;3.61321;1.71527;
1.95797;3.61404;1.71607;
1.95807;3.61321;1.71527;
1.95817;3.61404;1.71607;
1.95827;3.61321;1.71527;
1.95837;3.61404;1.71607;
1.95847;3.61321;1.71527;
1.95857;3.61404;1.71607;
1.95867;3.61321;1.71527;
1.95877;3.61404;1.71607;
1.95887;3.61321;1.71527;
1.95897;3.61404;1.71607;
1.95907;3.61321;1.71527;
1.95917;3.61404;1.71607;
1.95927;3.61321;1.71527;
1.95937;3.61404;1.71607;
1.95947;3.61321;1.71527;
1.95957;3.61404;1.71607;
1.95967;3.61321;1.71527;
1.95977;3.61404;1.71607;
1.95987;3.61321;1.71527;
1.95997;3.61404;1.71607;
1.96007;3.61321;1.71527;
1.96017;3.61404;1.71607;
1.96027;3.61321;1.71527;
1.96037;3.61404;1.71607;
1.96047;3.61321;1.71527;
1.96057;3.61404;1.71607;
1.96067;3.61321;1.71527;
1.96077;3.61404;1.71607;
1.96087;3.61321;1.71527;
1.96097;3.61404;1.71607;
1.96107;3.61321;1.71527;
1.96117;3.61404;1.71607;
1.96127;3.61321;1.71527;
1.96137;3.61404;1.71607;
1.96147;3.61321;1.71527;
1.96157;3.61404;1.71607;
1.96167;3.61321;1.71527;
1.96177;3.61404;1.71607;
1.96187;3.61321;1.71527;
1.96197;3.61404;1.71607;
1.96207;3.61321;1.71527;
1.96217;3.61404;1.71607;
1.96227;3.61321;1.71527;
1.96237;3.61404;1.71607;
1.96247;3.61321;1.71527;
1.96257;3.61404;1.71607;
1.96267;3.61321;1.71527;
1.96277;3.61404;1.71607;
1.96287;3.61321;1.71527;
1.96297;3.61404;1.71607;
1.96307;3.61321;1.71527;
1.96317;3.61404;1.71607;
1.96327;3.61321;1.71527;
1.96337;3.61404;1.71607;
1.96347;3.61321;1.71527;
1.96357;3.61404;1.71607;
1.96367;3.61321;1.71527;
1.96377;3.61404;1.71607;
1.96387;3.61321;1.71527;
1.96397;3.61404;1.71607;
1.96407;3.61321;1.71527;
1.96417;3.61404;1.71607;
1.96427;3.61321;1.71527;
1.96437;3.61404;1.71607;
1.96447;3.61321;1.71527;
1.96457;3.61404;1.71607;
1.96467;3.61321;1.71527;
1.96477;3.61404;1.71607;
1.96487;3.61321;1.71527;
1.96497;3.61404;1.71607;
1.96507;3.61321;1.71527;
1.96517;3.61404;1.71607;
1.96527;3.61321;1.71527;
1.96537;3.61404;1.71607;
1.96547;3.61321;1.71527;
1.96557;3.61404;1.71607;
1.96567;3.61321;1.71527;
1.96577;3.61404;1.71607;
1.96587;3.61321;1.71527;
1.96597;3.61404;1.71607;
1.96607;3.61321;1.71527;
1.96617;3.61404;1.71607;
1.96627;3.61321;1.71527;
1.96637;3.61404;1.71607;
1.96647;3.61321;1.71527;
1.96657;3.61404;1.71607;
1.96667;3.61321;1.71527;
1.96677;3.61404;1.71607;
1.96687;3.61321;1.71527;
1.96697;3.61404;1.71607;
1.96707;3.61321;1.71527;
1.96717;3.61404;1.71607;
1.96727;3.61321;1.71527;
1.96737;3.61404;1.71607;
1.96747;3.61321;1.71527;
1.96757;3.61404;1.71607;
1.96767;3.61321;1.71527;
1.96777;3.61404;1.71607;
1.96787;3.61321;1.71527;
1.96797;3.61404;1.71607;
1.96807;3.61321;1.71527;
1.96817;3.61404;1.71607;
1.96827;3.61321;1.71527;
1.96837;3.61404;1.71607;
1.96847;3.61321;1.71527;
1.96857;3.61404;1.71607;
1.96867;3.61321;1.71527;
1.96877;3.61404;1.71607;
1.96887;3.61321;1.71527;
1.96897;3.61404;1.71607;
1.96907;3.61321;1.71527;
1.96917;3.61404;1.71607;
1.96927;3.61321;1.71527;
1.96937;3.61404;1.71607;
1.96947;3.61321;1.71527;
1.96957;3.61404;1.71606;
1.96967;3.61321;1.71527;
1.96977;3.61404;1.71606;
1.96987;3.61321;1.71527;
1.96997;3.61404;1.71606;
1.97007;3.61321;1.71527;
1.97017;3.61404;1.71606;
1.97027;3.61321;1.71527;
1.97037;3.61404;1.71606;
1.97047;3.61321;1.71527;
1.97057;3.61404;1.71606;
1.97067;3.61321;1.71527;
1.97077;3.61404;1.71606;
1.97087;3.61321;1.71527;
1.97097;3.61404;1.71606;
1.97107;3.61321;1.71527;
1.97117;3.61404;1.71606;
1.97127;3.61321;1.71527;
1.97137;3.61404;1.71606;
1.97147;3.61321;1.71527;
1.97157;3.61404;1.71606;
1.97167;3.61321;1.71527;
1.97177;3.61404;1.71606;
1.97187;3.61321;1.71527;
1.97197;3.61404;1.71606;
1.97207;3.61321;1.71527;
1.97217;3.61404;1.71606;
1.97227;3.61321;1.71527;
1.97237;3.61404;1.71606;
1.97247;3.61321;1.71527;
1.97257;3.61404;1.71606;
1.97267;3.61321;1.71527;
1.97277;3.61404;1.71606;
1.97287;3.61321;1.71527;
1.97297;3.61404;1.71606;
1.97307;3.61321;1.71527;
1.97317;3.61404;1.71606;
1.97327;3.61321;1.71527;
1.97337;3.61404;1.71606;
1.97347;3.61321;1.71527;
1.97357;3.61404;1.71606;
1.97367;3.61321;1.71527;
1.97377;3.61404;1.71606;
1.97387;3.61321;1.71527;
1.97397;3.61404;1.71606;
1.97407;3.61321;1.71527;
1.97417;3.61404;1.71606;
1.97427;3.61321;1.71527;
1.97437;3.61404;1.71606;
1.97447;3.61321;1.71527;
1.97457;3.61404;1.71606;
1.97467;3.61321;1.71527;
1.97477;3.61404;1.71606;
1.97487;3.61321;1.71527;
1.97497;3.61404;1.71606;
1.97507;3.61321;1.71527;
1.97517;3.61404;1.71606;
1.97527;3.61321;1.71527;
1.97537;3.61404;1.71606;
1.97547;3.61321;1.71527;
1.97557;3.61404;1.71606;
1.97567;3.61321;1.71527;
1.97577;3.61404;1.71606;
1.97587;3.61321;1.71527;
1.97597;3.61404;1.71606;
1.97607;3.61321;1.71527;
1.97617;3.61404;1.71606;
1.97627;3.61321;1.71527;
1.97637;3.61404;1.71606;
1.97647;3.61321;1.71527;
1.97657;3.61404;1.71606;
1.97667;3.61321;1.71527;
1.97677;3.61404;1.71606;
1.97687;3.61321;1.71527;
1.97697;3.61404;1.71606;
1.97707;3.61321;1.71527;
1.97717;3.61404;1.71606;
1.97727;3.61321;1.71527;
1.97737;3.61404;1.71606;
1.97747;3.61321;1.71527;
1.97757;3.61404;1.71606;
1.97767;3.61321;1.71527;
1.97777;3.61404;1.71606;
1.97787;3.61321;1.71527;
1.97797;3.61404;1.71606;
1.97807;3.61321;1.71527;
1.97817;3.61404;1.71606;
1.97827;3.61321;1.71527;
1.97837;3.61404;1.71606;
1.97847;3.61321;1.71527;
1.97857;3.61404;1.71606;
1.97867;3.61321;1.71527;
1.97877;3.61404;1.71606;
1.97887;3.61321;1.71527;
1.97897;3.61404;1.71606;
1.97907;3.61321;1.71527;
1.97917;3.61404;1.71606;
1.97927;3.61321;1.71527;
1.97937;3.61404;1.71606;
1.97947;3.61321;1.71527;
1.97957;3.61404;1.71606;
1.97967;3.61321;1.71527;
1.97977;3.61404;1.71606;
1.97987;3.61321;1.71527;
1.97997;3.61404;1.71606;
1.98007;3.61321;1.71527;
1.98017;3.61404;1.71606;
1.98027;3.61321;1.71527;
1.98037;3.61404;1.71606;
1.98047;3.61321;1.71527;
1.98057;3.61404;1.71606;
1.98067;3.61321;1.71527;
1.98077;3.61404;1.71606;
1.98087;3.61321;1.71527;
1.98097;3.61404;1.71606;
1.98107;3.61321;1.71527;
1.98117;3.61404;1.71606;
1.98127;3.61321;1.71527;
1.98137;3.61404;1.71606;
1.98147;3.61321;1.71527;
1.98157;3.61404;1.71606;
1.98167;3.61321;1.71527;
1.98177;3.61404;1.71606;
1.98187;3.61321;1.71527;
1.98197;3.61404;1.71606;
1.98207;3.61321;1.71527;
1.98217;3.61404;1.71606;
1.98227;3.61321;1.71527;
1.98237;3.61404;1.71606;
1.98247;3.61321;1.71527;
1.98257;3.61404;1.71606;
1.98267;3.61321;1.71527;
1.98277;3.61404;1.71606;
1.98287;3.61321;1.71527;
1.98297;3.61404;1.71606;
1.98307;3.61321;1.71527;
1.98317;3.61404;1.71606;
1.98327;3.61321;1.71527;
1.98337;3.61404;1.71606;
1.98347;3.61321;1.71527;
1.98357;3.61404;1.71606;
1.98367;3.61321;1.71527;
1.98377;3.61404;1.71606;
1.98387;3.61321;1.71527;
1.98397;3.61404;1.71606;
1.98407;3.61321;1.71527;
1.98417;3.61404;1.71606;
1.98427;3.61321;1.71527;
1.98437;3.61404;1.71606;
1.98447;3.61321;1.71527;
1.98457;3.61404;1.71606;
1.98467;3.61321;1.71527;
1.98477;3.61404;1.71606;
1.98487;3.61321;1.71527;
1.98497;3.61404;1.71606;
1.98507;3.61321;1.71527;
1.98517;3.61404;1.71606;
1.98527;3.61321;1.71528;
1.98537;3.61404;1.71606;
1.98547;3.61321;1.71528;
1.98557;3.61404;1.71606;
1.98567;3.61321;1.71528;
1.98577;3.61404;1.71606;
1.98587;3.61321;1.71528;
1.98597;3.61404;1.71606;
1.98607;3.61321;1.71528;
1.98617;3.61404;1.71606;
1.98627;3.61321;1.71528;
1.98637;3.61404;1.71606;
1.98647;3.61321;1.71528;
1.98657;3.61404;1.71606;
1.98667;3.61321;1.71528;
1.98677;3.61404;1.71606;
1.98687;3.61321;1.71528;
1.98697;3.61404;1.71606;
1.98707;3.61321;1.71528;
1.98717;3.61404;1.71606;
1.98727;3.61321;1.71528;
1.98737;3.61404;1.71606;
1.98747;3.61321;1.71528;
1.98757;3.61404;1.71606;
1.98767;3.61321;1.71528;
1.98777;3.61404;1.71606;
1.98787;3.61321;1.71528;
1.98797;3.61404;1.71606;
1.98807;3.61321;1.71528;
1.98817;3.61404;1.71606;
1.98827;3.61321;1.71528;
1.98837;3.61404;1.71606;
1.98847;3.61321;1.71528;
1.98857;3.61404;1.71606;
1.98867;3.61321;1.71528;
1.98877;3.61404;1.71606;
1.98887;3.61321;1.71528;
1.98897;3.61404;1.71606;
1.98907;3.61321;1.71528;
1.98917;3.61404;1.71606;
1.98927;3.61321;1.71528;
1.98937;3.61404;1.71606;
1.98947;3.61321;1.71528;
1.98957;3.61404;1.71606;
1.98967;3.61321;1.71528;
1.98977;3.61404;1.71606;
1.98987;3.61321;1.71528;
1.98997;3.61404;1.71606;
1.99007;3.61321;1.71528;
1.99017;3.61404;1.71606;
1.99027;3.61321;1.71528;
1.99037;3.61404;1.71606;
1.99047;3.61321;1.71528;
1.99057;3.61404;1.71606;
1.99067;3.61321;1.71528;
1.99077;3.61404;1.71606;
1.99087;3.61321;1.71528;
1.99097;3.61403;1.71606;
1.99107;3.61321;1.71528;
1.99117;3.61403;1.71606;
1.99127;3.61321;1.71528;
1.99137;3.61403;1.71606;
1.99147;3.61321;1.71528;
1.99157;3.61403;1.71606;
1.99167;3.61321;1.71528;
1.99177;3.61403;1.71606;
1.99187;3.61321;1.71528;
1.99197;3.61403;1.71606;
1.99207;3.61321;1.71528;
1.99217;3.61403;1.71606;
1.99227;3.61321;1.71528;
1.99237;3.61403;1.71606;
1.99247;3.61321;1.71528;
1.99257;3.61403;1.71606;
1.99267;3.61321;1.71528;
1.99277;3.61403;1.71606;
1.99287;3.61321;1.71528;
1.99297;3.61403;1.71606;
1.99307;3.61321;1.71528;
1.99317;3.61403;1.71606;
1.99327;3.61321;1.71528;
1.99337;3.61403;1.71606;
1.99347;3.61321;1.71528;
1.99357;3.61403;1.71606;
1.99367;3.61321;1.71528;
1.99377;3.61403;1.71606;
1.99387;3.61321;1.71528;
1.99397;3.61403;1.71606;
1.99407;3.61321;1.71528;
1.99417;3.61403;1.71606;
1.99427;3.61321;1.71528;
1.99437;3.61403;1.71606;
1.99447;3.61321;1.71528;
1.99457;3.61403;1.71606;
1.99467;3.61321;1.71528;
1.99477;3.61403;1.71606;
1.99487;3.61321;1.71528;
1.99497;3.61403;1.71606;
1.99507;3.61321;1.71528;
1.99517;3.61403;1.71606;
1.99527;3.61321;1.71528;
1.99537;3.61403;1.71606;
1.99547;3.61321;1.71528;
1.99557;3.61403;1.71606;
1.99567;3.61321;1.71528;
1.99577;3.61403;1.71606;
1.99587;3.61321;1.71528;
1.99597;3.61403;1.71606;
1.99607;3.61321;1.71528;
1.99617;3.61403;1.71606;
1.99627;3.61321;1.71528;
1.99637;3.61403;1.71606;
1.99647;3.61321;1.71528;
1.99657;3.61403;1.71606;
1.99667;3.61321;1.71528;
1.99677;3.61403;1.71606;
1.99687;3.61321;1.71528;
1.99697;3.61403;1.71606;
1.99707;3.61321;1.71528;
1.99717;3.61403;1.71606;
1.99727;3.61321;1.71528;
1.99737;3.61403;1.71606;
1.99747;3.61321;1.71528;
1.99757;3.61403;1.71606;
1.99767;3.61321;1.71528;
1.99777;3.61403;1.71606;
1.99787;3.61321;1.71528;
1.99797;3.61403;1.71606;
1.99807;3.61321;1.71528;
1.99817;3.61403;1.71606;
1.99827;3.61321;1.71528;
1.99837;3.61403;1.71606;
1.99847;3.61321;1.71528;
1.99857;3.61403;1.71606;
1.99867;3.61321;1.71528;
1.99877;3.61403;1.71606;
1.99887;3.61321;1.71528;
1.99897;3.61403;1.71606;
1.99907;3.61321;1.71528;
1.99917;3.61403;1.71606;
1.99927;3.61321;1.71528;
1.99937;3.61403;1.71606;
1.99947;3.61321;1.71528;
1.99957;3.61403;1.71606;
1.99967;3.61321;1.71528;
1.99977;3.61403;1.71606;
1.99987;3.61321;1.71528;
1.99994;3.61403;1.71606;
2;3.61321;1.71528;
