time;V(/VCAP);V(/VOUT);
0;1.85418;2.66699;
1e-06;1.85418;2.66699;
2e-06;1.85418;2.66699;
4e-06;1.85418;2.66699;
8e-06;1.85418;2.66699;
1.6e-05;1.85418;2.66699;
3.2e-05;1.85418;2.66699;
6.4e-05;1.85418;2.66699;
0.000128;1.85418;2.66699;
0.000228;1.85418;2.66699;
0.000328;1.85418;2.66699;
0.000428;1.85418;2.66699;
0.000528;1.85418;2.66699;
0.000628;1.85418;2.66699;
0.000728;1.85418;2.66699;
0.000828;1.85418;2.66699;
0.000928;1.85418;2.66699;
0.001028;1.85418;2.66699;
0.001128;1.85418;2.66699;
0.001228;1.85418;2.66699;
0.001328;1.85418;2.66699;
0.001428;1.85418;2.66699;
0.001528;1.85418;2.66699;
0.001628;1.85418;2.66699;
0.001728;1.85418;2.66699;
0.001828;1.85418;2.66699;
0.001928;1.85418;2.66699;
0.002028;1.85418;2.66699;
0.002128;1.85418;2.66699;
0.002228;1.85418;2.66699;
0.002328;1.85418;2.66699;
0.002428;1.85418;2.66699;
0.002528;1.85418;2.66698;
0.002628;1.85418;2.66698;
0.002728;1.85418;2.66698;
0.002828;1.85418;2.66698;
0.002928;1.85418;2.66697;
0.003028;1.85418;2.66696;
0.003128;1.85418;2.66695;
0.003228;1.85418;2.66693;
0.003328;1.85418;2.6669;
0.003428;1.85418;2.66686;
0.003528;1.85418;2.66679;
0.003628;1.85418;2.66668;
0.003728;1.85418;2.66651;
0.003828;1.85417;2.66625;
0.003928;1.85417;2.66584;
0.004028;1.85416;2.6652;
0.004128;1.85415;2.6642;
0.004228;1.85413;2.66262;
0.004328;1.85411;2.66009;
0.004428;1.85406;2.65595;
0.004528;1.85399;2.64895;
0.004628;1.85386;2.63632;
0.004728;1.85364;2.6066;
0.00480106;1.85342;2.52146;
0.00486884;1.85322;2.43087;
0.00496003;1.85295;2.29748;
0.00506003;1.85265;2.1348;
0.00516003;1.85234;1.95527;
0.00526003;1.85204;1.75586;
0.00536003;1.85173;1.5316;
0.00546003;1.85143;1.28342;
0.00556003;1.85112;1.01573;
0.00566003;1.85082;0.727454;
0.00576003;1.85051;0.419147;
0.00577253;1.85048;0.379035;
0.00579753;1.8504;0.298008;
0.00582093;1.85033;0.00813347;
0.0058378;1.85028;0.00801186;
0.00585352;1.85023;0.00791375;
0.0058735;1.85017;0.00786686;
0.00591346;1.85005;0.00776094;
0.00599339;1.8498;0.00769572;
0.00609339;1.8495;0.00762357;
0.00619339;1.84919;0.0076278;
0.00620589;1.84915;0.00761847;
0.00623089;1.84908;0.0076253;
0.00623167;1.84907;0.00764511;
0.0062317;1.84907;0.00764432;
0.00623175;1.84907;0.00764372;
0.00623185;1.84907;0.00764088;
0.00623187;1.84907;0.00763919;
0.00623192;1.84907;0.00763475;
0.00623202;1.84907;0.0076073;
0.00623204;1.84907;0.00758737;
0.00623208;1.84907;0.0074644;
0.00623212;1.84907;0.247335;
0.00623214;1.84907;2.15404;
0.00623217;1.84907;3.19355;
0.00623219;1.84907;3.25095;
0.0062322;1.84907;3.37763;
0.00623221;1.84907;3.45842;
0.00623222;1.84907;3.49828;
0.00623224;1.84907;3.54058;
0.00623225;1.84907;3.55956;
0.00623227;1.84907;3.58677;
0.00623229;1.84907;3.59492;
0.00623232;1.84907;3.60968;
0.00623236;1.84907;3.60881;
0.00623241;1.84907;3.61559;
0.00623248;1.84907;3.61123;
0.00623258;1.84907;3.61597;
0.00623273;1.84907;3.61135;
0.00623299;1.84908;3.61592;
0.00623336;1.84908;3.61138;
0.0062341;1.84908;3.61584;
0.00623542;1.84909;3.61141;
0.00623806;1.8491;3.61583;
0.00624334;1.84912;3.61136;
0.00625391;1.84917;3.61582;
0.00627503;1.84927;3.61136;
0.00631729;1.84946;3.61582;
0.0064018;1.84984;3.61136;
0.0065018;1.85029;3.61582;
0.0066018;1.85074;3.61136;
0.0067018;1.85119;3.61582;
0.0068018;1.85164;3.61136;
0.0069018;1.85209;3.61582;
0.0070018;1.85254;3.61136;
0.0071018;1.85299;3.61582;
0.0072018;1.85344;3.61136;
0.0073018;1.85389;3.61582;
0.0074018;1.85433;3.61136;
0.0075018;1.85478;3.61582;
0.0076018;1.85523;3.61136;
0.0077018;1.85568;3.61582;
0.0078018;1.85613;3.61136;
0.0079018;1.85658;3.61582;
0.0080018;1.85703;3.61136;
0.0081018;1.85748;3.61582;
0.0082018;1.85793;3.61136;
0.0083018;1.85838;3.61582;
0.0084018;1.85883;3.61137;
0.0085018;1.85928;3.61582;
0.0086018;1.85972;3.61137;
0.0087018;1.86017;3.61582;
0.0088018;1.86062;3.61137;
0.0089018;1.86107;3.61582;
0.0090018;1.86152;3.61137;
0.0091018;1.86197;3.61582;
0.0092018;1.86242;3.61137;
0.0093018;1.86286;3.61582;
0.0094018;1.86331;3.61137;
0.0095018;1.86376;3.61582;
0.0096018;1.86421;3.61137;
0.0097018;1.86466;3.61582;
0.0098018;1.86511;3.61137;
0.0099018;1.86555;3.61582;
0.0100018;1.866;3.61137;
0.0101018;1.86645;3.61582;
0.0102018;1.8669;3.61137;
0.0103018;1.86734;3.61582;
0.0104018;1.86779;3.61137;
0.0105018;1.86824;3.61582;
0.0106018;1.86869;3.61137;
0.0107018;1.86913;3.61582;
0.0108018;1.86958;3.61137;
0.0109018;1.87003;3.61582;
0.0110018;1.87048;3.61137;
0.0111018;1.87092;3.61582;
0.0112018;1.87137;3.61137;
0.0113018;1.87182;3.61582;
0.0114018;1.87227;3.61137;
0.0115018;1.87271;3.61582;
0.0116018;1.87316;3.61137;
0.0117018;1.87361;3.61582;
0.0118018;1.87405;3.61137;
0.0119018;1.8745;3.61582;
0.0120018;1.87495;3.61137;
0.0121018;1.87539;3.61582;
0.0122018;1.87584;3.61137;
0.0123018;1.87629;3.61582;
0.0124018;1.87673;3.61137;
0.0125018;1.87718;3.61582;
0.0126018;1.87762;3.61137;
0.0127018;1.87807;3.61582;
0.0128018;1.87852;3.61137;
0.0129018;1.87896;3.61582;
0.0130018;1.87941;3.61137;
0.0131018;1.87985;3.61582;
0.0132018;1.8803;3.61137;
0.0133018;1.88075;3.61582;
0.0134018;1.88119;3.61137;
0.0135018;1.88164;3.61582;
0.0136018;1.88208;3.61137;
0.0137018;1.88253;3.61582;
0.0138018;1.88297;3.61137;
0.0139018;1.88342;3.61582;
0.0140018;1.88386;3.61137;
0.0141018;1.88431;3.61582;
0.0142018;1.88475;3.61137;
0.0143018;1.8852;3.61582;
0.0144018;1.88564;3.61137;
0.0145018;1.88609;3.61582;
0.0146018;1.88653;3.61137;
0.0147018;1.88698;3.61582;
0.0148018;1.88742;3.61137;
0.0149018;1.88787;3.61582;
0.0150018;1.88831;3.61137;
0.0151018;1.88876;3.61582;
0.0152018;1.8892;3.61137;
0.0153018;1.88965;3.61582;
0.0154018;1.89009;3.61137;
0.0155018;1.89054;3.61582;
0.0156018;1.89098;3.61137;
0.0157018;1.89142;3.61582;
0.0158018;1.89187;3.61137;
0.0159018;1.89231;3.61582;
0.0160018;1.89276;3.61137;
0.0161018;1.8932;3.61582;
0.0162018;1.89364;3.61137;
0.0163018;1.89409;3.61582;
0.0164018;1.89453;3.61137;
0.0165018;1.89498;3.61582;
0.0166018;1.89542;3.61137;
0.0167018;1.89586;3.61582;
0.0168018;1.89631;3.61137;
0.0169018;1.89675;3.61582;
0.0170018;1.89719;3.61137;
0.0171018;1.89764;3.61582;
0.0172018;1.89808;3.61137;
0.0173018;1.89852;3.61582;
0.0174018;1.89897;3.61137;
0.0175018;1.89941;3.61582;
0.0176018;1.89985;3.61137;
0.0177018;1.9003;3.61582;
0.0178018;1.90074;3.61137;
0.0179018;1.90118;3.61582;
0.0180018;1.90162;3.61137;
0.0181018;1.90207;3.61582;
0.0182018;1.90251;3.61137;
0.0183018;1.90295;3.61582;
0.0184018;1.90339;3.61137;
0.0185018;1.90384;3.61582;
0.0186018;1.90428;3.61137;
0.0187018;1.90472;3.61582;
0.0188018;1.90516;3.61137;
0.0189018;1.90561;3.61582;
0.0190018;1.90605;3.61137;
0.0191018;1.90649;3.61582;
0.0192018;1.90693;3.61137;
0.0193018;1.90737;3.61582;
0.0194018;1.90782;3.61137;
0.0195018;1.90826;3.61582;
0.0196018;1.9087;3.61137;
0.0197018;1.90914;3.61582;
0.0198018;1.90958;3.61137;
0.0199018;1.91002;3.61582;
0.0200018;1.91047;3.61137;
0.0201018;1.91091;3.61582;
0.0202018;1.91135;3.61137;
0.0203018;1.91179;3.61582;
0.0204018;1.91223;3.61137;
0.0205018;1.91267;3.61582;
0.0206018;1.91311;3.61137;
0.0207018;1.91355;3.61582;
0.0208018;1.914;3.61137;
0.0209018;1.91444;3.61582;
0.0210018;1.91488;3.61137;
0.0211018;1.91532;3.61582;
0.0212018;1.91576;3.61137;
0.0213018;1.9162;3.61582;
0.0214018;1.91664;3.61137;
0.0215018;1.91708;3.61582;
0.0216018;1.91752;3.61137;
0.0217018;1.91796;3.61582;
0.0218018;1.9184;3.61137;
0.0219018;1.91884;3.61582;
0.0220018;1.91928;3.61137;
0.0221018;1.91972;3.61582;
0.0222018;1.92016;3.61137;
0.0223018;1.9206;3.61582;
0.0224018;1.92104;3.61137;
0.0225018;1.92148;3.61582;
0.0226018;1.92192;3.61137;
0.0227018;1.92236;3.61582;
0.0228018;1.9228;3.61137;
0.0229018;1.92324;3.61582;
0.0230018;1.92368;3.61137;
0.0231018;1.92412;3.61582;
0.0232018;1.92456;3.61137;
0.0233018;1.925;3.61582;
0.0234018;1.92544;3.61137;
0.0235018;1.92588;3.61582;
0.0236018;1.92632;3.61137;
0.0237018;1.92676;3.61582;
0.0238018;1.9272;3.61137;
0.0239018;1.92763;3.61582;
0.0240018;1.92807;3.61137;
0.0241018;1.92851;3.61582;
0.0242018;1.92895;3.61137;
0.0243018;1.92939;3.61582;
0.0244018;1.92983;3.61137;
0.0245018;1.93027;3.61582;
0.0246018;1.93071;3.61137;
0.0247018;1.93114;3.61582;
0.0248018;1.93158;3.61137;
0.0249018;1.93202;3.61582;
0.0250018;1.93246;3.61137;
0.0251018;1.9329;3.61582;
0.0252018;1.93334;3.61137;
0.0253018;1.93377;3.61582;
0.0254018;1.93421;3.61137;
0.0255018;1.93465;3.61582;
0.0256018;1.93509;3.61137;
0.0257018;1.93553;3.61582;
0.0258018;1.93596;3.61137;
0.0259018;1.9364;3.61582;
0.0260018;1.93684;3.61137;
0.0261018;1.93728;3.61582;
0.0262018;1.93771;3.61137;
0.0263018;1.93815;3.61582;
0.0264018;1.93859;3.61137;
0.0265018;1.93903;3.61582;
0.0266018;1.93946;3.61137;
0.0267018;1.9399;3.61582;
0.0268018;1.94034;3.61137;
0.0269018;1.94077;3.61582;
0.0270018;1.94121;3.61137;
0.0271018;1.94165;3.61582;
0.0272018;1.94209;3.61137;
0.0273018;1.94252;3.61582;
0.0274018;1.94296;3.61137;
0.0275018;1.9434;3.61582;
0.0276018;1.94383;3.61137;
0.0277018;1.94427;3.61582;
0.0278018;1.94471;3.61137;
0.0279018;1.94514;3.61582;
0.0280018;1.94558;3.61137;
0.0281018;1.94602;3.61582;
0.0282018;1.94645;3.61137;
0.0283018;1.94689;3.61582;
0.0284018;1.94732;3.61137;
0.0285018;1.94776;3.61582;
0.0286018;1.9482;3.61137;
0.0287018;1.94863;3.61582;
0.0288018;1.94907;3.61137;
0.0289018;1.9495;3.61582;
0.0290018;1.94994;3.61137;
0.0291018;1.95038;3.61582;
0.0292018;1.95081;3.61137;
0.0293018;1.95125;3.61582;
0.0294018;1.95168;3.61137;
0.0295018;1.95212;3.61582;
0.0296018;1.95255;3.61137;
0.0297018;1.95299;3.61582;
0.0298018;1.95342;3.61137;
0.0299018;1.95386;3.61582;
0.0300018;1.95429;3.61137;
0.0301018;1.95473;3.61582;
0.0302018;1.95516;3.61137;
0.0303018;1.9556;3.61582;
0.0304018;1.95603;3.61137;
0.0305018;1.95647;3.61582;
0.0306018;1.9569;3.61137;
0.0307018;1.95734;3.61582;
0.0308018;1.95777;3.61137;
0.0309018;1.95821;3.61582;
0.0310018;1.95864;3.61137;
0.0311018;1.95908;3.61582;
0.0312018;1.95951;3.61137;
0.0313018;1.95995;3.61582;
0.0314018;1.96038;3.61137;
0.0315018;1.96081;3.61582;
0.0316018;1.96125;3.61137;
0.0317018;1.96168;3.61582;
0.0318018;1.96212;3.61137;
0.0319018;1.96255;3.61582;
0.0320018;1.96298;3.61137;
0.0321018;1.96342;3.61582;
0.0322018;1.96385;3.61137;
0.0323018;1.96429;3.61582;
0.0324018;1.96472;3.61137;
0.0325018;1.96515;3.61582;
0.0326018;1.96559;3.61137;
0.0327018;1.96602;3.61582;
0.0328018;1.96645;3.61137;
0.0329018;1.96689;3.61582;
0.0330018;1.96732;3.61137;
0.0331018;1.96775;3.61582;
0.0332018;1.96819;3.61137;
0.0333018;1.96862;3.61582;
0.0334018;1.96905;3.61137;
0.0335018;1.96949;3.61582;
0.0336018;1.96992;3.61137;
0.0337018;1.97035;3.61582;
0.0338018;1.97078;3.61137;
0.0339018;1.97122;3.61582;
0.0340018;1.97165;3.61137;
0.0341018;1.97208;3.61582;
0.0342018;1.97252;3.61137;
0.0343018;1.97295;3.61582;
0.0344018;1.97338;3.61137;
0.0345018;1.97381;3.61582;
0.0346018;1.97425;3.61137;
0.0347018;1.97468;3.61582;
0.0348018;1.97511;3.61137;
0.0349018;1.97554;3.61582;
0.0350018;1.97597;3.61137;
0.0351018;1.97641;3.61582;
0.0352018;1.97684;3.61137;
0.0353018;1.97727;3.61582;
0.0354018;1.9777;3.61137;
0.0355018;1.97813;3.61582;
0.0356018;1.97856;3.61137;
0.0357018;1.979;3.61582;
0.0358018;1.97943;3.61137;
0.0359018;1.97986;3.61582;
0.0360018;1.98029;3.61137;
0.0361018;1.98072;3.61582;
0.0362018;1.98115;3.61137;
0.0363018;1.98158;3.61582;
0.0364018;1.98202;3.61137;
0.0365018;1.98245;3.61582;
0.0366018;1.98288;3.61137;
0.0367018;1.98331;3.61582;
0.0368018;1.98374;3.61137;
0.0369018;1.98417;3.61582;
0.0370018;1.9846;3.61137;
0.0371018;1.98503;3.61582;
0.0372018;1.98546;3.61137;
0.0373018;1.98589;3.61582;
0.0374018;1.98632;3.61137;
0.0375018;1.98676;3.61582;
0.0376018;1.98719;3.61137;
0.0377018;1.98762;3.61582;
0.0378018;1.98805;3.61137;
0.0379018;1.98848;3.61582;
0.0380018;1.98891;3.61137;
0.0381018;1.98934;3.61582;
0.0382018;1.98977;3.61137;
0.0383018;1.9902;3.61582;
0.0384018;1.99063;3.61137;
0.0385018;1.99106;3.61582;
0.0386018;1.99149;3.61137;
0.0387018;1.99192;3.61582;
0.0388018;1.99235;3.61137;
0.0389018;1.99278;3.61582;
0.0390018;1.99321;3.61137;
0.0391018;1.99364;3.61582;
0.0392018;1.99406;3.61137;
0.0393018;1.99449;3.61582;
0.0394018;1.99492;3.61137;
0.0395018;1.99535;3.61582;
0.0396018;1.99578;3.61137;
0.0397018;1.99621;3.61582;
0.0398018;1.99664;3.61137;
0.0399018;1.99707;3.61582;
0.0400018;1.9975;3.61137;
0.0401018;1.99793;3.61582;
0.0402018;1.99836;3.61137;
0.0403018;1.99878;3.61582;
0.0404018;1.99921;3.61137;
0.0405018;1.99964;3.61582;
0.0406018;2.00007;3.61137;
0.0407018;2.0005;3.61582;
0.0408018;2.00093;3.61137;
0.0409018;2.00136;3.61582;
0.0410018;2.00178;3.61137;
0.0411018;2.00221;3.61582;
0.0412018;2.00264;3.61137;
0.0413018;2.00307;3.61582;
0.0414018;2.0035;3.61137;
0.0415018;2.00393;3.61582;
0.0416018;2.00435;3.61137;
0.0417018;2.00478;3.61582;
0.0418018;2.00521;3.61137;
0.0419018;2.00564;3.61582;
0.0420018;2.00606;3.61137;
0.0421018;2.00649;3.61582;
0.0422018;2.00692;3.61137;
0.0423018;2.00735;3.61582;
0.0424018;2.00778;3.61137;
0.0425018;2.0082;3.61582;
0.0426018;2.00863;3.61137;
0.0427018;2.00906;3.61582;
0.0428018;2.00948;3.61137;
0.0429018;2.00991;3.61582;
0.0430018;2.01034;3.61137;
0.0431018;2.01077;3.61582;
0.0432018;2.01119;3.61137;
0.0433018;2.01162;3.61582;
0.0434018;2.01205;3.61137;
0.0435018;2.01247;3.61582;
0.0436018;2.0129;3.61137;
0.0437018;2.01333;3.61582;
0.0438018;2.01375;3.61137;
0.0439018;2.01418;3.61582;
0.0440018;2.01461;3.61137;
0.0441018;2.01503;3.61582;
0.0442018;2.01546;3.61137;
0.0443018;2.01589;3.61582;
0.0444018;2.01631;3.61137;
0.0445018;2.01674;3.61582;
0.0446018;2.01716;3.61137;
0.0447018;2.01759;3.61582;
0.0448018;2.01802;3.61137;
0.0449018;2.01844;3.61582;
0.0450018;2.01887;3.61137;
0.0451018;2.01929;3.61582;
0.0452018;2.01972;3.61137;
0.0453018;2.02015;3.61582;
0.0454018;2.02057;3.61137;
0.0455018;2.021;3.61582;
0.0456018;2.02142;3.61137;
0.0457018;2.02185;3.61582;
0.0458018;2.02227;3.61137;
0.0459018;2.0227;3.61582;
0.0460018;2.02312;3.61137;
0.0461018;2.02355;3.61582;
0.0462018;2.02398;3.61137;
0.0463018;2.0244;3.61582;
0.0464018;2.02483;3.61137;
0.0465018;2.02525;3.61582;
0.0466018;2.02568;3.61137;
0.0467018;2.0261;3.61582;
0.0468018;2.02653;3.61137;
0.0469018;2.02695;3.61582;
0.0470018;2.02737;3.61137;
0.0471018;2.0278;3.61582;
0.0472018;2.02822;3.61137;
0.0473018;2.02865;3.61582;
0.0474018;2.02907;3.61137;
0.0475018;2.0295;3.61582;
0.0476018;2.02992;3.61137;
0.0477018;2.03035;3.61582;
0.0478018;2.03077;3.61137;
0.0479018;2.03119;3.61582;
0.0480018;2.03162;3.61137;
0.0481018;2.03204;3.61582;
0.0482018;2.03247;3.61137;
0.0483018;2.03289;3.61582;
0.0484018;2.03331;3.61137;
0.0485018;2.03374;3.61582;
0.0486018;2.03416;3.61137;
0.0487018;2.03459;3.61582;
0.0488018;2.03501;3.61137;
0.0489018;2.03543;3.61582;
0.0490018;2.03586;3.61137;
0.0491018;2.03628;3.61582;
0.0492018;2.0367;3.61137;
0.0493018;2.03713;3.61582;
0.0494018;2.03755;3.61137;
0.0495018;2.03797;3.61582;
0.0496018;2.0384;3.61137;
0.0497018;2.03882;3.61582;
0.0498018;2.03924;3.61137;
0.0499018;2.03966;3.61582;
0.0500018;2.04009;3.61137;
0.0501018;2.04051;3.61582;
0.0502018;2.04093;3.61137;
0.0503018;2.04136;3.61582;
0.0504018;2.04178;3.61137;
0.0505018;2.0422;3.61582;
0.0506018;2.04262;3.61137;
0.0507018;2.04305;3.61582;
0.0508018;2.04347;3.61137;
0.0509018;2.04389;3.61581;
0.0510018;2.04431;3.61137;
0.0511018;2.04474;3.61581;
0.0512018;2.04516;3.61137;
0.0513018;2.04558;3.61581;
0.0514018;2.046;3.61137;
0.0515018;2.04642;3.61581;
0.0516018;2.04685;3.61138;
0.0517018;2.04727;3.61581;
0.0518018;2.04769;3.61138;
0.0519018;2.04811;3.61581;
0.0520018;2.04853;3.61138;
0.0521018;2.04895;3.61581;
0.0522018;2.04938;3.61138;
0.0523018;2.0498;3.61581;
0.0524018;2.05022;3.61138;
0.0525018;2.05064;3.61581;
0.0526018;2.05106;3.61138;
0.0527018;2.05148;3.61581;
0.0528018;2.0519;3.61138;
0.0529018;2.05232;3.61581;
0.0530018;2.05275;3.61138;
0.0531018;2.05317;3.61581;
0.0532018;2.05359;3.61138;
0.0533018;2.05401;3.61581;
0.0534018;2.05443;3.61138;
0.0535018;2.05485;3.61581;
0.0536018;2.05527;3.61138;
0.0537018;2.05569;3.61581;
0.0538018;2.05611;3.61138;
0.0539018;2.05653;3.61581;
0.0540018;2.05695;3.61138;
0.0541018;2.05737;3.61581;
0.0542018;2.05779;3.61138;
0.0543018;2.05821;3.61581;
0.0544018;2.05863;3.61138;
0.0545018;2.05905;3.61581;
0.0546018;2.05947;3.61138;
0.0547018;2.05989;3.61581;
0.0548018;2.06031;3.61138;
0.0549018;2.06073;3.61581;
0.0550018;2.06115;3.61138;
0.0551018;2.06157;3.61581;
0.0552018;2.06199;3.61138;
0.0553018;2.06241;3.61581;
0.0554018;2.06283;3.61138;
0.0555018;2.06325;3.61581;
0.0556018;2.06367;3.61138;
0.0557018;2.06409;3.61581;
0.0558018;2.06451;3.61138;
0.0559018;2.06493;3.61581;
0.0560018;2.06535;3.61138;
0.0561018;2.06577;3.61581;
0.0562018;2.06619;3.61138;
0.0563018;2.06661;3.61581;
0.0564018;2.06703;3.61138;
0.0565018;2.06745;3.61581;
0.0566018;2.06786;3.61138;
0.0567018;2.06828;3.61581;
0.0568018;2.0687;3.61138;
0.0569018;2.06912;3.61581;
0.0570018;2.06954;3.61138;
0.0571018;2.06996;3.61581;
0.0572018;2.07038;3.61138;
0.0573018;2.0708;3.61581;
0.0574018;2.07121;3.61138;
0.0575018;2.07163;3.61581;
0.0576018;2.07205;3.61138;
0.0577018;2.07247;3.61581;
0.0578018;2.07289;3.61138;
0.0579018;2.0733;3.61581;
0.0580018;2.07372;3.61138;
0.0581018;2.07414;3.61581;
0.0582018;2.07456;3.61138;
0.0583018;2.07498;3.61581;
0.0584018;2.07539;3.61138;
0.0585018;2.07581;3.61581;
0.0586018;2.07623;3.61138;
0.0587018;2.07665;3.61581;
0.0588018;2.07707;3.61138;
0.0589018;2.07748;3.61581;
0.0590018;2.0779;3.61138;
0.0591018;2.07832;3.61581;
0.0592018;2.07874;3.61138;
0.0593018;2.07915;3.61581;
0.0594018;2.07957;3.61138;
0.0595018;2.07999;3.61581;
0.0596018;2.0804;3.61138;
0.0597018;2.08082;3.61581;
0.0598018;2.08124;3.61138;
0.0599018;2.08166;3.61581;
0.0600018;2.08207;3.61138;
0.0601018;2.08249;3.61581;
0.0602018;2.08291;3.61138;
0.0603018;2.08332;3.61581;
0.0604018;2.08374;3.61138;
0.0605018;2.08416;3.61581;
0.0606018;2.08457;3.61138;
0.0607018;2.08499;3.61581;
0.0608018;2.0854;3.61138;
0.0609018;2.08582;3.61581;
0.0610018;2.08624;3.61138;
0.0611018;2.08665;3.61581;
0.0612018;2.08707;3.61138;
0.0613018;2.08749;3.61581;
0.0614018;2.0879;3.61138;
0.0615018;2.08832;3.61581;
0.0616018;2.08873;3.61138;
0.0617018;2.08915;3.61581;
0.0618018;2.08957;3.61138;
0.0619018;2.08998;3.61581;
0.0620018;2.0904;3.61138;
0.0621018;2.09081;3.61581;
0.0622018;2.09123;3.61138;
0.0623018;2.09164;3.61581;
0.0624018;2.09206;3.61138;
0.0625018;2.09247;3.61581;
0.0626018;2.09289;3.61138;
0.0627018;2.09331;3.61581;
0.0628018;2.09372;3.61138;
0.0629018;2.09414;3.61581;
0.0630018;2.09455;3.61138;
0.0631018;2.09497;3.61581;
0.0632018;2.09538;3.61138;
0.0633018;2.0958;3.61581;
0.0634018;2.09621;3.61138;
0.0635018;2.09663;3.61581;
0.0636018;2.09704;3.61138;
0.0637018;2.09745;3.61581;
0.0638018;2.09787;3.61138;
0.0639018;2.09828;3.61581;
0.0640018;2.0987;3.61138;
0.0641018;2.09911;3.61581;
0.0642018;2.09953;3.61138;
0.0643018;2.09994;3.61581;
0.0644018;2.10036;3.61138;
0.0645018;2.10077;3.61581;
0.0646018;2.10118;3.61138;
0.0647018;2.1016;3.61581;
0.0648018;2.10201;3.61138;
0.0649018;2.10243;3.61581;
0.0650018;2.10284;3.61138;
0.0651018;2.10325;3.61581;
0.0652018;2.10367;3.61138;
0.0653018;2.10408;3.61581;
0.0654018;2.1045;3.61138;
0.0655018;2.10491;3.61581;
0.0656018;2.10532;3.61138;
0.0657018;2.10574;3.61581;
0.0658018;2.10615;3.61138;
0.0659018;2.10656;3.61581;
0.0660018;2.10698;3.61138;
0.0661018;2.10739;3.61581;
0.0662018;2.1078;3.61138;
0.0663018;2.10822;3.61581;
0.0664018;2.10863;3.61138;
0.0665018;2.10904;3.61581;
0.0666018;2.10945;3.61138;
0.0667018;2.10987;3.61581;
0.0668018;2.11028;3.61138;
0.0669018;2.11069;3.61581;
0.0670018;2.11111;3.61138;
0.0671018;2.11152;3.61581;
0.0672018;2.11193;3.61138;
0.0673018;2.11234;3.61581;
0.0674018;2.11276;3.61138;
0.0675018;2.11317;3.61581;
0.0676018;2.11358;3.61138;
0.0677018;2.11399;3.61581;
0.0678018;2.11441;3.61138;
0.0679018;2.11482;3.61581;
0.0680018;2.11523;3.61138;
0.0681018;2.11564;3.61581;
0.0682018;2.11605;3.61138;
0.0683018;2.11647;3.61581;
0.0684018;2.11688;3.61138;
0.0685018;2.11729;3.61581;
0.0686018;2.1177;3.61138;
0.0687018;2.11811;3.61581;
0.0688018;2.11853;3.61138;
0.0689018;2.11894;3.61581;
0.0690018;2.11935;3.61138;
0.0691018;2.11976;3.61581;
0.0692018;2.12017;3.61138;
0.0693018;2.12058;3.61581;
0.0694018;2.12099;3.61138;
0.0695018;2.12141;3.61581;
0.0696018;2.12182;3.61138;
0.0697018;2.12223;3.61581;
0.0698018;2.12264;3.61138;
0.0699018;2.12305;3.61581;
0.0700018;2.12346;3.61138;
0.0701018;2.12387;3.61581;
0.0702018;2.12428;3.61138;
0.0703018;2.12469;3.61581;
0.0704018;2.1251;3.61138;
0.0705018;2.12551;3.61581;
0.0706018;2.12593;3.61138;
0.0707018;2.12634;3.61581;
0.0708018;2.12675;3.61138;
0.0709018;2.12716;3.61581;
0.0710018;2.12757;3.61138;
0.0711018;2.12798;3.61581;
0.0712018;2.12839;3.61138;
0.0713018;2.1288;3.61581;
0.0714018;2.12921;3.61138;
0.0715018;2.12962;3.61581;
0.0716018;2.13003;3.61138;
0.0717018;2.13044;3.61581;
0.0718018;2.13085;3.61138;
0.0719018;2.13126;3.61581;
0.0720018;2.13167;3.61138;
0.0721018;2.13208;3.61581;
0.0722018;2.13249;3.61138;
0.0723018;2.1329;3.61581;
0.0724018;2.13331;3.61138;
0.0725018;2.13372;3.61581;
0.0726018;2.13412;3.61138;
0.0727018;2.13453;3.61581;
0.0728018;2.13494;3.61138;
0.0729018;2.13535;3.61581;
0.0730018;2.13576;3.61138;
0.0731018;2.13617;3.61581;
0.0732018;2.13658;3.61138;
0.0733018;2.13699;3.61581;
0.0734018;2.1374;3.61138;
0.0735018;2.13781;3.61581;
0.0736018;2.13822;3.61138;
0.0737018;2.13862;3.61581;
0.0738018;2.13903;3.61138;
0.0739018;2.13944;3.61581;
0.0740018;2.13985;3.61138;
0.0741018;2.14026;3.61581;
0.0742018;2.14067;3.61138;
0.0743018;2.14108;3.61581;
0.0744018;2.14148;3.61138;
0.0745018;2.14189;3.61581;
0.0746018;2.1423;3.61138;
0.0747018;2.14271;3.61581;
0.0748018;2.14312;3.61138;
0.0749018;2.14353;3.61581;
0.0750018;2.14393;3.61138;
0.0751018;2.14434;3.61581;
0.0752018;2.14475;3.61138;
0.0753018;2.14516;3.61581;
0.0754018;2.14557;3.61138;
0.0755018;2.14597;3.61581;
0.0756018;2.14638;3.61138;
0.0757018;2.14679;3.61581;
0.0758018;2.1472;3.61138;
0.0759018;2.1476;3.61581;
0.0760018;2.14801;3.61138;
0.0761018;2.14842;3.61581;
0.0762018;2.14883;3.61138;
0.0763018;2.14923;3.61581;
0.0764018;2.14964;3.61138;
0.0765018;2.15005;3.61581;
0.0766018;2.15045;3.61138;
0.0767018;2.15086;3.61581;
0.0768018;2.15127;3.61138;
0.0769018;2.15168;3.61581;
0.0770018;2.15208;3.61138;
0.0771018;2.15249;3.61581;
0.0772018;2.1529;3.61138;
0.0773018;2.1533;3.61581;
0.0774018;2.15371;3.61138;
0.0775018;2.15412;3.61581;
0.0776018;2.15452;3.61138;
0.0777018;2.15493;3.61581;
0.0778018;2.15534;3.61138;
0.0779018;2.15574;3.61581;
0.0780018;2.15615;3.61138;
0.0781018;2.15655;3.61581;
0.0782018;2.15696;3.61138;
0.0783018;2.15737;3.61581;
0.0784018;2.15777;3.61138;
0.0785018;2.15818;3.61581;
0.0786018;2.15858;3.61138;
0.0787018;2.15899;3.61581;
0.0788018;2.1594;3.61138;
0.0789018;2.1598;3.61581;
0.0790018;2.16021;3.61138;
0.0791018;2.16061;3.61581;
0.0792018;2.16102;3.61138;
0.0793018;2.16142;3.61581;
0.0794018;2.16183;3.61138;
0.0795018;2.16224;3.61581;
0.0796018;2.16264;3.61138;
0.0797018;2.16305;3.61581;
0.0798018;2.16345;3.61138;
0.0799018;2.16386;3.61581;
0.0800018;2.16426;3.61138;
0.0801018;2.16467;3.61581;
0.0802018;2.16507;3.61138;
0.0803018;2.16548;3.61581;
0.0804018;2.16588;3.61138;
0.0805018;2.16629;3.61581;
0.0806018;2.16669;3.61138;
0.0807018;2.1671;3.61581;
0.0808018;2.1675;3.61138;
0.0809018;2.16791;3.61581;
0.0810018;2.16831;3.61138;
0.0811018;2.16871;3.61581;
0.0812018;2.16912;3.61138;
0.0813018;2.16952;3.61581;
0.0814018;2.16993;3.61138;
0.0815018;2.17033;3.61581;
0.0816018;2.17074;3.61138;
0.0817018;2.17114;3.61581;
0.0818018;2.17154;3.61138;
0.0819018;2.17195;3.61581;
0.0820018;2.17235;3.61138;
0.0821018;2.17276;3.61581;
0.0822018;2.17316;3.61138;
0.0823018;2.17356;3.61581;
0.0824018;2.17397;3.61138;
0.0825018;2.17437;3.61581;
0.0826018;2.17478;3.61138;
0.0827018;2.17518;3.61581;
0.0828018;2.17558;3.61138;
0.0829018;2.17599;3.61581;
0.0830018;2.17639;3.61139;
0.0831018;2.17679;3.61581;
0.0832018;2.1772;3.61139;
0.0833018;2.1776;3.61581;
0.0834018;2.178;3.61139;
0.0835018;2.17841;3.61581;
0.0836018;2.17881;3.61139;
0.0837018;2.17921;3.61581;
0.0838018;2.17961;3.61139;
0.0839018;2.18002;3.61581;
0.0840018;2.18042;3.61139;
0.0841018;2.18082;3.61581;
0.0842018;2.18123;3.61139;
0.0843018;2.18163;3.61581;
0.0844018;2.18203;3.61139;
0.0845018;2.18243;3.6158;
0.0846018;2.18284;3.61139;
0.0847018;2.18324;3.6158;
0.0848018;2.18364;3.61139;
0.0849018;2.18404;3.6158;
0.0850018;2.18444;3.61139;
0.0851018;2.18485;3.6158;
0.0852018;2.18525;3.61139;
0.0853018;2.18565;3.6158;
0.0854018;2.18605;3.61139;
0.0855018;2.18646;3.6158;
0.0856018;2.18686;3.61139;
0.0857018;2.18726;3.6158;
0.0858018;2.18766;3.61139;
0.0859018;2.18806;3.6158;
0.0860018;2.18846;3.61139;
0.0861018;2.18887;3.6158;
0.0862018;2.18927;3.61139;
0.0863018;2.18967;3.6158;
0.0864018;2.19007;3.61139;
0.0865018;2.19047;3.6158;
0.0866018;2.19087;3.61139;
0.0867018;2.19127;3.6158;
0.0868018;2.19168;3.61139;
0.0869018;2.19208;3.6158;
0.0870018;2.19248;3.61139;
0.0871018;2.19288;3.6158;
0.0872018;2.19328;3.61139;
0.0873018;2.19368;3.6158;
0.0874018;2.19408;3.61139;
0.0875018;2.19448;3.6158;
0.0876018;2.19488;3.61139;
0.0877018;2.19528;3.6158;
0.0878018;2.19568;3.61139;
0.0879018;2.19609;3.6158;
0.0880018;2.19649;3.61139;
0.0881018;2.19689;3.6158;
0.0882018;2.19729;3.61139;
0.0883018;2.19769;3.6158;
0.0884018;2.19809;3.61139;
0.0885018;2.19849;3.6158;
0.0886018;2.19889;3.61139;
0.0887018;2.19929;3.6158;
0.0888018;2.19969;3.61139;
0.0889018;2.20009;3.6158;
0.0890018;2.20049;3.61139;
0.0891018;2.20089;3.6158;
0.0892018;2.20129;3.61139;
0.0893018;2.20169;3.6158;
0.0894018;2.20209;3.61139;
0.0895018;2.20249;3.6158;
0.0896018;2.20289;3.61139;
0.0897018;2.20329;3.6158;
0.0898018;2.20369;3.61139;
0.0899018;2.20408;3.6158;
0.0900018;2.20448;3.61139;
0.0901018;2.20488;3.6158;
0.0902018;2.20528;3.61139;
0.0903018;2.20568;3.6158;
0.0904018;2.20608;3.61139;
0.0905018;2.20648;3.6158;
0.0906018;2.20688;3.61139;
0.0907018;2.20728;3.6158;
0.0908018;2.20768;3.61139;
0.0909018;2.20808;3.6158;
0.0910018;2.20848;3.61139;
0.0911018;2.20887;3.6158;
0.0912018;2.20927;3.61139;
0.0913018;2.20967;3.6158;
0.0914018;2.21007;3.61139;
0.0915018;2.21047;3.6158;
0.0916018;2.21087;3.61139;
0.0917018;2.21127;3.6158;
0.0918018;2.21166;3.61139;
0.0919018;2.21206;3.6158;
0.0920018;2.21246;3.61139;
0.0921018;2.21286;3.6158;
0.0922018;2.21326;3.61139;
0.0923018;2.21365;3.6158;
0.0924018;2.21405;3.61139;
0.0925018;2.21445;3.6158;
0.0926018;2.21485;3.61139;
0.0927018;2.21525;3.6158;
0.0928018;2.21564;3.61139;
0.0929018;2.21604;3.6158;
0.0930018;2.21644;3.61139;
0.0931018;2.21684;3.6158;
0.0932018;2.21723;3.61139;
0.0933018;2.21763;3.6158;
0.0934018;2.21803;3.61139;
0.0935018;2.21843;3.6158;
0.0936018;2.21882;3.61139;
0.0937018;2.21922;3.6158;
0.0938018;2.21962;3.61139;
0.0939018;2.22002;3.6158;
0.0940018;2.22041;3.61139;
0.0941018;2.22081;3.6158;
0.0942018;2.22121;3.61139;
0.0943018;2.2216;3.6158;
0.0944018;2.222;3.61139;
0.0945018;2.2224;3.6158;
0.0946018;2.22279;3.61139;
0.0947018;2.22319;3.6158;
0.0948018;2.22359;3.61139;
0.0949018;2.22398;3.6158;
0.0950018;2.22438;3.61139;
0.0951018;2.22478;3.6158;
0.0952018;2.22517;3.61139;
0.0953018;2.22557;3.6158;
0.0954018;2.22597;3.61139;
0.0955018;2.22636;3.6158;
0.0956018;2.22676;3.61139;
0.0957018;2.22716;3.6158;
0.0958018;2.22755;3.61139;
0.0959018;2.22795;3.6158;
0.0960018;2.22834;3.61139;
0.0961018;2.22874;3.6158;
0.0962018;2.22914;3.61139;
0.0963018;2.22953;3.6158;
0.0964018;2.22993;3.61139;
0.0965018;2.23032;3.6158;
0.0966018;2.23072;3.61139;
0.0967018;2.23111;3.6158;
0.0968018;2.23151;3.61139;
0.0969018;2.2319;3.6158;
0.0970018;2.2323;3.61139;
0.0971018;2.2327;3.6158;
0.0972018;2.23309;3.61139;
0.0973018;2.23349;3.6158;
0.0974018;2.23388;3.61139;
0.0975018;2.23428;3.6158;
0.0976018;2.23467;3.61139;
0.0977018;2.23507;3.6158;
0.0978018;2.23546;3.61139;
0.0979018;2.23586;3.6158;
0.0980018;2.23625;3.61139;
0.0981018;2.23665;3.6158;
0.0982018;2.23704;3.61139;
0.0983018;2.23744;3.6158;
0.0984018;2.23783;3.61139;
0.0985018;2.23822;3.6158;
0.0986018;2.23862;3.61139;
0.0987018;2.23901;3.6158;
0.0988018;2.23941;3.61139;
0.0989018;2.2398;3.6158;
0.0990018;2.2402;3.61139;
0.0991018;2.24059;3.6158;
0.0992018;2.24098;3.61139;
0.0993018;2.24138;3.6158;
0.0994018;2.24177;3.61139;
0.0995018;2.24217;3.6158;
0.0996018;2.24256;3.61139;
0.0997018;2.24295;3.6158;
0.0998018;2.24335;3.61139;
0.0999018;2.24374;3.6158;
0.100002;2.24414;3.61139;
0.100102;2.24453;3.6158;
0.100202;2.24492;3.61139;
0.100302;2.24532;3.6158;
0.100402;2.24571;3.61139;
0.100502;2.2461;3.6158;
0.100602;2.2465;3.61139;
0.100702;2.24689;3.6158;
0.100802;2.24728;3.61139;
0.100902;2.24768;3.6158;
0.101002;2.24807;3.61139;
0.101102;2.24846;3.6158;
0.101202;2.24886;3.61139;
0.101302;2.24925;3.6158;
0.101402;2.24964;3.61139;
0.101502;2.25004;3.6158;
0.101602;2.25043;3.61139;
0.101702;2.25082;3.6158;
0.101802;2.25121;3.61139;
0.101902;2.25161;3.6158;
0.102002;2.252;3.61139;
0.102102;2.25239;3.6158;
0.102202;2.25278;3.61139;
0.102302;2.25318;3.6158;
0.102402;2.25357;3.61139;
0.102502;2.25396;3.6158;
0.102602;2.25435;3.61139;
0.102702;2.25475;3.6158;
0.102802;2.25514;3.61139;
0.102902;2.25553;3.6158;
0.103002;2.25592;3.61139;
0.103102;2.25631;3.6158;
0.103202;2.25671;3.61139;
0.103302;2.2571;3.6158;
0.103402;2.25749;3.61139;
0.103502;2.25788;3.6158;
0.103602;2.25827;3.61139;
0.103702;2.25866;3.6158;
0.103802;2.25906;3.61139;
0.103902;2.25945;3.6158;
0.104002;2.25984;3.61139;
0.104102;2.26023;3.6158;
0.104202;2.26062;3.61139;
0.104302;2.26101;3.6158;
0.104402;2.2614;3.61139;
0.104502;2.2618;3.6158;
0.104602;2.26219;3.61139;
0.104702;2.26258;3.6158;
0.104802;2.26297;3.61139;
0.104902;2.26336;3.6158;
0.105002;2.26375;3.61139;
0.105102;2.26414;3.6158;
0.105202;2.26453;3.61139;
0.105302;2.26492;3.6158;
0.105402;2.26531;3.61139;
0.105502;2.2657;3.6158;
0.105602;2.2661;3.61139;
0.105702;2.26649;3.6158;
0.105802;2.26688;3.61139;
0.105902;2.26727;3.6158;
0.106002;2.26766;3.61139;
0.106102;2.26805;3.6158;
0.106202;2.26844;3.61139;
0.106302;2.26883;3.6158;
0.106402;2.26922;3.61139;
0.106502;2.26961;3.6158;
0.106602;2.27;3.61139;
0.106702;2.27039;3.6158;
0.106802;2.27078;3.61139;
0.106902;2.27117;3.6158;
0.107002;2.27156;3.61139;
0.107102;2.27195;3.6158;
0.107202;2.27234;3.61139;
0.107302;2.27273;3.6158;
0.107402;2.27312;3.61139;
0.107502;2.27351;3.6158;
0.107602;2.2739;3.61139;
0.107702;2.27428;3.6158;
0.107802;2.27467;3.61139;
0.107902;2.27506;3.6158;
0.108002;2.27545;3.61139;
0.108102;2.27584;3.6158;
0.108202;2.27623;3.61139;
0.108302;2.27662;3.6158;
0.108402;2.27701;3.61139;
0.108502;2.2774;3.6158;
0.108602;2.27779;3.61139;
0.108702;2.27818;3.6158;
0.108802;2.27856;3.61139;
0.108902;2.27895;3.6158;
0.109002;2.27934;3.61139;
0.109102;2.27973;3.6158;
0.109202;2.28012;3.61139;
0.109302;2.28051;3.6158;
0.109402;2.2809;3.61139;
0.109502;2.28128;3.6158;
0.109602;2.28167;3.61139;
0.109702;2.28206;3.6158;
0.109802;2.28245;3.61139;
0.109902;2.28284;3.6158;
0.110002;2.28323;3.61139;
0.110102;2.28361;3.6158;
0.110202;2.284;3.61139;
0.110302;2.28439;3.6158;
0.110402;2.28478;3.61139;
0.110502;2.28517;3.6158;
0.110602;2.28555;3.61139;
0.110702;2.28594;3.6158;
0.110802;2.28633;3.6114;
0.110902;2.28672;3.6158;
0.111002;2.2871;3.6114;
0.111102;2.28749;3.6158;
0.111202;2.28788;3.6114;
0.111302;2.28827;3.6158;
0.111402;2.28865;3.6114;
0.111502;2.28904;3.6158;
0.111602;2.28943;3.6114;
0.111702;2.28982;3.6158;
0.111802;2.2902;3.6114;
0.111902;2.29059;3.6158;
0.112002;2.29098;3.6114;
0.112102;2.29136;3.6158;
0.112202;2.29175;3.6114;
0.112302;2.29214;3.6158;
0.112402;2.29252;3.6114;
0.112502;2.29291;3.6158;
0.112602;2.2933;3.6114;
0.112702;2.29368;3.6158;
0.112802;2.29407;3.6114;
0.112902;2.29446;3.6158;
0.113002;2.29484;3.6114;
0.113102;2.29523;3.6158;
0.113202;2.29562;3.6114;
0.113302;2.296;3.6158;
0.113402;2.29639;3.6114;
0.113502;2.29678;3.6158;
0.113602;2.29716;3.6114;
0.113702;2.29755;3.6158;
0.113802;2.29793;3.6114;
0.113902;2.29832;3.61579;
0.114002;2.29871;3.6114;
0.114102;2.29909;3.61579;
0.114202;2.29948;3.6114;
0.114302;2.29986;3.61579;
0.114402;2.30025;3.6114;
0.114502;2.30063;3.61579;
0.114602;2.30102;3.6114;
0.114702;2.30141;3.61579;
0.114802;2.30179;3.6114;
0.114902;2.30218;3.61579;
0.115002;2.30256;3.6114;
0.115102;2.30295;3.61579;
0.115202;2.30333;3.6114;
0.115302;2.30372;3.61579;
0.115402;2.3041;3.6114;
0.115502;2.30449;3.61579;
0.115602;2.30487;3.6114;
0.115702;2.30526;3.61579;
0.115802;2.30564;3.6114;
0.115902;2.30603;3.61579;
0.116002;2.30641;3.6114;
0.116102;2.3068;3.61579;
0.116202;2.30718;3.6114;
0.116302;2.30757;3.61579;
0.116402;2.30795;3.6114;
0.116502;2.30834;3.61579;
0.116602;2.30872;3.6114;
0.116702;2.30911;3.61579;
0.116802;2.30949;3.6114;
0.116902;2.30987;3.61579;
0.117002;2.31026;3.6114;
0.117102;2.31064;3.61579;
0.117202;2.31103;3.6114;
0.117302;2.31141;3.61579;
0.117402;2.31179;3.6114;
0.117502;2.31218;3.61579;
0.117602;2.31256;3.6114;
0.117702;2.31295;3.61579;
0.117802;2.31333;3.6114;
0.117902;2.31371;3.61579;
0.118002;2.3141;3.6114;
0.118102;2.31448;3.61579;
0.118202;2.31487;3.6114;
0.118302;2.31525;3.61579;
0.118402;2.31563;3.6114;
0.118502;2.31602;3.61579;
0.118602;2.3164;3.6114;
0.118702;2.31678;3.61579;
0.118802;2.31717;3.6114;
0.118902;2.31755;3.61579;
0.119002;2.31793;3.6114;
0.119102;2.31832;3.61579;
0.119202;2.3187;3.6114;
0.119302;2.31908;3.61579;
0.119402;2.31946;3.6114;
0.119502;2.31985;3.61579;
0.119602;2.32023;3.6114;
0.119702;2.32061;3.61579;
0.119802;2.321;3.6114;
0.119902;2.32138;3.61579;
0.120002;2.32176;3.6114;
0.120102;2.32214;3.61579;
0.120202;2.32253;3.6114;
0.120302;2.32291;3.61579;
0.120402;2.32329;3.6114;
0.120502;2.32367;3.61579;
0.120602;2.32406;3.6114;
0.120702;2.32444;3.61579;
0.120802;2.32482;3.6114;
0.120902;2.3252;3.61579;
0.121002;2.32558;3.6114;
0.121102;2.32597;3.61579;
0.121202;2.32635;3.6114;
0.121302;2.32673;3.61579;
0.121402;2.32711;3.6114;
0.121502;2.32749;3.61579;
0.121602;2.32788;3.6114;
0.121702;2.32826;3.61579;
0.121802;2.32864;3.6114;
0.121902;2.32902;3.61579;
0.122002;2.3294;3.6114;
0.122102;2.32978;3.61579;
0.122202;2.33017;3.6114;
0.122302;2.33055;3.61579;
0.122402;2.33093;3.6114;
0.122502;2.33131;3.61579;
0.122602;2.33169;3.6114;
0.122702;2.33207;3.61579;
0.122802;2.33245;3.6114;
0.122902;2.33283;3.61579;
0.123002;2.33321;3.6114;
0.123102;2.3336;3.61579;
0.123202;2.33398;3.6114;
0.123302;2.33436;3.61579;
0.123402;2.33474;3.6114;
0.123502;2.33512;3.61579;
0.123602;2.3355;3.6114;
0.123702;2.33588;3.61579;
0.123802;2.33626;3.6114;
0.123902;2.33664;3.61579;
0.124002;2.33702;3.6114;
0.124102;2.3374;3.61579;
0.124202;2.33778;3.6114;
0.124302;2.33816;3.61579;
0.124402;2.33854;3.6114;
0.124502;2.33892;3.61579;
0.124602;2.3393;3.6114;
0.124702;2.33968;3.61579;
0.124802;2.34006;3.6114;
0.124902;2.34044;3.61579;
0.125002;2.34082;3.6114;
0.125102;2.3412;3.61579;
0.125202;2.34158;3.6114;
0.125302;2.34196;3.61579;
0.125402;2.34234;3.6114;
0.125502;2.34272;3.61579;
0.125602;2.3431;3.6114;
0.125702;2.34348;3.61579;
0.125802;2.34386;3.6114;
0.125902;2.34424;3.61579;
0.126002;2.34462;3.6114;
0.126102;2.345;3.61579;
0.126202;2.34538;3.6114;
0.126302;2.34576;3.61579;
0.126402;2.34614;3.6114;
0.126502;2.34652;3.61579;
0.126602;2.34689;3.6114;
0.126702;2.34727;3.61579;
0.126802;2.34765;3.6114;
0.126902;2.34803;3.61579;
0.127002;2.34841;3.6114;
0.127102;2.34879;3.61579;
0.127202;2.34917;3.6114;
0.127302;2.34955;3.61579;
0.127402;2.34992;3.6114;
0.127502;2.3503;3.61579;
0.127602;2.35068;3.6114;
0.127702;2.35106;3.61579;
0.127802;2.35144;3.6114;
0.127902;2.35182;3.61579;
0.128002;2.3522;3.6114;
0.128102;2.35257;3.61579;
0.128202;2.35295;3.6114;
0.128302;2.35333;3.61579;
0.128402;2.35371;3.6114;
0.128502;2.35409;3.61579;
0.128602;2.35446;3.6114;
0.128702;2.35484;3.61579;
0.128802;2.35522;3.6114;
0.128902;2.3556;3.61579;
0.129002;2.35597;3.6114;
0.129102;2.35635;3.61579;
0.129202;2.35673;3.6114;
0.129302;2.35711;3.61579;
0.129402;2.35749;3.6114;
0.129502;2.35786;3.61579;
0.129602;2.35824;3.6114;
0.129702;2.35862;3.61579;
0.129802;2.35899;3.6114;
0.129902;2.35937;3.61579;
0.130002;2.35975;3.6114;
0.130102;2.36013;3.61579;
0.130202;2.3605;3.6114;
0.130302;2.36088;3.61579;
0.130402;2.36126;3.6114;
0.130502;2.36163;3.61579;
0.130602;2.36201;3.6114;
0.130702;2.36239;3.61579;
0.130802;2.36277;3.6114;
0.130902;2.36314;3.61579;
0.131002;2.36352;3.6114;
0.131102;2.3639;3.61579;
0.131202;2.36427;3.6114;
0.131302;2.36465;3.61579;
0.131402;2.36502;3.6114;
0.131502;2.3654;3.61579;
0.131602;2.36578;3.6114;
0.131702;2.36615;3.61579;
0.131802;2.36653;3.6114;
0.131902;2.36691;3.61579;
0.132002;2.36728;3.6114;
0.132102;2.36766;3.61579;
0.132202;2.36803;3.6114;
0.132302;2.36841;3.61579;
0.132402;2.36879;3.6114;
0.132502;2.36916;3.61579;
0.132602;2.36954;3.6114;
0.132702;2.36991;3.61579;
0.132802;2.37029;3.6114;
0.132902;2.37066;3.61579;
0.133002;2.37104;3.6114;
0.133102;2.37142;3.61579;
0.133202;2.37179;3.6114;
0.133302;2.37217;3.61579;
0.133402;2.37254;3.6114;
0.133502;2.37292;3.61579;
0.133602;2.37329;3.6114;
0.133702;2.37367;3.61579;
0.133802;2.37404;3.6114;
0.133902;2.37442;3.61579;
0.134002;2.37479;3.6114;
0.134102;2.37517;3.61579;
0.134202;2.37554;3.6114;
0.134302;2.37592;3.61579;
0.134402;2.37629;3.6114;
0.134502;2.37667;3.61579;
0.134602;2.37704;3.6114;
0.134702;2.37742;3.61579;
0.134802;2.37779;3.6114;
0.134902;2.37817;3.61579;
0.135002;2.37854;3.6114;
0.135102;2.37892;3.61579;
0.135202;2.37929;3.6114;
0.135302;2.37966;3.61579;
0.135402;2.38004;3.6114;
0.135502;2.38041;3.61579;
0.135602;2.38079;3.6114;
0.135702;2.38116;3.61579;
0.135802;2.38154;3.6114;
0.135902;2.38191;3.61579;
0.136002;2.38228;3.6114;
0.136102;2.38266;3.61579;
0.136202;2.38303;3.6114;
0.136302;2.3834;3.61579;
0.136402;2.38378;3.6114;
0.136502;2.38415;3.61579;
0.136602;2.38453;3.6114;
0.136702;2.3849;3.61579;
0.136802;2.38527;3.6114;
0.136902;2.38565;3.61579;
0.137002;2.38602;3.61141;
0.137102;2.38639;3.61579;
0.137202;2.38677;3.61141;
0.137302;2.38714;3.61579;
0.137402;2.38751;3.61141;
0.137502;2.38789;3.61579;
0.137602;2.38826;3.61141;
0.137702;2.38863;3.61579;
0.137802;2.38901;3.61141;
0.137902;2.38938;3.61579;
0.138002;2.38975;3.61141;
0.138102;2.39012;3.61579;
0.138202;2.3905;3.61141;
0.138302;2.39087;3.61579;
0.138402;2.39124;3.61141;
0.138502;2.39162;3.61579;
0.138602;2.39199;3.61141;
0.138702;2.39236;3.61579;
0.138802;2.39273;3.61141;
0.138902;2.39311;3.61579;
0.139002;2.39348;3.61141;
0.139102;2.39385;3.61579;
0.139202;2.39422;3.61141;
0.139302;2.39459;3.61579;
0.139402;2.39497;3.61141;
0.139502;2.39534;3.61579;
0.139602;2.39571;3.61141;
0.139702;2.39608;3.61579;
0.139802;2.39646;3.61141;
0.139902;2.39683;3.61579;
0.140002;2.3972;3.61141;
0.140102;2.39757;3.61579;
0.140202;2.39794;3.61141;
0.140302;2.39831;3.61579;
0.140402;2.39869;3.61141;
0.140502;2.39906;3.61579;
0.140602;2.39943;3.61141;
0.140702;2.3998;3.61579;
0.140802;2.40017;3.61141;
0.140902;2.40054;3.61579;
0.141002;2.40091;3.61141;
0.141102;2.40129;3.61579;
0.141202;2.40166;3.61141;
0.141302;2.40203;3.61578;
0.141402;2.4024;3.61141;
0.141502;2.40277;3.61578;
0.141602;2.40314;3.61141;
0.141702;2.40351;3.61578;
0.141802;2.40388;3.61141;
0.141902;2.40425;3.61578;
0.142002;2.40462;3.61141;
0.142102;2.405;3.61578;
0.142202;2.40537;3.61141;
0.142302;2.40574;3.61578;
0.142402;2.40611;3.61141;
0.142502;2.40648;3.61578;
0.142602;2.40685;3.61141;
0.142702;2.40722;3.61578;
0.142802;2.40759;3.61141;
0.142902;2.40796;3.61578;
0.143002;2.40833;3.61141;
0.143102;2.4087;3.61578;
0.143202;2.40907;3.61141;
0.143302;2.40944;3.61578;
0.143402;2.40981;3.61141;
0.143502;2.41018;3.61578;
0.143602;2.41055;3.61141;
0.143702;2.41092;3.61578;
0.143802;2.41129;3.61141;
0.143902;2.41166;3.61578;
0.144002;2.41203;3.61141;
0.144102;2.4124;3.61578;
0.144202;2.41277;3.61141;
0.144302;2.41314;3.61578;
0.144402;2.41351;3.61141;
0.144502;2.41388;3.61578;
0.144602;2.41425;3.61141;
0.144702;2.41462;3.61578;
0.144802;2.41499;3.61141;
0.144902;2.41535;3.61578;
0.145002;2.41572;3.61141;
0.145102;2.41609;3.61578;
0.145202;2.41646;3.61141;
0.145302;2.41683;3.61578;
0.145402;2.4172;3.61141;
0.145502;2.41757;3.61578;
0.145602;2.41794;3.61141;
0.145702;2.41831;3.61578;
0.145802;2.41868;3.61141;
0.145902;2.41904;3.61578;
0.146002;2.41941;3.61141;
0.146102;2.41978;3.61578;
0.146202;2.42015;3.61141;
0.146302;2.42052;3.61578;
0.146402;2.42089;3.61141;
0.146502;2.42126;3.61578;
0.146602;2.42162;3.61141;
0.146702;2.42199;3.61578;
0.146802;2.42236;3.61141;
0.146902;2.42273;3.61578;
0.147002;2.4231;3.61141;
0.147102;2.42347;3.61578;
0.147202;2.42383;3.61141;
0.147302;2.4242;3.61578;
0.147402;2.42457;3.61141;
0.147502;2.42494;3.61578;
0.147602;2.42531;3.61141;
0.147702;2.42567;3.61578;
0.147802;2.42604;3.61141;
0.147902;2.42641;3.61578;
0.148002;2.42678;3.61141;
0.148102;2.42714;3.61578;
0.148202;2.42751;3.61141;
0.148302;2.42788;3.61578;
0.148402;2.42825;3.61141;
0.148502;2.42861;3.61578;
0.148602;2.42898;3.61141;
0.148702;2.42935;3.61578;
0.148802;2.42972;3.61141;
0.148902;2.43008;3.61578;
0.149002;2.43045;3.61141;
0.149102;2.43082;3.61578;
0.149202;2.43118;3.61141;
0.149302;2.43155;3.61578;
0.149402;2.43192;3.61141;
0.149502;2.43228;3.61578;
0.149602;2.43265;3.61141;
0.149702;2.43302;3.61578;
0.149802;2.43338;3.61141;
0.149902;2.43375;3.61578;
0.150002;2.43412;3.61141;
0.150102;2.43448;3.61578;
0.150202;2.43485;3.61141;
0.150302;2.43522;3.61578;
0.150402;2.43558;3.61141;
0.150502;2.43595;3.61578;
0.150602;2.43632;3.61141;
0.150702;2.43668;3.61578;
0.150802;2.43705;3.61141;
0.150902;2.43741;3.61578;
0.151002;2.43778;3.61141;
0.151102;2.43815;3.61578;
0.151202;2.43851;3.61141;
0.151302;2.43888;3.61578;
0.151402;2.43924;3.61141;
0.151502;2.43961;3.61578;
0.151602;2.43998;3.61141;
0.151702;2.44034;3.61578;
0.151802;2.44071;3.61141;
0.151902;2.44107;3.61578;
0.152002;2.44144;3.61141;
0.152102;2.4418;3.61578;
0.152202;2.44217;3.61141;
0.152302;2.44253;3.61578;
0.152402;2.4429;3.61141;
0.152502;2.44326;3.61578;
0.152602;2.44363;3.61141;
0.152702;2.444;3.61578;
0.152802;2.44436;3.61141;
0.152902;2.44473;3.61578;
0.153002;2.44509;3.61141;
0.153102;2.44546;3.61578;
0.153202;2.44582;3.61141;
0.153302;2.44619;3.61578;
0.153402;2.44655;3.61141;
0.153502;2.44691;3.61578;
0.153602;2.44728;3.61141;
0.153702;2.44764;3.61578;
0.153802;2.44801;3.61141;
0.153902;2.44837;3.61578;
0.154002;2.44874;3.61141;
0.154102;2.4491;3.61578;
0.154202;2.44947;3.61141;
0.154302;2.44983;3.61578;
0.154402;2.4502;3.61141;
0.154502;2.45056;3.61578;
0.154602;2.45092;3.61141;
0.154702;2.45129;3.61578;
0.154802;2.45165;3.61141;
0.154902;2.45202;3.61578;
0.155002;2.45238;3.61141;
0.155102;2.45274;3.61578;
0.155202;2.45311;3.61141;
0.155302;2.45347;3.61578;
0.155402;2.45384;3.61141;
0.155502;2.4542;3.61578;
0.155602;2.45456;3.61141;
0.155702;2.45493;3.61578;
0.155802;2.45529;3.61141;
0.155902;2.45565;3.61578;
0.156002;2.45602;3.61141;
0.156102;2.45638;3.61578;
0.156202;2.45674;3.61141;
0.156302;2.45711;3.61578;
0.156402;2.45747;3.61141;
0.156502;2.45783;3.61578;
0.156602;2.4582;3.61141;
0.156702;2.45856;3.61578;
0.156802;2.45892;3.61141;
0.156902;2.45929;3.61578;
0.157002;2.45965;3.61141;
0.157102;2.46001;3.61578;
0.157202;2.46037;3.61141;
0.157302;2.46074;3.61578;
0.157402;2.4611;3.61141;
0.157502;2.46146;3.61578;
0.157602;2.46182;3.61141;
0.157702;2.46219;3.61578;
0.157802;2.46255;3.61141;
0.157902;2.46291;3.61578;
0.158002;2.46327;3.61141;
0.158102;2.46364;3.61578;
0.158202;2.464;3.61141;
0.158302;2.46436;3.61578;
0.158402;2.46472;3.61141;
0.158502;2.46509;3.61578;
0.158602;2.46545;3.61141;
0.158702;2.46581;3.61578;
0.158802;2.46617;3.61141;
0.158902;2.46653;3.61578;
0.159002;2.4669;3.61141;
0.159102;2.46726;3.61578;
0.159202;2.46762;3.61141;
0.159302;2.46798;3.61578;
0.159402;2.46834;3.61141;
0.159502;2.4687;3.61578;
0.159602;2.46907;3.61141;
0.159702;2.46943;3.61578;
0.159802;2.46979;3.61141;
0.159902;2.47015;3.61578;
0.160002;2.47051;3.61141;
0.160102;2.47087;3.61578;
0.160202;2.47123;3.61141;
0.160302;2.4716;3.61578;
0.160402;2.47196;3.61141;
0.160502;2.47232;3.61578;
0.160602;2.47268;3.61141;
0.160702;2.47304;3.61578;
0.160802;2.4734;3.61141;
0.160902;2.47376;3.61578;
0.161002;2.47412;3.61141;
0.161102;2.47448;3.61578;
0.161202;2.47484;3.61141;
0.161302;2.47521;3.61578;
0.161402;2.47557;3.61141;
0.161502;2.47593;3.61578;
0.161602;2.47629;3.61141;
0.161702;2.47665;3.61578;
0.161802;2.47701;3.61141;
0.161902;2.47737;3.61578;
0.162002;2.47773;3.61141;
0.162102;2.47809;3.61578;
0.162202;2.47845;3.61142;
0.162302;2.47881;3.61578;
0.162402;2.47917;3.61142;
0.162502;2.47953;3.61578;
0.162602;2.47989;3.61142;
0.162702;2.48025;3.61578;
0.162802;2.48061;3.61142;
0.162902;2.48097;3.61578;
0.163002;2.48133;3.61142;
0.163102;2.48169;3.61578;
0.163202;2.48205;3.61142;
0.163302;2.48241;3.61578;
0.163402;2.48277;3.61142;
0.163502;2.48313;3.61578;
0.163602;2.48349;3.61142;
0.163702;2.48385;3.61578;
0.163802;2.48421;3.61142;
0.163902;2.48457;3.61578;
0.164002;2.48493;3.61142;
0.164102;2.48528;3.61578;
0.164202;2.48564;3.61142;
0.164302;2.486;3.61578;
0.164402;2.48636;3.61142;
0.164502;2.48672;3.61578;
0.164602;2.48708;3.61142;
0.164702;2.48744;3.61578;
0.164802;2.4878;3.61142;
0.164902;2.48816;3.61578;
0.165002;2.48852;3.61142;
0.165102;2.48887;3.61578;
0.165202;2.48923;3.61142;
0.165302;2.48959;3.61578;
0.165402;2.48995;3.61142;
0.165502;2.49031;3.61578;
0.165602;2.49067;3.61142;
0.165702;2.49103;3.61578;
0.165802;2.49138;3.61142;
0.165902;2.49174;3.61578;
0.166002;2.4921;3.61142;
0.166102;2.49246;3.61578;
0.166202;2.49282;3.61142;
0.166302;2.49318;3.61578;
0.166402;2.49353;3.61142;
0.166502;2.49389;3.61578;
0.166602;2.49425;3.61142;
0.166702;2.49461;3.61578;
0.166802;2.49497;3.61142;
0.166902;2.49532;3.61578;
0.167002;2.49568;3.61142;
0.167102;2.49604;3.61578;
0.167202;2.4964;3.61142;
0.167302;2.49675;3.61578;
0.167402;2.49711;3.61142;
0.167502;2.49747;3.61578;
0.167602;2.49783;3.61142;
0.167702;2.49818;3.61578;
0.167802;2.49854;3.61142;
0.167902;2.4989;3.61577;
0.168002;2.49926;3.61142;
0.168102;2.49961;3.61577;
0.168202;2.49997;3.61142;
0.168302;2.50033;3.61577;
0.168402;2.50068;3.61142;
0.168502;2.50104;3.61577;
0.168602;2.5014;3.61142;
0.168702;2.50176;3.61577;
0.168802;2.50211;3.61142;
0.168902;2.50247;3.61577;
0.169002;2.50283;3.61142;
0.169102;2.50318;3.61577;
0.169202;2.50354;3.61142;
0.169302;2.5039;3.61577;
0.169402;2.50425;3.61142;
0.169502;2.50461;3.61577;
0.169602;2.50497;3.61142;
0.169702;2.50532;3.61577;
0.169802;2.50568;3.61142;
0.169902;2.50603;3.61577;
0.170002;2.50639;3.61142;
0.170102;2.50675;3.61577;
0.170202;2.5071;3.61142;
0.170302;2.50746;3.61577;
0.170402;2.50782;3.61142;
0.170502;2.50817;3.61577;
0.170602;2.50853;3.61142;
0.170702;2.50888;3.61577;
0.170802;2.50924;3.61142;
0.170902;2.50959;3.61577;
0.171002;2.50995;3.61142;
0.171102;2.51031;3.61577;
0.171202;2.51066;3.61142;
0.171302;2.51102;3.61577;
0.171402;2.51137;3.61142;
0.171502;2.51173;3.61577;
0.171602;2.51208;3.61142;
0.171702;2.51244;3.61577;
0.171802;2.51279;3.61142;
0.171902;2.51315;3.61577;
0.172002;2.51351;3.61142;
0.172102;2.51386;3.61577;
0.172202;2.51422;3.61142;
0.172302;2.51457;3.61577;
0.172402;2.51493;3.61142;
0.172502;2.51528;3.61577;
0.172602;2.51564;3.61142;
0.172702;2.51599;3.61577;
0.172802;2.51635;3.61142;
0.172902;2.5167;3.61577;
0.173002;2.51705;3.61142;
0.173102;2.51741;3.61577;
0.173202;2.51776;3.61142;
0.173302;2.51812;3.61577;
0.173402;2.51847;3.61142;
0.173502;2.51883;3.61577;
0.173602;2.51918;3.61142;
0.173702;2.51954;3.61577;
0.173802;2.51989;3.61142;
0.173902;2.52025;3.61577;
0.174002;2.5206;3.61142;
0.174102;2.52095;3.61577;
0.174202;2.52131;3.61142;
0.174302;2.52166;3.61577;
0.174402;2.52202;3.61142;
0.174502;2.52237;3.61577;
0.174602;2.52272;3.61142;
0.174702;2.52308;3.61577;
0.174802;2.52343;3.61142;
0.174902;2.52379;3.61577;
0.175002;2.52414;3.61142;
0.175102;2.52449;3.61577;
0.175202;2.52485;3.61142;
0.175302;2.5252;3.61577;
0.175402;2.52555;3.61142;
0.175502;2.52591;3.61577;
0.175602;2.52626;3.61142;
0.175702;2.52661;3.61577;
0.175802;2.52697;3.61142;
0.175902;2.52732;3.61577;
0.176002;2.52767;3.61142;
0.176102;2.52803;3.61577;
0.176202;2.52838;3.61142;
0.176302;2.52873;3.61577;
0.176402;2.52909;3.61142;
0.176502;2.52944;3.61577;
0.176602;2.52979;3.61142;
0.176702;2.53014;3.61577;
0.176802;2.5305;3.61142;
0.176902;2.53085;3.61577;
0.177002;2.5312;3.61142;
0.177102;2.53156;3.61577;
0.177202;2.53191;3.61142;
0.177302;2.53226;3.61577;
0.177402;2.53261;3.61142;
0.177502;2.53297;3.61577;
0.177602;2.53332;3.61142;
0.177702;2.53367;3.61577;
0.177802;2.53402;3.61142;
0.177902;2.53437;3.61577;
0.178002;2.53473;3.61142;
0.178102;2.53508;3.61577;
0.178202;2.53543;3.61142;
0.178302;2.53578;3.61577;
0.178402;2.53614;3.61142;
0.178502;2.53649;3.61577;
0.178602;2.53684;3.61142;
0.178702;2.53719;3.61577;
0.178802;2.53754;3.61142;
0.178902;2.53789;3.61577;
0.179002;2.53825;3.61142;
0.179102;2.5386;3.61577;
0.179202;2.53895;3.61142;
0.179302;2.5393;3.61577;
0.179402;2.53965;3.61142;
0.179502;2.54;3.61577;
0.179602;2.54036;3.61142;
0.179702;2.54071;3.61577;
0.179802;2.54106;3.61142;
0.179902;2.54141;3.61577;
0.180002;2.54176;3.61142;
0.180102;2.54211;3.61577;
0.180202;2.54246;3.61142;
0.180302;2.54281;3.61577;
0.180402;2.54316;3.61142;
0.180502;2.54352;3.61577;
0.180602;2.54387;3.61142;
0.180702;2.54422;3.61577;
0.180802;2.54457;3.61142;
0.180902;2.54492;3.61577;
0.181002;2.54527;3.61142;
0.181102;2.54562;3.61577;
0.181202;2.54597;3.61142;
0.181302;2.54632;3.61577;
0.181402;2.54667;3.61142;
0.181502;2.54702;3.61577;
0.181602;2.54737;3.61142;
0.181702;2.54772;3.61577;
0.181802;2.54807;3.61142;
0.181902;2.54842;3.61577;
0.182002;2.54877;3.61142;
0.182102;2.54912;3.61577;
0.182202;2.54947;3.61142;
0.182302;2.54982;3.61577;
0.182402;2.55017;3.61142;
0.182502;2.55052;3.61577;
0.182602;2.55087;3.61142;
0.182702;2.55122;3.61577;
0.182802;2.55157;3.61142;
0.182902;2.55192;3.61577;
0.183002;2.55227;3.61142;
0.183102;2.55262;3.61577;
0.183202;2.55297;3.61142;
0.183302;2.55332;3.61577;
0.183402;2.55367;3.61142;
0.183502;2.55402;3.61577;
0.183602;2.55437;3.61142;
0.183702;2.55472;3.61577;
0.183802;2.55507;3.61142;
0.183902;2.55542;3.61577;
0.184002;2.55577;3.61142;
0.184102;2.55612;3.61577;
0.184202;2.55647;3.61142;
0.184302;2.55681;3.61577;
0.184402;2.55716;3.61142;
0.184502;2.55751;3.61577;
0.184602;2.55786;3.61142;
0.184702;2.55821;3.61577;
0.184802;2.55856;3.61142;
0.184902;2.55891;3.61577;
0.185002;2.55926;3.61142;
0.185102;2.55961;3.61577;
0.185202;2.55995;3.61142;
0.185302;2.5603;3.61577;
0.185402;2.56065;3.61142;
0.185502;2.561;3.61577;
0.185602;2.56135;3.61142;
0.185702;2.5617;3.61577;
0.185802;2.56204;3.61142;
0.185902;2.56239;3.61577;
0.186002;2.56274;3.61142;
0.186102;2.56309;3.61577;
0.186202;2.56344;3.61142;
0.186302;2.56379;3.61577;
0.186402;2.56413;3.61142;
0.186502;2.56448;3.61577;
0.186602;2.56483;3.61142;
0.186702;2.56518;3.61577;
0.186802;2.56552;3.61142;
0.186902;2.56587;3.61577;
0.187002;2.56622;3.61143;
0.187102;2.56657;3.61577;
0.187202;2.56692;3.61143;
0.187302;2.56726;3.61577;
0.187402;2.56761;3.61143;
0.187502;2.56796;3.61577;
0.187602;2.56831;3.61143;
0.187702;2.56865;3.61577;
0.187802;2.569;3.61143;
0.187902;2.56935;3.61577;
0.188002;2.56969;3.61143;
0.188102;2.57004;3.61577;
0.188202;2.57039;3.61143;
0.188302;2.57074;3.61577;
0.188402;2.57108;3.61143;
0.188502;2.57143;3.61577;
0.188602;2.57178;3.61143;
0.188702;2.57212;3.61577;
0.188802;2.57247;3.61143;
0.188902;2.57282;3.61577;
0.189002;2.57316;3.61143;
0.189102;2.57351;3.61577;
0.189202;2.57386;3.61143;
0.189302;2.5742;3.61577;
0.189402;2.57455;3.61143;
0.189502;2.5749;3.61577;
0.189602;2.57524;3.61143;
0.189702;2.57559;3.61577;
0.189802;2.57594;3.61143;
0.189902;2.57628;3.61577;
0.190002;2.57663;3.61143;
0.190102;2.57697;3.61577;
0.190202;2.57732;3.61143;
0.190302;2.57767;3.61577;
0.190402;2.57801;3.61143;
0.190502;2.57836;3.61577;
0.190602;2.5787;3.61143;
0.190702;2.57905;3.61577;
0.190802;2.5794;3.61143;
0.190902;2.57974;3.61577;
0.191002;2.58009;3.61143;
0.191102;2.58043;3.61577;
0.191202;2.58078;3.61143;
0.191302;2.58112;3.61577;
0.191402;2.58147;3.61143;
0.191502;2.58182;3.61577;
0.191602;2.58216;3.61143;
0.191702;2.58251;3.61577;
0.191802;2.58285;3.61143;
0.191902;2.5832;3.61577;
0.192002;2.58354;3.61143;
0.192102;2.58389;3.61577;
0.192202;2.58423;3.61143;
0.192302;2.58458;3.61577;
0.192402;2.58492;3.61143;
0.192502;2.58527;3.61577;
0.192602;2.58561;3.61143;
0.192702;2.58596;3.61577;
0.192802;2.5863;3.61143;
0.192902;2.58665;3.61577;
0.193002;2.58699;3.61143;
0.193102;2.58734;3.61577;
0.193202;2.58768;3.61143;
0.193302;2.58803;3.61577;
0.193402;2.58837;3.61143;
0.193502;2.58871;3.61577;
0.193602;2.58906;3.61143;
0.193702;2.5894;3.61576;
0.193802;2.58975;3.61143;
0.193902;2.59009;3.61576;
0.194002;2.59044;3.61143;
0.194102;2.59078;3.61576;
0.194202;2.59112;3.61143;
0.194302;2.59147;3.61576;
0.194402;2.59181;3.61143;
0.194502;2.59216;3.61576;
0.194602;2.5925;3.61143;
0.194702;2.59284;3.61576;
0.194802;2.59319;3.61143;
0.194902;2.59353;3.61576;
0.195002;2.59388;3.61143;
0.195102;2.59422;3.61576;
0.195202;2.59456;3.61143;
0.195302;2.59491;3.61576;
0.195402;2.59525;3.61143;
0.195502;2.59559;3.61576;
0.195602;2.59594;3.61143;
0.195702;2.59628;3.61576;
0.195802;2.59662;3.61143;
0.195902;2.59697;3.61576;
0.196002;2.59731;3.61143;
0.196102;2.59765;3.61576;
0.196202;2.598;3.61143;
0.196302;2.59834;3.61576;
0.196402;2.59868;3.61143;
0.196502;2.59903;3.61576;
0.196602;2.59937;3.61143;
0.196702;2.59971;3.61576;
0.196802;2.60006;3.61143;
0.196902;2.6004;3.61576;
0.197002;2.60074;3.61143;
0.197102;2.60108;3.61576;
0.197202;2.60143;3.61143;
0.197302;2.60177;3.61576;
0.197402;2.60211;3.61143;
0.197502;2.60245;3.61576;
0.197602;2.6028;3.61143;
0.197702;2.60314;3.61576;
0.197802;2.60348;3.61143;
0.197902;2.60382;3.61576;
0.198002;2.60417;3.61143;
0.198102;2.60451;3.61576;
0.198202;2.60485;3.61143;
0.198302;2.60519;3.61576;
0.198402;2.60553;3.61143;
0.198502;2.60588;3.61576;
0.198602;2.60622;3.61143;
0.198702;2.60656;3.61576;
0.198802;2.6069;3.61143;
0.198902;2.60724;3.61576;
0.199002;2.60759;3.61143;
0.199102;2.60793;3.61576;
0.199202;2.60827;3.61143;
0.199302;2.60861;3.61576;
0.199402;2.60895;3.61143;
0.199502;2.60929;3.61576;
0.199602;2.60964;3.61143;
0.199702;2.60998;3.61576;
0.199802;2.61032;3.61143;
0.199902;2.61066;3.61576;
0.200002;2.611;3.61143;
0.200102;2.61134;3.61576;
0.200202;2.61168;3.61143;
0.200302;2.61203;3.61576;
0.200402;2.61237;3.61143;
0.200502;2.61271;3.61576;
0.200602;2.61305;3.61143;
0.200702;2.61339;3.61576;
0.200802;2.61373;3.61143;
0.200902;2.61407;3.61576;
0.201002;2.61441;3.61143;
0.201102;2.61475;3.61576;
0.201202;2.61509;3.61143;
0.201302;2.61543;3.61576;
0.201402;2.61577;3.61143;
0.201502;2.61612;3.61576;
0.201602;2.61646;3.61143;
0.201702;2.6168;3.61576;
0.201802;2.61714;3.61143;
0.201902;2.61748;3.61576;
0.202002;2.61782;3.61143;
0.202102;2.61816;3.61576;
0.202202;2.6185;3.61143;
0.202302;2.61884;3.61576;
0.202402;2.61918;3.61143;
0.202502;2.61952;3.61576;
0.202602;2.61986;3.61143;
0.202702;2.6202;3.61576;
0.202802;2.62054;3.61143;
0.202902;2.62088;3.61576;
0.203002;2.62122;3.61143;
0.203102;2.62156;3.61576;
0.203202;2.6219;3.61143;
0.203302;2.62224;3.61576;
0.203402;2.62258;3.61143;
0.203502;2.62292;3.61576;
0.203602;2.62326;3.61143;
0.203702;2.6236;3.61576;
0.203802;2.62394;3.61143;
0.203902;2.62427;3.61576;
0.204002;2.62461;3.61143;
0.204102;2.62495;3.61576;
0.204202;2.62529;3.61143;
0.204302;2.62563;3.61576;
0.204402;2.62597;3.61143;
0.204502;2.62631;3.61576;
0.204602;2.62665;3.61143;
0.204702;2.62699;3.61576;
0.204802;2.62733;3.61143;
0.204902;2.62767;3.61576;
0.205002;2.628;3.61143;
0.205102;2.62834;3.61576;
0.205202;2.62868;3.61143;
0.205302;2.62902;3.61576;
0.205402;2.62936;3.61143;
0.205502;2.6297;3.61576;
0.205602;2.63004;3.61143;
0.205702;2.63038;3.61576;
0.205802;2.63071;3.61143;
0.205902;2.63105;3.61576;
0.206002;2.63139;3.61143;
0.206102;2.63173;3.61576;
0.206202;2.63207;3.61143;
0.206302;2.63241;3.61576;
0.206402;2.63274;3.61143;
0.206502;2.63308;3.61576;
0.206602;2.63342;3.61143;
0.206702;2.63376;3.61576;
0.206802;2.6341;3.61143;
0.206902;2.63443;3.61576;
0.207002;2.63477;3.61143;
0.207102;2.63511;3.61576;
0.207202;2.63545;3.61143;
0.207302;2.63579;3.61576;
0.207402;2.63612;3.61143;
0.207502;2.63646;3.61576;
0.207602;2.6368;3.61143;
0.207702;2.63714;3.61576;
0.207802;2.63747;3.61143;
0.207902;2.63781;3.61576;
0.208002;2.63815;3.61143;
0.208102;2.63849;3.61576;
0.208202;2.63882;3.61143;
0.208302;2.63916;3.61576;
0.208402;2.6395;3.61143;
0.208502;2.63984;3.61576;
0.208602;2.64017;3.61143;
0.208702;2.64051;3.61576;
0.208802;2.64085;3.61143;
0.208902;2.64118;3.61576;
0.209002;2.64152;3.61143;
0.209102;2.64186;3.61576;
0.209202;2.64219;3.61143;
0.209302;2.64253;3.61576;
0.209402;2.64287;3.61143;
0.209502;2.6432;3.61576;
0.209602;2.64354;3.61143;
0.209702;2.64388;3.61576;
0.209802;2.64421;3.61143;
0.209902;2.64455;3.61576;
0.210002;2.64489;3.61143;
0.210102;2.64522;3.61576;
0.210202;2.64556;3.61143;
0.210302;2.6459;3.61576;
0.210402;2.64623;3.61143;
0.210502;2.64657;3.61576;
0.210602;2.64691;3.61143;
0.210702;2.64724;3.61576;
0.210802;2.64758;3.61143;
0.210902;2.64791;3.61576;
0.211002;2.64825;3.61143;
0.211102;2.64859;3.61576;
0.211202;2.64892;3.61143;
0.211302;2.64926;3.61576;
0.211402;2.64959;3.61144;
0.211502;2.64993;3.61576;
0.211602;2.65026;3.61144;
0.211702;2.6506;3.61576;
0.211802;2.65094;3.61144;
0.211902;2.65127;3.61576;
0.212002;2.65161;3.61144;
0.212102;2.65194;3.61576;
0.212202;2.65228;3.61144;
0.212302;2.65261;3.61576;
0.212402;2.65295;3.61144;
0.212502;2.65328;3.61576;
0.212602;2.65362;3.61144;
0.212702;2.65395;3.61576;
0.212802;2.65429;3.61144;
0.212902;2.65462;3.61576;
0.213002;2.65496;3.61144;
0.213102;2.65529;3.61576;
0.213202;2.65563;3.61144;
0.213302;2.65596;3.61576;
0.213402;2.6563;3.61144;
0.213502;2.65663;3.61576;
0.213602;2.65697;3.61144;
0.213702;2.6573;3.61576;
0.213802;2.65764;3.61144;
0.213902;2.65797;3.61576;
0.214002;2.65831;3.61144;
0.214102;2.65864;3.61576;
0.214202;2.65898;3.61144;
0.214302;2.65931;3.61576;
0.214402;2.65964;3.61144;
0.214502;2.65998;3.61576;
0.214602;2.66031;3.61144;
0.214702;2.66065;3.61576;
0.214802;2.66098;3.61144;
0.214902;2.66132;3.61576;
0.215002;2.66165;3.61144;
0.215102;2.66198;3.61576;
0.215202;2.66232;3.61144;
0.215302;2.66265;3.61576;
0.215402;2.66299;3.61144;
0.215502;2.66332;3.61576;
0.215602;2.66365;3.61144;
0.215702;2.66399;3.61576;
0.215802;2.66432;3.61144;
0.215902;2.66465;3.61576;
0.216002;2.66499;3.61144;
0.216102;2.66532;3.61576;
0.216202;2.66565;3.61144;
0.216302;2.66599;3.61576;
0.216402;2.66632;3.61144;
0.216502;2.66665;3.61576;
0.216602;2.66699;3.61144;
0.216702;2.66732;3.61576;
0.216802;2.66765;3.61144;
0.216902;2.66799;3.61576;
0.217002;2.66832;3.61144;
0.217102;2.66865;3.61576;
0.217202;2.66899;3.61144;
0.217302;2.66932;3.61576;
0.217402;2.66965;3.61144;
0.217502;2.66999;3.61576;
0.217602;2.67032;3.61144;
0.217702;2.67065;3.61576;
0.217802;2.67098;3.61144;
0.217902;2.67132;3.61576;
0.218002;2.67165;3.61144;
0.218102;2.67198;3.61576;
0.218202;2.67231;3.61144;
0.218302;2.67265;3.61576;
0.218402;2.67298;3.61144;
0.218502;2.67331;3.61576;
0.218602;2.67364;3.61144;
0.218702;2.67398;3.61576;
0.218802;2.67431;3.61144;
0.218902;2.67464;3.61576;
0.219002;2.67497;3.61144;
0.219102;2.67531;3.61576;
0.219202;2.67564;3.61144;
0.219302;2.67597;3.61575;
0.219402;2.6763;3.61144;
0.219502;2.67663;3.61575;
0.219602;2.67697;3.61144;
0.219702;2.6773;3.61575;
0.219802;2.67763;3.61144;
0.219902;2.67796;3.61575;
0.220002;2.67829;3.61144;
0.220102;2.67862;3.61575;
0.220202;2.67896;3.61144;
0.220302;2.67929;3.61575;
0.220402;2.67962;3.61144;
0.220502;2.67995;3.61575;
0.220602;2.68028;3.61144;
0.220702;2.68061;3.61575;
0.220802;2.68094;3.61144;
0.220902;2.68128;3.61575;
0.221002;2.68161;3.61144;
0.221102;2.68194;3.61575;
0.221202;2.68227;3.61144;
0.221302;2.6826;3.61575;
0.221402;2.68293;3.61144;
0.221502;2.68326;3.61575;
0.221602;2.68359;3.61144;
0.221702;2.68392;3.61575;
0.221802;2.68425;3.61144;
0.221902;2.68459;3.61575;
0.222002;2.68492;3.61144;
0.222102;2.68525;3.61575;
0.222202;2.68558;3.61144;
0.222302;2.68591;3.61575;
0.222402;2.68624;3.61144;
0.222502;2.68657;3.61575;
0.222602;2.6869;3.61144;
0.222702;2.68723;3.61575;
0.222802;2.68756;3.61144;
0.222902;2.68789;3.61575;
0.223002;2.68822;3.61144;
0.223102;2.68855;3.61575;
0.223202;2.68888;3.61144;
0.223302;2.68921;3.61575;
0.223402;2.68954;3.61144;
0.223502;2.68987;3.61575;
0.223602;2.6902;3.61144;
0.223702;2.69053;3.61575;
0.223802;2.69086;3.61144;
0.223902;2.69119;3.61575;
0.224002;2.69152;3.61144;
0.224102;2.69185;3.61575;
0.224202;2.69218;3.61144;
0.224302;2.69251;3.61575;
0.224402;2.69284;3.61144;
0.224502;2.69317;3.61575;
0.224602;2.6935;3.61144;
0.224702;2.69383;3.61575;
0.224802;2.69416;3.61144;
0.224902;2.69449;3.61575;
0.225002;2.69482;3.61144;
0.225102;2.69515;3.61575;
0.225202;2.69548;3.61144;
0.225302;2.6958;3.61575;
0.225402;2.69613;3.61144;
0.225502;2.69646;3.61575;
0.225602;2.69679;3.61144;
0.225702;2.69712;3.61575;
0.225802;2.69745;3.61144;
0.225902;2.69778;3.61575;
0.226002;2.69811;3.61144;
0.226102;2.69844;3.61575;
0.226202;2.69876;3.61144;
0.226302;2.69909;3.61575;
0.226402;2.69942;3.61144;
0.226502;2.69975;3.61575;
0.226602;2.70008;3.61144;
0.226702;2.70041;3.61575;
0.226802;2.70074;3.61144;
0.226902;2.70107;3.61575;
0.227002;2.70139;3.61144;
0.227102;2.70172;3.61575;
0.227202;2.70205;3.61144;
0.227302;2.70238;3.61575;
0.227402;2.70271;3.61144;
0.227502;2.70303;3.61575;
0.227602;2.70336;3.61144;
0.227702;2.70369;3.61575;
0.227802;2.70402;3.61144;
0.227902;2.70435;3.61575;
0.228002;2.70467;3.61144;
0.228102;2.705;3.61575;
0.228202;2.70533;3.61144;
0.228302;2.70566;3.61575;
0.228402;2.70599;3.61144;
0.228502;2.70631;3.61575;
0.228602;2.70664;3.61144;
0.228702;2.70697;3.61575;
0.228802;2.7073;3.61144;
0.228902;2.70762;3.61575;
0.229002;2.70795;3.61144;
0.229102;2.70828;3.61575;
0.229202;2.70861;3.61144;
0.229302;2.70893;3.61575;
0.229402;2.70926;3.61144;
0.229502;2.70959;3.61575;
0.229602;2.70992;3.61144;
0.229702;2.71024;3.61575;
0.229802;2.71057;3.61144;
0.229902;2.7109;3.61575;
0.230002;2.71122;3.61144;
0.230102;2.71155;3.61575;
0.230202;2.71188;3.61144;
0.230302;2.7122;3.61575;
0.230402;2.71253;3.61144;
0.230502;2.71286;3.61575;
0.230602;2.71318;3.61144;
0.230702;2.71351;3.61575;
0.230802;2.71384;3.61144;
0.230902;2.71416;3.61575;
0.231002;2.71449;3.61144;
0.231102;2.71482;3.61575;
0.231202;2.71514;3.61144;
0.231302;2.71547;3.61575;
0.231402;2.7158;3.61144;
0.231502;2.71612;3.61575;
0.231602;2.71645;3.61144;
0.231702;2.71678;3.61575;
0.231802;2.7171;3.61144;
0.231902;2.71743;3.61575;
0.232002;2.71775;3.61144;
0.232102;2.71808;3.61575;
0.232202;2.71841;3.61144;
0.232302;2.71873;3.61575;
0.232402;2.71906;3.61144;
0.232502;2.71938;3.61575;
0.232602;2.71971;3.61144;
0.232702;2.72003;3.61575;
0.232802;2.72036;3.61144;
0.232902;2.72069;3.61575;
0.233002;2.72101;3.61144;
0.233102;2.72134;3.61575;
0.233202;2.72166;3.61144;
0.233302;2.72199;3.61575;
0.233402;2.72231;3.61144;
0.233502;2.72264;3.61575;
0.233602;2.72296;3.61144;
0.233702;2.72329;3.61575;
0.233802;2.72361;3.61144;
0.233902;2.72394;3.61575;
0.234002;2.72426;3.61144;
0.234102;2.72459;3.61575;
0.234202;2.72491;3.61144;
0.234302;2.72524;3.61575;
0.234402;2.72556;3.61144;
0.234502;2.72589;3.61575;
0.234602;2.72621;3.61144;
0.234702;2.72654;3.61575;
0.234802;2.72686;3.61144;
0.234902;2.72719;3.61575;
0.235002;2.72751;3.61144;
0.235102;2.72784;3.61575;
0.235202;2.72816;3.61144;
0.235302;2.72849;3.61575;
0.235402;2.72881;3.61144;
0.235502;2.72914;3.61575;
0.235602;2.72946;3.61145;
0.235702;2.72978;3.61575;
0.235802;2.73011;3.61145;
0.235902;2.73043;3.61575;
0.236002;2.73076;3.61145;
0.236102;2.73108;3.61575;
0.236202;2.73141;3.61145;
0.236302;2.73173;3.61575;
0.236402;2.73205;3.61145;
0.236502;2.73238;3.61575;
0.236602;2.7327;3.61145;
0.236702;2.73303;3.61575;
0.236802;2.73335;3.61145;
0.236902;2.73367;3.61575;
0.237002;2.734;3.61145;
0.237102;2.73432;3.61575;
0.237202;2.73464;3.61145;
0.237302;2.73497;3.61575;
0.237402;2.73529;3.61145;
0.237502;2.73561;3.61575;
0.237602;2.73594;3.61145;
0.237702;2.73626;3.61575;
0.237802;2.73658;3.61145;
0.237902;2.73691;3.61575;
0.238002;2.73723;3.61145;
0.238102;2.73755;3.61575;
0.238202;2.73788;3.61145;
0.238302;2.7382;3.61575;
0.238402;2.73852;3.61145;
0.238502;2.73885;3.61575;
0.238602;2.73917;3.61145;
0.238702;2.73949;3.61575;
0.238802;2.73982;3.61145;
0.238902;2.74014;3.61575;
0.239002;2.74046;3.61145;
0.239102;2.74078;3.61575;
0.239202;2.74111;3.61145;
0.239302;2.74143;3.61575;
0.239402;2.74175;3.61145;
0.239502;2.74208;3.61575;
0.239602;2.7424;3.61145;
0.239702;2.74272;3.61575;
0.239802;2.74304;3.61145;
0.239902;2.74336;3.61575;
0.240002;2.74369;3.61145;
0.240102;2.74401;3.61575;
0.240202;2.74433;3.61145;
0.240302;2.74465;3.61575;
0.240402;2.74498;3.61145;
0.240502;2.7453;3.61575;
0.240602;2.74562;3.61145;
0.240702;2.74594;3.61575;
0.240802;2.74626;3.61145;
0.240902;2.74659;3.61575;
0.241002;2.74691;3.61145;
0.241102;2.74723;3.61575;
0.241202;2.74755;3.61145;
0.241302;2.74787;3.61575;
0.241402;2.7482;3.61145;
0.241502;2.74852;3.61575;
0.241602;2.74884;3.61145;
0.241702;2.74916;3.61575;
0.241802;2.74948;3.61145;
0.241902;2.7498;3.61575;
0.242002;2.75012;3.61145;
0.242102;2.75045;3.61575;
0.242202;2.75077;3.61145;
0.242302;2.75109;3.61575;
0.242402;2.75141;3.61145;
0.242502;2.75173;3.61575;
0.242602;2.75205;3.61145;
0.242702;2.75237;3.61575;
0.242802;2.75269;3.61145;
0.242902;2.75302;3.61575;
0.243002;2.75334;3.61145;
0.243102;2.75366;3.61575;
0.243202;2.75398;3.61145;
0.243302;2.7543;3.61575;
0.243402;2.75462;3.61145;
0.243502;2.75494;3.61575;
0.243602;2.75526;3.61145;
0.243702;2.75558;3.61575;
0.243802;2.7559;3.61145;
0.243902;2.75622;3.61575;
0.244002;2.75654;3.61145;
0.244102;2.75686;3.61575;
0.244202;2.75718;3.61145;
0.244302;2.7575;3.61575;
0.244402;2.75783;3.61145;
0.244502;2.75815;3.61575;
0.244602;2.75847;3.61145;
0.244702;2.75879;3.61574;
0.244802;2.75911;3.61145;
0.244902;2.75943;3.61574;
0.245002;2.75975;3.61145;
0.245102;2.76007;3.61574;
0.245202;2.76039;3.61145;
0.245302;2.76071;3.61574;
0.245402;2.76103;3.61145;
0.245502;2.76135;3.61574;
0.245602;2.76167;3.61145;
0.245702;2.76199;3.61574;
0.245802;2.7623;3.61145;
0.245902;2.76262;3.61574;
0.246002;2.76294;3.61145;
0.246102;2.76326;3.61574;
0.246202;2.76358;3.61145;
0.246302;2.7639;3.61574;
0.246402;2.76422;3.61145;
0.246502;2.76454;3.61574;
0.246602;2.76486;3.61145;
0.246702;2.76518;3.61574;
0.246802;2.7655;3.61145;
0.246902;2.76582;3.61574;
0.247002;2.76614;3.61145;
0.247102;2.76646;3.61574;
0.247202;2.76678;3.61145;
0.247302;2.76709;3.61574;
0.247402;2.76741;3.61145;
0.247502;2.76773;3.61574;
0.247602;2.76805;3.61145;
0.247702;2.76837;3.61574;
0.247802;2.76869;3.61145;
0.247902;2.76901;3.61574;
0.248002;2.76933;3.61145;
0.248102;2.76965;3.61574;
0.248202;2.76996;3.61145;
0.248302;2.77028;3.61574;
0.248402;2.7706;3.61145;
0.248502;2.77092;3.61574;
0.248602;2.77124;3.61145;
0.248702;2.77156;3.61574;
0.248802;2.77187;3.61145;
0.248902;2.77219;3.61574;
0.249002;2.77251;3.61145;
0.249102;2.77283;3.61574;
0.249202;2.77315;3.61145;
0.249302;2.77347;3.61574;
0.249402;2.77378;3.61145;
0.249502;2.7741;3.61574;
0.249602;2.77442;3.61145;
0.249702;2.77474;3.61574;
0.249802;2.77505;3.61145;
0.249902;2.77537;3.61574;
0.250002;2.77569;3.61145;
0.250102;2.77601;3.61574;
0.250202;2.77633;3.61145;
0.250302;2.77664;3.61574;
0.250402;2.77696;3.61145;
0.250502;2.77728;3.61574;
0.250602;2.7776;3.61145;
0.250702;2.77791;3.61574;
0.250802;2.77823;3.61145;
0.250902;2.77855;3.61574;
0.251002;2.77887;3.61145;
0.251102;2.77918;3.61574;
0.251202;2.7795;3.61145;
0.251302;2.77982;3.61574;
0.251402;2.78013;3.61145;
0.251502;2.78045;3.61574;
0.251602;2.78077;3.61145;
0.251702;2.78109;3.61574;
0.251802;2.7814;3.61145;
0.251902;2.78172;3.61574;
0.252002;2.78204;3.61145;
0.252102;2.78235;3.61574;
0.252202;2.78267;3.61145;
0.252302;2.78299;3.61574;
0.252402;2.7833;3.61145;
0.252502;2.78362;3.61574;
0.252602;2.78394;3.61145;
0.252702;2.78425;3.61574;
0.252802;2.78457;3.61145;
0.252902;2.78489;3.61574;
0.253002;2.7852;3.61145;
0.253102;2.78552;3.61574;
0.253202;2.78584;3.61145;
0.253302;2.78615;3.61574;
0.253402;2.78647;3.61145;
0.253502;2.78678;3.61574;
0.253602;2.7871;3.61145;
0.253702;2.78742;3.61574;
0.253802;2.78773;3.61145;
0.253902;2.78805;3.61574;
0.254002;2.78836;3.61145;
0.254102;2.78868;3.61574;
0.254202;2.789;3.61145;
0.254302;2.78931;3.61574;
0.254402;2.78963;3.61145;
0.254502;2.78994;3.61574;
0.254602;2.79026;3.61145;
0.254702;2.79057;3.61574;
0.254802;2.79089;3.61145;
0.254902;2.79121;3.61574;
0.255002;2.79152;3.61145;
0.255102;2.79184;3.61574;
0.255202;2.79215;3.61145;
0.255302;2.79247;3.61574;
0.255402;2.79278;3.61145;
0.255502;2.7931;3.61574;
0.255602;2.79341;3.61145;
0.255702;2.79373;3.61574;
0.255802;2.79404;3.61145;
0.255902;2.79436;3.61574;
0.256002;2.79467;3.61145;
0.256102;2.79499;3.61574;
0.256202;2.7953;3.61145;
0.256302;2.79562;3.61574;
0.256402;2.79593;3.61145;
0.256502;2.79625;3.61574;
0.256602;2.79656;3.61145;
0.256702;2.79688;3.61574;
0.256802;2.79719;3.61145;
0.256902;2.79751;3.61574;
0.257002;2.79782;3.61145;
0.257102;2.79814;3.61574;
0.257202;2.79845;3.61145;
0.257302;2.79877;3.61574;
0.257402;2.79908;3.61145;
0.257502;2.79939;3.61574;
0.257602;2.79971;3.61145;
0.257702;2.80002;3.61574;
0.257802;2.80034;3.61145;
0.257902;2.80065;3.61574;
0.258002;2.80097;3.61145;
0.258102;2.80128;3.61574;
0.258202;2.80159;3.61145;
0.258302;2.80191;3.61574;
0.258402;2.80222;3.61145;
0.258502;2.80254;3.61574;
0.258602;2.80285;3.61145;
0.258702;2.80316;3.61574;
0.258802;2.80348;3.61145;
0.258902;2.80379;3.61574;
0.259002;2.8041;3.61145;
0.259102;2.80442;3.61574;
0.259202;2.80473;3.61145;
0.259302;2.80505;3.61574;
0.259402;2.80536;3.61145;
0.259502;2.80567;3.61574;
0.259602;2.80599;3.61146;
0.259702;2.8063;3.61574;
0.259802;2.80661;3.61146;
0.259902;2.80693;3.61574;
0.260002;2.80724;3.61146;
0.260102;2.80755;3.61574;
0.260202;2.80787;3.61146;
0.260302;2.80818;3.61574;
0.260402;2.80849;3.61146;
0.260502;2.80881;3.61574;
0.260602;2.80912;3.61146;
0.260702;2.80943;3.61574;
0.260802;2.80974;3.61146;
0.260902;2.81006;3.61574;
0.261002;2.81037;3.61146;
0.261102;2.81068;3.61574;
0.261202;2.811;3.61146;
0.261302;2.81131;3.61574;
0.261402;2.81162;3.61146;
0.261502;2.81193;3.61574;
0.261602;2.81225;3.61146;
0.261702;2.81256;3.61574;
0.261802;2.81287;3.61146;
0.261902;2.81318;3.61574;
0.262002;2.8135;3.61146;
0.262102;2.81381;3.61574;
0.262202;2.81412;3.61146;
0.262302;2.81443;3.61574;
0.262402;2.81474;3.61146;
0.262502;2.81506;3.61574;
0.262602;2.81537;3.61146;
0.262702;2.81568;3.61574;
0.262802;2.81599;3.61146;
0.262902;2.8163;3.61574;
0.263002;2.81662;3.61146;
0.263102;2.81693;3.61574;
0.263202;2.81724;3.61146;
0.263302;2.81755;3.61574;
0.263402;2.81786;3.61146;
0.263502;2.81818;3.61574;
0.263602;2.81849;3.61146;
0.263702;2.8188;3.61574;
0.263802;2.81911;3.61146;
0.263902;2.81942;3.61574;
0.264002;2.81973;3.61146;
0.264102;2.82004;3.61574;
0.264202;2.82036;3.61146;
0.264302;2.82067;3.61574;
0.264402;2.82098;3.61146;
0.264502;2.82129;3.61574;
0.264602;2.8216;3.61146;
0.264702;2.82191;3.61574;
0.264802;2.82222;3.61146;
0.264902;2.82253;3.61574;
0.265002;2.82285;3.61146;
0.265102;2.82316;3.61574;
0.265202;2.82347;3.61146;
0.265302;2.82378;3.61574;
0.265402;2.82409;3.61146;
0.265502;2.8244;3.61574;
0.265602;2.82471;3.61146;
0.265702;2.82502;3.61574;
0.265802;2.82533;3.61146;
0.265902;2.82564;3.61574;
0.266002;2.82595;3.61146;
0.266102;2.82626;3.61574;
0.266202;2.82657;3.61146;
0.266302;2.82689;3.61574;
0.266402;2.8272;3.61146;
0.266502;2.82751;3.61574;
0.266602;2.82782;3.61146;
0.266702;2.82813;3.61574;
0.266802;2.82844;3.61146;
0.266902;2.82875;3.61574;
0.267002;2.82906;3.61146;
0.267102;2.82937;3.61574;
0.267202;2.82968;3.61146;
0.267302;2.82999;3.61574;
0.267402;2.8303;3.61146;
0.267502;2.83061;3.61574;
0.267602;2.83092;3.61146;
0.267702;2.83123;3.61574;
0.267802;2.83154;3.61146;
0.267902;2.83185;3.61574;
0.268002;2.83216;3.61146;
0.268102;2.83247;3.61574;
0.268202;2.83278;3.61146;
0.268302;2.83309;3.61574;
0.268402;2.83339;3.61146;
0.268502;2.8337;3.61574;
0.268602;2.83401;3.61146;
0.268702;2.83432;3.61574;
0.268802;2.83463;3.61146;
0.268902;2.83494;3.61574;
0.269002;2.83525;3.61146;
0.269102;2.83556;3.61574;
0.269202;2.83587;3.61146;
0.269302;2.83618;3.61574;
0.269402;2.83649;3.61146;
0.269502;2.8368;3.61574;
0.269602;2.83711;3.61146;
0.269702;2.83741;3.61574;
0.269802;2.83772;3.61146;
0.269902;2.83803;3.61573;
0.270002;2.83834;3.61146;
0.270102;2.83865;3.61573;
0.270202;2.83896;3.61146;
0.270302;2.83927;3.61573;
0.270402;2.83958;3.61146;
0.270502;2.83988;3.61573;
0.270602;2.84019;3.61146;
0.270702;2.8405;3.61573;
0.270802;2.84081;3.61146;
0.270902;2.84112;3.61573;
0.271002;2.84143;3.61146;
0.271102;2.84174;3.61573;
0.271202;2.84204;3.61146;
0.271302;2.84235;3.61573;
0.271402;2.84266;3.61146;
0.271502;2.84297;3.61573;
0.271602;2.84328;3.61146;
0.271702;2.84358;3.61573;
0.271802;2.84389;3.61146;
0.271902;2.8442;3.61573;
0.272002;2.84451;3.61146;
0.272102;2.84482;3.61573;
0.272202;2.84512;3.61146;
0.272302;2.84543;3.61573;
0.272402;2.84574;3.61146;
0.272502;2.84605;3.61573;
0.272602;2.84635;3.61146;
0.272702;2.84666;3.61573;
0.272802;2.84697;3.61146;
0.272902;2.84728;3.61573;
0.273002;2.84759;3.61146;
0.273102;2.84789;3.61573;
0.273202;2.8482;3.61146;
0.273302;2.84851;3.61573;
0.273402;2.84881;3.61146;
0.273502;2.84912;3.61573;
0.273602;2.84943;3.61146;
0.273702;2.84974;3.61573;
0.273802;2.85004;3.61146;
0.273902;2.85035;3.61573;
0.274002;2.85066;3.61146;
0.274102;2.85096;3.61573;
0.274202;2.85127;3.61146;
0.274302;2.85158;3.61573;
0.274402;2.85189;3.61146;
0.274502;2.85219;3.61573;
0.274602;2.8525;3.61146;
0.274702;2.85281;3.61573;
0.274802;2.85311;3.61146;
0.274902;2.85342;3.61573;
0.275002;2.85373;3.61146;
0.275102;2.85403;3.61573;
0.275202;2.85434;3.61146;
0.275302;2.85465;3.61573;
0.275402;2.85495;3.61146;
0.275502;2.85526;3.61573;
0.275602;2.85556;3.61146;
0.275702;2.85587;3.61573;
0.275802;2.85618;3.61146;
0.275902;2.85648;3.61573;
0.276002;2.85679;3.61146;
0.276102;2.8571;3.61573;
0.276202;2.8574;3.61146;
0.276302;2.85771;3.61573;
0.276402;2.85801;3.61146;
0.276502;2.85832;3.61573;
0.276602;2.85863;3.61146;
0.276702;2.85893;3.61573;
0.276802;2.85924;3.61146;
0.276902;2.85954;3.61573;
0.277002;2.85985;3.61146;
0.277102;2.86015;3.61573;
0.277202;2.86046;3.61146;
0.277302;2.86077;3.61573;
0.277402;2.86107;3.61146;
0.277502;2.86138;3.61573;
0.277602;2.86168;3.61146;
0.277702;2.86199;3.61573;
0.277802;2.86229;3.61146;
0.277902;2.8626;3.61573;
0.278002;2.8629;3.61146;
0.278102;2.86321;3.61573;
0.278202;2.86351;3.61146;
0.278302;2.86382;3.61573;
0.278402;2.86412;3.61146;
0.278502;2.86443;3.61573;
0.278602;2.86473;3.61146;
0.278702;2.86504;3.61573;
0.278802;2.86534;3.61146;
0.278902;2.86565;3.61573;
0.279002;2.86595;3.61146;
0.279102;2.86626;3.61573;
0.279202;2.86656;3.61146;
0.279302;2.86687;3.61573;
0.279402;2.86717;3.61146;
0.279502;2.86748;3.61573;
0.279602;2.86778;3.61146;
0.279702;2.86809;3.61573;
0.279802;2.86839;3.61146;
0.279902;2.8687;3.61573;
0.280002;2.869;3.61146;
0.280102;2.86931;3.61573;
0.280202;2.86961;3.61146;
0.280302;2.86991;3.61573;
0.280402;2.87022;3.61146;
0.280502;2.87052;3.61573;
0.280602;2.87083;3.61146;
0.280702;2.87113;3.61573;
0.280802;2.87143;3.61146;
0.280902;2.87174;3.61573;
0.281002;2.87204;3.61146;
0.281102;2.87235;3.61573;
0.281202;2.87265;3.61146;
0.281302;2.87295;3.61573;
0.281402;2.87326;3.61146;
0.281502;2.87356;3.61573;
0.281602;2.87387;3.61146;
0.281702;2.87417;3.61573;
0.281802;2.87447;3.61146;
0.281902;2.87478;3.61573;
0.282002;2.87508;3.61146;
0.282102;2.87538;3.61573;
0.282202;2.87569;3.61146;
0.282302;2.87599;3.61573;
0.282402;2.87629;3.61146;
0.282502;2.8766;3.61573;
0.282602;2.8769;3.61146;
0.282702;2.8772;3.61573;
0.282802;2.87751;3.61146;
0.282902;2.87781;3.61573;
0.283002;2.87811;3.61146;
0.283102;2.87842;3.61573;
0.283202;2.87872;3.61146;
0.283302;2.87902;3.61573;
0.283402;2.87933;3.61146;
0.283502;2.87963;3.61573;
0.283602;2.87993;3.61147;
0.283702;2.88023;3.61573;
0.283802;2.88054;3.61147;
0.283902;2.88084;3.61573;
0.284002;2.88114;3.61147;
0.284102;2.88145;3.61573;
0.284202;2.88175;3.61147;
0.284302;2.88205;3.61573;
0.284402;2.88235;3.61147;
0.284502;2.88266;3.61573;
0.284602;2.88296;3.61147;
0.284702;2.88326;3.61573;
0.284802;2.88356;3.61147;
0.284902;2.88386;3.61573;
0.285002;2.88417;3.61147;
0.285102;2.88447;3.61573;
0.285202;2.88477;3.61147;
0.285302;2.88507;3.61573;
0.285402;2.88538;3.61147;
0.285502;2.88568;3.61573;
0.285602;2.88598;3.61147;
0.285702;2.88628;3.61573;
0.285802;2.88658;3.61147;
0.285902;2.88689;3.61573;
0.286002;2.88719;3.61147;
0.286102;2.88749;3.61573;
0.286202;2.88779;3.61147;
0.286302;2.88809;3.61573;
0.286402;2.88839;3.61147;
0.286502;2.8887;3.61573;
0.286602;2.889;3.61147;
0.286702;2.8893;3.61573;
0.286802;2.8896;3.61147;
0.286902;2.8899;3.61573;
0.287002;2.8902;3.61147;
0.287102;2.8905;3.61573;
0.287202;2.89081;3.61147;
0.287302;2.89111;3.61573;
0.287402;2.89141;3.61147;
0.287502;2.89171;3.61573;
0.287602;2.89201;3.61147;
0.287702;2.89231;3.61573;
0.287802;2.89261;3.61147;
0.287902;2.89291;3.61573;
0.288002;2.89322;3.61147;
0.288102;2.89352;3.61573;
0.288202;2.89382;3.61147;
0.288302;2.89412;3.61573;
0.288402;2.89442;3.61147;
0.288502;2.89472;3.61573;
0.288602;2.89502;3.61147;
0.288702;2.89532;3.61573;
0.288802;2.89562;3.61147;
0.288902;2.89592;3.61573;
0.289002;2.89622;3.61147;
0.289102;2.89652;3.61573;
0.289202;2.89682;3.61147;
0.289302;2.89712;3.61573;
0.289402;2.89742;3.61147;
0.289502;2.89772;3.61573;
0.289602;2.89802;3.61147;
0.289702;2.89833;3.61573;
0.289802;2.89863;3.61147;
0.289902;2.89893;3.61573;
0.290002;2.89923;3.61147;
0.290102;2.89953;3.61573;
0.290202;2.89983;3.61147;
0.290302;2.90013;3.61573;
0.290402;2.90043;3.61147;
0.290502;2.90073;3.61573;
0.290602;2.90103;3.61147;
0.290702;2.90133;3.61573;
0.290802;2.90162;3.61147;
0.290902;2.90192;3.61573;
0.291002;2.90222;3.61147;
0.291102;2.90252;3.61573;
0.291202;2.90282;3.61147;
0.291302;2.90312;3.61573;
0.291402;2.90342;3.61147;
0.291502;2.90372;3.61573;
0.291602;2.90402;3.61147;
0.291702;2.90432;3.61573;
0.291802;2.90462;3.61147;
0.291902;2.90492;3.61573;
0.292002;2.90522;3.61147;
0.292102;2.90552;3.61573;
0.292202;2.90582;3.61147;
0.292302;2.90612;3.61573;
0.292402;2.90642;3.61147;
0.292502;2.90671;3.61573;
0.292602;2.90701;3.61147;
0.292702;2.90731;3.61573;
0.292802;2.90761;3.61147;
0.292902;2.90791;3.61573;
0.293002;2.90821;3.61147;
0.293102;2.90851;3.61573;
0.293202;2.90881;3.61147;
0.293302;2.90911;3.61573;
0.293402;2.9094;3.61147;
0.293502;2.9097;3.61573;
0.293602;2.91;3.61147;
0.293702;2.9103;3.61573;
0.293802;2.9106;3.61147;
0.293902;2.9109;3.61573;
0.294002;2.91119;3.61147;
0.294102;2.91149;3.61573;
0.294202;2.91179;3.61147;
0.294302;2.91209;3.61573;
0.294402;2.91239;3.61147;
0.294502;2.91269;3.61573;
0.294602;2.91298;3.61147;
0.294702;2.91328;3.61573;
0.294802;2.91358;3.61147;
0.294902;2.91388;3.61573;
0.295002;2.91418;3.61147;
0.295102;2.91447;3.61573;
0.295202;2.91477;3.61147;
0.295302;2.91507;3.61572;
0.295402;2.91537;3.61147;
0.295502;2.91567;3.61572;
0.295602;2.91596;3.61147;
0.295702;2.91626;3.61572;
0.295802;2.91656;3.61147;
0.295902;2.91686;3.61572;
0.296002;2.91715;3.61147;
0.296102;2.91745;3.61572;
0.296202;2.91775;3.61147;
0.296302;2.91805;3.61572;
0.296402;2.91834;3.61147;
0.296502;2.91864;3.61572;
0.296602;2.91894;3.61147;
0.296702;2.91924;3.61572;
0.296802;2.91953;3.61147;
0.296902;2.91983;3.61572;
0.297002;2.92013;3.61147;
0.297102;2.92042;3.61572;
0.297202;2.92072;3.61147;
0.297302;2.92102;3.61572;
0.297402;2.92132;3.61147;
0.297502;2.92161;3.61572;
0.297602;2.92191;3.61147;
0.297702;2.92221;3.61572;
0.297802;2.9225;3.61147;
0.297902;2.9228;3.61572;
0.298002;2.9231;3.61147;
0.298102;2.92339;3.61572;
0.298202;2.92369;3.61147;
0.298302;2.92399;3.61572;
0.298402;2.92428;3.61147;
0.298502;2.92458;3.61572;
0.298602;2.92488;3.61147;
0.298702;2.92517;3.61572;
0.298802;2.92547;3.61147;
0.298902;2.92576;3.61572;
0.299002;2.92606;3.61147;
0.299102;2.92636;3.61572;
0.299202;2.92665;3.61147;
0.299302;2.92695;3.61572;
0.299402;2.92725;3.61147;
0.299502;2.92754;3.61572;
0.299602;2.92784;3.61147;
0.299702;2.92813;3.61572;
0.299802;2.92843;3.61147;
0.299902;2.92873;3.61572;
0.300002;2.92902;3.61147;
0.300102;2.92932;3.61572;
0.300202;2.92961;3.61147;
0.300302;2.92991;3.61572;
0.300402;2.9302;3.61147;
0.300502;2.9305;3.61572;
0.300602;2.9308;3.61147;
0.300702;2.93109;3.61572;
0.300802;2.93139;3.61147;
0.300902;2.93168;3.61572;
0.301002;2.93198;3.61147;
0.301102;2.93227;3.61572;
0.301202;2.93257;3.61147;
0.301302;2.93286;3.61572;
0.301402;2.93316;3.61147;
0.301502;2.93345;3.61572;
0.301602;2.93375;3.61147;
0.301702;2.93404;3.61572;
0.301802;2.93434;3.61147;
0.301902;2.93463;3.61572;
0.302002;2.93493;3.61147;
0.302102;2.93522;3.61572;
0.302202;2.93552;3.61147;
0.302302;2.93581;3.61572;
0.302402;2.93611;3.61147;
0.302502;2.9364;3.61572;
0.302602;2.9367;3.61147;
0.302702;2.93699;3.61572;
0.302802;2.93729;3.61147;
0.302902;2.93758;3.61572;
0.303002;2.93788;3.61147;
0.303102;2.93817;3.61572;
0.303202;2.93847;3.61147;
0.303302;2.93876;3.61572;
0.303402;2.93905;3.61147;
0.303502;2.93935;3.61572;
0.303602;2.93964;3.61147;
0.303702;2.93994;3.61572;
0.303802;2.94023;3.61147;
0.303902;2.94053;3.61572;
0.304002;2.94082;3.61147;
0.304102;2.94111;3.61572;
0.304202;2.94141;3.61147;
0.304302;2.9417;3.61572;
0.304402;2.942;3.61147;
0.304502;2.94229;3.61572;
0.304602;2.94258;3.61147;
0.304702;2.94288;3.61572;
0.304802;2.94317;3.61147;
0.304902;2.94347;3.61572;
0.305002;2.94376;3.61147;
0.305102;2.94405;3.61572;
0.305202;2.94435;3.61147;
0.305302;2.94464;3.61572;
0.305402;2.94493;3.61147;
0.305502;2.94523;3.61572;
0.305602;2.94552;3.61147;
0.305702;2.94581;3.61572;
0.305802;2.94611;3.61147;
0.305902;2.9464;3.61572;
0.306002;2.94669;3.61147;
0.306102;2.94699;3.61572;
0.306202;2.94728;3.61147;
0.306302;2.94757;3.61572;
0.306402;2.94787;3.61147;
0.306502;2.94816;3.61572;
0.306602;2.94845;3.61147;
0.306702;2.94875;3.61572;
0.306802;2.94904;3.61147;
0.306902;2.94933;3.61572;
0.307002;2.94963;3.61147;
0.307102;2.94992;3.61572;
0.307202;2.95021;3.61147;
0.307302;2.9505;3.61572;
0.307402;2.9508;3.61147;
0.307502;2.95109;3.61572;
0.307602;2.95138;3.61147;
0.307702;2.95167;3.61572;
0.307802;2.95197;3.61148;
0.307902;2.95226;3.61572;
0.308002;2.95255;3.61148;
0.308102;2.95284;3.61572;
0.308202;2.95314;3.61148;
0.308302;2.95343;3.61572;
0.308402;2.95372;3.61148;
0.308502;2.95401;3.61572;
0.308602;2.95431;3.61148;
0.308702;2.9546;3.61572;
0.308802;2.95489;3.61148;
0.308902;2.95518;3.61572;
0.309002;2.95547;3.61148;
0.309102;2.95577;3.61572;
0.309202;2.95606;3.61148;
0.309302;2.95635;3.61572;
0.309402;2.95664;3.61148;
0.309502;2.95693;3.61572;
0.309602;2.95723;3.61148;
0.309702;2.95752;3.61572;
0.309802;2.95781;3.61148;
0.309902;2.9581;3.61572;
0.310002;2.95839;3.61148;
0.310102;2.95868;3.61572;
0.310202;2.95898;3.61148;
0.310302;2.95927;3.61572;
0.310402;2.95956;3.61148;
0.310502;2.95985;3.61572;
0.310602;2.96014;3.61148;
0.310702;2.96043;3.61572;
0.310802;2.96072;3.61148;
0.310902;2.96102;3.61572;
0.311002;2.96131;3.61148;
0.311102;2.9616;3.61572;
0.311202;2.96189;3.61148;
0.311302;2.96218;3.61572;
0.311402;2.96247;3.61148;
0.311502;2.96276;3.61572;
0.311602;2.96305;3.61148;
0.311702;2.96334;3.61572;
0.311802;2.96364;3.61148;
0.311902;2.96393;3.61572;
0.312002;2.96422;3.61148;
0.312102;2.96451;3.61572;
0.312202;2.9648;3.61148;
0.312302;2.96509;3.61572;
0.312402;2.96538;3.61148;
0.312502;2.96567;3.61572;
0.312602;2.96596;3.61148;
0.312702;2.96625;3.61572;
0.312802;2.96654;3.61148;
0.312902;2.96683;3.61572;
0.313002;2.96712;3.61148;
0.313102;2.96741;3.61572;
0.313202;2.9677;3.61148;
0.313302;2.96799;3.61572;
0.313402;2.96828;3.61148;
0.313502;2.96857;3.61572;
0.313602;2.96886;3.61148;
0.313702;2.96915;3.61572;
0.313802;2.96944;3.61148;
0.313902;2.96974;3.61572;
0.314002;2.97002;3.61148;
0.314102;2.97031;3.61572;
0.314202;2.9706;3.61148;
0.314302;2.97089;3.61572;
0.314402;2.97118;3.61148;
0.314502;2.97147;3.61572;
0.314602;2.97176;3.61148;
0.314702;2.97205;3.61572;
0.314802;2.97234;3.61148;
0.314902;2.97263;3.61572;
0.315002;2.97292;3.61148;
0.315102;2.97321;3.61572;
0.315202;2.9735;3.61148;
0.315302;2.97379;3.61572;
0.315402;2.97408;3.61148;
0.315502;2.97437;3.61572;
0.315602;2.97466;3.61148;
0.315702;2.97495;3.61572;
0.315802;2.97524;3.61148;
0.315902;2.97553;3.61572;
0.316002;2.97582;3.61148;
0.316102;2.97611;3.61572;
0.316202;2.97639;3.61148;
0.316302;2.97668;3.61572;
0.316402;2.97697;3.61148;
0.316502;2.97726;3.61572;
0.316602;2.97755;3.61148;
0.316702;2.97784;3.61572;
0.316802;2.97813;3.61148;
0.316902;2.97842;3.61572;
0.317002;2.97871;3.61148;
0.317102;2.97899;3.61572;
0.317202;2.97928;3.61148;
0.317302;2.97957;3.61572;
0.317402;2.97986;3.61148;
0.317502;2.98015;3.61572;
0.317602;2.98044;3.61148;
0.317702;2.98073;3.61572;
0.317802;2.98101;3.61148;
0.317902;2.9813;3.61572;
0.318002;2.98159;3.61148;
0.318102;2.98188;3.61572;
0.318202;2.98217;3.61148;
0.318302;2.98246;3.61572;
0.318402;2.98274;3.61148;
0.318502;2.98303;3.61572;
0.318602;2.98332;3.61148;
0.318702;2.98361;3.61572;
0.318802;2.9839;3.61148;
0.318902;2.98418;3.61572;
0.319002;2.98447;3.61148;
0.319102;2.98476;3.61572;
0.319202;2.98505;3.61148;
0.319302;2.98533;3.61572;
0.319402;2.98562;3.61148;
0.319502;2.98591;3.61572;
0.319602;2.9862;3.61148;
0.319702;2.98649;3.61572;
0.319802;2.98677;3.61148;
0.319902;2.98706;3.61572;
0.320002;2.98735;3.61148;
0.320102;2.98764;3.61572;
0.320202;2.98792;3.61148;
0.320302;2.98821;3.61572;
0.320402;2.9885;3.61148;
0.320502;2.98879;3.61571;
0.320602;2.98907;3.61148;
0.320702;2.98936;3.61571;
0.320802;2.98965;3.61148;
0.320902;2.98993;3.61571;
0.321002;2.99022;3.61148;
0.321102;2.99051;3.61571;
0.321202;2.9908;3.61148;
0.321302;2.99108;3.61571;
0.321402;2.99137;3.61148;
0.321502;2.99166;3.61571;
0.321602;2.99194;3.61148;
0.321702;2.99223;3.61571;
0.321802;2.99252;3.61148;
0.321902;2.9928;3.61571;
0.322002;2.99309;3.61148;
0.322102;2.99338;3.61571;
0.322202;2.99366;3.61148;
0.322302;2.99395;3.61571;
0.322402;2.99424;3.61148;
0.322502;2.99452;3.61571;
0.322602;2.99481;3.61148;
0.322702;2.9951;3.61571;
0.322802;2.99538;3.61148;
0.322902;2.99567;3.61571;
0.323002;2.99595;3.61148;
0.323102;2.99624;3.61571;
0.323202;2.99653;3.61148;
0.323302;2.99681;3.61571;
0.323402;2.9971;3.61148;
0.323502;2.99738;3.61571;
0.323602;2.99767;3.61148;
0.323702;2.99796;3.61571;
0.323802;2.99824;3.61148;
0.323902;2.99853;3.61571;
0.324002;2.99881;3.61148;
0.324102;2.9991;3.61571;
0.324202;2.99939;3.61148;
0.324302;2.99967;3.61571;
0.324402;2.99996;3.61148;
0.324502;3.00024;3.61571;
0.324602;3.00053;3.61148;
0.324702;3.00081;3.61571;
0.324802;3.0011;3.61148;
0.324902;3.00139;3.61571;
0.325002;3.00167;3.61148;
0.325102;3.00196;3.61571;
0.325202;3.00224;3.61148;
0.325302;3.00253;3.61571;
0.325402;3.00281;3.61148;
0.325502;3.0031;3.61571;
0.325602;3.00338;3.61148;
0.325702;3.00367;3.61571;
0.325802;3.00395;3.61148;
0.325902;3.00424;3.61571;
0.326002;3.00452;3.61148;
0.326102;3.00481;3.61571;
0.326202;3.00509;3.61148;
0.326302;3.00538;3.61571;
0.326402;3.00566;3.61148;
0.326502;3.00595;3.61571;
0.326602;3.00623;3.61148;
0.326702;3.00652;3.61571;
0.326802;3.0068;3.61148;
0.326902;3.00709;3.61571;
0.327002;3.00737;3.61148;
0.327102;3.00766;3.61571;
0.327202;3.00794;3.61148;
0.327302;3.00823;3.61571;
0.327402;3.00851;3.61148;
0.327502;3.00879;3.61571;
0.327602;3.00908;3.61148;
0.327702;3.00936;3.61571;
0.327802;3.00965;3.61148;
0.327902;3.00993;3.61571;
0.328002;3.01022;3.61148;
0.328102;3.0105;3.61571;
0.328202;3.01078;3.61148;
0.328302;3.01107;3.61571;
0.328402;3.01135;3.61148;
0.328502;3.01164;3.61571;
0.328602;3.01192;3.61148;
0.328702;3.0122;3.61571;
0.328802;3.01249;3.61148;
0.328902;3.01277;3.61571;
0.329002;3.01306;3.61148;
0.329102;3.01334;3.61571;
0.329202;3.01362;3.61148;
0.329302;3.01391;3.61571;
0.329402;3.01419;3.61148;
0.329502;3.01447;3.61571;
0.329602;3.01476;3.61148;
0.329702;3.01504;3.61571;
0.329802;3.01532;3.61148;
0.329902;3.01561;3.61571;
0.330002;3.01589;3.61148;
0.330102;3.01617;3.61571;
0.330202;3.01646;3.61148;
0.330302;3.01674;3.61571;
0.330402;3.01702;3.61148;
0.330502;3.01731;3.61571;
0.330602;3.01759;3.61148;
0.330702;3.01787;3.61571;
0.330802;3.01816;3.61148;
0.330902;3.01844;3.61571;
0.331002;3.01872;3.61148;
0.331102;3.01901;3.61571;
0.331202;3.01929;3.61148;
0.331302;3.01957;3.61571;
0.331402;3.01986;3.61148;
0.331502;3.02014;3.61571;
0.331602;3.02042;3.61148;
0.331702;3.0207;3.61571;
0.331802;3.02099;3.61149;
0.331902;3.02127;3.61571;
0.332002;3.02155;3.61149;
0.332102;3.02183;3.61571;
0.332202;3.02212;3.61149;
0.332302;3.0224;3.61571;
0.332402;3.02268;3.61149;
0.332502;3.02296;3.61571;
0.332602;3.02325;3.61149;
0.332702;3.02353;3.61571;
0.332802;3.02381;3.61149;
0.332902;3.02409;3.61571;
0.333002;3.02438;3.61149;
0.333102;3.02466;3.61571;
0.333202;3.02494;3.61149;
0.333302;3.02522;3.61571;
0.333402;3.0255;3.61149;
0.333502;3.02579;3.61571;
0.333602;3.02607;3.61149;
0.333702;3.02635;3.61571;
0.333802;3.02663;3.61149;
0.333902;3.02691;3.61571;
0.334002;3.02719;3.61149;
0.334102;3.02748;3.61571;
0.334202;3.02776;3.61149;
0.334302;3.02804;3.61571;
0.334402;3.02832;3.61149;
0.334502;3.0286;3.61571;
0.334602;3.02888;3.61149;
0.334702;3.02917;3.61571;
0.334802;3.02945;3.61149;
0.334902;3.02973;3.61571;
0.335002;3.03001;3.61149;
0.335102;3.03029;3.61571;
0.335202;3.03057;3.61149;
0.335302;3.03085;3.61571;
0.335402;3.03114;3.61149;
0.335502;3.03142;3.61571;
0.335602;3.0317;3.61149;
0.335702;3.03198;3.61571;
0.335802;3.03226;3.61149;
0.335902;3.03254;3.61571;
0.336002;3.03282;3.61149;
0.336102;3.0331;3.61571;
0.336202;3.03338;3.61149;
0.336302;3.03367;3.61571;
0.336402;3.03395;3.61149;
0.336502;3.03423;3.61571;
0.336602;3.03451;3.61149;
0.336702;3.03479;3.61571;
0.336802;3.03507;3.61149;
0.336902;3.03535;3.61571;
0.337002;3.03563;3.61149;
0.337102;3.03591;3.61571;
0.337202;3.03619;3.61149;
0.337302;3.03647;3.61571;
0.337402;3.03675;3.61149;
0.337502;3.03703;3.61571;
0.337602;3.03731;3.61149;
0.337702;3.03759;3.61571;
0.337802;3.03787;3.61149;
0.337902;3.03815;3.61571;
0.338002;3.03843;3.61149;
0.338102;3.03871;3.61571;
0.338202;3.03899;3.61149;
0.338302;3.03927;3.61571;
0.338402;3.03955;3.61149;
0.338502;3.03983;3.61571;
0.338602;3.04011;3.61149;
0.338702;3.04039;3.61571;
0.338802;3.04067;3.61149;
0.338902;3.04095;3.61571;
0.339002;3.04123;3.61149;
0.339102;3.04151;3.61571;
0.339202;3.04179;3.61149;
0.339302;3.04207;3.61571;
0.339402;3.04235;3.61149;
0.339502;3.04263;3.61571;
0.339602;3.04291;3.61149;
0.339702;3.04319;3.61571;
0.339802;3.04347;3.61149;
0.339902;3.04375;3.61571;
0.340002;3.04403;3.61149;
0.340102;3.04431;3.61571;
0.340202;3.04459;3.61149;
0.340302;3.04487;3.61571;
0.340402;3.04515;3.61149;
0.340502;3.04543;3.61571;
0.340602;3.0457;3.61149;
0.340702;3.04598;3.61571;
0.340802;3.04626;3.61149;
0.340902;3.04654;3.61571;
0.341002;3.04682;3.61149;
0.341102;3.0471;3.61571;
0.341202;3.04738;3.61149;
0.341302;3.04766;3.61571;
0.341402;3.04794;3.61149;
0.341502;3.04821;3.61571;
0.341602;3.04849;3.61149;
0.341702;3.04877;3.61571;
0.341802;3.04905;3.61149;
0.341902;3.04933;3.61571;
0.342002;3.04961;3.61149;
0.342102;3.04989;3.61571;
0.342202;3.05017;3.61149;
0.342302;3.05044;3.61571;
0.342402;3.05072;3.61149;
0.342502;3.051;3.61571;
0.342602;3.05128;3.61149;
0.342702;3.05156;3.61571;
0.342802;3.05184;3.61149;
0.342902;3.05211;3.61571;
0.343002;3.05239;3.61149;
0.343102;3.05267;3.61571;
0.343202;3.05295;3.61149;
0.343302;3.05323;3.61571;
0.343402;3.0535;3.61149;
0.343502;3.05378;3.61571;
0.343602;3.05406;3.61149;
0.343702;3.05434;3.61571;
0.343802;3.05462;3.61149;
0.343902;3.05489;3.61571;
0.344002;3.05517;3.61149;
0.344102;3.05545;3.61571;
0.344202;3.05573;3.61149;
0.344302;3.056;3.61571;
0.344402;3.05628;3.61149;
0.344502;3.05656;3.61571;
0.344602;3.05684;3.61149;
0.344702;3.05711;3.61571;
0.344802;3.05739;3.61149;
0.344902;3.05767;3.61571;
0.345002;3.05795;3.61149;
0.345102;3.05822;3.61571;
0.345202;3.0585;3.61149;
0.345302;3.05878;3.61571;
0.345402;3.05906;3.61149;
0.345502;3.05933;3.61571;
0.345602;3.05961;3.61149;
0.345702;3.05989;3.6157;
0.345802;3.06016;3.61149;
0.345902;3.06044;3.6157;
0.346002;3.06072;3.61149;
0.346102;3.061;3.6157;
0.346202;3.06127;3.61149;
0.346302;3.06155;3.6157;
0.346402;3.06183;3.61149;
0.346502;3.0621;3.6157;
0.346602;3.06238;3.61149;
0.346702;3.06266;3.6157;
0.346802;3.06293;3.61149;
0.346902;3.06321;3.6157;
0.347002;3.06349;3.61149;
0.347102;3.06376;3.6157;
0.347202;3.06404;3.61149;
0.347302;3.06432;3.6157;
0.347402;3.06459;3.61149;
0.347502;3.06487;3.6157;
0.347602;3.06515;3.61149;
0.347702;3.06542;3.6157;
0.347802;3.0657;3.61149;
0.347902;3.06597;3.6157;
0.348002;3.06625;3.61149;
0.348102;3.06653;3.6157;
0.348202;3.0668;3.61149;
0.348302;3.06708;3.6157;
0.348402;3.06735;3.61149;
0.348502;3.06763;3.6157;
0.348602;3.06791;3.61149;
0.348702;3.06818;3.6157;
0.348802;3.06846;3.61149;
0.348902;3.06873;3.6157;
0.349002;3.06901;3.61149;
0.349102;3.06929;3.6157;
0.349202;3.06956;3.61149;
0.349302;3.06984;3.6157;
0.349402;3.07011;3.61149;
0.349502;3.07039;3.6157;
0.349602;3.07066;3.61149;
0.349702;3.07094;3.6157;
0.349802;3.07122;3.61149;
0.349902;3.07149;3.6157;
0.350002;3.07177;3.61149;
0.350102;3.07204;3.6157;
0.350202;3.07232;3.61149;
0.350302;3.07259;3.6157;
0.350402;3.07287;3.61149;
0.350502;3.07314;3.6157;
0.350602;3.07342;3.61149;
0.350702;3.07369;3.6157;
0.350802;3.07397;3.61149;
0.350902;3.07424;3.6157;
0.351002;3.07452;3.61149;
0.351102;3.07479;3.6157;
0.351202;3.07507;3.61149;
0.351302;3.07534;3.6157;
0.351402;3.07562;3.61149;
0.351502;3.07589;3.6157;
0.351602;3.07617;3.61149;
0.351702;3.07644;3.6157;
0.351802;3.07672;3.61149;
0.351902;3.07699;3.6157;
0.352002;3.07727;3.61149;
0.352102;3.07754;3.6157;
0.352202;3.07781;3.61149;
0.352302;3.07809;3.6157;
0.352402;3.07836;3.61149;
0.352502;3.07864;3.6157;
0.352602;3.07891;3.61149;
0.352702;3.07919;3.6157;
0.352802;3.07946;3.61149;
0.352902;3.07974;3.6157;
0.353002;3.08001;3.61149;
0.353102;3.08028;3.6157;
0.353202;3.08056;3.61149;
0.353302;3.08083;3.6157;
0.353402;3.08111;3.61149;
0.353502;3.08138;3.6157;
0.353602;3.08165;3.61149;
0.353702;3.08193;3.6157;
0.353802;3.0822;3.61149;
0.353902;3.08248;3.6157;
0.354002;3.08275;3.61149;
0.354102;3.08302;3.6157;
0.354202;3.0833;3.61149;
0.354302;3.08357;3.6157;
0.354402;3.08384;3.61149;
0.354502;3.08412;3.6157;
0.354602;3.08439;3.61149;
0.354702;3.08467;3.6157;
0.354802;3.08494;3.61149;
0.354902;3.08521;3.6157;
0.355002;3.08549;3.61149;
0.355102;3.08576;3.6157;
0.355202;3.08603;3.61149;
0.355302;3.08631;3.6157;
0.355402;3.08658;3.61149;
0.355502;3.08685;3.6157;
0.355602;3.08713;3.61149;
0.355702;3.0874;3.6157;
0.355802;3.08767;3.61149;
0.355902;3.08795;3.6157;
0.356002;3.08822;3.6115;
0.356102;3.08849;3.6157;
0.356202;3.08876;3.6115;
0.356302;3.08904;3.6157;
0.356402;3.08931;3.6115;
0.356502;3.08958;3.6157;
0.356602;3.08986;3.6115;
0.356702;3.09013;3.6157;
0.356802;3.0904;3.6115;
0.356902;3.09067;3.6157;
0.357002;3.09095;3.6115;
0.357102;3.09122;3.6157;
0.357202;3.09149;3.6115;
0.357302;3.09176;3.6157;
0.357402;3.09204;3.6115;
0.357502;3.09231;3.6157;
0.357602;3.09258;3.6115;
0.357702;3.09285;3.6157;
0.357802;3.09313;3.6115;
0.357902;3.0934;3.6157;
0.358002;3.09367;3.6115;
0.358102;3.09394;3.6157;
0.358202;3.09422;3.6115;
0.358302;3.09449;3.6157;
0.358402;3.09476;3.6115;
0.358502;3.09503;3.6157;
0.358602;3.0953;3.6115;
0.358702;3.09558;3.6157;
0.358802;3.09585;3.6115;
0.358902;3.09612;3.6157;
0.359002;3.09639;3.6115;
0.359102;3.09666;3.6157;
0.359202;3.09694;3.6115;
0.359302;3.09721;3.6157;
0.359402;3.09748;3.6115;
0.359502;3.09775;3.6157;
0.359602;3.09802;3.6115;
0.359702;3.09829;3.6157;
0.359802;3.09857;3.6115;
0.359902;3.09884;3.6157;
0.360002;3.09911;3.6115;
0.360102;3.09938;3.6157;
0.360202;3.09965;3.6115;
0.360302;3.09992;3.6157;
0.360402;3.10019;3.6115;
0.360502;3.10046;3.6157;
0.360602;3.10074;3.6115;
0.360702;3.10101;3.6157;
0.360802;3.10128;3.6115;
0.360902;3.10155;3.6157;
0.361002;3.10182;3.6115;
0.361102;3.10209;3.6157;
0.361202;3.10236;3.6115;
0.361302;3.10263;3.6157;
0.361402;3.1029;3.6115;
0.361502;3.10318;3.6157;
0.361602;3.10345;3.6115;
0.361702;3.10372;3.6157;
0.361802;3.10399;3.6115;
0.361902;3.10426;3.6157;
0.362002;3.10453;3.6115;
0.362102;3.1048;3.6157;
0.362202;3.10507;3.6115;
0.362302;3.10534;3.6157;
0.362402;3.10561;3.6115;
0.362502;3.10588;3.6157;
0.362602;3.10615;3.6115;
0.362702;3.10642;3.6157;
0.362802;3.10669;3.6115;
0.362902;3.10696;3.6157;
0.363002;3.10723;3.6115;
0.363102;3.1075;3.6157;
0.363202;3.10777;3.6115;
0.363302;3.10805;3.6157;
0.363402;3.10832;3.6115;
0.363502;3.10859;3.6157;
0.363602;3.10886;3.6115;
0.363702;3.10913;3.6157;
0.363802;3.1094;3.6115;
0.363902;3.10967;3.6157;
0.364002;3.10994;3.6115;
0.364102;3.11021;3.6157;
0.364202;3.11048;3.6115;
0.364302;3.11074;3.6157;
0.364402;3.11101;3.6115;
0.364502;3.11128;3.6157;
0.364602;3.11155;3.6115;
0.364702;3.11182;3.6157;
0.364802;3.11209;3.6115;
0.364902;3.11236;3.6157;
0.365002;3.11263;3.6115;
0.365102;3.1129;3.6157;
0.365202;3.11317;3.6115;
0.365302;3.11344;3.6157;
0.365402;3.11371;3.6115;
0.365502;3.11398;3.6157;
0.365602;3.11425;3.6115;
0.365702;3.11452;3.6157;
0.365802;3.11479;3.6115;
0.365902;3.11506;3.6157;
0.366002;3.11533;3.6115;
0.366102;3.11559;3.6157;
0.366202;3.11586;3.6115;
0.366302;3.11613;3.6157;
0.366402;3.1164;3.6115;
0.366502;3.11667;3.6157;
0.366602;3.11694;3.6115;
0.366702;3.11721;3.6157;
0.366802;3.11748;3.6115;
0.366902;3.11775;3.6157;
0.367002;3.11802;3.6115;
0.367102;3.11828;3.6157;
0.367202;3.11855;3.6115;
0.367302;3.11882;3.6157;
0.367402;3.11909;3.6115;
0.367502;3.11936;3.6157;
0.367602;3.11963;3.6115;
0.367702;3.1199;3.6157;
0.367802;3.12016;3.6115;
0.367902;3.12043;3.6157;
0.368002;3.1207;3.6115;
0.368102;3.12097;3.6157;
0.368202;3.12124;3.6115;
0.368302;3.12151;3.6157;
0.368402;3.12177;3.6115;
0.368502;3.12204;3.6157;
0.368602;3.12231;3.6115;
0.368702;3.12258;3.6157;
0.368802;3.12285;3.6115;
0.368902;3.12311;3.6157;
0.369002;3.12338;3.6115;
0.369102;3.12365;3.6157;
0.369202;3.12392;3.6115;
0.369302;3.12419;3.6157;
0.369402;3.12445;3.6115;
0.369502;3.12472;3.6157;
0.369602;3.12499;3.6115;
0.369702;3.12526;3.6157;
0.369802;3.12553;3.6115;
0.369902;3.12579;3.6157;
0.370002;3.12606;3.6115;
0.370102;3.12633;3.6157;
0.370202;3.1266;3.6115;
0.370302;3.12686;3.6157;
0.370402;3.12713;3.6115;
0.370502;3.1274;3.6157;
0.370602;3.12767;3.6115;
0.370702;3.12793;3.6157;
0.370802;3.1282;3.6115;
0.370902;3.12847;3.6157;
0.371002;3.12873;3.6115;
0.371102;3.129;3.61569;
0.371202;3.12927;3.6115;
0.371302;3.12954;3.61569;
0.371402;3.1298;3.6115;
0.371502;3.13007;3.61569;
0.371602;3.13034;3.6115;
0.371702;3.1306;3.61569;
0.371802;3.13087;3.6115;
0.371902;3.13114;3.61569;
0.372002;3.1314;3.6115;
0.372102;3.13167;3.61569;
0.372202;3.13194;3.6115;
0.372302;3.1322;3.61569;
0.372402;3.13247;3.6115;
0.372502;3.13274;3.61569;
0.372602;3.133;3.6115;
0.372702;3.13327;3.61569;
0.372802;3.13354;3.6115;
0.372902;3.1338;3.61569;
0.373002;3.13407;3.6115;
0.373102;3.13434;3.61569;
0.373202;3.1346;3.6115;
0.373302;3.13487;3.61569;
0.373402;3.13514;3.6115;
0.373502;3.1354;3.61569;
0.373602;3.13567;3.6115;
0.373702;3.13593;3.61569;
0.373802;3.1362;3.6115;
0.373902;3.13647;3.61569;
0.374002;3.13673;3.6115;
0.374102;3.137;3.61569;
0.374202;3.13727;3.6115;
0.374302;3.13753;3.61569;
0.374402;3.1378;3.6115;
0.374502;3.13806;3.61569;
0.374602;3.13833;3.6115;
0.374702;3.13859;3.61569;
0.374802;3.13886;3.6115;
0.374902;3.13913;3.61569;
0.375002;3.13939;3.6115;
0.375102;3.13966;3.61569;
0.375202;3.13992;3.6115;
0.375302;3.14019;3.61569;
0.375402;3.14045;3.6115;
0.375502;3.14072;3.61569;
0.375602;3.14099;3.6115;
0.375702;3.14125;3.61569;
0.375802;3.14152;3.6115;
0.375902;3.14178;3.61569;
0.376002;3.14205;3.6115;
0.376102;3.14231;3.61569;
0.376202;3.14258;3.6115;
0.376302;3.14284;3.61569;
0.376402;3.14311;3.6115;
0.376502;3.14337;3.61569;
0.376602;3.14364;3.6115;
0.376702;3.1439;3.61569;
0.376802;3.14417;3.6115;
0.376902;3.14443;3.61569;
0.377002;3.1447;3.6115;
0.377102;3.14496;3.61569;
0.377202;3.14523;3.6115;
0.377302;3.14549;3.61569;
0.377402;3.14576;3.6115;
0.377502;3.14602;3.61569;
0.377602;3.14629;3.6115;
0.377702;3.14655;3.61569;
0.377802;3.14682;3.6115;
0.377902;3.14708;3.61569;
0.378002;3.14734;3.6115;
0.378102;3.14761;3.61569;
0.378202;3.14787;3.6115;
0.378302;3.14814;3.61569;
0.378402;3.1484;3.6115;
0.378502;3.14867;3.61569;
0.378602;3.14893;3.6115;
0.378702;3.1492;3.61569;
0.378802;3.14946;3.6115;
0.378902;3.14972;3.61569;
0.379002;3.14999;3.6115;
0.379102;3.15025;3.61569;
0.379202;3.15052;3.6115;
0.379302;3.15078;3.61569;
0.379402;3.15104;3.6115;
0.379502;3.15131;3.61569;
0.379602;3.15157;3.6115;
0.379702;3.15184;3.61569;
0.379802;3.1521;3.6115;
0.379902;3.15236;3.61569;
0.380002;3.15263;3.6115;
0.380102;3.15289;3.61569;
0.380202;3.15316;3.61151;
0.380302;3.15342;3.61569;
0.380402;3.15368;3.61151;
0.380502;3.15395;3.61569;
0.380602;3.15421;3.61151;
0.380702;3.15447;3.61569;
0.380802;3.15474;3.61151;
0.380902;3.155;3.61569;
0.381002;3.15526;3.61151;
0.381102;3.15553;3.61569;
0.381202;3.15579;3.61151;
0.381302;3.15605;3.61569;
0.381402;3.15632;3.61151;
0.381502;3.15658;3.61569;
0.381602;3.15684;3.61151;
0.381702;3.15711;3.61569;
0.381802;3.15737;3.61151;
0.381902;3.15763;3.61569;
0.382002;3.1579;3.61151;
0.382102;3.15816;3.61569;
0.382202;3.15842;3.61151;
0.382302;3.15868;3.61569;
0.382402;3.15895;3.61151;
0.382502;3.15921;3.61569;
0.382602;3.15947;3.61151;
0.382702;3.15974;3.61569;
0.382802;3.16;3.61151;
0.382902;3.16026;3.61569;
0.383002;3.16052;3.61151;
0.383102;3.16079;3.61569;
0.383202;3.16105;3.61151;
0.383302;3.16131;3.61569;
0.383402;3.16157;3.61151;
0.383502;3.16184;3.61569;
0.383602;3.1621;3.61151;
0.383702;3.16236;3.61569;
0.383802;3.16262;3.61151;
0.383902;3.16289;3.61569;
0.384002;3.16315;3.61151;
0.384102;3.16341;3.61569;
0.384202;3.16367;3.61151;
0.384302;3.16394;3.61569;
0.384402;3.1642;3.61151;
0.384502;3.16446;3.61569;
0.384602;3.16472;3.61151;
0.384702;3.16498;3.61569;
0.384802;3.16525;3.61151;
0.384902;3.16551;3.61569;
0.385002;3.16577;3.61151;
0.385102;3.16603;3.61569;
0.385202;3.16629;3.61151;
0.385302;3.16655;3.61569;
0.385402;3.16682;3.61151;
0.385502;3.16708;3.61569;
0.385602;3.16734;3.61151;
0.385702;3.1676;3.61569;
0.385802;3.16786;3.61151;
0.385902;3.16812;3.61569;
0.386002;3.16839;3.61151;
0.386102;3.16865;3.61569;
0.386202;3.16891;3.61151;
0.386302;3.16917;3.61569;
0.386402;3.16943;3.61151;
0.386502;3.16969;3.61569;
0.386602;3.16995;3.61151;
0.386702;3.17022;3.61569;
0.386802;3.17048;3.61151;
0.386902;3.17074;3.61569;
0.387002;3.171;3.61151;
0.387102;3.17126;3.61569;
0.387202;3.17152;3.61151;
0.387302;3.17178;3.61569;
0.387402;3.17204;3.61151;
0.387502;3.1723;3.61569;
0.387602;3.17257;3.61151;
0.387702;3.17283;3.61569;
0.387802;3.17309;3.61151;
0.387902;3.17335;3.61569;
0.388002;3.17361;3.61151;
0.388102;3.17387;3.61569;
0.388202;3.17413;3.61151;
0.388302;3.17439;3.61569;
0.388402;3.17465;3.61151;
0.388502;3.17491;3.61569;
0.388602;3.17517;3.61151;
0.388702;3.17543;3.61569;
0.388802;3.17569;3.61151;
0.388902;3.17595;3.61569;
0.389002;3.17621;3.61151;
0.389102;3.17647;3.61569;
0.389202;3.17673;3.61151;
0.389302;3.17699;3.61569;
0.389402;3.17726;3.61151;
0.389502;3.17752;3.61569;
0.389602;3.17778;3.61151;
0.389702;3.17804;3.61569;
0.389802;3.1783;3.61151;
0.389902;3.17856;3.61569;
0.390002;3.17882;3.61151;
0.390102;3.17908;3.61569;
0.390202;3.17934;3.61151;
0.390302;3.1796;3.61569;
0.390402;3.17986;3.61151;
0.390502;3.18012;3.61569;
0.390602;3.18038;3.61151;
0.390702;3.18063;3.61569;
0.390802;3.18089;3.61151;
0.390902;3.18115;3.61569;
0.391002;3.18141;3.61151;
0.391102;3.18167;3.61569;
0.391202;3.18193;3.61151;
0.391302;3.18219;3.61569;
0.391402;3.18245;3.61151;
0.391502;3.18271;3.61569;
0.391602;3.18297;3.61151;
0.391702;3.18323;3.61569;
0.391802;3.18349;3.61151;
0.391902;3.18375;3.61569;
0.392002;3.18401;3.61151;
0.392102;3.18427;3.61569;
0.392202;3.18453;3.61151;
0.392302;3.18479;3.61569;
0.392402;3.18504;3.61151;
0.392502;3.1853;3.61569;
0.392602;3.18556;3.61151;
0.392702;3.18582;3.61569;
0.392802;3.18608;3.61151;
0.392902;3.18634;3.61569;
0.393002;3.1866;3.61151;
0.393102;3.18686;3.61569;
0.393202;3.18712;3.61151;
0.393302;3.18738;3.61569;
0.393402;3.18763;3.61151;
0.393502;3.18789;3.61569;
0.393602;3.18815;3.61151;
0.393702;3.18841;3.61569;
0.393802;3.18867;3.61151;
0.393902;3.18893;3.61569;
0.394002;3.18919;3.61151;
0.394102;3.18944;3.61569;
0.394202;3.1897;3.61151;
0.394302;3.18996;3.61569;
0.394402;3.19022;3.61151;
0.394502;3.19048;3.61569;
0.394602;3.19074;3.61151;
0.394702;3.19099;3.61569;
0.394802;3.19125;3.61151;
0.394902;3.19151;3.61569;
0.395002;3.19177;3.61151;
0.395102;3.19203;3.61569;
0.395202;3.19229;3.61151;
0.395302;3.19254;3.61569;
0.395402;3.1928;3.61151;
0.395502;3.19306;3.61569;
0.395602;3.19332;3.61151;
0.395702;3.19357;3.61569;
0.395802;3.19383;3.61151;
0.395902;3.19409;3.61569;
0.396002;3.19435;3.61151;
0.396102;3.19461;3.61569;
0.396202;3.19486;3.61151;
0.396302;3.19512;3.61569;
0.396402;3.19538;3.61151;
0.396502;3.19564;3.61568;
0.396602;3.19589;3.61151;
0.396702;3.19615;3.61568;
0.396802;3.19641;3.61151;
0.396902;3.19667;3.61568;
0.397002;3.19692;3.61151;
0.397102;3.19718;3.61568;
0.397202;3.19744;3.61151;
0.397302;3.1977;3.61568;
0.397402;3.19795;3.61151;
0.397502;3.19821;3.61568;
0.397602;3.19847;3.61151;
0.397702;3.19872;3.61568;
0.397802;3.19898;3.61151;
0.397902;3.19924;3.61568;
0.398002;3.1995;3.61151;
0.398102;3.19975;3.61568;
0.398202;3.20001;3.61151;
0.398302;3.20027;3.61568;
0.398402;3.20052;3.61151;
0.398502;3.20078;3.61568;
0.398602;3.20104;3.61151;
0.398702;3.20129;3.61568;
0.398802;3.20155;3.61151;
0.398902;3.20181;3.61568;
0.399002;3.20206;3.61151;
0.399102;3.20232;3.61568;
0.399202;3.20258;3.61151;
0.399302;3.20283;3.61568;
0.399402;3.20309;3.61151;
0.399502;3.20335;3.61568;
0.399602;3.2036;3.61151;
0.399702;3.20386;3.61568;
0.399802;3.20412;3.61151;
0.399902;3.20437;3.61568;
0.400002;3.20463;3.61151;
0.400102;3.20489;3.61568;
0.400202;3.20514;3.61151;
0.400302;3.2054;3.61568;
0.400402;3.20565;3.61151;
0.400502;3.20591;3.61568;
0.400602;3.20617;3.61151;
0.400702;3.20642;3.61568;
0.400802;3.20668;3.61151;
0.400902;3.20693;3.61568;
0.401002;3.20719;3.61151;
0.401102;3.20745;3.61568;
0.401202;3.2077;3.61151;
0.401302;3.20796;3.61568;
0.401402;3.20821;3.61151;
0.401502;3.20847;3.61568;
0.401602;3.20872;3.61151;
0.401702;3.20898;3.61568;
0.401802;3.20924;3.61151;
0.401902;3.20949;3.61568;
0.402002;3.20975;3.61151;
0.402102;3.21;3.61568;
0.402202;3.21026;3.61151;
0.402302;3.21051;3.61568;
0.402402;3.21077;3.61151;
0.402502;3.21102;3.61568;
0.402602;3.21128;3.61151;
0.402702;3.21153;3.61568;
0.402802;3.21179;3.61151;
0.402902;3.21205;3.61568;
0.403002;3.2123;3.61151;
0.403102;3.21256;3.61568;
0.403202;3.21281;3.61151;
0.403302;3.21307;3.61568;
0.403402;3.21332;3.61151;
0.403502;3.21358;3.61568;
0.403602;3.21383;3.61151;
0.403702;3.21409;3.61568;
0.403802;3.21434;3.61151;
0.403902;3.2146;3.61568;
0.404002;3.21485;3.61151;
0.404102;3.2151;3.61568;
0.404202;3.21536;3.61151;
0.404302;3.21561;3.61568;
0.404402;3.21587;3.61152;
0.404502;3.21612;3.61568;
0.404602;3.21638;3.61152;
0.404702;3.21663;3.61568;
0.404802;3.21689;3.61152;
0.404902;3.21714;3.61568;
0.405002;3.2174;3.61152;
0.405102;3.21765;3.61568;
0.405202;3.2179;3.61152;
0.405302;3.21816;3.61568;
0.405402;3.21841;3.61152;
0.405502;3.21867;3.61568;
0.405602;3.21892;3.61152;
0.405702;3.21918;3.61568;
0.405802;3.21943;3.61152;
0.405902;3.21968;3.61568;
0.406002;3.21994;3.61152;
0.406102;3.22019;3.61568;
0.406202;3.22045;3.61152;
0.406302;3.2207;3.61568;
0.406402;3.22095;3.61152;
0.406502;3.22121;3.61568;
0.406602;3.22146;3.61152;
0.406702;3.22172;3.61568;
0.406802;3.22197;3.61152;
0.406902;3.22222;3.61568;
0.407002;3.22248;3.61152;
0.407102;3.22273;3.61568;
0.407202;3.22298;3.61152;
0.407302;3.22324;3.61568;
0.407402;3.22349;3.61152;
0.407502;3.22375;3.61568;
0.407602;3.224;3.61152;
0.407702;3.22425;3.61568;
0.407802;3.22451;3.61152;
0.407902;3.22476;3.61568;
0.408002;3.22501;3.61152;
0.408102;3.22527;3.61568;
0.408202;3.22552;3.61152;
0.408302;3.22577;3.61568;
0.408402;3.22603;3.61152;
0.408502;3.22628;3.61568;
0.408602;3.22653;3.61152;
0.408702;3.22678;3.61568;
0.408802;3.22704;3.61152;
0.408902;3.22729;3.61568;
0.409002;3.22754;3.61152;
0.409102;3.2278;3.61568;
0.409202;3.22805;3.61152;
0.409302;3.2283;3.61568;
0.409402;3.22855;3.61152;
0.409502;3.22881;3.61568;
0.409602;3.22906;3.61152;
0.409702;3.22931;3.61568;
0.409802;3.22957;3.61152;
0.409902;3.22982;3.61568;
0.410002;3.23007;3.61152;
0.410102;3.23032;3.61568;
0.410202;3.23058;3.61152;
0.410302;3.23083;3.61568;
0.410402;3.23108;3.61152;
0.410502;3.23133;3.61568;
0.410602;3.23159;3.61152;
0.410702;3.23184;3.61568;
0.410802;3.23209;3.61152;
0.410902;3.23234;3.61568;
0.411002;3.2326;3.61152;
0.411102;3.23285;3.61568;
0.411202;3.2331;3.61152;
0.411302;3.23335;3.61568;
0.411402;3.2336;3.61152;
0.411502;3.23386;3.61568;
0.411602;3.23411;3.61152;
0.411702;3.23436;3.61568;
0.411802;3.23461;3.61152;
0.411902;3.23486;3.61568;
0.412002;3.23512;3.61152;
0.412102;3.23537;3.61568;
0.412202;3.23562;3.61152;
0.412302;3.23587;3.61568;
0.412402;3.23612;3.61152;
0.412502;3.23637;3.61568;
0.412602;3.23663;3.61152;
0.412702;3.23688;3.61568;
0.412802;3.23713;3.61152;
0.412902;3.23738;3.61568;
0.413002;3.23763;3.61152;
0.413102;3.23788;3.61568;
0.413202;3.23814;3.61152;
0.413302;3.23839;3.61568;
0.413402;3.23864;3.61152;
0.413502;3.23889;3.61568;
0.413602;3.23914;3.61152;
0.413702;3.23939;3.61568;
0.413802;3.23964;3.61152;
0.413902;3.23989;3.61568;
0.414002;3.24015;3.61152;
0.414102;3.2404;3.61568;
0.414202;3.24065;3.61152;
0.414302;3.2409;3.61568;
0.414402;3.24115;3.61152;
0.414502;3.2414;3.61568;
0.414602;3.24165;3.61152;
0.414702;3.2419;3.61568;
0.414802;3.24215;3.61152;
0.414902;3.2424;3.61568;
0.415002;3.24265;3.61152;
0.415102;3.24291;3.61568;
0.415202;3.24316;3.61152;
0.415302;3.24341;3.61568;
0.415402;3.24366;3.61152;
0.415502;3.24391;3.61568;
0.415602;3.24416;3.61152;
0.415702;3.24441;3.61568;
0.415802;3.24466;3.61152;
0.415902;3.24491;3.61568;
0.416002;3.24516;3.61152;
0.416102;3.24541;3.61568;
0.416202;3.24566;3.61152;
0.416302;3.24591;3.61568;
0.416402;3.24616;3.61152;
0.416502;3.24641;3.61568;
0.416602;3.24666;3.61152;
0.416702;3.24691;3.61568;
0.416802;3.24716;3.61152;
0.416902;3.24741;3.61568;
0.417002;3.24766;3.61152;
0.417102;3.24791;3.61568;
0.417202;3.24816;3.61152;
0.417302;3.24841;3.61568;
0.417402;3.24866;3.61152;
0.417502;3.24891;3.61568;
0.417602;3.24916;3.61152;
0.417702;3.24941;3.61568;
0.417802;3.24966;3.61152;
0.417902;3.24991;3.61568;
0.418002;3.25016;3.61152;
0.418102;3.25041;3.61568;
0.418202;3.25066;3.61152;
0.418302;3.25091;3.61568;
0.418402;3.25116;3.61152;
0.418502;3.25141;3.61568;
0.418602;3.25166;3.61152;
0.418702;3.25191;3.61568;
0.418802;3.25216;3.61152;
0.418902;3.25241;3.61568;
0.419002;3.25266;3.61152;
0.419102;3.25291;3.61568;
0.419202;3.25315;3.61152;
0.419302;3.2534;3.61568;
0.419402;3.25365;3.61152;
0.419502;3.2539;3.61568;
0.419602;3.25415;3.61152;
0.419702;3.2544;3.61568;
0.419802;3.25465;3.61152;
0.419902;3.2549;3.61568;
0.420002;3.25515;3.61152;
0.420102;3.2554;3.61568;
0.420202;3.25564;3.61152;
0.420302;3.25589;3.61568;
0.420402;3.25614;3.61152;
0.420502;3.25639;3.61568;
0.420602;3.25664;3.61152;
0.420702;3.25689;3.61568;
0.420802;3.25714;3.61152;
0.420902;3.25739;3.61568;
0.421002;3.25763;3.61152;
0.421102;3.25788;3.61568;
0.421202;3.25813;3.61152;
0.421302;3.25838;3.61568;
0.421402;3.25863;3.61152;
0.421502;3.25888;3.61568;
0.421602;3.25913;3.61152;
0.421702;3.25937;3.61568;
0.421802;3.25962;3.61152;
0.421902;3.25987;3.61568;
0.422002;3.26012;3.61152;
0.422102;3.26037;3.61567;
0.422202;3.26062;3.61152;
0.422302;3.26086;3.61567;
0.422402;3.26111;3.61152;
0.422502;3.26136;3.61567;
0.422602;3.26161;3.61152;
0.422702;3.26186;3.61567;
0.422802;3.2621;3.61152;
0.422902;3.26235;3.61567;
0.423002;3.2626;3.61152;
0.423102;3.26285;3.61567;
0.423202;3.26309;3.61152;
0.423302;3.26334;3.61567;
0.423402;3.26359;3.61152;
0.423502;3.26384;3.61567;
0.423602;3.26409;3.61152;
0.423702;3.26433;3.61567;
0.423802;3.26458;3.61152;
0.423902;3.26483;3.61567;
0.424002;3.26508;3.61152;
0.424102;3.26532;3.61567;
0.424202;3.26557;3.61152;
0.424302;3.26582;3.61567;
0.424402;3.26607;3.61152;
0.424502;3.26631;3.61567;
0.424602;3.26656;3.61152;
0.424702;3.26681;3.61567;
0.424802;3.26705;3.61152;
0.424902;3.2673;3.61567;
0.425002;3.26755;3.61152;
0.425102;3.2678;3.61567;
0.425202;3.26804;3.61152;
0.425302;3.26829;3.61567;
0.425402;3.26854;3.61152;
0.425502;3.26878;3.61567;
0.425602;3.26903;3.61152;
0.425702;3.26928;3.61567;
0.425802;3.26952;3.61152;
0.425902;3.26977;3.61567;
0.426002;3.27002;3.61152;
0.426102;3.27027;3.61567;
0.426202;3.27051;3.61152;
0.426302;3.27076;3.61567;
0.426402;3.27101;3.61152;
0.426502;3.27125;3.61567;
0.426602;3.2715;3.61152;
0.426702;3.27175;3.61567;
0.426802;3.27199;3.61152;
0.426902;3.27224;3.61567;
0.427002;3.27248;3.61152;
0.427102;3.27273;3.61567;
0.427202;3.27298;3.61152;
0.427302;3.27322;3.61567;
0.427402;3.27347;3.61152;
0.427502;3.27372;3.61567;
0.427602;3.27396;3.61152;
0.427702;3.27421;3.61567;
0.427802;3.27445;3.61152;
0.427902;3.2747;3.61567;
0.428002;3.27495;3.61152;
0.428102;3.27519;3.61567;
0.428202;3.27544;3.61152;
0.428302;3.27568;3.61567;
0.428402;3.27593;3.61152;
0.428502;3.27618;3.61567;
0.428602;3.27642;3.61152;
0.428702;3.27667;3.61567;
0.428802;3.27691;3.61153;
0.428902;3.27716;3.61567;
0.429002;3.27741;3.61153;
0.429102;3.27765;3.61567;
0.429202;3.2779;3.61153;
0.429302;3.27814;3.61567;
0.429402;3.27839;3.61153;
0.429502;3.27863;3.61567;
0.429602;3.27888;3.61153;
0.429702;3.27912;3.61567;
0.429802;3.27937;3.61153;
0.429902;3.27962;3.61567;
0.430002;3.27986;3.61153;
0.430102;3.28011;3.61567;
0.430202;3.28035;3.61153;
0.430302;3.2806;3.61567;
0.430402;3.28084;3.61153;
0.430502;3.28109;3.61567;
0.430602;3.28133;3.61153;
0.430702;3.28158;3.61567;
0.430802;3.28182;3.61153;
0.430902;3.28207;3.61567;
0.431002;3.28231;3.61153;
0.431102;3.28256;3.61567;
0.431202;3.2828;3.61153;
0.431302;3.28305;3.61567;
0.431402;3.28329;3.61153;
0.431502;3.28354;3.61567;
0.431602;3.28378;3.61153;
0.431702;3.28403;3.61567;
0.431802;3.28427;3.61153;
0.431902;3.28452;3.61567;
0.432002;3.28476;3.61153;
0.432102;3.285;3.61567;
0.432202;3.28525;3.61153;
0.432302;3.28549;3.61567;
0.432402;3.28574;3.61153;
0.432502;3.28598;3.61567;
0.432602;3.28623;3.61153;
0.432702;3.28647;3.61567;
0.432802;3.28672;3.61153;
0.432902;3.28696;3.61567;
0.433002;3.2872;3.61153;
0.433102;3.28745;3.61567;
0.433202;3.28769;3.61153;
0.433302;3.28794;3.61567;
0.433402;3.28818;3.61153;
0.433502;3.28843;3.61567;
0.433602;3.28867;3.61153;
0.433702;3.28891;3.61567;
0.433802;3.28916;3.61153;
0.433902;3.2894;3.61567;
0.434002;3.28965;3.61153;
0.434102;3.28989;3.61567;
0.434202;3.29013;3.61153;
0.434302;3.29038;3.61567;
0.434402;3.29062;3.61153;
0.434502;3.29086;3.61567;
0.434602;3.29111;3.61153;
0.434702;3.29135;3.61567;
0.434802;3.2916;3.61153;
0.434902;3.29184;3.61567;
0.435002;3.29208;3.61153;
0.435102;3.29233;3.61567;
0.435202;3.29257;3.61153;
0.435302;3.29281;3.61567;
0.435402;3.29306;3.61153;
0.435502;3.2933;3.61567;
0.435602;3.29354;3.61153;
0.435702;3.29379;3.61567;
0.435802;3.29403;3.61153;
0.435902;3.29427;3.61567;
0.436002;3.29452;3.61153;
0.436102;3.29476;3.61567;
0.436202;3.295;3.61153;
0.436302;3.29525;3.61567;
0.436402;3.29549;3.61153;
0.436502;3.29573;3.61567;
0.436602;3.29598;3.61153;
0.436702;3.29622;3.61567;
0.436802;3.29646;3.61153;
0.436902;3.2967;3.61567;
0.437002;3.29695;3.61153;
0.437102;3.29719;3.61567;
0.437202;3.29743;3.61153;
0.437302;3.29768;3.61567;
0.437402;3.29792;3.61153;
0.437502;3.29816;3.61567;
0.437602;3.2984;3.61153;
0.437702;3.29865;3.61567;
0.437802;3.29889;3.61153;
0.437902;3.29913;3.61567;
0.438002;3.29937;3.61153;
0.438102;3.29962;3.61567;
0.438202;3.29986;3.61153;
0.438302;3.3001;3.61567;
0.438402;3.30034;3.61153;
0.438502;3.30059;3.61567;
0.438602;3.30083;3.61153;
0.438702;3.30107;3.61567;
0.438802;3.30131;3.61153;
0.438902;3.30155;3.61567;
0.439002;3.3018;3.61153;
0.439102;3.30204;3.61567;
0.439202;3.30228;3.61153;
0.439302;3.30252;3.61567;
0.439402;3.30276;3.61153;
0.439502;3.30301;3.61567;
0.439602;3.30325;3.61153;
0.439702;3.30349;3.61567;
0.439802;3.30373;3.61153;
0.439902;3.30397;3.61567;
0.440002;3.30422;3.61153;
0.440102;3.30446;3.61567;
0.440202;3.3047;3.61153;
0.440302;3.30494;3.61567;
0.440402;3.30518;3.61153;
0.440502;3.30542;3.61567;
0.440602;3.30567;3.61153;
0.440702;3.30591;3.61567;
0.440802;3.30615;3.61153;
0.440902;3.30639;3.61567;
0.441002;3.30663;3.61153;
0.441102;3.30687;3.61567;
0.441202;3.30711;3.61153;
0.441302;3.30736;3.61567;
0.441402;3.3076;3.61153;
0.441502;3.30784;3.61567;
0.441602;3.30808;3.61153;
0.441702;3.30832;3.61567;
0.441802;3.30856;3.61153;
0.441902;3.3088;3.61567;
0.442002;3.30904;3.61153;
0.442102;3.30929;3.61567;
0.442202;3.30953;3.61153;
0.442302;3.30977;3.61567;
0.442402;3.31001;3.61153;
0.442502;3.31025;3.61567;
0.442602;3.31049;3.61153;
0.442702;3.31073;3.61567;
0.442802;3.31097;3.61153;
0.442902;3.31121;3.61567;
0.443002;3.31145;3.61153;
0.443102;3.31169;3.61567;
0.443202;3.31193;3.61153;
0.443302;3.31217;3.61567;
0.443402;3.31242;3.61153;
0.443502;3.31266;3.61567;
0.443602;3.3129;3.61153;
0.443702;3.31314;3.61567;
0.443802;3.31338;3.61153;
0.443902;3.31362;3.61567;
0.444002;3.31386;3.61153;
0.444102;3.3141;3.61567;
0.444202;3.31434;3.61153;
0.444302;3.31458;3.61567;
0.444402;3.31482;3.61153;
0.444502;3.31506;3.61567;
0.444602;3.3153;3.61153;
0.444702;3.31554;3.61567;
0.444802;3.31578;3.61153;
0.444902;3.31602;3.61567;
0.445002;3.31626;3.61153;
0.445102;3.3165;3.61567;
0.445202;3.31674;3.61153;
0.445302;3.31698;3.61567;
0.445402;3.31722;3.61153;
0.445502;3.31746;3.61567;
0.445602;3.3177;3.61153;
0.445702;3.31794;3.61567;
0.445802;3.31818;3.61153;
0.445902;3.31842;3.61567;
0.446002;3.31866;3.61153;
0.446102;3.3189;3.61567;
0.446202;3.31914;3.61153;
0.446302;3.31938;3.61567;
0.446402;3.31962;3.61153;
0.446502;3.31986;3.61567;
0.446602;3.3201;3.61153;
0.446702;3.32033;3.61567;
0.446802;3.32057;3.61153;
0.446902;3.32081;3.61567;
0.447002;3.32105;3.61153;
0.447102;3.32129;3.61567;
0.447202;3.32153;3.61153;
0.447302;3.32177;3.61567;
0.447402;3.32201;3.61153;
0.447502;3.32225;3.61566;
0.447602;3.32249;3.61153;
0.447702;3.32273;3.61566;
0.447802;3.32297;3.61153;
0.447902;3.32321;3.61566;
0.448002;3.32344;3.61153;
0.448102;3.32368;3.61566;
0.448202;3.32392;3.61153;
0.448302;3.32416;3.61566;
0.448402;3.3244;3.61153;
0.448502;3.32464;3.61566;
0.448602;3.32488;3.61153;
0.448702;3.32512;3.61566;
0.448802;3.32535;3.61153;
0.448902;3.32559;3.61566;
0.449002;3.32583;3.61153;
0.449102;3.32607;3.61566;
0.449202;3.32631;3.61153;
0.449302;3.32655;3.61566;
0.449402;3.32679;3.61153;
0.449502;3.32702;3.61566;
0.449602;3.32726;3.61153;
0.449702;3.3275;3.61566;
0.449802;3.32774;3.61153;
0.449902;3.32798;3.61566;
0.450002;3.32822;3.61153;
0.450102;3.32845;3.61566;
0.450202;3.32869;3.61153;
0.450302;3.32893;3.61566;
0.450402;3.32917;3.61153;
0.450502;3.32941;3.61566;
0.450602;3.32964;3.61153;
0.450702;3.32988;3.61566;
0.450802;3.33012;3.61153;
0.450902;3.33036;3.61566;
0.451002;3.3306;3.61153;
0.451102;3.33083;3.61566;
0.451202;3.33107;3.61153;
0.451302;3.33131;3.61566;
0.451402;3.33155;3.61153;
0.451502;3.33179;3.61566;
0.451602;3.33202;3.61153;
0.451702;3.33226;3.61566;
0.451802;3.3325;3.61153;
0.451902;3.33274;3.61566;
0.452002;3.33297;3.61153;
0.452102;3.33321;3.61566;
0.452202;3.33345;3.61153;
0.452302;3.33369;3.61566;
0.452402;3.33392;3.61153;
0.452502;3.33416;3.61566;
0.452602;3.3344;3.61153;
0.452702;3.33464;3.61566;
0.452802;3.33487;3.61153;
0.452902;3.33511;3.61566;
0.453002;3.33535;3.61153;
0.453102;3.33558;3.61566;
0.453202;3.33582;3.61154;
0.453302;3.33606;3.61566;
0.453402;3.3363;3.61154;
0.453502;3.33653;3.61566;
0.453602;3.33677;3.61154;
0.453702;3.33701;3.61566;
0.453802;3.33724;3.61154;
0.453902;3.33748;3.61566;
0.454002;3.33772;3.61154;
0.454102;3.33795;3.61566;
0.454202;3.33819;3.61154;
0.454302;3.33843;3.61566;
0.454402;3.33866;3.61154;
0.454502;3.3389;3.61566;
0.454602;3.33914;3.61154;
0.454702;3.33937;3.61566;
0.454802;3.33961;3.61154;
0.454902;3.33985;3.61566;
0.455002;3.34008;3.61154;
0.455102;3.34032;3.61566;
0.455202;3.34056;3.61154;
0.455302;3.34079;3.61566;
0.455402;3.34103;3.61154;
0.455502;3.34127;3.61566;
0.455602;3.3415;3.61154;
0.455702;3.34174;3.61566;
0.455802;3.34198;3.61154;
0.455902;3.34221;3.61566;
0.456002;3.34245;3.61154;
0.456102;3.34268;3.61566;
0.456202;3.34292;3.61154;
0.456302;3.34316;3.61566;
0.456402;3.34339;3.61154;
0.456502;3.34363;3.61566;
0.456602;3.34386;3.61154;
0.456702;3.3441;3.61566;
0.456802;3.34434;3.61154;
0.456902;3.34457;3.61566;
0.457002;3.34481;3.61154;
0.457102;3.34504;3.61566;
0.457202;3.34528;3.61154;
0.457302;3.34551;3.61566;
0.457402;3.34575;3.61154;
0.457502;3.34599;3.61566;
0.457602;3.34622;3.61154;
0.457702;3.34646;3.61566;
0.457802;3.34669;3.61154;
0.457902;3.34693;3.61566;
0.458002;3.34716;3.61154;
0.458102;3.3474;3.61566;
0.458202;3.34763;3.61154;
0.458302;3.34787;3.61566;
0.458402;3.3481;3.61154;
0.458502;3.34834;3.61566;
0.458602;3.34858;3.61154;
0.458702;3.34881;3.61566;
0.458802;3.34905;3.61154;
0.458902;3.34928;3.61566;
0.459002;3.34952;3.61154;
0.459102;3.34975;3.61566;
0.459202;3.34999;3.61154;
0.459302;3.35022;3.61566;
0.459402;3.35046;3.61154;
0.459502;3.35069;3.61566;
0.459602;3.35093;3.61154;
0.459702;3.35116;3.61566;
0.459802;3.3514;3.61154;
0.459902;3.35163;3.61566;
0.460002;3.35187;3.61154;
0.460102;3.3521;3.61566;
0.460202;3.35233;3.61154;
0.460302;3.35257;3.61566;
0.460402;3.3528;3.61154;
0.460502;3.35304;3.61566;
0.460602;3.35327;3.61154;
0.460702;3.35351;3.61566;
0.460802;3.35374;3.61154;
0.460902;3.35398;3.61566;
0.461002;3.35421;3.61154;
0.461102;3.35445;3.61566;
0.461202;3.35468;3.61154;
0.461302;3.35491;3.61566;
0.461402;3.35515;3.61154;
0.461502;3.35538;3.61566;
0.461602;3.35562;3.61154;
0.461702;3.35585;3.61566;
0.461802;3.35609;3.61154;
0.461902;3.35632;3.61566;
0.462002;3.35655;3.61154;
0.462102;3.35679;3.61566;
0.462202;3.35702;3.61154;
0.462302;3.35726;3.61566;
0.462402;3.35749;3.61154;
0.462502;3.35772;3.61566;
0.462602;3.35796;3.61154;
0.462702;3.35819;3.61566;
0.462802;3.35842;3.61154;
0.462902;3.35866;3.61566;
0.463002;3.35889;3.61154;
0.463102;3.35913;3.61566;
0.463202;3.35936;3.61154;
0.463302;3.35959;3.61566;
0.463402;3.35983;3.61154;
0.463502;3.36006;3.61566;
0.463602;3.36029;3.61154;
0.463702;3.36053;3.61566;
0.463802;3.36076;3.61154;
0.463902;3.36099;3.61566;
0.464002;3.36123;3.61154;
0.464102;3.36146;3.61566;
0.464202;3.36169;3.61154;
0.464302;3.36193;3.61566;
0.464402;3.36216;3.61154;
0.464502;3.36239;3.61566;
0.464602;3.36263;3.61154;
0.464702;3.36286;3.61566;
0.464802;3.36309;3.61154;
0.464902;3.36333;3.61566;
0.465002;3.36356;3.61154;
0.465102;3.36379;3.61566;
0.465202;3.36403;3.61154;
0.465302;3.36426;3.61566;
0.465402;3.36449;3.61158;
0.465502;3.36472;3.6157;
0.465602;3.36496;3.61158;
0.465702;3.36519;3.6157;
0.465802;3.36542;3.61158;
0.465902;3.36566;3.6157;
0.466002;3.36589;3.61158;
0.466102;3.36612;3.6157;
0.466202;3.36635;3.61158;
0.466302;3.36659;3.6157;
0.466402;3.36682;3.61158;
0.466502;3.36705;3.6157;
0.466602;3.36728;3.61158;
0.466702;3.36752;3.6157;
0.466802;3.36775;3.61158;
0.466902;3.36798;3.6157;
0.467002;3.36821;3.61158;
0.467102;3.36845;3.6157;
0.467202;3.36868;3.61158;
0.467302;3.36891;3.6157;
0.467402;3.36914;3.61158;
0.467502;3.36937;3.6157;
0.467602;3.36961;3.61158;
0.467702;3.36984;3.6157;
0.467802;3.37007;3.61158;
0.467902;3.3703;3.6157;
0.468002;3.37053;3.61158;
0.468102;3.37077;3.6157;
0.468202;3.371;3.61158;
0.468302;3.37123;3.6157;
0.468402;3.37146;3.61158;
0.468502;3.37169;3.6157;
0.468602;3.37193;3.61158;
0.468702;3.37216;3.6157;
0.468802;3.37239;3.61158;
0.468902;3.37262;3.6157;
0.469002;3.37285;3.61158;
0.469102;3.37308;3.6157;
0.469202;3.37332;3.61158;
0.469302;3.37355;3.6157;
0.469402;3.37378;3.61158;
0.469502;3.37401;3.6157;
0.469602;3.37424;3.61158;
0.469702;3.37447;3.6157;
0.469802;3.3747;3.61158;
0.469902;3.37494;3.6157;
0.470002;3.37517;3.61158;
0.470102;3.3754;3.6157;
0.470202;3.37563;3.61158;
0.470302;3.37586;3.6157;
0.470402;3.37609;3.61158;
0.470502;3.37632;3.6157;
0.470602;3.37655;3.61158;
0.470702;3.37679;3.6157;
0.470802;3.37702;3.61158;
0.470902;3.37725;3.6157;
0.471002;3.37748;3.61158;
0.471102;3.37771;3.6157;
0.471202;3.37794;3.61158;
0.471302;3.37817;3.6157;
0.471402;3.3784;3.61158;
0.471502;3.37863;3.6157;
0.471602;3.37886;3.61158;
0.471702;3.37909;3.61566;
0.471802;3.37933;3.61154;
0.471902;3.37956;3.61566;
0.472002;3.37979;3.61154;
0.472102;3.38002;3.61566;
0.472202;3.38025;3.61154;
0.472302;3.38048;3.61566;
0.472402;3.38071;3.61154;
0.472502;3.38094;3.61566;
0.472602;3.38117;3.61154;
0.472702;3.3814;3.61566;
0.472802;3.38163;3.61158;
0.472902;3.38186;3.6157;
0.473002;3.38209;3.61158;
0.473102;3.38232;3.6157;
0.473202;3.38255;3.61158;
0.473302;3.38278;3.6157;
0.473402;3.38301;3.61158;
0.473502;3.38324;3.6157;
0.473514;3.38327;3.61363;
0.473535;3.38332;3.61363;
0.473549;3.38335;3.61363;
0.473562;3.38338;3.61363;
0.473562;3.38338;3.61476;
0.473563;3.38338;0.00897112;
0.473563;3.38338;0.00724325;
0.473563;3.38338;0.00843458;
0.473564;3.38338;0.00731391;
0.473564;3.38338;0.00822161;
0.473564;3.38337;0.00739562;
0.473564;3.38337;0.00805413;
0.473564;3.38337;0.00746989;
0.473565;3.38337;0.00793896;
0.473565;3.38337;0.00754181;
0.473565;3.38337;0.00785717;
0.473565;3.38337;0.00759372;
0.473566;3.38337;0.00780282;
0.473566;3.38336;0.00762904;
0.473566;3.38336;0.00776812;
0.473567;3.38336;0.00765122;
0.473567;3.38336;0.00774929;
0.473568;3.38335;0.00766233;
0.473569;3.38335;0.00774059;
0.473571;3.38334;0.00766717;
0.473573;3.38332;0.00773664;
0.473577;3.3833;0.00766937;
0.473582;3.38327;0.00773472;
0.473589;3.38323;0.00767032;
0.473599;3.38318;0.00773369;
0.473616;3.38308;0.00767062;
0.473648;3.38291;0.00773318;
0.47371;3.38255;0.00767058;
0.47381;3.38199;0.00773296;
0.47391;3.38143;0.00767052;
0.47401;3.38087;0.00773279;
0.47411;3.3803;0.00767047;
0.47421;3.37974;0.00773263;
0.47431;3.37918;0.00767044;
0.47441;3.37862;0.00773249;
0.47451;3.37806;0.00767042;
0.47461;3.3775;0.00773235;
0.47471;3.37693;0.00767042;
0.47481;3.37637;0.00773223;
0.47491;3.37581;0.00767044;
0.47501;3.37525;0.00773212;
0.47511;3.37469;0.00767046;
0.47521;3.37413;0.00773202;
0.47531;3.37357;0.0076705;
0.47541;3.37301;0.00773193;
0.47551;3.37245;0.00767055;
0.47561;3.37189;0.00773184;
0.47571;3.37133;0.0076706;
0.47581;3.37077;0.00773176;
0.47591;3.37021;0.00767065;
0.47601;3.36965;0.00773168;
0.47611;3.36909;0.00767071;
0.47621;3.36853;0.0077316;
0.47631;3.36797;0.00767077;
0.47641;3.36741;0.00773153;
0.47651;3.36685;0.00767083;
0.47661;3.36629;0.00773145;
0.47671;3.36573;0.00767089;
0.47681;3.36517;0.00773137;
0.47691;3.36461;0.00767095;
0.47701;3.36405;0.0077313;
0.47711;3.36349;0.00767102;
0.47721;3.36293;0.00773123;
0.47731;3.36237;0.00767108;
0.47741;3.36181;0.00773115;
0.47751;3.36125;0.00767114;
0.47761;3.3607;0.00773108;
0.47771;3.36014;0.0076712;
0.47781;3.35958;0.007731;
0.47791;3.35902;0.00767127;
0.47801;3.35846;0.00773093;
0.47811;3.3579;0.00767133;
0.47821;3.35735;0.00773086;
0.47831;3.35679;0.00767139;
0.47841;3.35623;0.00773078;
0.47851;3.35567;0.00767146;
0.47861;3.35511;0.00773071;
0.47871;3.35456;0.00767152;
0.47881;3.354;0.00773064;
0.47891;3.35344;0.00767158;
0.47901;3.35289;0.00773056;
0.47911;3.35233;0.00767165;
0.47921;3.35177;0.00773049;
0.47931;3.35121;0.00767171;
0.47941;3.35066;0.00773042;
0.47951;3.3501;0.00767177;
0.47961;3.34954;0.00773034;
0.47971;3.34899;0.00767183;
0.47981;3.34843;0.00773027;
0.47991;3.34787;0.0076719;
0.48001;3.34732;0.0077302;
0.48011;3.34676;0.00767196;
0.48021;3.34621;0.00773012;
0.48031;3.34565;0.00767202;
0.48041;3.34509;0.00773005;
0.48051;3.34454;0.00767208;
0.48061;3.34398;0.00772998;
0.48071;3.34343;0.00767215;
0.48081;3.34287;0.00772991;
0.48091;3.34231;0.00767221;
0.48101;3.34176;0.00772983;
0.48111;3.3412;0.00767227;
0.48121;3.34065;0.00772976;
0.48131;3.34009;0.00767233;
0.48141;3.33954;0.00772969;
0.48151;3.33898;0.0076724;
0.48161;3.33843;0.00772961;
0.48171;3.33787;0.00767246;
0.48181;3.33732;0.00772954;
0.48191;3.33677;0.00767252;
0.48201;3.33621;0.00772947;
0.48211;3.33566;0.00767258;
0.48221;3.3351;0.0077294;
0.48231;3.33455;0.00767264;
0.48241;3.33399;0.00772932;
0.48251;3.33344;0.00767271;
0.48261;3.33289;0.00772925;
0.48271;3.33233;0.00767277;
0.48281;3.33178;0.00772918;
0.48291;3.33123;0.00767283;
0.48301;3.33067;0.00772911;
0.48311;3.33012;0.00767289;
0.48321;3.32957;0.00772904;
0.48331;3.32901;0.00767295;
0.48341;3.32846;0.00772896;
0.48351;3.32791;0.00767302;
0.48361;3.32735;0.00772889;
0.48371;3.3268;0.00767308;
0.48381;3.32625;0.00772882;
0.48391;3.32569;0.00767314;
0.48401;3.32514;0.00772875;
0.48411;3.32459;0.0076732;
0.48421;3.32404;0.00772867;
0.48431;3.32349;0.00767326;
0.48441;3.32293;0.0077286;
0.48451;3.32238;0.00767333;
0.48461;3.32183;0.00772853;
0.48471;3.32128;0.00767339;
0.48481;3.32073;0.00772846;
0.48491;3.32017;0.00767345;
0.48501;3.31962;0.00772839;
0.48511;3.31907;0.00767351;
0.48521;3.31852;0.00772832;
0.48531;3.31797;0.00767357;
0.48541;3.31742;0.00772824;
0.48551;3.31687;0.00767363;
0.48561;3.31631;0.00772817;
0.48571;3.31576;0.0076737;
0.48581;3.31521;0.0077281;
0.48591;3.31466;0.00767376;
0.48601;3.31411;0.00772803;
0.48611;3.31356;0.00767382;
0.48621;3.31301;0.00772796;
0.48631;3.31246;0.00767388;
0.48641;3.31191;0.00772789;
0.48651;3.31136;0.00767394;
0.48661;3.31081;0.00772782;
0.48671;3.31026;0.007674;
0.48681;3.30971;0.00772774;
0.48691;3.30916;0.00767406;
0.48701;3.30861;0.00772767;
0.48711;3.30806;0.00767412;
0.48721;3.30751;0.0077276;
0.48731;3.30696;0.00767419;
0.48741;3.30641;0.00772753;
0.48751;3.30586;0.00767425;
0.48761;3.30531;0.00772746;
0.48771;3.30476;0.00767431;
0.48781;3.30422;0.00772739;
0.48791;3.30367;0.00767437;
0.48801;3.30312;0.00772732;
0.48811;3.30257;0.00767443;
0.48821;3.30202;0.00772725;
0.48831;3.30147;0.00767449;
0.48841;3.30092;0.00772718;
0.48851;3.30038;0.00767455;
0.48861;3.29983;0.00772711;
0.48871;3.29928;0.00767461;
0.48881;3.29873;0.00772704;
0.48891;3.29818;0.00767467;
0.48901;3.29764;0.00772696;
0.48911;3.29709;0.00767473;
0.48921;3.29654;0.00772689;
0.48931;3.29599;0.00767479;
0.48941;3.29544;0.00772682;
0.48951;3.2949;0.00767486;
0.48961;3.29435;0.00772675;
0.48971;3.2938;0.00767492;
0.48981;3.29326;0.00772668;
0.48991;3.29271;0.00767498;
0.49001;3.29216;0.00772661;
0.49011;3.29162;0.00767504;
0.49021;3.29107;0.00772654;
0.49031;3.29052;0.0076751;
0.49041;3.28998;0.00772647;
0.49051;3.28943;0.00767516;
0.49061;3.28888;0.0077264;
0.49071;3.28834;0.00767522;
0.49081;3.28779;0.00772633;
0.49091;3.28724;0.00767528;
0.49101;3.2867;0.00772626;
0.49111;3.28615;0.00767534;
0.49121;3.28561;0.00772619;
0.49131;3.28506;0.0076754;
0.49141;3.28451;0.00772612;
0.49151;3.28397;0.00767546;
0.49161;3.28342;0.00772605;
0.49171;3.28288;0.00767552;
0.49181;3.28233;0.00772598;
0.49191;3.28179;0.00767558;
0.49201;3.28124;0.00772591;
0.49211;3.2807;0.00767564;
0.49221;3.28015;0.00772584;
0.49231;3.27961;0.0076757;
0.49241;3.27906;0.00772577;
0.49251;3.27852;0.00767576;
0.49261;3.27797;0.0077257;
0.49271;3.27743;0.00767582;
0.49281;3.27689;0.00772563;
0.49291;3.27634;0.00767588;
0.49301;3.2758;0.00772556;
0.49311;3.27525;0.00767594;
0.49321;3.27471;0.00772549;
0.49331;3.27417;0.007676;
0.49341;3.27362;0.00772542;
0.49351;3.27308;0.00767606;
0.49361;3.27253;0.00772535;
0.49371;3.27199;0.00767612;
0.49381;3.27145;0.00772528;
0.49391;3.2709;0.00767618;
0.49401;3.27036;0.00772521;
0.49411;3.26982;0.00767624;
0.49421;3.26928;0.00772515;
0.49431;3.26873;0.0076763;
0.49441;3.26819;0.00772508;
0.49451;3.26765;0.00767636;
0.49461;3.2671;0.00772501;
0.49471;3.26656;0.00767642;
0.49481;3.26602;0.00772494;
0.49491;3.26548;0.00767648;
0.49501;3.26493;0.00772487;
0.49511;3.26439;0.00767654;
0.49521;3.26385;0.0077248;
0.49531;3.26331;0.0076766;
0.49541;3.26277;0.00772473;
0.49551;3.26222;0.00767666;
0.49561;3.26168;0.00772466;
0.49571;3.26114;0.00767672;
0.49581;3.2606;0.00772459;
0.49591;3.26006;0.00767678;
0.49601;3.25952;0.00772452;
0.49611;3.25898;0.00767683;
0.49621;3.25843;0.00772446;
0.49631;3.25789;0.00767689;
0.49641;3.25735;0.00772439;
0.49651;3.25681;0.00767695;
0.49661;3.25627;0.00772432;
0.49671;3.25573;0.00767701;
0.49681;3.25519;0.00772425;
0.49691;3.25465;0.00767707;
0.49701;3.25411;0.00772418;
0.49711;3.25357;0.00767713;
0.49721;3.25303;0.00772411;
0.49731;3.25249;0.00767719;
0.49741;3.25195;0.00772404;
0.49751;3.25141;0.00767725;
0.49761;3.25087;0.00772398;
0.49771;3.25033;0.00767731;
0.49781;3.24979;0.00772391;
0.49791;3.24925;0.00767737;
0.49801;3.24871;0.00772384;
0.49811;3.24817;0.00767743;
0.49821;3.24763;0.00772377;
0.49831;3.24709;0.00767749;
0.49841;3.24655;0.0077237;
0.49851;3.24601;0.00767754;
0.49861;3.24547;0.00772363;
0.49871;3.24493;0.0076776;
0.49881;3.2444;0.00772357;
0.49891;3.24386;0.00767766;
0.49901;3.24332;0.0077235;
0.49911;3.24278;0.00767772;
0.49921;3.24224;0.00772343;
0.49931;3.2417;0.00767778;
0.49941;3.24116;0.00772336;
0.49951;3.24063;0.00767784;
0.49961;3.24009;0.00772329;
0.49971;3.23955;0.0076779;
0.49981;3.23901;0.00772323;
0.49991;3.23847;0.00767795;
0.50001;3.23794;0.00772316;
0.50011;3.2374;0.00767801;
0.50021;3.23686;0.00772309;
0.50031;3.23632;0.00767807;
0.50041;3.23579;0.00772302;
0.50051;3.23525;0.00767813;
0.50061;3.23471;0.00772296;
0.50071;3.23418;0.00767819;
0.50081;3.23364;0.00772289;
0.50091;3.2331;0.00767825;
0.50101;3.23256;0.00772282;
0.50111;3.23203;0.00767831;
0.50121;3.23149;0.00772275;
0.50131;3.23095;0.00767836;
0.50141;3.23042;0.00772269;
0.50151;3.22988;0.00767842;
0.50161;3.22935;0.00772262;
0.50171;3.22881;0.00767848;
0.50181;3.22827;0.00772255;
0.50191;3.22774;0.00767854;
0.50201;3.2272;0.00772248;
0.50211;3.22667;0.0076786;
0.50221;3.22613;0.00772242;
0.50231;3.22559;0.00767865;
0.50241;3.22506;0.00772235;
0.50251;3.22452;0.00767871;
0.50261;3.22399;0.00772228;
0.50271;3.22345;0.00767877;
0.50281;3.22292;0.00772221;
0.50291;3.22238;0.00767883;
0.50301;3.22185;0.00772215;
0.50311;3.22131;0.00767889;
0.50321;3.22078;0.00772208;
0.50331;3.22024;0.00767894;
0.50341;3.21971;0.00772201;
0.50351;3.21917;0.007679;
0.50361;3.21864;0.00772195;
0.50371;3.2181;0.00767906;
0.50381;3.21757;0.00772188;
0.50391;3.21704;0.00767912;
0.50401;3.2165;0.00772181;
0.50411;3.21597;0.00767918;
0.50421;3.21543;0.00772175;
0.50431;3.2149;0.00767923;
0.50441;3.21437;0.00772168;
0.50451;3.21383;0.00767929;
0.50461;3.2133;0.00772161;
0.50471;3.21277;0.00767935;
0.50481;3.21223;0.00772155;
0.50491;3.2117;0.00767941;
0.50501;3.21117;0.00772148;
0.50511;3.21063;0.00767946;
0.50521;3.2101;0.00772141;
0.50531;3.20957;0.00767952;
0.50541;3.20903;0.00772135;
0.50551;3.2085;0.00767958;
0.50561;3.20797;0.00772128;
0.50571;3.20744;0.00767964;
0.50581;3.2069;0.00772121;
0.50591;3.20637;0.00767969;
0.50601;3.20584;0.00772115;
0.50611;3.20531;0.00767975;
0.50621;3.20477;0.00772108;
0.50631;3.20424;0.00767981;
0.50641;3.20371;0.00772102;
0.50651;3.20318;0.00767987;
0.50661;3.20265;0.00772095;
0.50671;3.20212;0.00767992;
0.50681;3.20158;0.00772088;
0.50691;3.20105;0.00767998;
0.50701;3.20052;0.00772082;
0.50711;3.19999;0.00768004;
0.50721;3.19946;0.00772075;
0.50731;3.19893;0.00768009;
0.50741;3.1984;0.00772069;
0.50751;3.19786;0.00768015;
0.50761;3.19733;0.00772062;
0.50771;3.1968;0.00768021;
0.50781;3.19627;0.00772055;
0.50791;3.19574;0.00768027;
0.50801;3.19521;0.00772049;
0.50811;3.19468;0.00768032;
0.50821;3.19415;0.00772042;
0.50831;3.19362;0.00768038;
0.50841;3.19309;0.00772036;
0.50851;3.19256;0.00768044;
0.50861;3.19203;0.00772029;
0.50871;3.1915;0.00768049;
0.50881;3.19097;0.00772023;
0.50891;3.19044;0.00768055;
0.50901;3.18991;0.00772016;
0.50911;3.18938;0.00768061;
0.50921;3.18885;0.00772009;
0.50931;3.18832;0.00768066;
0.50941;3.18779;0.00772003;
0.50951;3.18726;0.00768072;
0.50961;3.18674;0.00771996;
0.50971;3.18621;0.00768078;
0.50981;3.18568;0.0077199;
0.50991;3.18515;0.00768083;
0.51001;3.18462;0.00771983;
0.51011;3.18409;0.00768089;
0.51021;3.18356;0.00771977;
0.51031;3.18303;0.00768095;
0.51041;3.18251;0.0077197;
0.51051;3.18198;0.007681;
0.51061;3.18145;0.00771964;
0.51071;3.18092;0.00768106;
0.51081;3.18039;0.00771957;
0.51091;3.17986;0.00768112;
0.51101;3.17934;0.00771951;
0.51111;3.17881;0.00768117;
0.51121;3.17828;0.00771944;
0.51131;3.17775;0.00768123;
0.51141;3.17723;0.00771938;
0.51151;3.1767;0.00768129;
0.51161;3.17617;0.00771931;
0.51171;3.17564;0.00768134;
0.51181;3.17512;0.00771925;
0.51191;3.17459;0.0076814;
0.51201;3.17406;0.00771918;
0.51211;3.17354;0.00768145;
0.51221;3.17301;0.00771912;
0.51231;3.17248;0.00768151;
0.51241;3.17196;0.00771905;
0.51251;3.17143;0.00768157;
0.51261;3.1709;0.00771899;
0.51271;3.17038;0.00768162;
0.51281;3.16985;0.00771892;
0.51291;3.16932;0.00768168;
0.51301;3.1688;0.00771886;
0.51311;3.16827;0.00768173;
0.51321;3.16775;0.00771879;
0.51331;3.16722;0.00768179;
0.51341;3.1667;0.00771873;
0.51351;3.16617;0.00768185;
0.51361;3.16564;0.00771867;
0.51371;3.16512;0.0076819;
0.51381;3.16459;0.0077186;
0.51391;3.16407;0.00768196;
0.51401;3.16354;0.00771854;
0.51411;3.16302;0.00768201;
0.51421;3.16249;0.00771847;
0.51431;3.16197;0.00768207;
0.51441;3.16144;0.00771841;
0.51451;3.16092;0.00768213;
0.51461;3.16039;0.00771834;
0.51471;3.15987;0.00768218;
0.51481;3.15934;0.00771828;
0.51491;3.15882;0.00768224;
0.51501;3.1583;0.00771822;
0.51511;3.15777;0.00768229;
0.51521;3.15725;0.00771815;
0.51531;3.15672;0.00768235;
0.51541;3.1562;0.00771809;
0.51551;3.15568;0.0076824;
0.51561;3.15515;0.00771802;
0.51571;3.15463;0.00768246;
0.51581;3.1541;0.00771796;
0.51591;3.15358;0.00768251;
0.51601;3.15306;0.0077179;
0.51611;3.15253;0.00768257;
0.51621;3.15201;0.00771783;
0.51631;3.15149;0.00768262;
0.51641;3.15096;0.00771777;
0.51651;3.15044;0.00768268;
0.51661;3.14992;0.00771771;
0.51671;3.1494;0.00768274;
0.51681;3.14887;0.00771764;
0.51691;3.14835;0.00768279;
0.51701;3.14783;0.00771758;
0.51711;3.1473;0.00768285;
0.51721;3.14678;0.00771752;
0.51731;3.14626;0.0076829;
0.51741;3.14574;0.00771745;
0.51751;3.14522;0.00768296;
0.51761;3.14469;0.00771739;
0.51771;3.14417;0.00768301;
0.51781;3.14365;0.00771733;
0.51791;3.14313;0.00768307;
0.51801;3.14261;0.00771726;
0.51811;3.14208;0.00768312;
0.51821;3.14156;0.0077172;
0.51831;3.14104;0.00768318;
0.51841;3.14052;0.00771714;
0.51851;3.14;0.00768323;
0.51861;3.13948;0.00771707;
0.51871;3.13896;0.00768329;
0.51881;3.13844;0.00771701;
0.51891;3.13792;0.00768334;
0.51901;3.13739;0.00771695;
0.51911;3.13687;0.0076834;
0.51921;3.13635;0.00771688;
0.51931;3.13583;0.00768345;
0.51941;3.13531;0.00771682;
0.51951;3.13479;0.00768351;
0.51961;3.13427;0.00771676;
0.51971;3.13375;0.00768356;
0.51981;3.13323;0.00771669;
0.51991;3.13271;0.00768362;
0.52001;3.13219;0.00771663;
0.52011;3.13167;0.00768367;
0.52021;3.13115;0.00771657;
0.52031;3.13063;0.00768372;
0.52041;3.13011;0.00771651;
0.52051;3.12959;0.00768378;
0.52061;3.12907;0.00771644;
0.52071;3.12855;0.00768383;
0.52081;3.12803;0.00771638;
0.52091;3.12752;0.00768389;
0.52101;3.127;0.00771632;
0.52111;3.12648;0.00768394;
0.52121;3.12596;0.00771626;
0.52131;3.12544;0.007684;
0.52141;3.12492;0.00771619;
0.52151;3.1244;0.00768405;
0.52161;3.12388;0.00771613;
0.52171;3.12337;0.00768411;
0.52181;3.12285;0.00771607;
0.52191;3.12233;0.00768416;
0.52201;3.12181;0.00771601;
0.52211;3.12129;0.00768421;
0.52221;3.12077;0.00771594;
0.52231;3.12026;0.00768427;
0.52241;3.11974;0.00771588;
0.52251;3.11922;0.00768432;
0.52261;3.1187;0.00771582;
0.52271;3.11819;0.00768438;
0.52281;3.11767;0.00771576;
0.52291;3.11715;0.00768443;
0.52301;3.11663;0.00771569;
0.52311;3.11612;0.00768448;
0.52321;3.1156;0.00771563;
0.52331;3.11508;0.00768454;
0.52341;3.11456;0.00771557;
0.52351;3.11405;0.00768459;
0.52361;3.11353;0.00771551;
0.52371;3.11301;0.00768465;
0.52381;3.1125;0.00771545;
0.52391;3.11198;0.0076847;
0.52401;3.11146;0.00771538;
0.52411;3.11095;0.00768475;
0.52421;3.11043;0.00771532;
0.52431;3.10992;0.00768481;
0.52441;3.1094;0.00771526;
0.52451;3.10888;0.00768486;
0.52461;3.10837;0.0077152;
0.52471;3.10785;0.00768492;
0.52481;3.10734;0.00771514;
0.52491;3.10682;0.00768497;
0.52501;3.1063;0.00771508;
0.52511;3.10579;0.00768502;
0.52521;3.10527;0.00771501;
0.52531;3.10476;0.00768508;
0.52541;3.10424;0.00771495;
0.52551;3.10373;0.00768513;
0.52561;3.10321;0.00771489;
0.52571;3.1027;0.00768518;
0.52581;3.10218;0.00771483;
0.52591;3.10167;0.00768524;
0.52601;3.10115;0.00771477;
0.52611;3.10064;0.00768529;
0.52621;3.10012;0.00771471;
0.52631;3.09961;0.00768535;
0.52641;3.09909;0.00771465;
0.52651;3.09858;0.0076854;
0.52661;3.09807;0.00771458;
0.52671;3.09755;0.00768545;
0.52681;3.09704;0.00771452;
0.52691;3.09652;0.00768551;
0.52701;3.09601;0.00771446;
0.52711;3.0955;0.00768556;
0.52721;3.09498;0.0077144;
0.52731;3.09447;0.00768561;
0.52741;3.09396;0.00771434;
0.52751;3.09344;0.00768567;
0.52761;3.09293;0.00771428;
0.52771;3.09242;0.00768572;
0.52781;3.0919;0.00771422;
0.52791;3.09139;0.00768577;
0.52801;3.09088;0.00771416;
0.52811;3.09036;0.00768582;
0.52821;3.08985;0.0077141;
0.52831;3.08934;0.00768588;
0.52841;3.08882;0.00771404;
0.52851;3.08831;0.00768593;
0.52861;3.0878;0.00771397;
0.52871;3.08729;0.00768598;
0.52881;3.08677;0.00771391;
0.52891;3.08626;0.00768604;
0.52901;3.08575;0.00771385;
0.52911;3.08524;0.00768609;
0.52921;3.08473;0.00771379;
0.52931;3.08421;0.00768614;
0.52941;3.0837;0.00771373;
0.52951;3.08319;0.0076862;
0.52961;3.08268;0.00771367;
0.52971;3.08217;0.00768625;
0.52981;3.08166;0.00771361;
0.52991;3.08114;0.0076863;
0.53001;3.08063;0.00771355;
0.53011;3.08012;0.00768635;
0.53021;3.07961;0.00771349;
0.53031;3.0791;0.00768641;
0.53041;3.07859;0.00771343;
0.53051;3.07808;0.00768646;
0.53061;3.07757;0.00771337;
0.53071;3.07706;0.00768651;
0.53081;3.07655;0.00771331;
0.53091;3.07604;0.00768656;
0.53101;3.07552;0.00771325;
0.53111;3.07501;0.00768662;
0.53121;3.0745;0.00771319;
0.53131;3.07399;0.00768667;
0.53141;3.07348;0.00771313;
0.53151;3.07297;0.00768672;
0.53161;3.07246;0.00771307;
0.53171;3.07195;0.00768677;
0.53181;3.07144;0.00771301;
0.53191;3.07093;0.00768683;
0.53201;3.07043;0.00771295;
0.53211;3.06992;0.00768688;
0.53221;3.06941;0.00771289;
0.53231;3.0689;0.00768693;
0.53241;3.06839;0.00771283;
0.53251;3.06788;0.00768698;
0.53261;3.06737;0.00771277;
0.53271;3.06686;0.00768704;
0.53281;3.06635;0.00771271;
0.53291;3.06584;0.00768709;
0.53301;3.06533;0.00771265;
0.53311;3.06482;0.00768714;
0.53321;3.06432;0.00771259;
0.53331;3.06381;0.00768719;
0.53341;3.0633;0.00771253;
0.53351;3.06279;0.00768725;
0.53361;3.06228;0.00771247;
0.53371;3.06177;0.0076873;
0.53381;3.06127;0.00771241;
0.53391;3.06076;0.00768735;
0.53401;3.06025;0.00771235;
0.53411;3.05974;0.0076874;
0.53421;3.05924;0.00771229;
0.53431;3.05873;0.00768745;
0.53441;3.05822;0.00771223;
0.53451;3.05771;0.00768751;
0.53461;3.05721;0.00771217;
0.53471;3.0567;0.00768756;
0.53481;3.05619;0.00771211;
0.53491;3.05568;0.00768761;
0.53501;3.05518;0.00771205;
0.53511;3.05467;0.00768766;
0.53521;3.05416;0.007712;
0.53531;3.05366;0.00768771;
0.53541;3.05315;0.00771194;
0.53551;3.05264;0.00768776;
0.53561;3.05214;0.00771188;
0.53571;3.05163;0.00768782;
0.53581;3.05112;0.00771182;
0.53591;3.05062;0.00768787;
0.53601;3.05011;0.00771176;
0.53611;3.0496;0.00768792;
0.53621;3.0491;0.0077117;
0.53631;3.04859;0.00768797;
0.53641;3.04809;0.00771164;
0.53651;3.04758;0.00768802;
0.53661;3.04707;0.00771158;
0.53671;3.04657;0.00768807;
0.53681;3.04606;0.00771152;
0.53691;3.04556;0.00768813;
0.53701;3.04505;0.00771146;
0.53711;3.04455;0.00768818;
0.53721;3.04404;0.00771141;
0.53731;3.04354;0.00768823;
0.53741;3.04303;0.00771135;
0.53751;3.04253;0.00768828;
0.53761;3.04202;0.00771129;
0.53771;3.04152;0.00768833;
0.53781;3.04101;0.00771123;
0.53791;3.04051;0.00768838;
0.53801;3.04;0.00771117;
0.53811;3.0395;0.00768843;
0.53821;3.03899;0.00771111;
0.53831;3.03849;0.00768849;
0.53841;3.03799;0.00771105;
0.53851;3.03748;0.00768854;
0.53861;3.03698;0.00771099;
0.53871;3.03647;0.00768859;
0.53881;3.03597;0.00771094;
0.53891;3.03547;0.00768864;
0.53901;3.03496;0.00771088;
0.53911;3.03446;0.00768869;
0.53921;3.03396;0.00771082;
0.53931;3.03345;0.00768874;
0.53941;3.03295;0.00771076;
0.53951;3.03245;0.00768879;
0.53961;3.03194;0.0077107;
0.53971;3.03144;0.00768884;
0.53981;3.03094;0.00771065;
0.53991;3.03043;0.00768889;
0.54001;3.02993;0.00771059;
0.54011;3.02943;0.00768894;
0.54021;3.02893;0.00771053;
0.54031;3.02842;0.007689;
0.54041;3.02792;0.00771047;
0.54051;3.02742;0.00768905;
0.54061;3.02692;0.00771041;
0.54071;3.02641;0.0076891;
0.54081;3.02591;0.00771035;
0.54091;3.02541;0.00768915;
0.54101;3.02491;0.0077103;
0.54111;3.02441;0.0076892;
0.54121;3.0239;0.00771024;
0.54131;3.0234;0.00768925;
0.54141;3.0229;0.00771018;
0.54151;3.0224;0.0076893;
0.54161;3.0219;0.00771012;
0.54171;3.0214;0.00768935;
0.54181;3.02089;0.00771007;
0.54191;3.02039;0.0076894;
0.54201;3.01989;0.00771001;
0.54211;3.01939;0.00768945;
0.54221;3.01889;0.00770995;
0.54231;3.01839;0.0076895;
0.54241;3.01789;0.00770989;
0.54251;3.01739;0.00768955;
0.54261;3.01689;0.00770984;
0.54271;3.01639;0.0076896;
0.54281;3.01589;0.00770978;
0.54291;3.01538;0.00768965;
0.54301;3.01488;0.00770972;
0.54311;3.01438;0.0076897;
0.54321;3.01388;0.00770966;
0.54331;3.01338;0.00768975;
0.54341;3.01288;0.00770961;
0.54351;3.01238;0.0076898;
0.54361;3.01188;0.00770955;
0.54371;3.01138;0.00768985;
0.54381;3.01088;0.00770949;
0.54391;3.01039;0.0076899;
0.54401;3.00989;0.00770943;
0.54411;3.00939;0.00768996;
0.54421;3.00889;0.00770938;
0.54431;3.00839;0.00769001;
0.54441;3.00789;0.00770932;
0.54451;3.00739;0.00769006;
0.54461;3.00689;0.00770926;
0.54471;3.00639;0.00769011;
0.54481;3.00589;0.00770921;
0.54491;3.00539;0.00769016;
0.54501;3.0049;0.00770915;
0.54511;3.0044;0.00769021;
0.54521;3.0039;0.00770909;
0.54531;3.0034;0.00769026;
0.54541;3.0029;0.00770903;
0.54551;3.0024;0.00769031;
0.54561;3.00191;0.00770898;
0.54571;3.00141;0.00769036;
0.54581;3.00091;0.00770892;
0.54591;3.00041;0.00769041;
0.54601;2.99991;0.00770886;
0.54611;2.99942;0.00769045;
0.54621;2.99892;0.00770881;
0.54631;2.99842;0.0076905;
0.54641;2.99792;0.00770875;
0.54651;2.99743;0.00769055;
0.54661;2.99693;0.00770869;
0.54671;2.99643;0.0076906;
0.54681;2.99593;0.00770864;
0.54691;2.99544;0.00769065;
0.54701;2.99494;0.00770858;
0.54711;2.99444;0.0076907;
0.54721;2.99395;0.00770852;
0.54731;2.99345;0.00769075;
0.54741;2.99295;0.00770847;
0.54751;2.99246;0.0076908;
0.54761;2.99196;0.00770841;
0.54771;2.99146;0.00769085;
0.54781;2.99097;0.00770835;
0.54791;2.99047;0.0076909;
0.54801;2.98997;0.0077083;
0.54811;2.98948;0.00769095;
0.54821;2.98898;0.00770824;
0.54831;2.98849;0.007691;
0.54841;2.98799;0.00770819;
0.54851;2.98749;0.00769105;
0.54861;2.987;0.00770813;
0.54871;2.9865;0.0076911;
0.54881;2.98601;0.00770807;
0.54891;2.98551;0.00769115;
0.54901;2.98502;0.00770802;
0.54911;2.98452;0.0076912;
0.54921;2.98403;0.00770796;
0.54931;2.98353;0.00769125;
0.54941;2.98304;0.00770791;
0.54951;2.98254;0.0076913;
0.54961;2.98205;0.00770785;
0.54971;2.98155;0.00769135;
0.54981;2.98106;0.00770779;
0.54991;2.98056;0.00769139;
0.55001;2.98007;0.00770774;
0.55011;2.97957;0.00769144;
0.55021;2.97908;0.00770768;
0.55031;2.97859;0.00769149;
0.55041;2.97809;0.00770763;
0.55051;2.9776;0.00769154;
0.55061;2.9771;0.00770757;
0.55071;2.97661;0.00769159;
0.55081;2.97612;0.00770751;
0.55091;2.97562;0.00769164;
0.55101;2.97513;0.00770746;
0.55111;2.97463;0.00769169;
0.55121;2.97414;0.0077074;
0.55131;2.97365;0.00769174;
0.55141;2.97315;0.00770735;
0.55151;2.97266;0.00769179;
0.55161;2.97217;0.00770729;
0.55171;2.97167;0.00769184;
0.55181;2.97118;0.00770724;
0.55191;2.97069;0.00769188;
0.55201;2.9702;0.00770718;
0.55211;2.9697;0.00769193;
0.55221;2.96921;0.00770713;
0.55231;2.96872;0.00769198;
0.55241;2.96822;0.00770707;
0.55251;2.96773;0.00769203;
0.55261;2.96724;0.00770701;
0.55271;2.96675;0.00769208;
0.55281;2.96626;0.00770696;
0.55291;2.96576;0.00769213;
0.55301;2.96527;0.0077069;
0.55311;2.96478;0.00769218;
0.55321;2.96429;0.00770685;
0.55331;2.9638;0.00769222;
0.55341;2.9633;0.00770679;
0.55351;2.96281;0.00769227;
0.55361;2.96232;0.00770674;
0.55371;2.96183;0.00769232;
0.55381;2.96134;0.00770668;
0.55391;2.96085;0.00769237;
0.55401;2.96036;0.00770663;
0.55411;2.95986;0.00769242;
0.55421;2.95937;0.00770657;
0.55431;2.95888;0.00769247;
0.55441;2.95839;0.00770652;
0.55451;2.9579;0.00769252;
0.55461;2.95741;0.00770646;
0.55471;2.95692;0.00769256;
0.55481;2.95643;0.00770641;
0.55491;2.95594;0.00769261;
0.55501;2.95545;0.00770635;
0.55511;2.95496;0.00769266;
0.55521;2.95447;0.0077063;
0.55531;2.95398;0.00769271;
0.55541;2.95349;0.00770624;
0.55551;2.953;0.00769276;
0.55561;2.95251;0.00770619;
0.55571;2.95202;0.0076928;
0.55581;2.95153;0.00770614;
0.55591;2.95104;0.00769285;
0.55601;2.95055;0.00770608;
0.55611;2.95006;0.0076929;
0.55621;2.94957;0.00770603;
0.55631;2.94908;0.00769295;
0.55641;2.94859;0.00770597;
0.55651;2.9481;0.007693;
0.55661;2.94761;0.00770592;
0.55671;2.94712;0.00769304;
0.55681;2.94663;0.00770586;
0.55691;2.94615;0.00769309;
0.55701;2.94566;0.00770581;
0.55711;2.94517;0.00769314;
0.55721;2.94468;0.00770575;
0.55731;2.94419;0.00769319;
0.55741;2.9437;0.0077057;
0.55751;2.94321;0.00769324;
0.55761;2.94273;0.00770565;
0.55771;2.94224;0.00769328;
0.55781;2.94175;0.00770559;
0.55791;2.94126;0.00769333;
0.55801;2.94077;0.00770554;
0.55811;2.94029;0.00769338;
0.55821;2.9398;0.00770548;
0.55831;2.93931;0.00769343;
0.55841;2.93882;0.00770543;
0.55851;2.93833;0.00769347;
0.55861;2.93785;0.00770538;
0.55871;2.93736;0.00769352;
0.55881;2.93687;0.00770532;
0.55891;2.93639;0.00769357;
0.55901;2.9359;0.00770527;
0.55911;2.93541;0.00769362;
0.55921;2.93492;0.00770521;
0.55931;2.93444;0.00769366;
0.55941;2.93395;0.00770516;
0.55951;2.93346;0.00769371;
0.55961;2.93298;0.00770511;
0.55971;2.93249;0.00769376;
0.55981;2.932;0.00770505;
0.55991;2.93152;0.00769381;
0.56001;2.93103;0.007705;
0.56011;2.93054;0.00769385;
0.56021;2.93006;0.00770494;
0.56031;2.92957;0.0076939;
0.56041;2.92909;0.00770489;
0.56051;2.9286;0.00769395;
0.56061;2.92811;0.00770484;
0.56071;2.92763;0.007694;
0.56081;2.92714;0.00770478;
0.56091;2.92666;0.00769404;
0.56101;2.92617;0.00770473;
0.56111;2.92569;0.00769409;
0.56121;2.9252;0.00770468;
0.56131;2.92472;0.00769414;
0.56141;2.92423;0.00770462;
0.56151;2.92375;0.00769418;
0.56161;2.92326;0.00770457;
0.56171;2.92278;0.00769423;
0.56181;2.92229;0.00770452;
0.56191;2.92181;0.00769428;
0.56201;2.92132;0.00770446;
0.56211;2.92084;0.00769433;
0.56221;2.92035;0.00770441;
0.56231;2.91987;0.00769437;
0.56241;2.91938;0.00770436;
0.56251;2.9189;0.00769442;
0.56261;2.91841;0.0077043;
0.56271;2.91793;0.00769447;
0.56281;2.91745;0.00770425;
0.56291;2.91696;0.00769451;
0.56301;2.91648;0.0077042;
0.56311;2.91599;0.00769456;
0.56321;2.91551;0.00770414;
0.56331;2.91503;0.00769461;
0.56341;2.91454;0.00770409;
0.56351;2.91406;0.00769465;
0.56361;2.91358;0.00770404;
0.56371;2.91309;0.0076947;
0.56381;2.91261;0.00770399;
0.56391;2.91213;0.00769475;
0.56401;2.91164;0.00770393;
0.56411;2.91116;0.00769479;
0.56421;2.91068;0.00770388;
0.56431;2.9102;0.00769484;
0.56441;2.90971;0.00770383;
0.56451;2.90923;0.00769489;
0.56461;2.90875;0.00770377;
0.56471;2.90826;0.00769493;
0.56481;2.90778;0.00770372;
0.56491;2.9073;0.00769498;
0.56501;2.90682;0.00770367;
0.56511;2.90634;0.00769503;
0.56521;2.90585;0.00770362;
0.56531;2.90537;0.00769507;
0.56541;2.90489;0.00770356;
0.56551;2.90441;0.00769512;
0.56561;2.90393;0.00770351;
0.56571;2.90344;0.00769517;
0.56581;2.90296;0.00770346;
0.56591;2.90248;0.00769521;
0.56601;2.902;0.00770341;
0.56611;2.90152;0.00769526;
0.56621;2.90104;0.00770335;
0.56631;2.90056;0.0076953;
0.56641;2.90007;0.0077033;
0.56651;2.89959;0.00769535;
0.56661;2.89911;0.00770325;
0.56671;2.89863;0.0076954;
0.56681;2.89815;0.0077032;
0.56691;2.89767;0.00769544;
0.56701;2.89719;0.00770314;
0.56711;2.89671;0.00769549;
0.56721;2.89623;0.00770309;
0.56731;2.89575;0.00769553;
0.56741;2.89527;0.00770304;
0.56751;2.89479;0.00769558;
0.56761;2.89431;0.00770299;
0.56771;2.89383;0.00769563;
0.56781;2.89335;0.00770294;
0.56791;2.89287;0.00769567;
0.56801;2.89239;0.00770288;
0.56811;2.89191;0.00769572;
0.56821;2.89143;0.00770283;
0.56831;2.89095;0.00769576;
0.56841;2.89047;0.00770278;
0.56851;2.88999;0.00769581;
0.56861;2.88951;0.00770273;
0.56871;2.88903;0.00769586;
0.56881;2.88855;0.00770268;
0.56891;2.88807;0.0076959;
0.56901;2.88759;0.00770262;
0.56911;2.88711;0.00769595;
0.56921;2.88663;0.00770257;
0.56931;2.88615;0.00769599;
0.56941;2.88568;0.00770252;
0.56951;2.8852;0.00769604;
0.56961;2.88472;0.00770247;
0.56971;2.88424;0.00769609;
0.56981;2.88376;0.00770242;
0.56991;2.88328;0.00769613;
0.57001;2.88281;0.00770237;
0.57011;2.88233;0.00769618;
0.57021;2.88185;0.00770231;
0.57031;2.88137;0.00769622;
0.57041;2.88089;0.00770226;
0.57051;2.88041;0.00769627;
0.57061;2.87994;0.00770221;
0.57071;2.87946;0.00769631;
0.57081;2.87898;0.00770216;
0.57091;2.8785;0.00769636;
0.57101;2.87803;0.00770211;
0.57111;2.87755;0.0076964;
0.57121;2.87707;0.00770206;
0.57131;2.87659;0.00769645;
0.57141;2.87612;0.00770201;
0.57151;2.87564;0.00769649;
0.57161;2.87516;0.00770196;
0.57171;2.87469;0.00769654;
0.57181;2.87421;0.0077019;
0.57191;2.87373;0.00769659;
0.57201;2.87326;0.00770185;
0.57211;2.87278;0.00769663;
0.57221;2.8723;0.0077018;
0.57231;2.87183;0.00769668;
0.57241;2.87135;0.00770175;
0.57251;2.87087;0.00769672;
0.57261;2.8704;0.0077017;
0.57271;2.86992;0.00769677;
0.57281;2.86945;0.00770165;
0.57291;2.86897;0.00769681;
0.57301;2.86849;0.0077016;
0.57311;2.86802;0.00769686;
0.57321;2.86754;0.00770155;
0.57331;2.86707;0.0076969;
0.57341;2.86659;0.0077015;
0.57351;2.86612;0.00769695;
0.57361;2.86564;0.00770144;
0.57371;2.86516;0.00769699;
0.57381;2.86469;0.00770139;
0.57391;2.86421;0.00769704;
0.57401;2.86374;0.00770134;
0.57411;2.86326;0.00769708;
0.57421;2.86279;0.00770129;
0.57431;2.86231;0.00769713;
0.57441;2.86184;0.00770124;
0.57451;2.86136;0.00769717;
0.57461;2.86089;0.00770119;
0.57471;2.86042;0.00769722;
0.57481;2.85994;0.00770114;
0.57491;2.85947;0.00769726;
0.57501;2.85899;0.00770109;
0.57511;2.85852;0.00769731;
0.57521;2.85804;0.00770104;
0.57531;2.85757;0.00769735;
0.57541;2.8571;0.00770099;
0.57551;2.85662;0.0076974;
0.57561;2.85615;0.00770094;
0.57571;2.85567;0.00769744;
0.57581;2.8552;0.00770089;
0.57591;2.85473;0.00769748;
0.57601;2.85425;0.00770084;
0.57611;2.85378;0.00769753;
0.57621;2.85331;0.00770079;
0.57631;2.85283;0.00769757;
0.57641;2.85236;0.00770074;
0.57651;2.85189;0.00769762;
0.57661;2.85141;0.00770069;
0.57671;2.85094;0.00769766;
0.57681;2.85047;0.00770064;
0.57691;2.85;0.00769771;
0.57701;2.84952;0.00770059;
0.57711;2.84905;0.00769775;
0.57721;2.84858;0.00770054;
0.57731;2.8481;0.0076978;
0.57741;2.84763;0.00770049;
0.57751;2.84716;0.00769784;
0.57761;2.84669;0.00770044;
0.57771;2.84622;0.00769788;
0.57781;2.84574;0.00770039;
0.57791;2.84527;0.00769793;
0.57801;2.8448;0.00770034;
0.57811;2.84433;0.00769797;
0.57821;2.84386;0.00770029;
0.57831;2.84338;0.00769802;
0.57841;2.84291;0.00770024;
0.57851;2.84244;0.00769806;
0.57861;2.84197;0.00770019;
0.57871;2.8415;0.00769811;
0.57881;2.84103;0.00770014;
0.57891;2.84056;0.00769815;
0.57901;2.84008;0.00770009;
0.57911;2.83961;0.00769819;
0.57921;2.83914;0.00770004;
0.57931;2.83867;0.00769824;
0.57941;2.8382;0.00769999;
0.57951;2.83773;0.00769828;
0.57961;2.83726;0.00769994;
0.57971;2.83679;0.00769833;
0.57981;2.83632;0.00769989;
0.57991;2.83585;0.00769837;
0.58001;2.83538;0.00769984;
0.58011;2.83491;0.00769841;
0.58021;2.83444;0.00769979;
0.58031;2.83397;0.00769846;
0.58041;2.8335;0.00769974;
0.58051;2.83303;0.0076985;
0.58061;2.83256;0.00769969;
0.58071;2.83209;0.00769855;
0.58081;2.83162;0.00769964;
0.58091;2.83115;0.00769859;
0.58101;2.83068;0.00769959;
0.58111;2.83021;0.00769863;
0.58121;2.82974;0.00769954;
0.58131;2.82927;0.00769868;
0.58141;2.8288;0.00769949;
0.58151;2.82833;0.00769872;
0.58161;2.82786;0.00769944;
0.58171;2.82739;0.00769876;
0.58181;2.82692;0.0076994;
0.58191;2.82645;0.00769881;
0.58201;2.82599;0.00769935;
0.58211;2.82552;0.00769885;
0.58221;2.82505;0.0076993;
0.58231;2.82458;0.00769889;
0.58241;2.82411;0.00769925;
0.58251;2.82364;0.00769894;
0.58261;2.82317;0.0076992;
0.58271;2.82271;0.00769898;
0.58281;2.82224;0.00769915;
0.58291;2.82177;0.00769903;
0.58301;2.8213;0.0076991;
0.58311;2.82083;0.00769907;
0.58321;2.82037;0.00769905;
0.58331;2.8199;0.00769911;
0.58341;2.81943;0.007699;
0.58351;2.81896;0.00769916;
0.58361;2.8185;0.00769895;
0.58371;2.81803;0.0076992;
0.58381;2.81756;0.00769891;
0.58391;2.81709;0.00769924;
0.58401;2.81663;0.00769886;
0.58411;2.81616;0.00769929;
0.58421;2.81569;0.00769881;
0.58431;2.81522;0.00769933;
0.58441;2.81476;0.00769876;
0.58451;2.81429;0.00769937;
0.58461;2.81382;0.00769871;
0.58471;2.81336;0.00769941;
0.58481;2.81289;0.00769866;
0.58491;2.81242;0.00769946;
0.58501;2.81196;0.00769861;
0.58511;2.81149;0.0076995;
0.58521;2.81102;0.00769857;
0.58531;2.81056;0.00769954;
0.58541;2.81009;0.00769852;
0.58551;2.80963;0.00769959;
0.58561;2.80916;0.00769847;
0.58571;2.80869;0.00769963;
0.58581;2.80823;0.00769842;
0.58591;2.80776;0.00769967;
0.58601;2.8073;0.00769837;
0.58611;2.80683;0.00769972;
0.58621;2.80637;0.00769832;
0.58631;2.8059;0.00769976;
0.58641;2.80544;0.00769827;
0.58651;2.80497;0.0076998;
0.58661;2.8045;0.00769823;
0.58671;2.80404;0.00769984;
0.58681;2.80357;0.00769818;
0.58691;2.80311;0.00769989;
0.58701;2.80264;0.00769813;
0.58711;2.80218;0.00769993;
0.58721;2.80171;0.00769808;
0.58731;2.80125;0.00769997;
0.58741;2.80079;0.00769803;
0.58751;2.80032;0.00770002;
0.58761;2.79986;0.00769799;
0.58771;2.79939;0.00770006;
0.58781;2.79893;0.00769794;
0.58791;2.79846;0.0077001;
0.58801;2.798;0.00769789;
0.58811;2.79754;0.00770014;
0.58821;2.79707;0.00769784;
0.58831;2.79661;0.00770019;
0.58841;2.79614;0.00769779;
0.58851;2.79568;0.00770023;
0.58861;2.79522;0.00769775;
0.58871;2.79475;0.00770027;
0.58881;2.79429;0.0076977;
0.58891;2.79383;0.00770031;
0.58901;2.79336;0.00769765;
0.58911;2.7929;0.00770036;
0.58921;2.79244;0.0076976;
0.58931;2.79197;0.0077004;
0.58941;2.79151;0.00769756;
0.58951;2.79105;0.00770044;
0.58961;2.79058;0.00769751;
0.58971;2.79012;0.00770048;
0.58981;2.78966;0.00769746;
0.58991;2.7892;0.00770053;
0.59001;2.78873;0.00769741;
0.59011;2.78827;0.00770057;
0.59021;2.78781;0.00769737;
0.59031;2.78735;0.00770061;
0.59041;2.78688;0.00769732;
0.59051;2.78642;0.00770065;
0.59061;2.78596;0.00769727;
0.59071;2.7855;0.00770069;
0.59081;2.78503;0.00769722;
0.59091;2.78457;0.00770074;
0.59101;2.78411;0.00769718;
0.59111;2.78365;0.00770078;
0.59121;2.78319;0.00769713;
0.59131;2.78273;0.00770082;
0.59141;2.78226;0.00769708;
0.59151;2.7818;0.00770086;
0.59161;2.78134;0.00769703;
0.59171;2.78088;0.0077009;
0.59181;2.78042;0.00769699;
0.59191;2.77996;0.00770095;
0.59201;2.7795;0.00769694;
0.59211;2.77904;0.00770099;
0.59221;2.77857;0.00769689;
0.59231;2.77811;0.00770103;
0.59241;2.77765;0.00769685;
0.59251;2.77719;0.00770107;
0.59261;2.77673;0.0076968;
0.59271;2.77627;0.00770111;
0.59281;2.77581;0.00769675;
0.59291;2.77535;0.00770116;
0.59301;2.77489;0.0076967;
0.59311;2.77443;0.0077012;
0.59321;2.77397;0.00769666;
0.59331;2.77351;0.00770124;
0.59341;2.77305;0.00769661;
0.59351;2.77259;0.00770128;
0.59361;2.77213;0.00769656;
0.59371;2.77167;0.00770132;
0.59381;2.77121;0.00769652;
0.59391;2.77075;0.00770136;
0.59401;2.77029;0.00769647;
0.59411;2.76983;0.00770141;
0.59421;2.76937;0.00769642;
0.59431;2.76891;0.00770145;
0.59441;2.76845;0.00769638;
0.59451;2.768;0.00770149;
0.59461;2.76754;0.00769633;
0.59471;2.76708;0.00770153;
0.59481;2.76662;0.00769628;
0.59491;2.76616;0.00770157;
0.59501;2.7657;0.00769624;
0.59511;2.76524;0.00770161;
0.59521;2.76478;0.00769619;
0.59531;2.76432;0.00770165;
0.59541;2.76387;0.00769614;
0.59551;2.76341;0.0077017;
0.59561;2.76295;0.0076961;
0.59571;2.76249;0.00770174;
0.59581;2.76203;0.00769605;
0.59591;2.76158;0.00770178;
0.59601;2.76112;0.00769601;
0.59611;2.76066;0.00770182;
0.59621;2.7602;0.00769596;
0.59631;2.75974;0.00770186;
0.59641;2.75929;0.00769591;
0.59651;2.75883;0.0077019;
0.59661;2.75837;0.00769587;
0.59671;2.75791;0.00770194;
0.59681;2.75746;0.00769582;
0.59691;2.757;0.00770199;
0.59701;2.75654;0.00769577;
0.59711;2.75608;0.00770203;
0.59721;2.75563;0.00769573;
0.59731;2.75517;0.00770207;
0.59741;2.75471;0.00769568;
0.59751;2.75426;0.00770211;
0.59761;2.7538;0.00769564;
0.59771;2.75334;0.00770215;
0.59781;2.75289;0.00769559;
0.59791;2.75243;0.00770219;
0.59801;2.75197;0.00769554;
0.59811;2.75152;0.00770223;
0.59821;2.75106;0.0076955;
0.59831;2.7506;0.00770227;
0.59841;2.75015;0.00769545;
0.59851;2.74969;0.00770231;
0.59861;2.74924;0.00769541;
0.59871;2.74878;0.00770235;
0.59881;2.74832;0.00769536;
0.59891;2.74787;0.00770239;
0.59901;2.74741;0.00769531;
0.59911;2.74696;0.00770244;
0.59921;2.7465;0.00769527;
0.59931;2.74605;0.00770248;
0.59941;2.74559;0.00769522;
0.59951;2.74514;0.00770252;
0.59961;2.74468;0.00769518;
0.59971;2.74422;0.00770256;
0.59981;2.74377;0.00769513;
0.59991;2.74331;0.0077026;
0.60001;2.74286;0.00769509;
0.60011;2.7424;0.00770264;
0.60021;2.74195;0.00769504;
0.60031;2.7415;0.00770268;
0.60041;2.74104;0.00769499;
0.60051;2.74059;0.00770272;
0.60061;2.74013;0.00769495;
0.60071;2.73968;0.00770276;
0.60081;2.73922;0.0076949;
0.60091;2.73877;0.0077028;
0.60101;2.73831;0.00769486;
0.60111;2.73786;0.00770284;
0.60121;2.73741;0.00769481;
0.60131;2.73695;0.00770288;
0.60141;2.7365;0.00769477;
0.60151;2.73604;0.00770292;
0.60161;2.73559;0.00769472;
0.60171;2.73514;0.00770296;
0.60181;2.73468;0.00769468;
0.60191;2.73423;0.007703;
0.60201;2.73378;0.00769463;
0.60211;2.73332;0.00770304;
0.60221;2.73287;0.00769459;
0.60231;2.73242;0.00770308;
0.60241;2.73196;0.00769454;
0.60251;2.73151;0.00770312;
0.60261;2.73106;0.0076945;
0.60271;2.7306;0.00770316;
0.60281;2.73015;0.00769445;
0.60291;2.7297;0.00770321;
0.60301;2.72925;0.00769441;
0.60311;2.72879;0.00770325;
0.60321;2.72834;0.00769436;
0.60331;2.72789;0.00770329;
0.60341;2.72744;0.00769432;
0.60351;2.72698;0.00770333;
0.60361;2.72653;0.00769427;
0.60371;2.72608;0.00770337;
0.60381;2.72563;0.00769423;
0.60391;2.72518;0.00770341;
0.60401;2.72472;0.00769418;
0.60411;2.72427;0.00770345;
0.60421;2.72382;0.00769414;
0.60431;2.72337;0.00770349;
0.60441;2.72292;0.00769409;
0.60451;2.72247;0.00770353;
0.60461;2.72201;0.00769405;
0.60471;2.72156;0.00770357;
0.60481;2.72111;0.007694;
0.60491;2.72066;0.00770361;
0.60501;2.72021;0.00769396;
0.60511;2.71976;0.00770365;
0.60521;2.71931;0.00769391;
0.60531;2.71886;0.00770369;
0.60541;2.7184;0.00769387;
0.60551;2.71795;0.00770372;
0.60561;2.7175;0.00769382;
0.60571;2.71705;0.00770376;
0.60581;2.7166;0.00769378;
0.60591;2.71615;0.0077038;
0.60601;2.7157;0.00769374;
0.60611;2.71525;0.00770384;
0.60621;2.7148;0.00769369;
0.60631;2.71435;0.00770388;
0.60641;2.7139;0.00769365;
0.60651;2.71345;0.00770392;
0.60661;2.713;0.0076936;
0.60671;2.71255;0.00770396;
0.60681;2.7121;0.00769356;
0.60691;2.71165;0.007704;
0.60701;2.7112;0.00769351;
0.60711;2.71075;0.00770404;
0.60721;2.7103;0.00769347;
0.60731;2.70985;0.00770408;
0.60741;2.7094;0.00769343;
0.60751;2.70895;0.00770412;
0.60761;2.7085;0.00769338;
0.60771;2.70805;0.00770416;
0.60781;2.70761;0.00769334;
0.60791;2.70716;0.0077042;
0.60801;2.70671;0.00769329;
0.60811;2.70626;0.00770424;
0.60821;2.70581;0.00769325;
0.60831;2.70536;0.00770428;
0.60841;2.70491;0.0076932;
0.60851;2.70446;0.00770432;
0.60861;2.70402;0.00769316;
0.60871;2.70357;0.00770436;
0.60881;2.70312;0.00769312;
0.60891;2.70267;0.0077044;
0.60901;2.70222;0.00769307;
0.60911;2.70177;0.00770444;
0.60921;2.70133;0.00769303;
0.60931;2.70088;0.00770448;
0.60941;2.70043;0.00769299;
0.60951;2.69998;0.00770451;
0.60961;2.69954;0.00769294;
0.60971;2.69909;0.00770455;
0.60981;2.69864;0.0076929;
0.60991;2.69819;0.00770459;
0.61001;2.69775;0.00769285;
0.61011;2.6973;0.00770463;
0.61021;2.69685;0.00769281;
0.61031;2.6964;0.00770467;
0.61041;2.69596;0.00769277;
0.61051;2.69551;0.00770471;
0.61061;2.69506;0.00769272;
0.61071;2.69462;0.00770475;
0.61081;2.69417;0.00769268;
0.61091;2.69372;0.00770479;
0.61101;2.69327;0.00769264;
0.61111;2.69283;0.00770483;
0.61121;2.69238;0.00769259;
0.61131;2.69194;0.00770487;
0.61141;2.69149;0.00769255;
0.61151;2.69104;0.0077049;
0.61161;2.6906;0.00769251;
0.61171;2.69015;0.00770494;
0.61181;2.6897;0.00769246;
0.61191;2.68926;0.00770498;
0.61201;2.68881;0.00769242;
0.61211;2.68837;0.00770502;
0.61221;2.68792;0.00769238;
0.61231;2.68747;0.00770506;
0.61241;2.68703;0.00769233;
0.61251;2.68658;0.0077051;
0.61261;2.68614;0.00769229;
0.61271;2.68569;0.00770514;
0.61281;2.68525;0.00769225;
0.61291;2.6848;0.00770518;
0.61301;2.68436;0.0076922;
0.61311;2.68391;0.00770521;
0.61321;2.68347;0.00769216;
0.61331;2.68302;0.00770525;
0.61341;2.68258;0.00769212;
0.61351;2.68213;0.00770529;
0.61361;2.68169;0.00769207;
0.61371;2.68124;0.00770533;
0.61381;2.6808;0.00769203;
0.61391;2.68035;0.00770537;
0.61401;2.67991;0.00769199;
0.61411;2.67946;0.00770541;
0.61421;2.67902;0.00769194;
0.61431;2.67858;0.00770544;
0.61441;2.67813;0.0076919;
0.61451;2.67769;0.00770548;
0.61461;2.67724;0.00769186;
0.61471;2.6768;0.00770552;
0.61481;2.67636;0.00769182;
0.61491;2.67591;0.00770556;
0.61501;2.67547;0.00769177;
0.61511;2.67502;0.0077056;
0.61521;2.67458;0.00769173;
0.61531;2.67414;0.00770564;
0.61541;2.67369;0.00769169;
0.61551;2.67325;0.00770567;
0.61561;2.67281;0.00769164;
0.61571;2.67236;0.00770571;
0.61581;2.67192;0.0076916;
0.61591;2.67148;0.00770575;
0.61601;2.67103;0.00769156;
0.61611;2.67059;0.00770579;
0.61621;2.67015;0.00769152;
0.61631;2.66971;0.00770583;
0.61641;2.66926;0.00769147;
0.61651;2.66882;0.00770587;
0.61661;2.66838;0.00769143;
0.61671;2.66794;0.0077059;
0.61681;2.66749;0.00769139;
0.61691;2.66705;0.00770594;
0.61701;2.66661;0.00769135;
0.61711;2.66617;0.00770598;
0.61721;2.66572;0.0076913;
0.61731;2.66528;0.00770602;
0.61741;2.66484;0.00769126;
0.61751;2.6644;0.00770606;
0.61761;2.66396;0.00769122;
0.61771;2.66352;0.00770609;
0.61781;2.66307;0.00769118;
0.61791;2.66263;0.00770613;
0.61801;2.66219;0.00769114;
0.61811;2.66175;0.00770617;
0.61821;2.66131;0.00769109;
0.61831;2.66087;0.00770621;
0.61841;2.66043;0.00769105;
0.61851;2.65998;0.00770624;
0.61861;2.65954;0.00769101;
0.61871;2.6591;0.00770628;
0.61881;2.65866;0.00769097;
0.61891;2.65822;0.00770632;
0.61901;2.65778;0.00769092;
0.61911;2.65734;0.00770636;
0.61921;2.6569;0.00769088;
0.61931;2.65646;0.0077064;
0.61941;2.65602;0.00769084;
0.61951;2.65558;0.00770643;
0.61961;2.65514;0.0076908;
0.61971;2.6547;0.00770647;
0.61981;2.65426;0.00769076;
0.61991;2.65382;0.00770651;
0.62001;2.65338;0.00769072;
0.62011;2.65294;0.00770655;
0.62021;2.6525;0.00769067;
0.62031;2.65206;0.00770658;
0.62041;2.65162;0.00769063;
0.62051;2.65118;0.00770662;
0.62061;2.65074;0.00769059;
0.62071;2.6503;0.00770666;
0.62081;2.64986;0.00769055;
0.62091;2.64942;0.0077067;
0.62101;2.64898;0.00769051;
0.62111;2.64854;0.00770673;
0.62121;2.6481;0.00769046;
0.62131;2.64766;0.00770677;
0.62141;2.64722;0.00769042;
0.62151;2.64678;0.00770681;
0.62161;2.64635;0.00769038;
0.62171;2.64591;0.00770685;
0.62181;2.64547;0.00769034;
0.62191;2.64503;0.00770688;
0.62201;2.64459;0.0076903;
0.62211;2.64415;0.00770692;
0.62221;2.64371;0.00769026;
0.62231;2.64328;0.00770696;
0.62241;2.64284;0.00769022;
0.62251;2.6424;0.00770699;
0.62261;2.64196;0.00769017;
0.62271;2.64152;0.00770703;
0.62281;2.64108;0.00769013;
0.62291;2.64065;0.00770707;
0.62301;2.64021;0.00769009;
0.62311;2.63977;0.00770711;
0.62321;2.63933;0.00769005;
0.62331;2.6389;0.00770714;
0.62341;2.63846;0.00769001;
0.62351;2.63802;0.00770718;
0.62361;2.63758;0.00768997;
0.62371;2.63715;0.00770722;
0.62381;2.63671;0.00768993;
0.62391;2.63627;0.00770725;
0.62401;2.63583;0.00768988;
0.62411;2.6354;0.00770729;
0.62421;2.63496;0.00768984;
0.62431;2.63452;0.00770733;
0.62441;2.63409;0.0076898;
0.62451;2.63365;0.00770736;
0.62461;2.63321;0.00768976;
0.62471;2.63278;0.0077074;
0.62481;2.63234;0.00768972;
0.62491;2.6319;0.00770744;
0.62501;2.63147;0.00768968;
0.62511;2.63103;0.00770747;
0.62521;2.63059;0.00768964;
0.62531;2.63016;0.00770751;
0.62541;2.62972;0.0076896;
0.62551;2.62929;0.00770755;
0.62561;2.62885;0.00768956;
0.62571;2.62841;0.00770758;
0.62581;2.62798;0.00768952;
0.62591;2.62754;0.00770762;
0.62601;2.62711;0.00768948;
0.62611;2.62667;0.00770766;
0.62621;2.62624;0.00768943;
0.62631;2.6258;0.00770769;
0.62641;2.62537;0.00768939;
0.62651;2.62493;0.00770773;
0.62661;2.62449;0.00768935;
0.62671;2.62406;0.00770777;
0.62681;2.62362;0.00768931;
0.62691;2.62319;0.0077078;
0.62701;2.62275;0.00768927;
0.62711;2.62232;0.00770784;
0.62721;2.62189;0.00768923;
0.62731;2.62145;0.00770788;
0.62741;2.62102;0.00768919;
0.62751;2.62058;0.00770791;
0.62761;2.62015;0.00768915;
0.62771;2.61971;0.00770795;
0.62781;2.61928;0.00768911;
0.62791;2.61884;0.00770799;
0.62801;2.61841;0.00768907;
0.62811;2.61798;0.00770802;
0.62821;2.61754;0.00768903;
0.62831;2.61711;0.00770806;
0.62841;2.61667;0.00768899;
0.62851;2.61624;0.00770809;
0.62861;2.61581;0.00768895;
0.62871;2.61537;0.00770813;
0.62881;2.61494;0.00768891;
0.62891;2.6145;0.00770817;
0.62901;2.61407;0.00768887;
0.62911;2.61364;0.0077082;
0.62921;2.6132;0.00768883;
0.62931;2.61277;0.00770824;
0.62941;2.61234;0.00768879;
0.62951;2.6119;0.00770828;
0.62961;2.61147;0.00768875;
0.62971;2.61104;0.00770831;
0.62981;2.61061;0.00768871;
0.62991;2.61017;0.00770835;
0.63001;2.60974;0.00768867;
0.63011;2.60931;0.00770838;
0.63021;2.60888;0.00768863;
0.63031;2.60844;0.00770842;
0.63041;2.60801;0.00768859;
0.63051;2.60758;0.00770846;
0.63061;2.60715;0.00768855;
0.63071;2.60671;0.00770849;
0.63081;2.60628;0.00768851;
0.63091;2.60585;0.00770853;
0.63101;2.60542;0.00768847;
0.63111;2.60498;0.00770856;
0.63121;2.60455;0.00768843;
0.63131;2.60412;0.0077086;
0.63141;2.60369;0.00768839;
0.63151;2.60326;0.00770864;
0.63161;2.60283;0.00768835;
0.63171;2.60239;0.00770867;
0.63181;2.60196;0.00768831;
0.63191;2.60153;0.00770871;
0.63201;2.6011;0.00768827;
0.63211;2.60067;0.00770874;
0.63221;2.60024;0.00768823;
0.63231;2.59981;0.00770878;
0.63241;2.59938;0.00768819;
0.63251;2.59894;0.00770881;
0.63261;2.59851;0.00768815;
0.63271;2.59808;0.00770885;
0.63281;2.59765;0.00768811;
0.63291;2.59722;0.00770889;
0.63301;2.59679;0.00768807;
0.63311;2.59636;0.00770892;
0.63321;2.59593;0.00768803;
0.63331;2.5955;0.00770896;
0.63341;2.59507;0.00768799;
0.63351;2.59464;0.00770899;
0.63361;2.59421;0.00768795;
0.63371;2.59378;0.00770903;
0.63381;2.59335;0.00768791;
0.63391;2.59292;0.00770906;
0.63401;2.59249;0.00768787;
0.63411;2.59206;0.0077091;
0.63421;2.59163;0.00768783;
0.63431;2.5912;0.00770913;
0.63441;2.59077;0.00768779;
0.63451;2.59034;0.00770917;
0.63461;2.58991;0.00768775;
0.63471;2.58948;0.0077092;
0.63481;2.58905;0.00768771;
0.63491;2.58862;0.00770924;
0.63501;2.58819;0.00768768;
0.63511;2.58776;0.00770928;
0.63521;2.58734;0.00768764;
0.63531;2.58691;0.00770931;
0.63541;2.58648;0.0076876;
0.63551;2.58605;0.00770935;
0.63561;2.58562;0.00768756;
0.63571;2.58519;0.00770938;
0.63581;2.58476;0.00768752;
0.63591;2.58433;0.00770942;
0.63601;2.58391;0.00768748;
0.63611;2.58348;0.00770945;
0.63621;2.58305;0.00768744;
0.63631;2.58262;0.00770949;
0.63641;2.58219;0.0076874;
0.63651;2.58176;0.00770952;
0.63661;2.58134;0.00768736;
0.63671;2.58091;0.00770956;
0.63681;2.58048;0.00768732;
0.63691;2.58005;0.00770959;
0.63701;2.57963;0.00768728;
0.63711;2.5792;0.00770963;
0.63721;2.57877;0.00768725;
0.63731;2.57834;0.00770966;
0.63741;2.57791;0.00768721;
0.63751;2.57749;0.0077097;
0.63761;2.57706;0.00768717;
0.63771;2.57663;0.00770973;
0.63781;2.57621;0.00768713;
0.63791;2.57578;0.00770977;
0.63801;2.57535;0.00768709;
0.63811;2.57492;0.0077098;
0.63821;2.5745;0.00768705;
0.63831;2.57407;0.00770984;
0.63841;2.57364;0.00768701;
0.63851;2.57322;0.00770987;
0.63861;2.57279;0.00768697;
0.63871;2.57236;0.00770991;
0.63881;2.57194;0.00768694;
0.63891;2.57151;0.00770994;
0.63901;2.57109;0.0076869;
0.63911;2.57066;0.00770997;
0.63921;2.57023;0.00768686;
0.63931;2.56981;0.00771001;
0.63941;2.56938;0.00768682;
0.63951;2.56895;0.00771004;
0.63961;2.56853;0.00768678;
0.63971;2.5681;0.00771008;
0.63981;2.56768;0.00768674;
0.63991;2.56725;0.00771011;
0.64001;2.56683;0.00768671;
0.64011;2.5664;0.00771015;
0.64021;2.56597;0.00768667;
0.64031;2.56555;0.00771018;
0.64041;2.56512;0.00768663;
0.64051;2.5647;0.00771022;
0.64061;2.56427;0.00768659;
0.64071;2.56385;0.00771025;
0.64081;2.56342;0.00768655;
0.64091;2.563;0.00771029;
0.64101;2.56257;0.00768651;
0.64111;2.56215;0.00771032;
0.64121;2.56172;0.00768648;
0.64131;2.5613;0.00771035;
0.64141;2.56087;0.00768644;
0.64151;2.56045;0.00771039;
0.64161;2.56003;0.0076864;
0.64171;2.5596;0.00771042;
0.64181;2.55918;0.00768636;
0.64191;2.55875;0.00771046;
0.64201;2.55833;0.00768632;
0.64211;2.5579;0.00771049;
0.64221;2.55748;0.00768629;
0.64231;2.55706;0.00771053;
0.64241;2.55663;0.00768625;
0.64251;2.55621;0.00771056;
0.64261;2.55578;0.00768621;
0.64271;2.55536;0.00771059;
0.64281;2.55494;0.00768617;
0.64291;2.55451;0.00771063;
0.64301;2.55409;0.00768613;
0.64311;2.55367;0.00771066;
0.64321;2.55324;0.0076861;
0.64331;2.55282;0.0077107;
0.64341;2.5524;0.00768606;
0.64351;2.55197;0.00771073;
0.64361;2.55155;0.00768602;
0.64371;2.55113;0.00771076;
0.64381;2.5507;0.00768598;
0.64391;2.55028;0.0077108;
0.64401;2.54986;0.00768595;
0.64411;2.54944;0.00771083;
0.64421;2.54901;0.00768591;
0.64431;2.54859;0.00771087;
0.64441;2.54817;0.00768587;
0.64451;2.54775;0.0077109;
0.64461;2.54732;0.00768583;
0.64471;2.5469;0.00771093;
0.64481;2.54648;0.00768579;
0.64491;2.54606;0.00771097;
0.64501;2.54564;0.00768576;
0.64511;2.54521;0.007711;
0.64521;2.54479;0.00768572;
0.64531;2.54437;0.00771104;
0.64541;2.54395;0.00768568;
0.64551;2.54353;0.00771107;
0.64561;2.5431;0.00768564;
0.64571;2.54268;0.0077111;
0.64581;2.54226;0.00768561;
0.64591;2.54184;0.00771114;
0.64601;2.54142;0.00768557;
0.64611;2.541;0.00771117;
0.64621;2.54058;0.00768553;
0.64631;2.54015;0.0077112;
0.64641;2.53973;0.0076855;
0.64651;2.53931;0.00771124;
0.64661;2.53889;0.00768546;
0.64671;2.53847;0.00771127;
0.64681;2.53805;0.00768542;
0.64691;2.53763;0.00771131;
0.64701;2.53721;0.00768538;
0.64711;2.53679;0.00771134;
0.64721;2.53637;0.00768535;
0.64731;2.53595;0.00771137;
0.64741;2.53553;0.00768531;
0.64751;2.53511;0.00771141;
0.64761;2.53469;0.00768527;
0.64771;2.53427;0.00771144;
0.64781;2.53385;0.00768524;
0.64791;2.53343;0.00771147;
0.64801;2.53301;0.0076852;
0.64811;2.53259;0.00771151;
0.64821;2.53217;0.00768516;
0.64831;2.53175;0.00771154;
0.64841;2.53133;0.00768512;
0.64851;2.53091;0.00771157;
0.64861;2.53049;0.00768509;
0.64871;2.53007;0.00771161;
0.64881;2.52965;0.00768505;
0.64891;2.52923;0.00771164;
0.64901;2.52881;0.00768501;
0.64911;2.52839;0.00771167;
0.64921;2.52797;0.00768498;
0.64931;2.52755;0.00771171;
0.64941;2.52713;0.00768494;
0.64951;2.52671;0.00771174;
0.64961;2.5263;0.0076849;
0.64971;2.52588;0.00771177;
0.64981;2.52546;0.00768487;
0.64991;2.52504;0.00771181;
0.65001;2.52462;0.00768483;
0.65011;2.5242;0.00771184;
0.65021;2.52378;0.00768479;
0.65031;2.52337;0.00771187;
0.65041;2.52295;0.00768476;
0.65051;2.52253;0.0077119;
0.65061;2.52211;0.00768472;
0.65071;2.52169;0.00771194;
0.65081;2.52127;0.00768468;
0.65091;2.52086;0.00771197;
0.65101;2.52044;0.00768465;
0.65111;2.52002;0.007712;
0.65121;2.5196;0.00768461;
0.65131;2.51919;0.00771204;
0.65141;2.51877;0.00768457;
0.65151;2.51835;0.00771207;
0.65161;2.51793;0.00768454;
0.65171;2.51752;0.0077121;
0.65181;2.5171;0.0076845;
0.65191;2.51668;0.00771214;
0.65201;2.51626;0.00768446;
0.65211;2.51585;0.00771217;
0.65221;2.51543;0.00768443;
0.65231;2.51501;0.0077122;
0.65241;2.5146;0.00768439;
0.65251;2.51418;0.00771223;
0.65261;2.51376;0.00768436;
0.65271;2.51335;0.00771227;
0.65281;2.51293;0.00768432;
0.65291;2.51251;0.0077123;
0.65301;2.5121;0.00768428;
0.65311;2.51168;0.00771233;
0.65321;2.51126;0.00768425;
0.65331;2.51085;0.00771236;
0.65341;2.51043;0.00768421;
0.65351;2.51001;0.0077124;
0.65361;2.5096;0.00768418;
0.65371;2.50918;0.00771243;
0.65381;2.50877;0.00768414;
0.65391;2.50835;0.00771246;
0.65401;2.50793;0.0076841;
0.65411;2.50752;0.0077125;
0.65421;2.5071;0.00768407;
0.65431;2.50669;0.00771253;
0.65441;2.50627;0.00768403;
0.65451;2.50586;0.00771256;
0.65461;2.50544;0.007684;
0.65471;2.50503;0.00771259;
0.65481;2.50461;0.00768396;
0.65491;2.5042;0.00771263;
0.65501;2.50378;0.00768392;
0.65511;2.50337;0.00771266;
0.65521;2.50295;0.00768389;
0.65531;2.50254;0.00771269;
0.65541;2.50212;0.00768385;
0.65551;2.50171;0.00771272;
0.65561;2.50129;0.00768382;
0.65571;2.50088;0.00771275;
0.65581;2.50046;0.00768378;
0.65591;2.50005;0.00771279;
0.65601;2.49963;0.00768374;
0.65611;2.49922;0.00771282;
0.65621;2.4988;0.00768371;
0.65631;2.49839;0.00771285;
0.65641;2.49798;0.00768367;
0.65651;2.49756;0.00771288;
0.65661;2.49715;0.00768364;
0.65671;2.49673;0.00771292;
0.65681;2.49632;0.0076836;
0.65691;2.49591;0.00771295;
0.65701;2.49549;0.00768357;
0.65711;2.49508;0.00771298;
0.65721;2.49467;0.00768353;
0.65731;2.49425;0.00771301;
0.65741;2.49384;0.0076835;
0.65751;2.49342;0.00771304;
0.65761;2.49301;0.00768346;
0.65771;2.4926;0.00771308;
0.65781;2.49219;0.00768342;
0.65791;2.49177;0.00771311;
0.65801;2.49136;0.00768339;
0.65811;2.49095;0.00771314;
0.65821;2.49053;0.00768335;
0.65831;2.49012;0.00771317;
0.65841;2.48971;0.00768332;
0.65851;2.48929;0.0077132;
0.65861;2.48888;0.00768328;
0.65871;2.48847;0.00771324;
0.65881;2.48806;0.00768325;
0.65891;2.48764;0.00771327;
0.65901;2.48723;0.00768321;
0.65911;2.48682;0.0077133;
0.65921;2.48641;0.00768318;
0.65931;2.486;0.00771333;
0.65941;2.48558;0.00768314;
0.65951;2.48517;0.00771336;
0.65961;2.48476;0.00768311;
0.65971;2.48435;0.0077134;
0.65981;2.48394;0.00768307;
0.65991;2.48352;0.00771343;
0.66001;2.48311;0.00768304;
0.66011;2.4827;0.00771346;
0.66021;2.48229;0.007683;
0.66031;2.48188;0.00771349;
0.66041;2.48147;0.00768297;
0.66051;2.48106;0.00771352;
0.66061;2.48064;0.00768293;
0.66071;2.48023;0.00771355;
0.66081;2.47982;0.0076829;
0.66091;2.47941;0.00771359;
0.66101;2.479;0.00768286;
0.66111;2.47859;0.00771362;
0.66121;2.47818;0.00768283;
0.66131;2.47777;0.00771365;
0.66141;2.47736;0.00768279;
0.66151;2.47695;0.00771368;
0.66161;2.47654;0.00768276;
0.66171;2.47612;0.00771371;
0.66181;2.47571;0.00768272;
0.66191;2.4753;0.00771374;
0.66201;2.47489;0.00768269;
0.66211;2.47448;0.00771377;
0.66221;2.47407;0.00768265;
0.66231;2.47366;0.00771381;
0.66241;2.47325;0.00768262;
0.66251;2.47284;0.00771384;
0.66261;2.47243;0.00768258;
0.66271;2.47202;0.00771387;
0.66281;2.47161;0.00768255;
0.66291;2.4712;0.0077139;
0.66301;2.47079;0.00768251;
0.66311;2.47039;0.00771393;
0.66321;2.46998;0.00768248;
0.66331;2.46957;0.00771396;
0.66341;2.46916;0.00768245;
0.66351;2.46875;0.00771399;
0.66361;2.46834;0.00768241;
0.66371;2.46793;0.00771403;
0.66381;2.46752;0.00768238;
0.66391;2.46711;0.00771406;
0.66401;2.4667;0.00768234;
0.66411;2.46629;0.00771409;
0.66421;2.46588;0.00768231;
0.66431;2.46548;0.00771412;
0.66441;2.46507;0.00768227;
0.66451;2.46466;0.00771415;
0.66461;2.46425;0.00768224;
0.66471;2.46384;0.00771418;
0.66481;2.46343;0.00768221;
0.66491;2.46302;0.00771421;
0.66501;2.46262;0.00768217;
0.66511;2.46221;0.00771424;
0.66521;2.4618;0.00768214;
0.66531;2.46139;0.00771427;
0.66541;2.46098;0.0076821;
0.66551;2.46058;0.0077143;
0.66561;2.46017;0.00768207;
0.66571;2.45976;0.00771434;
0.66581;2.45935;0.00768203;
0.66591;2.45895;0.00771437;
0.66601;2.45854;0.007682;
0.66611;2.45813;0.0077144;
0.66621;2.45772;0.00768197;
0.66631;2.45732;0.00771443;
0.66641;2.45691;0.00768193;
0.66651;2.4565;0.00771446;
0.66661;2.45609;0.0076819;
0.66671;2.45569;0.00771449;
0.66681;2.45528;0.00768186;
0.66691;2.45487;0.00771452;
0.66701;2.45447;0.00768183;
0.66711;2.45406;0.00771455;
0.66721;2.45365;0.0076818;
0.66731;2.45325;0.00771458;
0.66741;2.45284;0.00768176;
0.66751;2.45243;0.00771461;
0.66761;2.45203;0.00768173;
0.66771;2.45162;0.00771464;
0.66781;2.45121;0.00768169;
0.66791;2.45081;0.00771467;
0.66801;2.4504;0.00768166;
0.66811;2.44999;0.00771471;
0.66821;2.44959;0.00768163;
0.66831;2.44918;0.00771474;
0.66841;2.44878;0.00768159;
0.66851;2.44837;0.00771477;
0.66861;2.44797;0.00768156;
0.66871;2.44756;0.0077148;
0.66881;2.44715;0.00768153;
0.66891;2.44675;0.00771483;
0.66901;2.44634;0.00768149;
0.66911;2.44594;0.00771486;
0.66921;2.44553;0.00768146;
0.66931;2.44513;0.00771489;
0.66941;2.44472;0.00768143;
0.66951;2.44432;0.00771492;
0.66961;2.44391;0.00768139;
0.66971;2.44351;0.00771495;
0.66981;2.4431;0.00768136;
0.66991;2.4427;0.00771498;
0.67001;2.44229;0.00768132;
0.67011;2.44189;0.00771501;
0.67021;2.44148;0.00768129;
0.67031;2.44108;0.00771504;
0.67041;2.44067;0.00768126;
0.67051;2.44027;0.00771507;
0.67061;2.43986;0.00768122;
0.67071;2.43946;0.0077151;
0.67081;2.43905;0.00768119;
0.67091;2.43865;0.00771513;
0.67101;2.43825;0.00768116;
0.67111;2.43784;0.00771516;
0.67121;2.43744;0.00768112;
0.67131;2.43703;0.00771519;
0.67141;2.43663;0.00768109;
0.67151;2.43623;0.00771522;
0.67161;2.43582;0.00768106;
0.67171;2.43542;0.00771525;
0.67181;2.43501;0.00768102;
0.67191;2.43461;0.00771528;
0.67201;2.43421;0.00768099;
0.67211;2.4338;0.00771531;
0.67221;2.4334;0.00768096;
0.67231;2.433;0.00771534;
0.67241;2.43259;0.00768093;
0.67251;2.43219;0.00771537;
0.67261;2.43179;0.00768089;
0.67271;2.43139;0.0077154;
0.67281;2.43098;0.00768086;
0.67291;2.43058;0.00771543;
0.67301;2.43018;0.00768083;
0.67311;2.42977;0.00771546;
0.67321;2.42937;0.00768079;
0.67331;2.42897;0.00771549;
0.67341;2.42857;0.00768076;
0.67351;2.42816;0.00771552;
0.67361;2.42776;0.00768073;
0.67371;2.42736;0.00771555;
0.67381;2.42696;0.00768069;
0.67391;2.42655;0.00771558;
0.67401;2.42615;0.00768066;
0.67411;2.42575;0.00771561;
0.67421;2.42535;0.00768063;
0.67431;2.42495;0.00771564;
0.67441;2.42454;0.0076806;
0.67451;2.42414;0.00771567;
0.67461;2.42374;0.00768056;
0.67471;2.42334;0.0077157;
0.67481;2.42294;0.00768053;
0.67491;2.42254;0.00771573;
0.67501;2.42213;0.0076805;
0.67511;2.42173;0.00771576;
0.67521;2.42133;0.00768047;
0.67531;2.42093;0.00771579;
0.67541;2.42053;0.00768043;
0.67551;2.42013;0.00771582;
0.67561;2.41973;0.0076804;
0.67571;2.41932;0.00771585;
0.67581;2.41892;0.00768037;
0.67591;2.41852;0.00771588;
0.67601;2.41812;0.00768033;
0.67611;2.41772;0.00771591;
0.67621;2.41732;0.0076803;
0.67631;2.41692;0.00771594;
0.67641;2.41652;0.00768027;
0.67651;2.41612;0.00771597;
0.67661;2.41572;0.00768024;
0.67671;2.41532;0.007716;
0.67681;2.41492;0.0076802;
0.67691;2.41452;0.00771603;
0.67701;2.41412;0.00768017;
0.67711;2.41372;0.00771606;
0.67721;2.41332;0.00768014;
0.67731;2.41292;0.00771608;
0.67741;2.41252;0.00768011;
0.67751;2.41212;0.00771611;
0.67761;2.41172;0.00768008;
0.67771;2.41132;0.00771614;
0.67781;2.41092;0.00768004;
0.67791;2.41052;0.00771617;
0.67801;2.41012;0.00768001;
0.67811;2.40972;0.0077162;
0.67821;2.40932;0.00767998;
0.67831;2.40892;0.00771623;
0.67841;2.40852;0.00767995;
0.67851;2.40812;0.00771626;
0.67861;2.40772;0.00767991;
0.67871;2.40732;0.00771629;
0.67881;2.40693;0.00767988;
0.67891;2.40653;0.00771632;
0.67901;2.40613;0.00767985;
0.67911;2.40573;0.00771635;
0.67921;2.40533;0.00767982;
0.67931;2.40493;0.00771638;
0.67941;2.40453;0.00767979;
0.67951;2.40414;0.00771641;
0.67961;2.40374;0.00767975;
0.67971;2.40334;0.00771644;
0.67981;2.40294;0.00767972;
0.67991;2.40254;0.00771646;
0.68001;2.40214;0.00767969;
0.68011;2.40175;0.00771649;
0.68021;2.40135;0.00767966;
0.68031;2.40095;0.00771652;
0.68041;2.40055;0.00767963;
0.68051;2.40015;0.00771655;
0.68061;2.39976;0.00767959;
0.68071;2.39936;0.00771658;
0.68081;2.39896;0.00767956;
0.68091;2.39856;0.00771661;
0.68101;2.39817;0.00767953;
0.68111;2.39777;0.00771664;
0.68121;2.39737;0.0076795;
0.68131;2.39697;0.00771667;
0.68141;2.39658;0.00767947;
0.68151;2.39618;0.0077167;
0.68161;2.39578;0.00767944;
0.68171;2.39538;0.00771672;
0.68181;2.39499;0.0076794;
0.68191;2.39459;0.00771675;
0.68201;2.39419;0.00767937;
0.68211;2.3938;0.00771678;
0.68221;2.3934;0.00767934;
0.68231;2.393;0.00771681;
0.68241;2.39261;0.00767931;
0.68251;2.39221;0.00771684;
0.68261;2.39181;0.00767928;
0.68271;2.39142;0.00771687;
0.68281;2.39102;0.00767925;
0.68291;2.39063;0.0077169;
0.68301;2.39023;0.00767921;
0.68311;2.38983;0.00771693;
0.68321;2.38944;0.00767918;
0.68331;2.38904;0.00771695;
0.68341;2.38865;0.00767915;
0.68351;2.38825;0.00771698;
0.68361;2.38785;0.00767912;
0.68371;2.38746;0.00771701;
0.68381;2.38706;0.00767909;
0.68391;2.38667;0.00771704;
0.68401;2.38627;0.00767906;
0.68411;2.38588;0.00771707;
0.68421;2.38548;0.00767903;
0.68431;2.38508;0.0077171;
0.68441;2.38469;0.007679;
0.68451;2.38429;0.00771712;
0.68461;2.3839;0.00767896;
0.68471;2.3835;0.00771715;
0.68481;2.38311;0.00767893;
0.68491;2.38271;0.00771718;
0.68501;2.38232;0.0076789;
0.68511;2.38192;0.00771721;
0.68521;2.38153;0.00767887;
0.68531;2.38114;0.00771724;
0.68541;2.38074;0.00767884;
0.68551;2.38035;0.00771727;
0.68561;2.37995;0.00767881;
0.68571;2.37956;0.00771729;
0.68581;2.37916;0.00767878;
0.68591;2.37877;0.00771732;
0.68601;2.37837;0.00767875;
0.68611;2.37798;0.00771735;
0.68621;2.37759;0.00767872;
0.68631;2.37719;0.00771738;
0.68641;2.3768;0.00767868;
0.68651;2.3764;0.00771741;
0.68661;2.37601;0.00767865;
0.68671;2.37562;0.00771744;
0.68681;2.37522;0.00767862;
0.68691;2.37483;0.00771746;
0.68701;2.37444;0.00767859;
0.68711;2.37404;0.00771749;
0.68721;2.37365;0.00767856;
0.68731;2.37326;0.00771752;
0.68741;2.37286;0.00767853;
0.68751;2.37247;0.00771755;
0.68761;2.37208;0.0076785;
0.68771;2.37168;0.00771758;
0.68781;2.37129;0.00767847;
0.68791;2.3709;0.0077176;
0.68801;2.3705;0.00767844;
0.68811;2.37011;0.00771763;
0.68821;2.36972;0.00767841;
0.68831;2.36933;0.00771766;
0.68841;2.36893;0.00767838;
0.68851;2.36854;0.00771769;
0.68861;2.36815;0.00767835;
0.68871;2.36776;0.00771772;
0.68881;2.36736;0.00767831;
0.68891;2.36697;0.00771774;
0.68901;2.36658;0.00767828;
0.68911;2.36619;0.00771777;
0.68921;2.36579;0.00767825;
0.68931;2.3654;0.0077178;
0.68941;2.36501;0.00767822;
0.68951;2.36462;0.00771783;
0.68961;2.36423;0.00767819;
0.68971;2.36383;0.00771786;
0.68981;2.36344;0.00767816;
0.68991;2.36305;0.00771788;
0.69001;2.36266;0.00767813;
0.69011;2.36227;0.00771791;
0.69021;2.36188;0.0076781;
0.69031;2.36149;0.00771794;
0.69041;2.36109;0.00767807;
0.69051;2.3607;0.00771797;
0.69061;2.36031;0.00767804;
0.69071;2.35992;0.00771799;
0.69081;2.35953;0.00767801;
0.69091;2.35914;0.00771802;
0.69101;2.35875;0.00767798;
0.69111;2.35836;0.00771805;
0.69121;2.35797;0.00767795;
0.69131;2.35758;0.00771808;
0.69141;2.35718;0.00767792;
0.69151;2.35679;0.0077181;
0.69161;2.3564;0.00767789;
0.69171;2.35601;0.00771813;
0.69181;2.35562;0.00767786;
0.69191;2.35523;0.00771816;
0.69201;2.35484;0.00767783;
0.69211;2.35445;0.00771819;
0.69221;2.35406;0.0076778;
0.69231;2.35367;0.00771821;
0.69241;2.35328;0.00767777;
0.69251;2.35289;0.00771824;
0.69261;2.3525;0.00767774;
0.69271;2.35211;0.00771827;
0.69281;2.35172;0.00767771;
0.69291;2.35133;0.0077183;
0.69301;2.35094;0.00767768;
0.69311;2.35055;0.00771832;
0.69321;2.35016;0.00767765;
0.69331;2.34977;0.00771835;
0.69341;2.34938;0.00767762;
0.69351;2.349;0.00771838;
0.69361;2.34861;0.00767759;
0.69371;2.34822;0.0077184;
0.69381;2.34783;0.00767756;
0.69391;2.34744;0.00771843;
0.69401;2.34705;0.00767753;
0.69411;2.34666;0.00771846;
0.69421;2.34627;0.0076775;
0.69431;2.34588;0.00771849;
0.69441;2.34549;0.00767747;
0.69451;2.34511;0.00771851;
0.69461;2.34472;0.00767744;
0.69471;2.34433;0.00771854;
0.69481;2.34394;0.00767741;
0.69491;2.34355;0.00771857;
0.69501;2.34316;0.00767738;
0.69511;2.34278;0.00771859;
0.69521;2.34239;0.00767735;
0.69531;2.342;0.00771862;
0.69541;2.34161;0.00767732;
0.69551;2.34122;0.00771865;
0.69561;2.34083;0.00767729;
0.69571;2.34045;0.00771868;
0.69581;2.34006;0.00767726;
0.69591;2.33967;0.0077187;
0.69601;2.33928;0.00767723;
0.69611;2.3389;0.00771873;
0.69621;2.33851;0.0076772;
0.69631;2.33812;0.00771876;
0.69641;2.33773;0.00767717;
0.69651;2.33735;0.00771878;
0.69661;2.33696;0.00767714;
0.69671;2.33657;0.00771881;
0.69681;2.33618;0.00767711;
0.69691;2.3358;0.00771884;
0.69701;2.33541;0.00767708;
0.69711;2.33502;0.00771886;
0.69721;2.33464;0.00767706;
0.69731;2.33425;0.00771889;
0.69741;2.33386;0.00767703;
0.69751;2.33348;0.00771892;
0.69761;2.33309;0.007677;
0.69771;2.3327;0.00771894;
0.69781;2.33232;0.00767697;
0.69791;2.33193;0.00771897;
0.69801;2.33154;0.00767694;
0.69811;2.33116;0.007719;
0.69821;2.33077;0.00767691;
0.69831;2.33038;0.00771902;
0.69841;2.33;0.00767688;
0.69851;2.32961;0.00771905;
0.69861;2.32923;0.00767685;
0.69871;2.32884;0.00771908;
0.69881;2.32845;0.00767682;
0.69891;2.32807;0.0077191;
0.69901;2.32768;0.00767679;
0.69911;2.3273;0.00771913;
0.69921;2.32691;0.00767676;
0.69931;2.32653;0.00771916;
0.69941;2.32614;0.00767673;
0.69951;2.32575;0.00771918;
0.69961;2.32537;0.0076767;
0.69971;2.32498;0.00771921;
0.69981;2.3246;0.00767668;
0.69991;2.32421;0.00771924;
0.70001;2.32383;0.00767665;
0.70011;2.32344;0.00771926;
0.70021;2.32306;0.00767662;
0.70031;2.32267;0.00771929;
0.70041;2.32229;0.00767659;
0.70051;2.3219;0.00771932;
0.70061;2.32152;0.00767656;
0.70071;2.32113;0.00771934;
0.70081;2.32075;0.00767653;
0.70091;2.32037;0.00771937;
0.70101;2.31998;0.0076765;
0.70111;2.3196;0.0077194;
0.70121;2.31921;0.00767647;
0.70131;2.31883;0.00771942;
0.70141;2.31844;0.00767644;
0.70151;2.31806;0.00771945;
0.70161;2.31768;0.00767642;
0.70171;2.31729;0.00771947;
0.70181;2.31691;0.00767639;
0.70191;2.31652;0.0077195;
0.70201;2.31614;0.00767636;
0.70211;2.31576;0.00771953;
0.70221;2.31537;0.00767633;
0.70231;2.31499;0.00771955;
0.70241;2.3146;0.0076763;
0.70251;2.31422;0.00771958;
0.70261;2.31384;0.00767627;
0.70271;2.31345;0.0077196;
0.70281;2.31307;0.00767624;
0.70291;2.31269;0.00771963;
0.70301;2.3123;0.00767622;
0.70311;2.31192;0.00771966;
0.70321;2.31154;0.00767619;
0.70331;2.31116;0.00771968;
0.70341;2.31077;0.00767616;
0.70351;2.31039;0.00771971;
0.70361;2.31001;0.00767613;
0.70371;2.30962;0.00771974;
0.70381;2.30924;0.0076761;
0.70391;2.30886;0.00771976;
0.70401;2.30848;0.00767607;
0.70411;2.30809;0.00771979;
0.70421;2.30771;0.00767604;
0.70431;2.30733;0.00771981;
0.70441;2.30695;0.00767602;
0.70451;2.30656;0.00771984;
0.70461;2.30618;0.00767599;
0.70471;2.3058;0.00771986;
0.70481;2.30542;0.00767596;
0.70491;2.30504;0.00771989;
0.70501;2.30465;0.00767593;
0.70511;2.30427;0.00771992;
0.70521;2.30389;0.0076759;
0.70531;2.30351;0.00771994;
0.70541;2.30313;0.00767587;
0.70551;2.30275;0.00771997;
0.70561;2.30236;0.00767585;
0.70571;2.30198;0.00771999;
0.70581;2.3016;0.00767582;
0.70591;2.30122;0.00772002;
0.70601;2.30084;0.00767579;
0.70611;2.30046;0.00772004;
0.70621;2.30008;0.00767576;
0.70631;2.29969;0.00772007;
0.70641;2.29931;0.00767573;
0.70651;2.29893;0.0077201;
0.70661;2.29855;0.00767571;
0.70671;2.29817;0.00772012;
0.70681;2.29779;0.00767568;
0.70691;2.29741;0.00772015;
0.70701;2.29703;0.00767565;
0.70711;2.29665;0.00772017;
0.70721;2.29627;0.00767562;
0.70731;2.29589;0.0077202;
0.70741;2.29551;0.00767559;
0.70751;2.29513;0.00772022;
0.70761;2.29475;0.00767557;
0.70771;2.29437;0.00772025;
0.70781;2.29399;0.00767554;
0.70791;2.29361;0.00772028;
0.70801;2.29323;0.00767551;
0.70811;2.29285;0.0077203;
0.70821;2.29247;0.00767548;
0.70831;2.29209;0.00772033;
0.70841;2.29171;0.00767545;
0.70851;2.29133;0.00772035;
0.70861;2.29095;0.00767543;
0.70871;2.29057;0.00772038;
0.70881;2.29019;0.0076754;
0.70891;2.28981;0.0077204;
0.70901;2.28943;0.00767537;
0.70911;2.28905;0.00772043;
0.70921;2.28867;0.00767534;
0.70931;2.28829;0.00772045;
0.70941;2.28791;0.00767532;
0.70951;2.28753;0.00772048;
0.70961;2.28715;0.00767529;
0.70971;2.28678;0.0077205;
0.70981;2.2864;0.00767526;
0.70991;2.28602;0.00772053;
0.71001;2.28564;0.00767523;
0.71011;2.28526;0.00772055;
0.71021;2.28488;0.00767521;
0.71031;2.2845;0.00772058;
0.71041;2.28412;0.00767518;
0.71051;2.28375;0.0077206;
0.71061;2.28337;0.00767515;
0.71071;2.28299;0.00772063;
0.71081;2.28261;0.00767512;
0.71091;2.28223;0.00772065;
0.71101;2.28185;0.0076751;
0.71111;2.28148;0.00772068;
0.71121;2.2811;0.00767507;
0.71131;2.28072;0.0077207;
0.71141;2.28034;0.00767504;
0.71151;2.27997;0.00772073;
0.71161;2.27959;0.00767501;
0.71171;2.27921;0.00772075;
0.71181;2.27883;0.00767499;
0.71191;2.27845;0.00772078;
0.71201;2.27808;0.00767496;
0.71211;2.2777;0.0077208;
0.71221;2.27732;0.00767493;
0.71231;2.27695;0.00772083;
0.71241;2.27657;0.0076749;
0.71251;2.27619;0.00772085;
0.71261;2.27581;0.00767488;
0.71271;2.27544;0.00772088;
0.71281;2.27506;0.00767485;
0.71291;2.27468;0.0077209;
0.71301;2.27431;0.00767482;
0.71311;2.27393;0.00772093;
0.71321;2.27355;0.0076748;
0.71331;2.27318;0.00772095;
0.71341;2.2728;0.00767477;
0.71351;2.27242;0.00772098;
0.71361;2.27205;0.00767474;
0.71371;2.27167;0.007721;
0.71381;2.27129;0.00767471;
0.71391;2.27092;0.00772103;
0.71401;2.27054;0.00767469;
0.71411;2.27016;0.00772105;
0.71421;2.26979;0.00767466;
0.71431;2.26941;0.00772108;
0.71441;2.26904;0.00767463;
0.71451;2.26866;0.0077211;
0.71461;2.26828;0.00767461;
0.71471;2.26791;0.00772113;
0.71481;2.26753;0.00767458;
0.71491;2.26716;0.00772115;
0.71501;2.26678;0.00767455;
0.71511;2.26641;0.00772118;
0.71521;2.26603;0.00767453;
0.71531;2.26566;0.0077212;
0.71541;2.26528;0.0076745;
0.71551;2.2649;0.00772122;
0.71561;2.26453;0.00767447;
0.71571;2.26415;0.00772125;
0.71581;2.26378;0.00767445;
0.71591;2.2634;0.00772127;
0.71601;2.26303;0.00767442;
0.71611;2.26265;0.0077213;
0.71621;2.26228;0.00767439;
0.71631;2.2619;0.00772132;
0.71641;2.26153;0.00767437;
0.71651;2.26115;0.00772135;
0.71661;2.26078;0.00767434;
0.71671;2.26041;0.00772137;
0.71681;2.26003;0.00767431;
0.71691;2.25966;0.0077214;
0.71701;2.25928;0.00767429;
0.71711;2.25891;0.00772142;
0.71721;2.25853;0.00767426;
0.71731;2.25816;0.00772144;
0.71741;2.25779;0.00767423;
0.71751;2.25741;0.00772147;
0.71761;2.25704;0.00767421;
0.71771;2.25666;0.00772149;
0.71781;2.25629;0.00767418;
0.71791;2.25592;0.00772152;
0.71801;2.25554;0.00767415;
0.71811;2.25517;0.00772154;
0.71821;2.25479;0.00767413;
0.71831;2.25442;0.00772157;
0.71841;2.25405;0.0076741;
0.71851;2.25367;0.00772159;
0.71861;2.2533;0.00767407;
0.71871;2.25293;0.00772161;
0.71881;2.25255;0.00767405;
0.71891;2.25218;0.00772164;
0.71901;2.25181;0.00767402;
0.71911;2.25144;0.00772166;
0.71921;2.25106;0.00767399;
0.71931;2.25069;0.00772169;
0.71941;2.25032;0.00767397;
0.71951;2.24994;0.00772171;
0.71961;2.24957;0.00767394;
0.71971;2.2492;0.00772173;
0.71981;2.24883;0.00767392;
0.71991;2.24845;0.00772176;
0.72001;2.24808;0.00767389;
0.72011;2.24771;0.00772178;
0.72021;2.24734;0.00767386;
0.72031;2.24696;0.00772181;
0.72041;2.24659;0.00767384;
0.72051;2.24622;0.00772183;
0.72061;2.24585;0.00767381;
0.72071;2.24547;0.00772185;
0.72081;2.2451;0.00767379;
0.72091;2.24473;0.00772188;
0.72101;2.24436;0.00767376;
0.72111;2.24399;0.0077219;
0.72121;2.24362;0.00767373;
0.72131;2.24324;0.00772193;
0.72141;2.24287;0.00767371;
0.72151;2.2425;0.00772195;
0.72161;2.24213;0.00767368;
0.72171;2.24176;0.00772197;
0.72181;2.24139;0.00767365;
0.72191;2.24101;0.007722;
0.72201;2.24064;0.00767363;
0.72211;2.24027;0.00772202;
0.72221;2.2399;0.0076736;
0.72231;2.23953;0.00772204;
0.72241;2.23916;0.00767358;
0.72251;2.23879;0.00772207;
0.72261;2.23842;0.00767355;
0.72271;2.23805;0.00772209;
0.72281;2.23768;0.00767353;
0.72291;2.23731;0.00772212;
0.72301;2.23693;0.0076735;
0.72311;2.23656;0.00772214;
0.72321;2.23619;0.00767347;
0.72331;2.23582;0.00772216;
0.72341;2.23545;0.00767345;
0.72351;2.23508;0.00772219;
0.72361;2.23471;0.00767342;
0.72371;2.23434;0.00772221;
0.72381;2.23397;0.0076734;
0.72391;2.2336;0.00772223;
0.72401;2.23323;0.00767337;
0.72411;2.23286;0.00772226;
0.72421;2.23249;0.00767335;
0.72431;2.23212;0.00772228;
0.72441;2.23175;0.00767332;
0.72451;2.23138;0.0077223;
0.72461;2.23101;0.00767329;
0.72471;2.23064;0.00772233;
0.72481;2.23027;0.00767327;
0.72491;2.2299;0.00772235;
0.72501;2.22953;0.00767324;
0.72511;2.22917;0.00772237;
0.72521;2.2288;0.00767322;
0.72531;2.22843;0.0077224;
0.72541;2.22806;0.00767319;
0.72551;2.22769;0.00772242;
0.72561;2.22732;0.00767317;
0.72571;2.22695;0.00772244;
0.72581;2.22658;0.00767314;
0.72591;2.22621;0.00772247;
0.72601;2.22584;0.00767312;
0.72611;2.22548;0.00772249;
0.72621;2.22511;0.00767309;
0.72631;2.22474;0.00772251;
0.72641;2.22437;0.00767307;
0.72651;2.224;0.00772254;
0.72661;2.22363;0.00767304;
0.72671;2.22326;0.00772256;
0.72681;2.2229;0.00767301;
0.72691;2.22253;0.00772258;
0.72701;2.22216;0.00767299;
0.72711;2.22179;0.00772261;
0.72721;2.22142;0.00767296;
0.72731;2.22106;0.00772263;
0.72741;2.22069;0.00767294;
0.72751;2.22032;0.00772265;
0.72761;2.21995;0.00767291;
0.72771;2.21958;0.00772268;
0.72781;2.21922;0.00767289;
0.72791;2.21885;0.0077227;
0.72801;2.21848;0.00767286;
0.72811;2.21811;0.00772272;
0.72821;2.21775;0.00767284;
0.72831;2.21738;0.00772275;
0.72841;2.21701;0.00767281;
0.72851;2.21664;0.00772277;
0.72861;2.21628;0.00767279;
0.72871;2.21591;0.00772279;
0.72881;2.21554;0.00767276;
0.72891;2.21518;0.00772281;
0.72901;2.21481;0.00767274;
0.72911;2.21444;0.00772284;
0.72921;2.21408;0.00767271;
0.72931;2.21371;0.00772286;
0.72941;2.21334;0.00767269;
0.72951;2.21298;0.00772288;
0.72961;2.21261;0.00767266;
0.72971;2.21224;0.00772291;
0.72981;2.21188;0.00767264;
0.72991;2.21151;0.00772293;
0.73001;2.21114;0.00767261;
0.73011;2.21078;0.00772295;
0.73021;2.21041;0.00767259;
0.73031;2.21004;0.00772297;
0.73041;2.20968;0.00767256;
0.73051;2.20931;0.007723;
0.73061;2.20895;0.00767254;
0.73071;2.20858;0.00772302;
0.73081;2.20821;0.00767251;
0.73091;2.20785;0.00772304;
0.73101;2.20748;0.00767249;
0.73111;2.20712;0.00772307;
0.73121;2.20675;0.00767246;
0.73131;2.20639;0.00772309;
0.73141;2.20602;0.00767244;
0.73151;2.20565;0.00772311;
0.73161;2.20529;0.00767242;
0.73171;2.20492;0.00772313;
0.73181;2.20456;0.00767239;
0.73191;2.20419;0.00772316;
0.73201;2.20383;0.00767237;
0.73211;2.20346;0.00772318;
0.73221;2.2031;0.00767234;
0.73231;2.20273;0.0077232;
0.73241;2.20237;0.00767232;
0.73251;2.202;0.00772322;
0.73261;2.20164;0.00767229;
0.73271;2.20127;0.00772325;
0.73281;2.20091;0.00767227;
0.73291;2.20055;0.00772327;
0.73301;2.20018;0.00767224;
0.73311;2.19982;0.00772329;
0.73321;2.19945;0.00767222;
0.73331;2.19909;0.00772331;
0.73341;2.19872;0.00767219;
0.73351;2.19836;0.00772334;
0.73361;2.198;0.00767217;
0.73371;2.19763;0.00772336;
0.73381;2.19727;0.00767215;
0.73391;2.1969;0.00772338;
0.73401;2.19654;0.00767212;
0.73411;2.19618;0.0077234;
0.73421;2.19581;0.0076721;
0.73431;2.19545;0.00772343;
0.73441;2.19508;0.00767207;
0.73451;2.19472;0.00772345;
0.73461;2.19436;0.00767205;
0.73471;2.19399;0.00772347;
0.73481;2.19363;0.00767202;
0.73491;2.19327;0.00772349;
0.73501;2.1929;0.007672;
0.73511;2.19254;0.00772351;
0.73521;2.19218;0.00767198;
0.73531;2.19181;0.00772354;
0.73541;2.19145;0.00767195;
0.73551;2.19109;0.00772356;
0.73561;2.19072;0.00767193;
0.73571;2.19036;0.00772358;
0.73581;2.19;0.0076719;
0.73591;2.18964;0.0077236;
0.73601;2.18927;0.00767188;
0.73611;2.18891;0.00772362;
0.73621;2.18855;0.00767186;
0.73631;2.18819;0.00772365;
0.73641;2.18782;0.00767183;
0.73651;2.18746;0.00772367;
0.73661;2.1871;0.00767181;
0.73671;2.18674;0.00772369;
0.73681;2.18637;0.00767178;
0.73691;2.18601;0.00772371;
0.73701;2.18565;0.00767176;
0.73711;2.18529;0.00772374;
0.73721;2.18493;0.00767174;
0.73731;2.18456;0.00772376;
0.73741;2.1842;0.00767171;
0.73751;2.18384;0.00772378;
0.73761;2.18348;0.00767169;
0.73771;2.18312;0.0077238;
0.73781;2.18276;0.00767166;
0.73791;2.18239;0.00772382;
0.73801;2.18203;0.00767164;
0.73811;2.18167;0.00772384;
0.73821;2.18131;0.00767162;
0.73831;2.18095;0.00772387;
0.73841;2.18059;0.00767159;
0.73851;2.18023;0.00772389;
0.73861;2.17986;0.00767157;
0.73871;2.1795;0.00772391;
0.73881;2.17914;0.00767154;
0.73891;2.17878;0.00772393;
0.73901;2.17842;0.00767152;
0.73911;2.17806;0.00772395;
0.73921;2.1777;0.0076715;
0.73931;2.17734;0.00772398;
0.73941;2.17698;0.00767147;
0.73951;2.17662;0.007724;
0.73961;2.17626;0.00767145;
0.73971;2.1759;0.00772402;
0.73981;2.17554;0.00767143;
0.73991;2.17518;0.00772404;
0.74001;2.17482;0.0076714;
0.74011;2.17446;0.00772406;
0.74021;2.1741;0.00767138;
0.74031;2.17373;0.00772408;
0.74041;2.17337;0.00767136;
0.74051;2.17301;0.00772411;
0.74061;2.17265;0.00767133;
0.74071;2.1723;0.00772413;
0.74081;2.17194;0.00767131;
0.74091;2.17158;0.00772415;
0.74101;2.17122;0.00767129;
0.74111;2.17086;0.00772417;
0.74121;2.1705;0.00767126;
0.74131;2.17014;0.00772419;
0.74141;2.16978;0.00767124;
0.74151;2.16942;0.00772421;
0.74161;2.16906;0.00767121;
0.74171;2.1687;0.00772423;
0.74181;2.16834;0.00767119;
0.74191;2.16798;0.00772426;
0.74201;2.16762;0.00767117;
0.74211;2.16726;0.00772428;
0.74221;2.1669;0.00767114;
0.74231;2.16655;0.0077243;
0.74241;2.16619;0.00767112;
0.74251;2.16583;0.00772432;
0.74261;2.16547;0.0076711;
0.74271;2.16511;0.00772434;
0.74281;2.16475;0.00767108;
0.74291;2.16439;0.00772436;
0.74301;2.16403;0.00767105;
0.74311;2.16368;0.00772438;
0.74321;2.16332;0.00767103;
0.74331;2.16296;0.00772441;
0.74341;2.1626;0.00767101;
0.74351;2.16224;0.00772443;
0.74361;2.16189;0.00767098;
0.74371;2.16153;0.00772445;
0.74381;2.16117;0.00767096;
0.74391;2.16081;0.00772447;
0.74401;2.16045;0.00767094;
0.74411;2.1601;0.00772449;
0.74421;2.15974;0.00767091;
0.74431;2.15938;0.00772451;
0.74441;2.15902;0.00767089;
0.74451;2.15866;0.00772453;
0.74461;2.15831;0.00767087;
0.74471;2.15795;0.00772455;
0.74481;2.15759;0.00767084;
0.74491;2.15723;0.00772458;
0.74501;2.15688;0.00767082;
0.74511;2.15652;0.0077246;
0.74521;2.15616;0.0076708;
0.74531;2.15581;0.00772462;
0.74541;2.15545;0.00767078;
0.74551;2.15509;0.00772464;
0.74561;2.15474;0.00767075;
0.74571;2.15438;0.00772466;
0.74581;2.15402;0.00767073;
0.74591;2.15366;0.00772468;
0.74601;2.15331;0.00767071;
0.74611;2.15295;0.0077247;
0.74621;2.15259;0.00767068;
0.74631;2.15224;0.00772472;
0.74641;2.15188;0.00767066;
0.74651;2.15153;0.00772474;
0.74661;2.15117;0.00767064;
0.74671;2.15081;0.00772476;
0.74681;2.15046;0.00767062;
0.74691;2.1501;0.00772479;
0.74701;2.14974;0.00767059;
0.74711;2.14939;0.00772481;
0.74721;2.14903;0.00767057;
0.74731;2.14868;0.00772483;
0.74741;2.14832;0.00767055;
0.74751;2.14796;0.00772485;
0.74761;2.14761;0.00767053;
0.74771;2.14725;0.00772487;
0.74781;2.1469;0.0076705;
0.74791;2.14654;0.00772489;
0.74801;2.14619;0.00767048;
0.74811;2.14583;0.00772491;
0.74821;2.14548;0.00767046;
0.74831;2.14512;0.00772493;
0.74841;2.14476;0.00767043;
0.74851;2.14441;0.00772495;
0.74861;2.14405;0.00767041;
0.74871;2.1437;0.00772497;
0.74881;2.14334;0.00767039;
0.74891;2.14299;0.00772499;
0.74901;2.14263;0.00767037;
0.74911;2.14228;0.00772501;
0.74921;2.14192;0.00767034;
0.74931;2.14157;0.00772503;
0.74941;2.14122;0.00767032;
0.74951;2.14086;0.00772505;
0.74961;2.14051;0.0076703;
0.74971;2.14015;0.00772508;
0.74981;2.1398;0.00767028;
0.74991;2.13944;0.0077251;
0.75001;2.13909;0.00767026;
0.75011;2.13873;0.00772512;
0.75021;2.13838;0.00767023;
0.75031;2.13803;0.00772514;
0.75041;2.13767;0.00767021;
0.75051;2.13732;0.00772516;
0.75061;2.13696;0.00767019;
0.75071;2.13661;0.00772518;
0.75081;2.13626;0.00767017;
0.75091;2.1359;0.0077252;
0.75101;2.13555;0.00767014;
0.75111;2.13519;0.00772522;
0.75121;2.13484;0.00767012;
0.75131;2.13449;0.00772524;
0.75141;2.13413;0.0076701;
0.75151;2.13378;0.00772526;
0.75161;2.13343;0.00767008;
0.75171;2.13307;0.00772528;
0.75181;2.13272;0.00767006;
0.75191;2.13237;0.0077253;
0.75201;2.13201;0.00767003;
0.75211;2.13166;0.00772532;
0.75221;2.13131;0.00767001;
0.75231;2.13096;0.00772534;
0.75241;2.1306;0.00766999;
0.75251;2.13025;0.00772536;
0.75261;2.1299;0.00766997;
0.75271;2.12954;0.00772538;
0.75281;2.12919;0.00766995;
0.75291;2.12884;0.0077254;
0.75301;2.12849;0.00766992;
0.75311;2.12813;0.00772542;
0.75321;2.12778;0.0076699;
0.75331;2.12743;0.00772544;
0.75341;2.12708;0.00766988;
0.75351;2.12672;0.00772546;
0.75361;2.12637;0.00766986;
0.75371;2.12602;0.00772548;
0.75381;2.12567;0.00766984;
0.75391;2.12532;0.0077255;
0.75401;2.12496;0.00766981;
0.75411;2.12461;0.00772552;
0.75421;2.12426;0.00766979;
0.75431;2.12391;0.00772554;
0.75441;2.12356;0.00766977;
0.75451;2.1232;0.00772556;
0.75461;2.12285;0.00766975;
0.75471;2.1225;0.00772558;
0.75481;2.12215;0.00766973;
0.75491;2.1218;0.0077256;
0.75501;2.12145;0.00766971;
0.75511;2.1211;0.00772562;
0.75521;2.12074;0.00766968;
0.75531;2.12039;0.00772564;
0.75541;2.12004;0.00766966;
0.75551;2.11969;0.00772566;
0.75561;2.11934;0.00766964;
0.75571;2.11899;0.00772568;
0.75581;2.11864;0.00766962;
0.75591;2.11829;0.0077257;
0.75601;2.11794;0.0076696;
0.75611;2.11759;0.00772572;
0.75621;2.11724;0.00766958;
0.75631;2.11688;0.00772574;
0.75641;2.11653;0.00766955;
0.75651;2.11618;0.00772576;
0.75661;2.11583;0.00766953;
0.75671;2.11548;0.00772578;
0.75681;2.11513;0.00766951;
0.75691;2.11478;0.0077258;
0.75701;2.11443;0.00766949;
0.75711;2.11408;0.00772582;
0.75721;2.11373;0.00766947;
0.75731;2.11338;0.00772584;
0.75741;2.11303;0.00766945;
0.75751;2.11268;0.00772586;
0.75761;2.11233;0.00766943;
0.75771;2.11198;0.00772588;
0.75781;2.11163;0.0076694;
0.75791;2.11128;0.0077259;
0.75801;2.11093;0.00766938;
0.75811;2.11058;0.00772592;
0.75821;2.11023;0.00766936;
0.75831;2.10988;0.00772594;
0.75841;2.10953;0.00766934;
0.75851;2.10919;0.00772596;
0.75861;2.10884;0.00766932;
0.75871;2.10849;0.00772598;
0.75881;2.10814;0.0076693;
0.75891;2.10779;0.007726;
0.75901;2.10744;0.00766928;
0.75911;2.10709;0.00772602;
0.75921;2.10674;0.00766925;
0.75931;2.10639;0.00772604;
0.75941;2.10604;0.00766923;
0.75951;2.1057;0.00772606;
0.75961;2.10535;0.00766921;
0.75971;2.105;0.00772608;
0.75981;2.10465;0.00766919;
0.75991;2.1043;0.0077261;
0.76001;2.10395;0.00766917;
0.76011;2.1036;0.00772611;
0.76021;2.10326;0.00766915;
0.76031;2.10291;0.00772613;
0.76041;2.10256;0.00766913;
0.76051;2.10221;0.00772615;
0.76061;2.10186;0.00766911;
0.76071;2.10151;0.00772617;
0.76081;2.10117;0.00766909;
0.76091;2.10082;0.00772619;
0.76101;2.10047;0.00766907;
0.76111;2.10012;0.00772621;
0.76121;2.09978;0.00766904;
0.76131;2.09943;0.00772623;
0.76141;2.09908;0.00766902;
0.76151;2.09873;0.00772625;
0.76161;2.09838;0.007669;
0.76171;2.09804;0.00772627;
0.76181;2.09769;0.00766898;
0.76191;2.09734;0.00772629;
0.76201;2.09699;0.00766896;
0.76211;2.09665;0.00772631;
0.76221;2.0963;0.00766894;
0.76231;2.09595;0.00772633;
0.76241;2.09561;0.00766892;
0.76251;2.09526;0.00772635;
0.76261;2.09491;0.0076689;
0.76271;2.09457;0.00772637;
0.76281;2.09422;0.00766888;
0.76291;2.09387;0.00772638;
0.76301;2.09352;0.00766886;
0.76311;2.09318;0.0077264;
0.76321;2.09283;0.00766884;
0.76331;2.09249;0.00772642;
0.76341;2.09214;0.00766882;
0.76351;2.09179;0.00772644;
0.76361;2.09145;0.00766879;
0.76371;2.0911;0.00772646;
0.76381;2.09075;0.00766877;
0.76391;2.09041;0.00772648;
0.76401;2.09006;0.00766875;
0.76411;2.08971;0.0077265;
0.76421;2.08937;0.00766873;
0.76431;2.08902;0.00772652;
0.76441;2.08868;0.00766871;
0.76451;2.08833;0.00772654;
0.76461;2.08799;0.00766869;
0.76471;2.08764;0.00772656;
0.76481;2.08729;0.00766867;
0.76491;2.08695;0.00772657;
0.76501;2.0866;0.00766865;
0.76511;2.08626;0.00772659;
0.76521;2.08591;0.00766863;
0.76531;2.08557;0.00772661;
0.76541;2.08522;0.00766861;
0.76551;2.08488;0.00772663;
0.76561;2.08453;0.00766859;
0.76571;2.08418;0.00772665;
0.76581;2.08384;0.00766857;
0.76591;2.08349;0.00772667;
0.76601;2.08315;0.00766855;
0.76611;2.0828;0.00772669;
0.76621;2.08246;0.00766853;
0.76631;2.08212;0.00772671;
0.76641;2.08177;0.00766851;
0.76651;2.08143;0.00772673;
0.76661;2.08108;0.00766849;
0.76671;2.08074;0.00772674;
0.76681;2.08039;0.00766847;
0.76691;2.08005;0.00772676;
0.76701;2.0797;0.00766845;
0.76711;2.07936;0.00772678;
0.76721;2.07901;0.00766843;
0.76731;2.07867;0.0077268;
0.76741;2.07833;0.00766841;
0.76751;2.07798;0.00772682;
0.76761;2.07764;0.00766839;
0.76771;2.07729;0.00772684;
0.76781;2.07695;0.00766837;
0.76791;2.07661;0.00772686;
0.76801;2.07626;0.00766835;
0.76811;2.07592;0.00772687;
0.76821;2.07557;0.00766833;
0.76831;2.07523;0.00772689;
0.76841;2.07489;0.00766831;
0.76851;2.07454;0.00772691;
0.76861;2.0742;0.00766829;
0.76871;2.07386;0.00772693;
0.76881;2.07351;0.00766827;
0.76891;2.07317;0.00772695;
0.76901;2.07283;0.00766825;
0.76911;2.07248;0.00772697;
0.76921;2.07214;0.00766823;
0.76931;2.0718;0.00772699;
0.76941;2.07145;0.00766821;
0.76951;2.07111;0.007727;
0.76961;2.07077;0.00766819;
0.76971;2.07042;0.00772702;
0.76981;2.07008;0.00766817;
0.76991;2.06974;0.00772704;
0.77001;2.0694;0.00766815;
0.77011;2.06905;0.00772706;
0.77021;2.06871;0.00766813;
0.77031;2.06837;0.00772708;
0.77041;2.06803;0.00766811;
0.77051;2.06768;0.0077271;
0.77061;2.06734;0.00766809;
0.77071;2.067;0.00772711;
0.77081;2.06666;0.00766807;
0.77091;2.06631;0.00772713;
0.77101;2.06597;0.00766805;
0.77111;2.06563;0.00772715;
0.77121;2.06529;0.00766803;
0.77131;2.06495;0.00772717;
0.77141;2.0646;0.00766801;
0.77151;2.06426;0.00772719;
0.77161;2.06392;0.00766799;
0.77171;2.06358;0.00772721;
0.77181;2.06324;0.00766797;
0.77191;2.0629;0.00772722;
0.77201;2.06255;0.00766795;
0.77211;2.06221;0.00772724;
0.77221;2.06187;0.00766793;
0.77231;2.06153;0.00772726;
0.77241;2.06119;0.00766791;
0.77251;2.06085;0.00772728;
0.77261;2.06051;0.00766789;
0.77271;2.06017;0.0077273;
0.77281;2.05982;0.00766787;
0.77291;2.05948;0.00772731;
0.77301;2.05914;0.00766785;
0.77311;2.0588;0.00772733;
0.77321;2.05846;0.00766783;
0.77331;2.05812;0.00772735;
0.77341;2.05778;0.00766781;
0.77351;2.05744;0.00772737;
0.77361;2.0571;0.00766779;
0.77371;2.05676;0.00772739;
0.77381;2.05642;0.00766777;
0.77391;2.05608;0.0077274;
0.77401;2.05574;0.00766775;
0.77411;2.05539;0.00772742;
0.77421;2.05505;0.00766773;
0.77431;2.05471;0.00772744;
0.77441;2.05437;0.00766771;
0.77451;2.05403;0.00772746;
0.77461;2.05369;0.00766769;
0.77471;2.05335;0.00772748;
0.77481;2.05301;0.00766767;
0.77491;2.05267;0.00772749;
0.77501;2.05233;0.00766765;
0.77511;2.05199;0.00772751;
0.77521;2.05165;0.00766764;
0.77531;2.05131;0.00772753;
0.77541;2.05097;0.00766762;
0.77551;2.05064;0.00772755;
0.77561;2.0503;0.0076676;
0.77571;2.04996;0.00772757;
0.77581;2.04962;0.00766758;
0.77591;2.04928;0.00772758;
0.77601;2.04894;0.00766756;
0.77611;2.0486;0.0077276;
0.77621;2.04826;0.00766754;
0.77631;2.04792;0.00772762;
0.77641;2.04758;0.00766752;
0.77651;2.04724;0.00772764;
0.77661;2.0469;0.0076675;
0.77671;2.04656;0.00772765;
0.77681;2.04623;0.00766748;
0.77691;2.04589;0.00772767;
0.77701;2.04555;0.00766746;
0.77711;2.04521;0.00772769;
0.77721;2.04487;0.00766744;
0.77731;2.04453;0.00772771;
0.77741;2.04419;0.00766742;
0.77751;2.04386;0.00772772;
0.77761;2.04352;0.00766741;
0.77771;2.04318;0.00772774;
0.77781;2.04284;0.00766739;
0.77791;2.0425;0.00772776;
0.77801;2.04216;0.00766737;
0.77811;2.04183;0.00772778;
0.77821;2.04149;0.00766735;
0.77831;2.04115;0.00772779;
0.77841;2.04081;0.00766733;
0.77851;2.04047;0.00772781;
0.77861;2.04014;0.00766731;
0.77871;2.0398;0.00772783;
0.77881;2.03946;0.00766729;
0.77891;2.03912;0.00772785;
0.77901;2.03879;0.00766727;
0.77911;2.03845;0.00772786;
0.77921;2.03811;0.00766725;
0.77931;2.03777;0.00772788;
0.77941;2.03744;0.00766723;
0.77951;2.0371;0.0077279;
0.77961;2.03676;0.00766722;
0.77971;2.03642;0.00772792;
0.77981;2.03609;0.0076672;
0.77991;2.03575;0.00772793;
0.78001;2.03541;0.00766718;
0.78011;2.03508;0.00772795;
0.78021;2.03474;0.00766716;
0.78031;2.0344;0.00772797;
0.78041;2.03407;0.00766714;
0.78051;2.03373;0.00772799;
0.78061;2.03339;0.00766712;
0.78071;2.03306;0.007728;
0.78081;2.03272;0.0076671;
0.78091;2.03238;0.00772802;
0.78101;2.03205;0.00766708;
0.78111;2.03171;0.00772804;
0.78121;2.03137;0.00766707;
0.78131;2.03104;0.00772805;
0.78141;2.0307;0.00766705;
0.78151;2.03036;0.00772807;
0.78161;2.03003;0.00766703;
0.78171;2.02969;0.00772809;
0.78181;2.02936;0.00766701;
0.78191;2.02902;0.00772811;
0.78201;2.02868;0.00766699;
0.78211;2.02835;0.00772812;
0.78221;2.02801;0.00766697;
0.78231;2.02768;0.00772814;
0.78241;2.02734;0.00766695;
0.78251;2.027;0.00772816;
0.78261;2.02667;0.00766694;
0.78271;2.02633;0.00772817;
0.78281;2.026;0.00766692;
0.78291;2.02566;0.00772819;
0.78301;2.02533;0.0076669;
0.78311;2.02499;0.00772821;
0.78321;2.02466;0.00766688;
0.78331;2.02432;0.00772823;
0.78341;2.02399;0.00766686;
0.78351;2.02365;0.00772824;
0.78361;2.02332;0.00766684;
0.78371;2.02298;0.00772826;
0.78381;2.02265;0.00766683;
0.78391;2.02231;0.00772828;
0.78401;2.02198;0.00766681;
0.78411;2.02164;0.00772829;
0.78421;2.02131;0.00766679;
0.78431;2.02097;0.00772831;
0.78441;2.02064;0.00766677;
0.78451;2.0203;0.00772833;
0.78461;2.01997;0.00766675;
0.78471;2.01964;0.00772834;
0.78481;2.0193;0.00766673;
0.78491;2.01897;0.00772836;
0.78501;2.01863;0.00766672;
0.78511;2.0183;0.00772838;
0.78521;2.01796;0.0076667;
0.78531;2.01763;0.00772839;
0.78541;2.0173;0.00766668;
0.78551;2.01696;0.00772841;
0.78561;2.01663;0.00766666;
0.78571;2.01629;0.00772843;
0.78581;2.01596;0.00766664;
0.78591;2.01563;0.00772844;
0.78601;2.01529;0.00766663;
0.78611;2.01496;0.00772846;
0.78621;2.01463;0.00766661;
0.78631;2.01429;0.00772848;
0.78641;2.01396;0.00766659;
0.78651;2.01363;0.00772849;
0.78661;2.01329;0.00766657;
0.78671;2.01296;0.00772851;
0.78681;2.01263;0.00766655;
0.78691;2.01229;0.00772853;
0.78701;2.01196;0.00766654;
0.78711;2.01163;0.00772854;
0.78721;2.01129;0.00766652;
0.78731;2.01096;0.00772856;
0.78741;2.01063;0.0076665;
0.78751;2.01029;0.00772858;
0.78761;2.00996;0.00766648;
0.78771;2.00963;0.00772859;
0.78781;2.0093;0.00766646;
0.78791;2.00896;0.00772861;
0.78801;2.00863;0.00766645;
0.78811;2.0083;0.00772863;
0.78821;2.00797;0.00766643;
0.78831;2.00763;0.00772864;
0.78841;2.0073;0.00766641;
0.78851;2.00697;0.00772866;
0.78861;2.00664;0.00766639;
0.78871;2.0063;0.00772868;
0.78881;2.00597;0.00766637;
0.78891;2.00564;0.00772869;
0.78901;2.00531;0.00766636;
0.78911;2.00498;0.00772871;
0.78921;2.00464;0.00766634;
0.78931;2.00431;0.00772873;
0.78941;2.00398;0.00766632;
0.78951;2.00365;0.00772874;
0.78961;2.00332;0.0076663;
0.78971;2.00299;0.00772876;
0.78981;2.00265;0.00766629;
0.78991;2.00232;0.00772878;
0.79001;2.00199;0.00766627;
0.79011;2.00166;0.00772879;
0.79021;2.00133;0.00766625;
0.79031;2.001;0.00772881;
0.79041;2.00067;0.00766623;
0.79051;2.00033;0.00772882;
0.79061;2;0.00766622;
0.79071;1.99967;0.00772884;
0.79081;1.99934;0.0076662;
0.79091;1.99901;0.00772886;
0.79101;1.99868;0.00766618;
0.79111;1.99835;0.00772887;
0.79121;1.99802;0.00766616;
0.79131;1.99769;0.00772889;
0.79141;1.99736;0.00766615;
0.79151;1.99703;0.00772891;
0.79161;1.9967;0.00766613;
0.79171;1.99636;0.00772892;
0.79181;1.99603;0.00766611;
0.79191;1.9957;0.00772894;
0.79201;1.99537;0.00766609;
0.79211;1.99504;0.00772895;
0.79221;1.99471;0.00766608;
0.79231;1.99438;0.00772897;
0.79241;1.99405;0.00766606;
0.79251;1.99372;0.00772899;
0.79261;1.99339;0.00766604;
0.79271;1.99306;0.007729;
0.79281;1.99273;0.00766602;
0.79291;1.9924;0.00772902;
0.79301;1.99207;0.00766601;
0.79311;1.99174;0.00772903;
0.79321;1.99141;0.00766599;
0.79331;1.99108;0.00772905;
0.79341;1.99075;0.00766597;
0.79351;1.99042;0.00772907;
0.79361;1.9901;0.00766595;
0.79371;1.98977;0.00772908;
0.79381;1.98944;0.00766594;
0.79391;1.98911;0.0077291;
0.79401;1.98878;0.00766592;
0.79411;1.98845;0.00772911;
0.79421;1.98812;0.0076659;
0.79431;1.98779;0.00772913;
0.79441;1.98746;0.00766589;
0.79451;1.98713;0.00772915;
0.79461;1.9868;0.00766587;
0.79471;1.98647;0.00772916;
0.79481;1.98615;0.00766585;
0.79491;1.98582;0.00772918;
0.79501;1.98549;0.00766583;
0.79511;1.98516;0.00772919;
0.79521;1.98483;0.00766582;
0.79531;1.9845;0.00772921;
0.79541;1.98417;0.0076658;
0.79551;1.98385;0.00772922;
0.79561;1.98352;0.00766578;
0.79571;1.98319;0.00772924;
0.79581;1.98286;0.00766577;
0.79591;1.98253;0.00772926;
0.79601;1.9822;0.00766575;
0.79611;1.98188;0.00772927;
0.79621;1.98155;0.00766573;
0.79631;1.98122;0.00772929;
0.79641;1.98089;0.00766571;
0.79651;1.98056;0.0077293;
0.79661;1.98024;0.0076657;
0.79671;1.97991;0.00772932;
0.79681;1.97958;0.00766568;
0.79691;1.97925;0.00772933;
0.79701;1.97893;0.00766566;
0.79711;1.9786;0.00772935;
0.79721;1.97827;0.00766565;
0.79731;1.97794;0.00772937;
0.79741;1.97762;0.00766563;
0.79751;1.97729;0.00772938;
0.79761;1.97696;0.00766561;
0.79771;1.97663;0.0077294;
0.79781;1.97631;0.0076656;
0.79791;1.97598;0.00772941;
0.79801;1.97565;0.00766558;
0.79811;1.97533;0.00772943;
0.79821;1.975;0.00766556;
0.79831;1.97467;0.00772944;
0.79841;1.97435;0.00766555;
0.79851;1.97402;0.00772946;
0.79861;1.97369;0.00766553;
0.79871;1.97337;0.00772947;
0.79881;1.97304;0.00766551;
0.79891;1.97271;0.00772949;
0.79901;1.97239;0.0076655;
0.79911;1.97206;0.00772951;
0.79921;1.97173;0.00766548;
0.79931;1.97141;0.00772952;
0.79941;1.97108;0.00766546;
0.79951;1.97075;0.00772954;
0.79961;1.97043;0.00766545;
0.79971;1.9701;0.00772955;
0.79981;1.96978;0.00766543;
0.79991;1.96945;0.00772957;
0.80001;1.96912;0.00766541;
0.80011;1.9688;0.00772958;
0.80021;1.96847;0.0076654;
0.80031;1.96815;0.0077296;
0.80041;1.96782;0.00766538;
0.80051;1.96749;0.00772961;
0.80061;1.96717;0.00766536;
0.80071;1.96684;0.00772963;
0.80081;1.96652;0.00766535;
0.80091;1.96619;0.00772964;
0.80101;1.96587;0.00766533;
0.80111;1.96554;0.00772966;
0.80121;1.96522;0.00766531;
0.80131;1.96489;0.00772967;
0.80141;1.96457;0.0076653;
0.80151;1.96424;0.00772969;
0.80161;1.96392;0.00766528;
0.80171;1.96359;0.0077297;
0.80181;1.96327;0.00766526;
0.80191;1.96294;0.00772972;
0.80201;1.96262;0.00766525;
0.80211;1.96229;0.00772973;
0.80221;1.96197;0.00766523;
0.80231;1.96164;0.00772975;
0.80241;1.96132;0.00766522;
0.80251;1.96099;0.00772976;
0.80261;1.96067;0.0076652;
0.80271;1.96034;0.00772978;
0.80281;1.96002;0.00766518;
0.80291;1.95969;0.00772979;
0.80301;1.95937;0.00766517;
0.80311;1.95905;0.00772981;
0.80321;1.95872;0.00766515;
0.80331;1.9584;0.00772982;
0.80341;1.95807;0.00766513;
0.80351;1.95775;0.00772984;
0.80361;1.95743;0.00766512;
0.80371;1.9571;0.00772985;
0.80381;1.95678;0.0076651;
0.80391;1.95645;0.00772987;
0.80401;1.95613;0.00766509;
0.80411;1.95581;0.00772988;
0.80421;1.95548;0.00766507;
0.80431;1.95516;0.0077299;
0.80441;1.95484;0.00766505;
0.80451;1.95451;0.00772991;
0.80461;1.95419;0.00766504;
0.80471;1.95386;0.00772993;
0.80481;1.95354;0.00766502;
0.80491;1.95322;0.00772994;
0.80501;1.95289;0.00766501;
0.80511;1.95257;0.00772996;
0.80521;1.95225;0.00766499;
0.80531;1.95193;0.00772997;
0.80541;1.9516;0.00766497;
0.80551;1.95128;0.00772999;
0.80561;1.95096;0.00766496;
0.80571;1.95063;0.00773;
0.80581;1.95031;0.00766494;
0.80591;1.94999;0.00773002;
0.80601;1.94967;0.00766493;
0.80611;1.94934;0.00773003;
0.80621;1.94902;0.00766491;
0.80631;1.9487;0.00773005;
0.80641;1.94837;0.00766489;
0.80651;1.94805;0.00773006;
0.80661;1.94773;0.00766488;
0.80671;1.94741;0.00773008;
0.80681;1.94709;0.00766486;
0.80691;1.94676;0.00773009;
0.80701;1.94644;0.00766485;
0.80711;1.94612;0.00773011;
0.80721;1.9458;0.00766483;
0.80731;1.94547;0.00773012;
0.80741;1.94515;0.00766481;
0.80751;1.94483;0.00773014;
0.80761;1.94451;0.0076648;
0.80771;1.94419;0.00773015;
0.80781;1.94387;0.00766478;
0.80791;1.94354;0.00773016;
0.80801;1.94322;0.00766477;
0.80811;1.9429;0.00773018;
0.80821;1.94258;0.00766475;
0.80831;1.94226;0.00773019;
0.80841;1.94194;0.00766474;
0.80851;1.94162;0.00773021;
0.80861;1.94129;0.00766472;
0.80871;1.94097;0.00773022;
0.80881;1.94065;0.0076647;
0.80891;1.94033;0.00773024;
0.80901;1.94001;0.00766469;
0.80911;1.93969;0.00773025;
0.80921;1.93937;0.00766467;
0.80931;1.93905;0.00773027;
0.80941;1.93873;0.00766466;
0.80951;1.9384;0.00773028;
0.80961;1.93808;0.00766464;
0.80971;1.93776;0.0077303;
0.80981;1.93744;0.00766463;
0.80991;1.93712;0.00773031;
0.81001;1.9368;0.00766461;
0.81011;1.93648;0.00773032;
0.81021;1.93616;0.0076646;
0.81031;1.93584;0.00773034;
0.81041;1.93552;0.00766458;
0.81051;1.9352;0.00773035;
0.81061;1.93488;0.00766457;
0.81071;1.93456;0.00773037;
0.81081;1.93424;0.00766455;
0.81091;1.93392;0.00773038;
0.81101;1.9336;0.00766453;
0.81111;1.93328;0.0077304;
0.81121;1.93296;0.00766452;
0.81131;1.93264;0.00773041;
0.81141;1.93232;0.0076645;
0.81151;1.932;0.00773042;
0.81161;1.93168;0.00766449;
0.81171;1.93136;0.00773044;
0.81181;1.93104;0.00766447;
0.81191;1.93072;0.00773045;
0.81201;1.9304;0.00766446;
0.81211;1.93008;0.00773047;
0.81221;1.92976;0.00766444;
0.81231;1.92944;0.00773048;
0.81241;1.92912;0.00766443;
0.81251;1.92881;0.00773049;
0.81261;1.92849;0.00766441;
0.81271;1.92817;0.00773051;
0.81281;1.92785;0.0076644;
0.81291;1.92753;0.00773052;
0.81301;1.92721;0.00766438;
0.81311;1.92689;0.00773054;
0.81321;1.92657;0.00766437;
0.81331;1.92625;0.00773055;
0.81341;1.92593;0.00766435;
0.81351;1.92562;0.00773057;
0.81361;1.9253;0.00766434;
0.81371;1.92498;0.00773058;
0.81381;1.92466;0.00766432;
0.81391;1.92434;0.00773059;
0.81401;1.92402;0.00766431;
0.81411;1.92371;0.00773061;
0.81421;1.92339;0.00766429;
0.81431;1.92307;0.00773062;
0.81441;1.92275;0.00766427;
0.81451;1.92243;0.00773063;
0.81461;1.92211;0.00766426;
0.81471;1.9218;0.00773065;
0.81481;1.92148;0.00766424;
0.81491;1.92116;0.00773066;
0.81501;1.92084;0.00766423;
0.81511;1.92052;0.00773068;
0.81521;1.92021;0.00766421;
0.81531;1.91989;0.00773069;
0.81541;1.91957;0.0076642;
0.81551;1.91925;0.0077307;
0.81561;1.91894;0.00766418;
0.81571;1.91862;0.00773072;
0.81581;1.9183;0.00766417;
0.81591;1.91798;0.00773073;
0.81601;1.91767;0.00766415;
0.81611;1.91735;0.00773075;
0.81621;1.91703;0.00766414;
0.81631;1.91671;0.00773076;
0.81641;1.9164;0.00766412;
0.81651;1.91608;0.00773077;
0.81661;1.91576;0.00766411;
0.81671;1.91545;0.00773079;
0.81681;1.91513;0.00766409;
0.81691;1.91481;0.0077308;
0.81701;1.9145;0.00766408;
0.81711;1.91418;0.00773081;
0.81721;1.91386;0.00766406;
0.81731;1.91355;0.00773083;
0.81741;1.91323;0.00766405;
0.81751;1.91291;0.00773084;
0.81761;1.9126;0.00766403;
0.81771;1.91228;0.00773085;
0.81781;1.91196;0.00766402;
0.81791;1.91165;0.00773087;
0.81801;1.91133;0.007664;
0.81811;1.91101;0.00773088;
0.81821;1.9107;0.00766399;
0.81831;1.91038;0.00773089;
0.81841;1.91007;0.00766397;
0.81851;1.90975;0.0077309;
0.81861;1.90943;0.00766396;
0.81871;1.90912;0.00773092;
0.81881;1.9088;0.00766394;
0.81891;1.90849;0.00773093;
0.81901;1.90817;0.00766392;
0.81911;1.90786;0.00773094;
0.81921;1.90754;0.00766391;
0.81931;1.90722;0.00773095;
0.81941;1.90691;0.00766389;
0.81951;1.90659;0.00773097;
0.81961;1.90628;0.00766387;
0.81971;1.90596;0.00773098;
0.81981;1.90565;0.00766386;
0.81991;1.90533;0.00773099;
0.82001;1.90502;0.00766384;
0.82011;1.9047;0.007731;
0.82021;1.90439;0.00766382;
0.82031;1.90407;0.00773101;
0.82041;1.90376;0.0076638;
0.82051;1.90344;0.00773102;
0.82061;1.90313;0.00766379;
0.82071;1.90281;0.00773103;
0.82081;1.9025;0.00766377;
0.82091;1.90218;0.00773104;
0.82101;1.90187;0.00766375;
0.82111;1.90155;0.00773105;
0.82121;1.90124;0.00766373;
0.82131;1.90092;0.00773105;
0.82141;1.90061;0.00766371;
0.82151;1.90029;0.00773106;
0.82161;1.89998;0.00766368;
0.82171;1.89967;0.00773107;
0.82181;1.89935;0.00766366;
0.82191;1.89904;0.00773107;
0.82201;1.89872;0.00766364;
0.82211;1.89841;0.00773108;
0.82221;1.8981;0.00766361;
0.82231;1.89778;0.00773108;
0.82241;1.89747;0.00766359;
0.82251;1.89715;0.00773109;
0.82261;1.89684;0.00766356;
0.82271;1.89653;0.00773109;
0.82281;1.89621;0.00766353;
0.82291;1.8959;0.00773109;
0.82301;1.89559;0.0076635;
0.82311;1.89527;0.00773109;
0.82321;1.89496;0.00766347;
0.82331;1.89464;0.00773109;
0.82341;1.89433;0.00766344;
0.82351;1.89402;0.00773109;
0.82361;1.8937;0.00766341;
0.82371;1.89339;0.00773109;
0.82381;1.89308;0.00766338;
0.82391;1.89276;0.00773108;
0.82401;1.89245;0.00766334;
0.82411;1.89214;0.00773108;
0.82421;1.89183;0.0076633;
0.82431;1.89151;0.00773107;
0.82441;1.8912;0.00766327;
0.82451;1.89089;0.00773106;
0.82461;1.89057;0.00766323;
0.82471;1.89026;0.00773105;
0.82481;1.88995;0.00766318;
0.82491;1.88964;0.00773104;
0.82501;1.88932;0.00766314;
0.82511;1.88901;0.00773103;
0.82521;1.8887;0.0076631;
0.82531;1.88839;0.00773102;
0.82541;1.88807;0.00766305;
0.82551;1.88776;0.007731;
0.82561;1.88745;0.007663;
0.82571;1.88714;0.00773098;
0.82581;1.88682;0.00766295;
0.82591;1.88651;0.00773097;
0.82601;1.8862;0.0076629;
0.82611;1.88589;0.00773095;
0.82621;1.88558;0.00766285;
0.82631;1.88527;0.00773093;
0.82641;1.88495;0.00766279;
0.82651;1.88464;0.00773091;
0.82661;1.88433;0.00766273;
0.82671;1.88402;0.00773088;
0.82681;1.88371;0.00766267;
0.82691;1.88339;0.00773086;
0.82701;1.88308;0.00766261;
0.82711;1.88277;0.00773083;
0.82721;1.88246;0.00766255;
0.82731;1.88215;0.0077308;
0.82741;1.88184;0.00766248;
0.82751;1.88153;0.00773077;
0.82761;1.88122;0.00766241;
0.82771;1.8809;0.00773074;
0.82781;1.88059;0.00766234;
0.82791;1.88028;0.0077307;
0.82801;1.87997;0.00766226;
0.82811;1.87966;0.00773066;
0.82821;1.87935;0.00766219;
0.82831;1.87904;0.00773063;
0.82841;1.87873;0.00766211;
0.82851;1.87842;0.00773058;
0.82861;1.87811;0.00766202;
0.82871;1.8778;0.00773054;
0.82881;1.87748;0.00766193;
0.82891;1.87717;0.00773049;
0.82901;1.87686;0.00766184;
0.82911;1.87655;0.00773045;
0.82921;1.87624;0.00766175;
0.82931;1.87593;0.00773039;
0.82941;1.87562;0.00766165;
0.82951;1.87531;0.00773034;
0.82961;1.875;0.00766155;
0.82971;1.87469;0.00773028;
0.82981;1.87438;0.00766144;
0.82991;1.87407;0.00773022;
0.83001;1.87376;0.00766132;
0.83011;1.87345;0.00773015;
0.83021;1.87314;0.0076612;
0.83031;1.87283;0.00773009;
0.83041;1.87252;0.00766108;
0.83051;1.87221;0.00773001;
0.83061;1.8719;0.00766094;
0.83071;1.87159;0.00772994;
0.83081;1.87128;0.0076608;
0.83091;1.87098;0.00772985;
0.83101;1.87067;0.00766065;
0.83111;1.87036;0.00772976;
0.83121;1.87005;0.00766048;
0.83131;1.86974;0.00772967;
0.83141;1.86943;0.00766031;
0.83151;1.86912;0.00772957;
0.83161;1.86881;0.00766012;
0.83171;1.8685;0.00772946;
0.83181;1.86819;0.00765991;
0.83191;1.86788;0.00772934;
0.83201;1.86757;0.00765969;
0.83211;1.86727;0.00772921;
0.83221;1.86696;0.00765944;
0.83231;1.86665;0.00772907;
0.83241;1.86634;0.00765916;
0.83251;1.86603;0.00772892;
0.83261;1.86572;0.00765885;
0.83271;1.86541;0.00772876;
0.83281;1.8651;0.00765849;
0.83291;1.8648;0.00772857;
0.83301;1.86449;0.00765807;
0.83311;1.86418;0.00772837;
0.83321;1.86387;0.00765757;
0.83331;1.86356;0.00772814;
0.83341;1.86326;0.00765696;
0.83351;1.86295;0.00772788;
0.83361;1.86264;0.00765618;
0.83371;1.86233;0.00772758;
0.83381;1.86202;0.00765515;
0.83391;1.86172;0.00772723;
0.83401;1.86141;0.00765377;
0.83411;1.8611;0.00772683;
0.83421;1.86079;0.00765199;
0.83431;1.86048;0.00772634;
0.83441;1.86018;0.00764991;
0.83451;1.85987;0.00772575;
0.83461;1.85956;0.00764767;
0.83471;1.85925;0.00772499;
0.83481;1.85895;0.00764541;
0.83491;1.85864;0.00772402;
0.83501;1.85833;0.00764316;
0.83511;1.85802;0.00772278;
0.83521;1.85772;0.00764095;
0.83531;1.85741;0.00772129;
0.83541;1.8571;0.00763879;
0.83551;1.8568;0.00771964;
0.83561;1.85649;0.00763668;
0.83571;1.85618;0.00771793;
0.83581;1.85587;0.00763461;
0.83591;1.85557;0.00771621;
0.83601;1.85526;0.00763257;
0.83611;1.85495;0.0077145;
0.83621;1.85465;0.00763055;
0.83631;1.85434;0.00771282;
0.83641;1.85403;0.00762849;
0.83651;1.85373;0.00771116;
0.83661;1.85342;0.00762628;
0.83671;1.85311;0.00770951;
0.83681;1.85281;0.00762351;
0.83691;1.8525;0.00770795;
0.83701;1.8522;0.0076189;
0.83711;1.85189;0.00770638;
0.83721;1.85158;0.00760713;
0.83731;1.85128;0.00770466;
0.837312;1.85128;3.48335;
0.837314;1.8513;3.73728;
0.837316;1.8513;3.50216;
0.837317;1.85131;3.70641;
0.837317;1.85131;3.57234;
0.837317;1.85131;3.63349;
0.837317;1.85131;3.61186;
0.837317;1.85131;3.61309;
0.837317;1.85131;3.61418;
0.837317;1.85131;3.61316;
0.837318;1.85131;3.61406;
0.837318;1.85131;3.61324;
0.837318;1.85131;3.61399;
0.837318;1.85131;3.61329;
0.837319;1.85132;3.61396;
0.837319;1.85132;3.61331;
0.83732;1.85132;3.61394;
0.83732;1.85132;3.61332;
0.837322;1.85133;3.61393;
0.837325;1.85134;3.61333;
0.83733;1.85137;3.61393;
0.83734;1.85141;3.61333;
0.837362;1.85151;3.61393;
0.837404;1.8517;3.61333;
0.837488;1.85208;3.61393;
0.837588;1.85253;3.61333;
0.837688;1.85298;3.61393;
0.837788;1.85343;3.61333;
0.837888;1.85388;3.61393;
0.837988;1.85433;3.61333;
0.838088;1.85478;3.61393;
0.838188;1.85523;3.61333;
0.838288;1.85568;3.61393;
0.838388;1.85613;3.61333;
0.838488;1.85658;3.61393;
0.838588;1.85702;3.61333;
0.838688;1.85747;3.61393;
0.838788;1.85792;3.61333;
0.838888;1.85837;3.61393;
0.838988;1.85882;3.61333;
0.839088;1.85927;3.61393;
0.839188;1.85972;3.61333;
0.839288;1.86017;3.61393;
0.839388;1.86062;3.61333;
0.839488;1.86106;3.61393;
0.839588;1.86151;3.61333;
0.839688;1.86196;3.61393;
0.839788;1.86241;3.61333;
0.839888;1.86286;3.61393;
0.839988;1.86331;3.61333;
0.840088;1.86375;3.61393;
0.840188;1.8642;3.61333;
0.840288;1.86465;3.61393;
0.840388;1.8651;3.61333;
0.840488;1.86555;3.61393;
0.840588;1.86599;3.61333;
0.840688;1.86644;3.61393;
0.840788;1.86689;3.61333;
0.840888;1.86734;3.61393;
0.840988;1.86779;3.61333;
0.841088;1.86823;3.61393;
0.841188;1.86868;3.61333;
0.841288;1.86913;3.61393;
0.841388;1.86958;3.61333;
0.841488;1.87002;3.61393;
0.841588;1.87047;3.61333;
0.841688;1.87092;3.61393;
0.841788;1.87136;3.61333;
0.841888;1.87181;3.61393;
0.841988;1.87226;3.61333;
0.842088;1.87271;3.61393;
0.842188;1.87315;3.61333;
0.842288;1.8736;3.61393;
0.842388;1.87405;3.61333;
0.842488;1.87449;3.61393;
0.842588;1.87494;3.61333;
0.842688;1.87539;3.61393;
0.842788;1.87583;3.61333;
0.842888;1.87628;3.61393;
0.842988;1.87673;3.61333;
0.843088;1.87717;3.61393;
0.843188;1.87762;3.61333;
0.843288;1.87806;3.61393;
0.843388;1.87851;3.61333;
0.843488;1.87896;3.61393;
0.843588;1.8794;3.61333;
0.843688;1.87985;3.61393;
0.843788;1.88029;3.61333;
0.843888;1.88074;3.61393;
0.843988;1.88119;3.61333;
0.844088;1.88163;3.61393;
0.844188;1.88208;3.61333;
0.844288;1.88252;3.61393;
0.844388;1.88297;3.61333;
0.844488;1.88341;3.61393;
0.844588;1.88386;3.61333;
0.844688;1.8843;3.61393;
0.844788;1.88475;3.61333;
0.844888;1.88519;3.61393;
0.844988;1.88564;3.61333;
0.845088;1.88608;3.61393;
0.845188;1.88653;3.61333;
0.845288;1.88697;3.61393;
0.845388;1.88742;3.61333;
0.845488;1.88786;3.61393;
0.845588;1.88831;3.61333;
0.845688;1.88875;3.61393;
0.845788;1.8892;3.61333;
0.845888;1.88964;3.61393;
0.845988;1.89009;3.61333;
0.846088;1.89053;3.61393;
0.846188;1.89097;3.61333;
0.846288;1.89142;3.61393;
0.846388;1.89186;3.61333;
0.846488;1.89231;3.61393;
0.846588;1.89275;3.61333;
0.846688;1.89319;3.61393;
0.846788;1.89364;3.61333;
0.846888;1.89408;3.61393;
0.846988;1.89453;3.61333;
0.847088;1.89497;3.61393;
0.847188;1.89541;3.61333;
0.847288;1.89586;3.61393;
0.847388;1.8963;3.61333;
0.847488;1.89674;3.61393;
0.847588;1.89719;3.61333;
0.847688;1.89763;3.61393;
0.847788;1.89807;3.61333;
0.847888;1.89852;3.61393;
0.847988;1.89896;3.61333;
0.848088;1.8994;3.61393;
0.848188;1.89985;3.61333;
0.848288;1.90029;3.61393;
0.848388;1.90073;3.61333;
0.848488;1.90118;3.61393;
0.848588;1.90162;3.61333;
0.848688;1.90206;3.61393;
0.848788;1.9025;3.61334;
0.848888;1.90295;3.61393;
0.848988;1.90339;3.61334;
0.849088;1.90383;3.61393;
0.849188;1.90427;3.61334;
0.849288;1.90472;3.61392;
0.849388;1.90516;3.61334;
0.849488;1.9056;3.61392;
0.849588;1.90604;3.61334;
0.849688;1.90648;3.61392;
0.849788;1.90693;3.61334;
0.849888;1.90737;3.61392;
0.849988;1.90781;3.61334;
0.850088;1.90825;3.61392;
0.850188;1.90869;3.61334;
0.850288;1.90914;3.61392;
0.850388;1.90958;3.61334;
0.850488;1.91002;3.61392;
0.850588;1.91046;3.61334;
0.850688;1.9109;3.61392;
0.850788;1.91134;3.61334;
0.850888;1.91178;3.61392;
0.850988;1.91223;3.61334;
0.851088;1.91267;3.61392;
0.851188;1.91311;3.61334;
0.851288;1.91355;3.61392;
0.851388;1.91399;3.61334;
0.851488;1.91443;3.61392;
0.851588;1.91487;3.61334;
0.851688;1.91531;3.61392;
0.851788;1.91575;3.61334;
0.851888;1.91619;3.61392;
0.851988;1.91663;3.61334;
0.852088;1.91707;3.61392;
0.852188;1.91751;3.61334;
0.852288;1.91796;3.61392;
0.852388;1.9184;3.61334;
0.852488;1.91884;3.61392;
0.852588;1.91928;3.61334;
0.852688;1.91972;3.61392;
0.852788;1.92016;3.61334;
0.852888;1.9206;3.61392;
0.852988;1.92104;3.61334;
0.853088;1.92148;3.61392;
0.853188;1.92192;3.61334;
0.853288;1.92236;3.61392;
0.853388;1.9228;3.61334;
0.853488;1.92324;3.61392;
0.853588;1.92367;3.61334;
0.853688;1.92411;3.61392;
0.853788;1.92455;3.61334;
0.853888;1.92499;3.61392;
0.853988;1.92543;3.61334;
0.854088;1.92587;3.61392;
0.854188;1.92631;3.61334;
0.854288;1.92675;3.61392;
0.854388;1.92719;3.61334;
0.854488;1.92763;3.61392;
0.854588;1.92807;3.61334;
0.854688;1.92851;3.61392;
0.854788;1.92894;3.61334;
0.854888;1.92938;3.61392;
0.854988;1.92982;3.61334;
0.855088;1.93026;3.61392;
0.855188;1.9307;3.61334;
0.855288;1.93114;3.61392;
0.855388;1.93158;3.61334;
0.855488;1.93201;3.61392;
0.855588;1.93245;3.61334;
0.855688;1.93289;3.61392;
0.855788;1.93333;3.61334;
0.855888;1.93377;3.61392;
0.855988;1.93421;3.61334;
0.856088;1.93464;3.61392;
0.856188;1.93508;3.61334;
0.856288;1.93552;3.61392;
0.856388;1.93596;3.61334;
0.856488;1.93639;3.61392;
0.856588;1.93683;3.61334;
0.856688;1.93727;3.61392;
0.856788;1.93771;3.61334;
0.856888;1.93815;3.61392;
0.856988;1.93858;3.61334;
0.857088;1.93902;3.61392;
0.857188;1.93946;3.61334;
0.857288;1.93989;3.61392;
0.857388;1.94033;3.61334;
0.857488;1.94077;3.61392;
0.857588;1.94121;3.61334;
0.857688;1.94164;3.61392;
0.857788;1.94208;3.61334;
0.857888;1.94252;3.61392;
0.857988;1.94295;3.61334;
0.858088;1.94339;3.61392;
0.858188;1.94383;3.61334;
0.858288;1.94426;3.61392;
0.858388;1.9447;3.61334;
0.858488;1.94514;3.61392;
0.858588;1.94557;3.61334;
0.858688;1.94601;3.61392;
0.858788;1.94645;3.61334;
0.858888;1.94688;3.61392;
0.858988;1.94732;3.61334;
0.859088;1.94775;3.61392;
0.859188;1.94819;3.61334;
0.859288;1.94863;3.61392;
0.859388;1.94906;3.61334;
0.859488;1.9495;3.61392;
0.859588;1.94993;3.61334;
0.859688;1.95037;3.61392;
0.859788;1.95081;3.61334;
0.859888;1.95124;3.61392;
0.859988;1.95168;3.61334;
0.860088;1.95211;3.61392;
0.860188;1.95255;3.61334;
0.860288;1.95298;3.61392;
0.860388;1.95342;3.61334;
0.860488;1.95385;3.61392;
0.860588;1.95429;3.61334;
0.860688;1.95472;3.61392;
0.860788;1.95516;3.61334;
0.860888;1.95559;3.61392;
0.860988;1.95603;3.61334;
0.861088;1.95646;3.61392;
0.861188;1.9569;3.61334;
0.861288;1.95733;3.61392;
0.861388;1.95777;3.61334;
0.861488;1.9582;3.61392;
0.861588;1.95864;3.61334;
0.861688;1.95907;3.61392;
0.861788;1.95951;3.61334;
0.861888;1.95994;3.61392;
0.861988;1.96037;3.61334;
0.862088;1.96081;3.61392;
0.862188;1.96124;3.61334;
0.862288;1.96168;3.61392;
0.862388;1.96211;3.61334;
0.862488;1.96254;3.61392;
0.862588;1.96298;3.61334;
0.862688;1.96341;3.61392;
0.862788;1.96385;3.61334;
0.862888;1.96428;3.61392;
0.862988;1.96471;3.61334;
0.863088;1.96515;3.61392;
0.863188;1.96558;3.61334;
0.863288;1.96601;3.61392;
0.863388;1.96645;3.61334;
0.863488;1.96688;3.61392;
0.863588;1.96731;3.61334;
0.863688;1.96775;3.61392;
0.863788;1.96818;3.61334;
0.863888;1.96861;3.61392;
0.863988;1.96905;3.61334;
0.864088;1.96948;3.61392;
0.864188;1.96991;3.61334;
0.864288;1.97035;3.61392;
0.864388;1.97078;3.61334;
0.864488;1.97121;3.61392;
0.864588;1.97164;3.61334;
0.864688;1.97208;3.61392;
0.864788;1.97251;3.61334;
0.864888;1.97294;3.61392;
0.864988;1.97337;3.61334;
0.865088;1.97381;3.61392;
0.865188;1.97424;3.61334;
0.865288;1.97467;3.61392;
0.865388;1.9751;3.61334;
0.865488;1.97554;3.61392;
0.865588;1.97597;3.61334;
0.865688;1.9764;3.61392;
0.865788;1.97683;3.61334;
0.865888;1.97726;3.61392;
0.865988;1.9777;3.61334;
0.866088;1.97813;3.61392;
0.866188;1.97856;3.61334;
0.866288;1.97899;3.61392;
0.866388;1.97942;3.61334;
0.866488;1.97985;3.61392;
0.866588;1.98028;3.61334;
0.866688;1.98072;3.61392;
0.866788;1.98115;3.61334;
0.866888;1.98158;3.61392;
0.866988;1.98201;3.61334;
0.867088;1.98244;3.61392;
0.867188;1.98287;3.61334;
0.867288;1.9833;3.61392;
0.867388;1.98373;3.61334;
0.867488;1.98417;3.61392;
0.867588;1.9846;3.61334;
0.867688;1.98503;3.61392;
0.867788;1.98546;3.61334;
0.867888;1.98589;3.61392;
0.867988;1.98632;3.61334;
0.868088;1.98675;3.61392;
0.868188;1.98718;3.61334;
0.868288;1.98761;3.61392;
0.868388;1.98804;3.61334;
0.868488;1.98847;3.61392;
0.868588;1.9889;3.61334;
0.868688;1.98933;3.61392;
0.868788;1.98976;3.61334;
0.868888;1.99019;3.61392;
0.868988;1.99062;3.61334;
0.869088;1.99105;3.61392;
0.869188;1.99148;3.61334;
0.869288;1.99191;3.61392;
0.869388;1.99234;3.61334;
0.869488;1.99277;3.61392;
0.869588;1.9932;3.61334;
0.869688;1.99363;3.61392;
0.869788;1.99406;3.61334;
0.869888;1.99449;3.61392;
0.869988;1.99492;3.61334;
0.870088;1.99535;3.61392;
0.870188;1.99578;3.61334;
0.870288;1.99621;3.61392;
0.870388;1.99663;3.61334;
0.870488;1.99706;3.61392;
0.870588;1.99749;3.61334;
0.870688;1.99792;3.61392;
0.870788;1.99835;3.61334;
0.870888;1.99878;3.61392;
0.870988;1.99921;3.61334;
0.871088;1.99964;3.61392;
0.871188;2.00006;3.61334;
0.871288;2.00049;3.61392;
0.871388;2.00092;3.61334;
0.871488;2.00135;3.61392;
0.871588;2.00178;3.61334;
0.871688;2.00221;3.61392;
0.871788;2.00264;3.61334;
0.871888;2.00306;3.61392;
0.871988;2.00349;3.61334;
0.872088;2.00392;3.61392;
0.872188;2.00435;3.61334;
0.872288;2.00478;3.61392;
0.872388;2.0052;3.61334;
0.872488;2.00563;3.61392;
0.872588;2.00606;3.61334;
0.872688;2.00649;3.61392;
0.872788;2.00691;3.61334;
0.872888;2.00734;3.61392;
0.872988;2.00777;3.61334;
0.873088;2.0082;3.61392;
0.873188;2.00862;3.61334;
0.873288;2.00905;3.61392;
0.873388;2.00948;3.61334;
0.873488;2.00991;3.61392;
0.873588;2.01033;3.61334;
0.873688;2.01076;3.61392;
0.873788;2.01119;3.61335;
0.873888;2.01161;3.61392;
0.873988;2.01204;3.61335;
0.874088;2.01247;3.61391;
0.874188;2.01289;3.61335;
0.874288;2.01332;3.61391;
0.874388;2.01375;3.61335;
0.874488;2.01417;3.61391;
0.874588;2.0146;3.61335;
0.874688;2.01503;3.61391;
0.874788;2.01545;3.61335;
0.874888;2.01588;3.61391;
0.874988;2.01631;3.61335;
0.875088;2.01673;3.61391;
0.875188;2.01716;3.61335;
0.875288;2.01759;3.61391;
0.875388;2.01801;3.61335;
0.875488;2.01844;3.61391;
0.875588;2.01886;3.61335;
0.875688;2.01929;3.61391;
0.875788;2.01971;3.61335;
0.875888;2.02014;3.61391;
0.875988;2.02057;3.61335;
0.876088;2.02099;3.61391;
0.876188;2.02142;3.61335;
0.876288;2.02184;3.61391;
0.876388;2.02227;3.61335;
0.876488;2.02269;3.61391;
0.876588;2.02312;3.61335;
0.876688;2.02354;3.61391;
0.876788;2.02397;3.61335;
0.876888;2.02439;3.61391;
0.876988;2.02482;3.61335;
0.877088;2.02524;3.61391;
0.877188;2.02567;3.61335;
0.877288;2.02609;3.61391;
0.877388;2.02652;3.61335;
0.877488;2.02694;3.61391;
0.877588;2.02737;3.61335;
0.877688;2.02779;3.61391;
0.877788;2.02822;3.61335;
0.877888;2.02864;3.61391;
0.877988;2.02907;3.61335;
0.878088;2.02949;3.61391;
0.878188;2.02992;3.61335;
0.878288;2.03034;3.61391;
0.878388;2.03076;3.61335;
0.878488;2.03119;3.61391;
0.878588;2.03161;3.61335;
0.878688;2.03204;3.61391;
0.878788;2.03246;3.61335;
0.878888;2.03288;3.61391;
0.878988;2.03331;3.61335;
0.879088;2.03373;3.61391;
0.879188;2.03416;3.61335;
0.879288;2.03458;3.61391;
0.879388;2.035;3.61335;
0.879488;2.03543;3.61391;
0.879588;2.03585;3.61335;
0.879688;2.03627;3.61391;
0.879788;2.0367;3.61335;
0.879888;2.03712;3.61391;
0.879988;2.03754;3.61335;
0.880088;2.03797;3.61391;
0.880188;2.03839;3.61335;
0.880288;2.03881;3.61391;
0.880388;2.03924;3.61335;
0.880488;2.03966;3.61391;
0.880588;2.04008;3.61335;
0.880688;2.0405;3.61391;
0.880788;2.04093;3.61335;
0.880888;2.04135;3.61391;
0.880988;2.04177;3.61335;
0.881088;2.0422;3.61391;
0.881188;2.04262;3.61335;
0.881288;2.04304;3.61391;
0.881388;2.04346;3.61335;
0.881488;2.04388;3.61391;
0.881588;2.04431;3.61335;
0.881688;2.04473;3.61391;
0.881788;2.04515;3.61335;
0.881888;2.04557;3.61391;
0.881988;2.046;3.61335;
0.882088;2.04642;3.61391;
0.882188;2.04684;3.61335;
0.882288;2.04726;3.61391;
0.882388;2.04768;3.61335;
0.882488;2.0481;3.61391;
0.882588;2.04853;3.61335;
0.882688;2.04895;3.61391;
0.882788;2.04937;3.61335;
0.882888;2.04979;3.61391;
0.882988;2.05021;3.61335;
0.883088;2.05063;3.61391;
0.883188;2.05106;3.61335;
0.883288;2.05148;3.61391;
0.883388;2.0519;3.61335;
0.883488;2.05232;3.61391;
0.883588;2.05274;3.61335;
0.883688;2.05316;3.61391;
0.883788;2.05358;3.61335;
0.883888;2.054;3.61391;
0.883988;2.05442;3.61335;
0.884088;2.05484;3.61391;
0.884188;2.05527;3.61335;
0.884288;2.05569;3.61391;
0.884388;2.05611;3.61335;
0.884488;2.05653;3.61391;
0.884588;2.05695;3.61335;
0.884688;2.05737;3.61391;
0.884788;2.05779;3.61335;
0.884888;2.05821;3.61391;
0.884988;2.05863;3.61335;
0.885088;2.05905;3.61391;
0.885188;2.05947;3.61335;
0.885288;2.05989;3.61391;
0.885388;2.06031;3.61335;
0.885488;2.06073;3.61391;
0.885588;2.06115;3.61335;
0.885688;2.06157;3.61391;
0.885788;2.06199;3.61335;
0.885888;2.06241;3.61391;
0.885988;2.06283;3.61335;
0.886088;2.06325;3.61391;
0.886188;2.06367;3.61335;
0.886288;2.06409;3.61391;
0.886388;2.06451;3.61335;
0.886488;2.06492;3.61391;
0.886588;2.06534;3.61335;
0.886688;2.06576;3.61391;
0.886788;2.06618;3.61335;
0.886888;2.0666;3.61391;
0.886988;2.06702;3.61335;
0.887088;2.06744;3.61391;
0.887188;2.06786;3.61335;
0.887288;2.06828;3.61391;
0.887388;2.0687;3.61335;
0.887488;2.06911;3.61391;
0.887588;2.06953;3.61335;
0.887688;2.06995;3.61391;
0.887788;2.07037;3.61335;
0.887888;2.07079;3.61391;
0.887988;2.07121;3.61335;
0.888088;2.07163;3.61391;
0.888188;2.07204;3.61335;
0.888288;2.07246;3.61391;
0.888388;2.07288;3.61335;
0.888488;2.0733;3.61391;
0.888588;2.07372;3.61335;
0.888688;2.07414;3.61391;
0.888788;2.07455;3.61335;
0.888888;2.07497;3.61391;
0.888988;2.07539;3.61335;
0.889088;2.07581;3.61391;
0.889188;2.07622;3.61335;
0.889288;2.07664;3.61391;
0.889388;2.07706;3.61335;
0.889488;2.07748;3.61391;
0.889588;2.07789;3.61335;
0.889688;2.07831;3.61391;
0.889788;2.07873;3.61335;
0.889888;2.07915;3.61391;
0.889988;2.07956;3.61335;
0.890088;2.07998;3.61391;
0.890188;2.0804;3.61335;
0.890288;2.08082;3.61391;
0.890388;2.08123;3.61335;
0.890488;2.08165;3.61391;
0.890588;2.08207;3.61335;
0.890688;2.08248;3.61391;
0.890788;2.0829;3.61335;
0.890888;2.08332;3.61391;
0.890988;2.08373;3.61335;
0.891088;2.08415;3.61391;
0.891188;2.08457;3.61335;
0.891288;2.08498;3.61391;
0.891388;2.0854;3.61335;
0.891488;2.08582;3.61391;
0.891588;2.08623;3.61335;
0.891688;2.08665;3.61391;
0.891788;2.08706;3.61335;
0.891888;2.08748;3.61391;
0.891988;2.0879;3.61335;
0.892088;2.08831;3.61391;
0.892188;2.08873;3.61335;
0.892288;2.08914;3.61391;
0.892388;2.08956;3.61335;
0.892488;2.08998;3.61391;
0.892588;2.09039;3.61335;
0.892688;2.09081;3.61391;
0.892788;2.09122;3.61335;
0.892888;2.09164;3.61391;
0.892988;2.09205;3.61335;
0.893088;2.09247;3.61391;
0.893188;2.09288;3.61335;
0.893288;2.0933;3.61391;
0.893388;2.09371;3.61335;
0.893488;2.09413;3.61391;
0.893588;2.09454;3.61335;
0.893688;2.09496;3.61391;
0.893788;2.09537;3.61335;
0.893888;2.09579;3.61391;
0.893988;2.0962;3.61335;
0.894088;2.09662;3.61391;
0.894188;2.09703;3.61335;
0.894288;2.09745;3.61391;
0.894388;2.09786;3.61335;
0.894488;2.09828;3.61391;
0.894588;2.09869;3.61335;
0.894688;2.09911;3.61391;
0.894788;2.09952;3.61335;
0.894888;2.09994;3.61391;
0.894988;2.10035;3.61335;
0.895088;2.10076;3.61391;
0.895188;2.10118;3.61335;
0.895288;2.10159;3.61391;
0.895388;2.10201;3.61335;
0.895488;2.10242;3.61391;
0.895588;2.10283;3.61335;
0.895688;2.10325;3.61391;
0.895788;2.10366;3.61335;
0.895888;2.10408;3.61391;
0.895988;2.10449;3.61335;
0.896088;2.1049;3.61391;
0.896188;2.10532;3.61335;
0.896288;2.10573;3.61391;
0.896388;2.10614;3.61335;
0.896488;2.10656;3.61391;
0.896588;2.10697;3.61335;
0.896688;2.10738;3.61391;
0.896788;2.1078;3.61335;
0.896888;2.10821;3.61391;
0.896988;2.10862;3.61335;
0.897088;2.10904;3.61391;
0.897188;2.10945;3.61335;
0.897288;2.10986;3.61391;
0.897388;2.11027;3.61335;
0.897488;2.11069;3.61391;
0.897588;2.1111;3.61335;
0.897688;2.11151;3.61391;
0.897788;2.11193;3.61335;
0.897888;2.11234;3.61391;
0.897988;2.11275;3.61335;
0.898088;2.11316;3.61391;
0.898188;2.11358;3.61335;
0.898288;2.11399;3.61391;
0.898388;2.1144;3.61335;
0.898488;2.11481;3.61391;
0.898588;2.11522;3.61335;
0.898688;2.11564;3.61391;
0.898788;2.11605;3.61335;
0.898888;2.11646;3.61391;
0.898988;2.11687;3.61335;
0.899088;2.11728;3.61391;
0.899188;2.1177;3.61335;
0.899288;2.11811;3.61391;
0.899388;2.11852;3.61335;
0.899488;2.11893;3.61391;
0.899588;2.11934;3.61335;
0.899688;2.11975;3.61391;
0.899788;2.12017;3.61335;
0.899888;2.12058;3.61391;
0.899988;2.12099;3.61335;
0.900088;2.1214;3.61391;
0.900188;2.12181;3.61335;
0.900288;2.12222;3.61391;
0.900388;2.12263;3.61336;
0.900488;2.12304;3.6139;
0.900588;2.12345;3.61336;
0.900688;2.12387;3.6139;
0.900788;2.12428;3.61336;
0.900888;2.12469;3.6139;
0.900988;2.1251;3.61336;
0.901088;2.12551;3.6139;
0.901188;2.12592;3.61336;
0.901288;2.12633;3.6139;
0.901388;2.12674;3.61336;
0.901488;2.12715;3.6139;
0.901588;2.12756;3.61336;
0.901688;2.12797;3.6139;
0.901788;2.12838;3.61336;
0.901888;2.12879;3.6139;
0.901988;2.1292;3.61336;
0.902088;2.12961;3.6139;
0.902188;2.13002;3.61336;
0.902288;2.13043;3.6139;
0.902388;2.13084;3.61336;
0.902488;2.13125;3.6139;
0.902588;2.13166;3.61336;
0.902688;2.13207;3.6139;
0.902788;2.13248;3.61336;
0.902888;2.13289;3.6139;
0.902988;2.1333;3.61336;
0.903088;2.13371;3.6139;
0.903188;2.13412;3.61336;
0.903288;2.13453;3.6139;
0.903388;2.13494;3.61336;
0.903488;2.13535;3.6139;
0.903588;2.13576;3.61336;
0.903688;2.13617;3.6139;
0.903788;2.13657;3.61336;
0.903888;2.13698;3.6139;
0.903988;2.13739;3.61336;
0.904088;2.1378;3.6139;
0.904188;2.13821;3.61336;
0.904288;2.13862;3.6139;
0.904388;2.13903;3.61336;
0.904488;2.13944;3.6139;
0.904588;2.13985;3.61336;
0.904688;2.14025;3.6139;
0.904788;2.14066;3.61336;
0.904888;2.14107;3.6139;
0.904988;2.14148;3.61336;
0.905088;2.14189;3.6139;
0.905188;2.1423;3.61336;
0.905288;2.1427;3.6139;
0.905388;2.14311;3.61336;
0.905488;2.14352;3.6139;
0.905588;2.14393;3.61336;
0.905688;2.14434;3.6139;
0.905788;2.14474;3.61336;
0.905888;2.14515;3.6139;
0.905988;2.14556;3.61336;
0.906088;2.14597;3.6139;
0.906188;2.14638;3.61336;
0.906288;2.14678;3.6139;
0.906388;2.14719;3.61336;
0.906488;2.1476;3.6139;
0.906588;2.14801;3.61336;
0.906688;2.14841;3.6139;
0.906788;2.14882;3.61336;
0.906888;2.14923;3.6139;
0.906988;2.14963;3.61336;
0.907088;2.15004;3.6139;
0.907188;2.15045;3.61336;
0.907288;2.15086;3.6139;
0.907388;2.15126;3.61336;
0.907488;2.15167;3.6139;
0.907588;2.15208;3.61336;
0.907688;2.15248;3.6139;
0.907788;2.15289;3.61336;
0.907888;2.1533;3.6139;
0.907988;2.1537;3.61336;
0.908088;2.15411;3.6139;
0.908188;2.15452;3.61336;
0.908288;2.15492;3.6139;
0.908388;2.15533;3.61336;
0.908488;2.15574;3.6139;
0.908588;2.15614;3.61336;
0.908688;2.15655;3.6139;
0.908788;2.15695;3.61336;
0.908888;2.15736;3.6139;
0.908988;2.15777;3.61336;
0.909088;2.15817;3.6139;
0.909188;2.15858;3.61336;
0.909288;2.15898;3.6139;
0.909388;2.15939;3.61336;
0.909488;2.1598;3.6139;
0.909588;2.1602;3.61336;
0.909688;2.16061;3.6139;
0.909788;2.16101;3.61336;
0.909888;2.16142;3.6139;
0.909988;2.16182;3.61336;
0.910088;2.16223;3.6139;
0.910188;2.16264;3.61336;
0.910288;2.16304;3.6139;
0.910388;2.16345;3.61336;
0.910488;2.16385;3.6139;
0.910588;2.16426;3.61336;
0.910688;2.16466;3.6139;
0.910788;2.16507;3.61336;
0.910888;2.16547;3.6139;
0.910988;2.16588;3.61336;
0.911088;2.16628;3.6139;
0.911188;2.16669;3.61336;
0.911288;2.16709;3.6139;
0.911388;2.1675;3.61336;
0.911488;2.1679;3.6139;
0.911588;2.1683;3.61336;
0.911688;2.16871;3.6139;
0.911788;2.16911;3.61336;
0.911888;2.16952;3.6139;
0.911988;2.16992;3.61336;
0.912088;2.17033;3.6139;
0.912188;2.17073;3.61336;
0.912288;2.17113;3.6139;
0.912388;2.17154;3.61336;
0.912488;2.17194;3.6139;
0.912588;2.17235;3.61336;
0.912688;2.17275;3.6139;
0.912788;2.17315;3.61336;
0.912888;2.17356;3.6139;
0.912988;2.17396;3.61336;
0.913088;2.17437;3.6139;
0.913188;2.17477;3.61336;
0.913288;2.17517;3.6139;
0.913388;2.17558;3.61336;
0.913488;2.17598;3.6139;
0.913588;2.17638;3.61336;
0.913688;2.17679;3.6139;
0.913788;2.17719;3.61336;
0.913888;2.17759;3.6139;
0.913988;2.178;3.61336;
0.914088;2.1784;3.6139;
0.914188;2.1788;3.61336;
0.914288;2.17921;3.6139;
0.914388;2.17961;3.61336;
0.914488;2.18001;3.6139;
0.914588;2.18041;3.61336;
0.914688;2.18082;3.6139;
0.914788;2.18122;3.61336;
0.914888;2.18162;3.6139;
0.914988;2.18202;3.61336;
0.915088;2.18243;3.6139;
0.915188;2.18283;3.61336;
0.915288;2.18323;3.6139;
0.915388;2.18363;3.61336;
0.915488;2.18404;3.6139;
0.915588;2.18444;3.61336;
0.915688;2.18484;3.6139;
0.915788;2.18524;3.61336;
0.915888;2.18565;3.6139;
0.915988;2.18605;3.61336;
0.916088;2.18645;3.6139;
0.916188;2.18685;3.61336;
0.916288;2.18725;3.6139;
0.916388;2.18766;3.61336;
0.916488;2.18806;3.6139;
0.916588;2.18846;3.61336;
0.916688;2.18886;3.6139;
0.916788;2.18926;3.61336;
0.916888;2.18966;3.6139;
0.916988;2.19006;3.61336;
0.917088;2.19047;3.6139;
0.917188;2.19087;3.61336;
0.917288;2.19127;3.6139;
0.917388;2.19167;3.61336;
0.917488;2.19207;3.6139;
0.917588;2.19247;3.61336;
0.917688;2.19287;3.6139;
0.917788;2.19327;3.61336;
0.917888;2.19368;3.6139;
0.917988;2.19408;3.61336;
0.918088;2.19448;3.6139;
0.918188;2.19488;3.61336;
0.918288;2.19528;3.6139;
0.918388;2.19568;3.61336;
0.918488;2.19608;3.6139;
0.918588;2.19648;3.61336;
0.918688;2.19688;3.6139;
0.918788;2.19728;3.61336;
0.918888;2.19768;3.6139;
0.918988;2.19808;3.61336;
0.919088;2.19848;3.6139;
0.919188;2.19888;3.61336;
0.919288;2.19928;3.6139;
0.919388;2.19968;3.61336;
0.919488;2.20008;3.6139;
0.919588;2.20048;3.61336;
0.919688;2.20088;3.6139;
0.919788;2.20128;3.61336;
0.919888;2.20168;3.6139;
0.919988;2.20208;3.61336;
0.920088;2.20248;3.6139;
0.920188;2.20288;3.61336;
0.920288;2.20328;3.6139;
0.920388;2.20368;3.61336;
0.920488;2.20408;3.6139;
0.920588;2.20448;3.61336;
0.920688;2.20488;3.6139;
0.920788;2.20528;3.61336;
0.920888;2.20568;3.6139;
0.920988;2.20608;3.61336;
0.921088;2.20647;3.6139;
0.921188;2.20687;3.61336;
0.921288;2.20727;3.6139;
0.921388;2.20767;3.61336;
0.921488;2.20807;3.6139;
0.921588;2.20847;3.61336;
0.921688;2.20887;3.6139;
0.921788;2.20927;3.61336;
0.921888;2.20967;3.6139;
0.921988;2.21006;3.61336;
0.922088;2.21046;3.6139;
0.922188;2.21086;3.61336;
0.922288;2.21126;3.6139;
0.922388;2.21166;3.61336;
0.922488;2.21206;3.6139;
0.922588;2.21245;3.61336;
0.922688;2.21285;3.6139;
0.922788;2.21325;3.61336;
0.922888;2.21365;3.6139;
0.922988;2.21405;3.61336;
0.923088;2.21444;3.6139;
0.923188;2.21484;3.61336;
0.923288;2.21524;3.6139;
0.923388;2.21564;3.61336;
0.923488;2.21604;3.6139;
0.923588;2.21643;3.61336;
0.923688;2.21683;3.6139;
0.923788;2.21723;3.61336;
0.923888;2.21763;3.6139;
0.923988;2.21802;3.61336;
0.924088;2.21842;3.6139;
0.924188;2.21882;3.61336;
0.924288;2.21922;3.6139;
0.924388;2.21961;3.61336;
0.924488;2.22001;3.6139;
0.924588;2.22041;3.61336;
0.924688;2.2208;3.6139;
0.924788;2.2212;3.61336;
0.924888;2.2216;3.6139;
0.924988;2.222;3.61336;
0.925088;2.22239;3.6139;
0.925188;2.22279;3.61336;
0.925288;2.22319;3.6139;
0.925388;2.22358;3.61336;
0.925488;2.22398;3.6139;
0.925588;2.22438;3.61336;
0.925688;2.22477;3.6139;
0.925788;2.22517;3.61336;
0.925888;2.22556;3.6139;
0.925988;2.22596;3.61336;
0.926088;2.22636;3.6139;
0.926188;2.22675;3.61336;
0.926288;2.22715;3.6139;
0.926388;2.22755;3.61336;
0.926488;2.22794;3.6139;
0.926588;2.22834;3.61336;
0.926688;2.22873;3.6139;
0.926788;2.22913;3.61336;
0.926888;2.22953;3.6139;
0.926988;2.22992;3.61336;
0.927088;2.23032;3.6139;
0.927188;2.23071;3.61336;
0.927288;2.23111;3.6139;
0.927388;2.2315;3.61336;
0.927488;2.2319;3.6139;
0.927588;2.23229;3.61336;
0.927688;2.23269;3.6139;
0.927788;2.23309;3.61336;
0.927888;2.23348;3.6139;
0.927988;2.23388;3.61337;
0.928088;2.23427;3.61389;
0.928188;2.23467;3.61337;
0.928288;2.23506;3.61389;
0.928388;2.23546;3.61337;
0.928488;2.23585;3.61389;
0.928588;2.23625;3.61337;
0.928688;2.23664;3.61389;
0.928788;2.23704;3.61337;
0.928888;2.23743;3.61389;
0.928988;2.23782;3.61337;
0.929088;2.23822;3.61389;
0.929188;2.23861;3.61337;
0.929288;2.23901;3.61389;
0.929388;2.2394;3.61337;
0.929488;2.2398;3.61389;
0.929588;2.24019;3.61337;
0.929688;2.24059;3.61389;
0.929788;2.24098;3.61337;
0.929888;2.24137;3.61389;
0.929988;2.24177;3.61337;
0.930088;2.24216;3.61389;
0.930188;2.24256;3.61337;
0.930288;2.24295;3.61389;
0.930388;2.24334;3.61337;
0.930488;2.24374;3.61389;
0.930588;2.24413;3.61337;
0.930688;2.24452;3.61389;
0.930788;2.24492;3.61337;
0.930888;2.24531;3.61389;
0.930988;2.24571;3.61337;
0.931088;2.2461;3.61389;
0.931188;2.24649;3.61337;
0.931288;2.24689;3.61389;
0.931388;2.24728;3.61337;
0.931488;2.24767;3.61389;
0.931588;2.24806;3.61337;
0.931688;2.24846;3.61389;
0.931788;2.24885;3.61337;
0.931888;2.24924;3.61389;
0.931988;2.24964;3.61337;
0.932088;2.25003;3.61389;
0.932188;2.25042;3.61337;
0.932288;2.25082;3.61389;
0.932388;2.25121;3.61337;
0.932488;2.2516;3.61389;
0.932588;2.25199;3.61337;
0.932688;2.25239;3.61389;
0.932788;2.25278;3.61337;
0.932888;2.25317;3.61389;
0.932988;2.25356;3.61337;
0.933088;2.25396;3.61389;
0.933188;2.25435;3.61337;
0.933288;2.25474;3.61389;
0.933388;2.25513;3.61337;
0.933488;2.25552;3.61389;
0.933588;2.25592;3.61337;
0.933688;2.25631;3.61389;
0.933788;2.2567;3.61337;
0.933888;2.25709;3.61389;
0.933988;2.25748;3.61337;
0.934088;2.25788;3.61389;
0.934188;2.25827;3.61337;
0.934288;2.25866;3.61389;
0.934388;2.25905;3.61337;
0.934488;2.25944;3.61389;
0.934588;2.25983;3.61337;
0.934688;2.26023;3.61389;
0.934788;2.26062;3.61337;
0.934888;2.26101;3.61389;
0.934988;2.2614;3.61337;
0.935088;2.26179;3.61389;
0.935188;2.26218;3.61337;
0.935288;2.26257;3.61389;
0.935388;2.26296;3.61337;
0.935488;2.26335;3.61389;
0.935588;2.26375;3.61337;
0.935688;2.26414;3.61389;
0.935788;2.26453;3.61337;
0.935888;2.26492;3.61389;
0.935988;2.26531;3.61337;
0.936088;2.2657;3.61389;
0.936188;2.26609;3.61337;
0.936288;2.26648;3.61389;
0.936388;2.26687;3.61337;
0.936488;2.26726;3.61389;
0.936588;2.26765;3.61337;
0.936688;2.26804;3.61389;
0.936788;2.26843;3.61337;
0.936888;2.26882;3.61389;
0.936988;2.26921;3.61337;
0.937088;2.2696;3.61389;
0.937188;2.26999;3.61337;
0.937288;2.27038;3.61389;
0.937388;2.27077;3.61337;
0.937488;2.27116;3.61389;
0.937588;2.27155;3.61337;
0.937688;2.27194;3.61389;
0.937788;2.27233;3.61337;
0.937888;2.27272;3.61389;
0.937988;2.27311;3.61337;
0.938088;2.2735;3.61389;
0.938188;2.27389;3.61337;
0.938288;2.27428;3.61389;
0.938388;2.27467;3.61337;
0.938488;2.27506;3.61389;
0.938588;2.27545;3.61337;
0.938688;2.27584;3.61389;
0.938788;2.27623;3.61337;
0.938888;2.27661;3.61389;
0.938988;2.277;3.61337;
0.939088;2.27739;3.61389;
0.939188;2.27778;3.61337;
0.939288;2.27817;3.61389;
0.939388;2.27856;3.61337;
0.939488;2.27895;3.61389;
0.939588;2.27934;3.61337;
0.939688;2.27973;3.61389;
0.939788;2.28011;3.61337;
0.939888;2.2805;3.61389;
0.939988;2.28089;3.61337;
0.940088;2.28128;3.61389;
0.940188;2.28167;3.61337;
0.940288;2.28206;3.61389;
0.940388;2.28244;3.61337;
0.940488;2.28283;3.61389;
0.940588;2.28322;3.61337;
0.940688;2.28361;3.61389;
0.940788;2.284;3.61337;
0.940888;2.28438;3.61389;
0.940988;2.28477;3.61337;
0.941088;2.28516;3.61389;
0.941188;2.28555;3.61337;
0.941288;2.28594;3.61389;
0.941388;2.28632;3.61337;
0.941488;2.28671;3.61389;
0.941588;2.2871;3.61337;
0.941688;2.28749;3.61389;
0.941788;2.28787;3.61337;
0.941888;2.28826;3.61389;
0.941988;2.28865;3.61337;
0.942088;2.28904;3.61389;
0.942188;2.28942;3.61337;
0.942288;2.28981;3.61389;
0.942388;2.2902;3.61337;
0.942488;2.29058;3.61389;
0.942588;2.29097;3.61337;
0.942688;2.29136;3.61389;
0.942788;2.29175;3.61337;
0.942888;2.29213;3.61389;
0.942988;2.29252;3.61337;
0.943088;2.29291;3.61389;
0.943188;2.29329;3.61337;
0.943288;2.29368;3.61389;
0.943388;2.29407;3.61337;
0.943488;2.29445;3.61389;
0.943588;2.29484;3.61337;
0.943688;2.29523;3.61389;
0.943788;2.29561;3.61337;
0.943888;2.296;3.61389;
0.943988;2.29638;3.61337;
0.944088;2.29677;3.61389;
0.944188;2.29716;3.61337;
0.944288;2.29754;3.61389;
0.944388;2.29793;3.61337;
0.944488;2.29831;3.61389;
0.944588;2.2987;3.61337;
0.944688;2.29909;3.61389;
0.944788;2.29947;3.61337;
0.944888;2.29986;3.61389;
0.944988;2.30024;3.61337;
0.945088;2.30063;3.61389;
0.945188;2.30101;3.61337;
0.945288;2.3014;3.61389;
0.945388;2.30179;3.61337;
0.945488;2.30217;3.61389;
0.945588;2.30256;3.61337;
0.945688;2.30294;3.61389;
0.945788;2.30333;3.61337;
0.945888;2.30371;3.61389;
0.945988;2.3041;3.61337;
0.946088;2.30448;3.61389;
0.946188;2.30487;3.61337;
0.946288;2.30525;3.61389;
0.946388;2.30564;3.61337;
0.946488;2.30602;3.61389;
0.946588;2.30641;3.61337;
0.946688;2.30679;3.61389;
0.946788;2.30718;3.61337;
0.946888;2.30756;3.61389;
0.946988;2.30795;3.61337;
0.947088;2.30833;3.61389;
0.947188;2.30872;3.61337;
0.947288;2.3091;3.61389;
0.947388;2.30948;3.61337;
0.947488;2.30987;3.61389;
0.947588;2.31025;3.61337;
0.947688;2.31064;3.61389;
0.947788;2.31102;3.61337;
0.947888;2.31141;3.61389;
0.947988;2.31179;3.61337;
0.948088;2.31217;3.61389;
0.948188;2.31256;3.61337;
0.948288;2.31294;3.61389;
0.948388;2.31333;3.61337;
0.948488;2.31371;3.61389;
0.948588;2.31409;3.61337;
0.948688;2.31448;3.61389;
0.948788;2.31486;3.61337;
0.948888;2.31524;3.61389;
0.948988;2.31563;3.61337;
0.949088;2.31601;3.61389;
0.949188;2.31639;3.61337;
0.949288;2.31678;3.61389;
0.949388;2.31716;3.61337;
0.949488;2.31754;3.61389;
0.949588;2.31793;3.61337;
0.949688;2.31831;3.61389;
0.949788;2.31869;3.61337;
0.949888;2.31908;3.61389;
0.949988;2.31946;3.61337;
0.950088;2.31984;3.61389;
0.950188;2.32022;3.61337;
0.950288;2.32061;3.61389;
0.950388;2.32099;3.61337;
0.950488;2.32137;3.61389;
0.950588;2.32176;3.61337;
0.950688;2.32214;3.61389;
0.950788;2.32252;3.61337;
0.950888;2.3229;3.61389;
0.950988;2.32329;3.61337;
0.951088;2.32367;3.61389;
0.951188;2.32405;3.61337;
0.951288;2.32443;3.61389;
0.951388;2.32481;3.61337;
0.951488;2.3252;3.61389;
0.951588;2.32558;3.61337;
0.951688;2.32596;3.61389;
0.951788;2.32634;3.61337;
0.951888;2.32672;3.61389;
0.951988;2.32711;3.61337;
0.952088;2.32749;3.61389;
0.952188;2.32787;3.61337;
0.952288;2.32825;3.61389;
0.952388;2.32863;3.61337;
0.952488;2.32902;3.61389;
0.952588;2.3294;3.61337;
0.952688;2.32978;3.61389;
0.952788;2.33016;3.61337;
0.952888;2.33054;3.61389;
0.952988;2.33092;3.61337;
0.953088;2.3313;3.61389;
0.953188;2.33168;3.61337;
0.953288;2.33207;3.61389;
0.953388;2.33245;3.61337;
0.953488;2.33283;3.61389;
0.953588;2.33321;3.61337;
0.953688;2.33359;3.61389;
0.953788;2.33397;3.61337;
0.953888;2.33435;3.61389;
0.953988;2.33473;3.61337;
0.954088;2.33511;3.61389;
0.954188;2.33549;3.61337;
0.954288;2.33587;3.61389;
0.954388;2.33626;3.61337;
0.954488;2.33664;3.61389;
0.954588;2.33702;3.61337;
0.954688;2.3374;3.61389;
0.954788;2.33778;3.61337;
0.954888;2.33816;3.61389;
0.954988;2.33854;3.61337;
0.955088;2.33892;3.61389;
0.955188;2.3393;3.61337;
0.955288;2.33968;3.61389;
0.955388;2.34006;3.61337;
0.955488;2.34044;3.61389;
0.955588;2.34082;3.61337;
0.955688;2.3412;3.61389;
0.955788;2.34158;3.61337;
0.955888;2.34196;3.61389;
0.955988;2.34234;3.61337;
0.956088;2.34272;3.61389;
0.956188;2.3431;3.61337;
0.956288;2.34348;3.61389;
0.956388;2.34386;3.61337;
0.956488;2.34423;3.61389;
0.956588;2.34461;3.61337;
0.956688;2.34499;3.61389;
0.956788;2.34537;3.61337;
0.956888;2.34575;3.61389;
0.956988;2.34613;3.61338;
0.957088;2.34651;3.61388;
0.957188;2.34689;3.61338;
0.957288;2.34727;3.61388;
0.957388;2.34765;3.61338;
0.957488;2.34803;3.61388;
0.957588;2.3484;3.61338;
0.957688;2.34878;3.61388;
0.957788;2.34916;3.61338;
0.957888;2.34954;3.61388;
0.957988;2.34992;3.61338;
0.958088;2.3503;3.61388;
0.958188;2.35068;3.61338;
0.958288;2.35105;3.61388;
0.958388;2.35143;3.61338;
0.958488;2.35181;3.61388;
0.958588;2.35219;3.61338;
0.958688;2.35257;3.61388;
0.958788;2.35295;3.61338;
0.958888;2.35332;3.61388;
0.958988;2.3537;3.61338;
0.959088;2.35408;3.61388;
0.959188;2.35446;3.61338;
0.959288;2.35484;3.61388;
0.959388;2.35521;3.61338;
0.959488;2.35559;3.61388;
0.959588;2.35597;3.61338;
0.959688;2.35635;3.61388;
0.959788;2.35673;3.61338;
0.959888;2.3571;3.61388;
0.959988;2.35748;3.61338;
0.960088;2.35786;3.61388;
0.960188;2.35824;3.61338;
0.960288;2.35861;3.61388;
0.960388;2.35899;3.61338;
0.960488;2.35937;3.61388;
0.960588;2.35974;3.61338;
0.960688;2.36012;3.61388;
0.960788;2.3605;3.61338;
0.960888;2.36088;3.61388;
0.960988;2.36125;3.61338;
0.961088;2.36163;3.61388;
0.961188;2.36201;3.61338;
0.961288;2.36238;3.61388;
0.961388;2.36276;3.61338;
0.961488;2.36314;3.61388;
0.961588;2.36351;3.61338;
0.961688;2.36389;3.61388;
0.961788;2.36427;3.61338;
0.961888;2.36464;3.61388;
0.961988;2.36502;3.61338;
0.962088;2.3654;3.61388;
0.962188;2.36577;3.61338;
0.962288;2.36615;3.61388;
0.962388;2.36652;3.61338;
0.962488;2.3669;3.61388;
0.962588;2.36728;3.61338;
0.962688;2.36765;3.61388;
0.962788;2.36803;3.61338;
0.962888;2.36841;3.61388;
0.962988;2.36878;3.61338;
0.963088;2.36916;3.61388;
0.963188;2.36953;3.61338;
0.963288;2.36991;3.61388;
0.963388;2.37028;3.61338;
0.963488;2.37066;3.61388;
0.963588;2.37104;3.61338;
0.963688;2.37141;3.61388;
0.963788;2.37179;3.61338;
0.963888;2.37216;3.61388;
0.963988;2.37254;3.61338;
0.964088;2.37291;3.61388;
0.964188;2.37329;3.61338;
0.964288;2.37366;3.61388;
0.964388;2.37404;3.61338;
0.964488;2.37441;3.61388;
0.964588;2.37479;3.61338;
0.964688;2.37516;3.61388;
0.964788;2.37554;3.61338;
0.964888;2.37591;3.61388;
0.964988;2.37629;3.61338;
0.965088;2.37666;3.61388;
0.965188;2.37704;3.61338;
0.965288;2.37741;3.61388;
0.965388;2.37779;3.61338;
0.965488;2.37816;3.61388;
0.965588;2.37854;3.61338;
0.965688;2.37891;3.61388;
0.965788;2.37928;3.61338;
0.965888;2.37966;3.61388;
0.965988;2.38003;3.61338;
0.966088;2.38041;3.61388;
0.966188;2.38078;3.61338;
0.966288;2.38116;3.61388;
0.966388;2.38153;3.61338;
0.966488;2.3819;3.61388;
0.966588;2.38228;3.61338;
0.966688;2.38265;3.61388;
0.966788;2.38303;3.61338;
0.966888;2.3834;3.61388;
0.966988;2.38377;3.61338;
0.967088;2.38415;3.61388;
0.967188;2.38452;3.61338;
0.967288;2.38489;3.61388;
0.967388;2.38527;3.61338;
0.967488;2.38564;3.61388;
0.967588;2.38602;3.61338;
0.967688;2.38639;3.61388;
0.967788;2.38676;3.61338;
0.967888;2.38714;3.61388;
0.967988;2.38751;3.61338;
0.968088;2.38788;3.61388;
0.968188;2.38825;3.61338;
0.968288;2.38863;3.61388;
0.968388;2.389;3.61338;
0.968488;2.38937;3.61388;
0.968588;2.38975;3.61338;
0.968688;2.39012;3.61388;
0.968788;2.39049;3.61338;
0.968888;2.39087;3.61388;
0.968988;2.39124;3.61338;
0.969088;2.39161;3.61388;
0.969188;2.39198;3.61338;
0.969288;2.39236;3.61388;
0.969388;2.39273;3.61338;
0.969488;2.3931;3.61388;
0.969588;2.39347;3.61338;
0.969688;2.39385;3.61388;
0.969788;2.39422;3.61338;
0.969888;2.39459;3.61388;
0.969988;2.39496;3.61338;
0.970088;2.39533;3.61388;
0.970188;2.39571;3.61338;
0.970288;2.39608;3.61388;
0.970388;2.39645;3.61338;
0.970488;2.39682;3.61388;
0.970588;2.39719;3.61338;
0.970688;2.39757;3.61388;
0.970788;2.39794;3.61338;
0.970888;2.39831;3.61388;
0.970988;2.39868;3.61338;
0.971088;2.39905;3.61388;
0.971188;2.39942;3.61338;
0.971288;2.3998;3.61388;
0.971388;2.40017;3.61338;
0.971488;2.40054;3.61388;
0.971588;2.40091;3.61338;
0.971688;2.40128;3.61388;
0.971788;2.40165;3.61338;
0.971888;2.40202;3.61388;
0.971988;2.40239;3.61338;
0.972088;2.40277;3.61388;
0.972188;2.40314;3.61338;
0.972288;2.40351;3.61388;
0.972388;2.40388;3.61338;
0.972488;2.40425;3.61388;
0.972588;2.40462;3.61338;
0.972688;2.40499;3.61388;
0.972788;2.40536;3.61338;
0.972888;2.40573;3.61388;
0.972988;2.4061;3.61338;
0.973088;2.40647;3.61388;
0.973188;2.40684;3.61338;
0.973288;2.40721;3.61388;
0.973388;2.40758;3.61338;
0.973488;2.40795;3.61388;
0.973588;2.40832;3.61338;
0.973688;2.4087;3.61388;
0.973788;2.40907;3.61338;
0.973888;2.40944;3.61388;
0.973988;2.40981;3.61338;
0.974088;2.41018;3.61388;
0.974188;2.41055;3.61338;
0.974288;2.41092;3.61388;
0.974388;2.41129;3.61338;
0.974488;2.41165;3.61388;
0.974588;2.41202;3.61338;
0.974688;2.41239;3.61388;
0.974788;2.41276;3.61338;
0.974888;2.41313;3.61388;
0.974988;2.4135;3.61338;
0.975088;2.41387;3.61388;
0.975188;2.41424;3.61338;
0.975288;2.41461;3.61388;
0.975388;2.41498;3.61338;
0.975488;2.41535;3.61388;
0.975588;2.41572;3.61338;
0.975688;2.41609;3.61388;
0.975788;2.41646;3.61338;
0.975888;2.41683;3.61388;
0.975988;2.4172;3.61338;
0.976088;2.41756;3.61388;
0.976188;2.41793;3.61338;
0.976288;2.4183;3.61388;
0.976388;2.41867;3.61338;
0.976488;2.41904;3.61388;
0.976588;2.41941;3.61338;
0.976688;2.41978;3.61388;
0.976788;2.42015;3.61338;
0.976888;2.42051;3.61388;
0.976988;2.42088;3.61338;
0.977088;2.42125;3.61388;
0.977188;2.42162;3.61338;
0.977288;2.42199;3.61388;
0.977388;2.42236;3.61338;
0.977488;2.42272;3.61388;
0.977588;2.42309;3.61338;
0.977688;2.42346;3.61388;
0.977788;2.42383;3.61338;
0.977888;2.4242;3.61388;
0.977988;2.42456;3.61338;
0.978088;2.42493;3.61388;
0.978188;2.4253;3.61338;
0.978288;2.42567;3.61388;
0.978388;2.42604;3.61338;
0.978488;2.4264;3.61388;
0.978588;2.42677;3.61338;
0.978688;2.42714;3.61388;
0.978788;2.42751;3.61338;
0.978888;2.42787;3.61388;
0.978988;2.42824;3.61338;
0.979088;2.42861;3.61388;
0.979188;2.42898;3.61338;
0.979288;2.42934;3.61388;
0.979388;2.42971;3.61338;
0.979488;2.43008;3.61388;
0.979588;2.43044;3.61338;
0.979688;2.43081;3.61388;
0.979788;2.43118;3.61338;
0.979888;2.43155;3.61388;
0.979988;2.43191;3.61338;
0.980088;2.43228;3.61388;
0.980188;2.43265;3.61338;
0.980288;2.43301;3.61388;
0.980388;2.43338;3.61338;
0.980488;2.43375;3.61388;
0.980588;2.43411;3.61338;
0.980688;2.43448;3.61388;
0.980788;2.43485;3.61338;
0.980888;2.43521;3.61388;
0.980988;2.43558;3.61338;
0.981088;2.43594;3.61388;
0.981188;2.43631;3.61338;
0.981288;2.43668;3.61388;
0.981388;2.43704;3.61338;
0.981488;2.43741;3.61388;
0.981588;2.43778;3.61338;
0.981688;2.43814;3.61388;
0.981788;2.43851;3.61338;
0.981888;2.43887;3.61388;
0.981988;2.43924;3.61338;
0.982088;2.4396;3.61388;
0.982188;2.43997;3.61338;
0.982288;2.44034;3.61388;
0.982388;2.4407;3.61338;
0.982488;2.44107;3.61388;
0.982588;2.44143;3.61338;
0.982688;2.4418;3.61388;
0.982788;2.44216;3.61338;
0.982888;2.44253;3.61388;
0.982988;2.44289;3.61338;
0.983088;2.44326;3.61388;
0.983188;2.44363;3.61338;
0.983288;2.44399;3.61388;
0.983388;2.44436;3.61338;
0.983488;2.44472;3.61388;
0.983588;2.44509;3.61338;
0.983688;2.44545;3.61388;
0.983788;2.44582;3.61338;
0.983888;2.44618;3.61388;
0.983988;2.44655;3.61338;
0.984088;2.44691;3.61388;
0.984188;2.44727;3.61338;
0.984288;2.44764;3.61388;
0.984388;2.448;3.61338;
0.984488;2.44837;3.61388;
0.984588;2.44873;3.61338;
0.984688;2.4491;3.61388;
0.984788;2.44946;3.61338;
0.984888;2.44983;3.61388;
0.984988;2.45019;3.61338;
0.985088;2.45055;3.61388;
0.985188;2.45092;3.61338;
0.985288;2.45128;3.61388;
0.985388;2.45165;3.61338;
0.985488;2.45201;3.61388;
0.985588;2.45237;3.61338;
0.985688;2.45274;3.61388;
0.985788;2.4531;3.61338;
0.985888;2.45347;3.61388;
0.985988;2.45383;3.61338;
0.986088;2.45419;3.61388;
0.986188;2.45456;3.61338;
0.986288;2.45492;3.61388;
0.986388;2.45528;3.61338;
0.986488;2.45565;3.61388;
0.986588;2.45601;3.61338;
0.986688;2.45638;3.61388;
0.986788;2.45674;3.61338;
0.986888;2.4571;3.61388;
0.986988;2.45746;3.61338;
0.987088;2.45783;3.61388;
0.987188;2.45819;3.61338;
0.987288;2.45855;3.61388;
0.987388;2.45892;3.61338;
0.987488;2.45928;3.61388;
0.987588;2.45964;3.61339;
0.987688;2.46001;3.61387;
0.987788;2.46037;3.61339;
0.987888;2.46073;3.61387;
0.987988;2.46109;3.61339;
0.988088;2.46146;3.61387;
0.988188;2.46182;3.61339;
0.988288;2.46218;3.61387;
0.988388;2.46254;3.61339;
0.988488;2.46291;3.61387;
0.988588;2.46327;3.61339;
0.988688;2.46363;3.61387;
0.988788;2.46399;3.61339;
0.988888;2.46436;3.61387;
0.988988;2.46472;3.61339;
0.989088;2.46508;3.61387;
0.989188;2.46544;3.61339;
0.989288;2.46581;3.61387;
0.989388;2.46617;3.61339;
0.989488;2.46653;3.61387;
0.989588;2.46689;3.61339;
0.989688;2.46725;3.61387;
0.989788;2.46761;3.61339;
0.989888;2.46798;3.61387;
0.989988;2.46834;3.61339;
0.990088;2.4687;3.61387;
0.990188;2.46906;3.61339;
0.990288;2.46942;3.61387;
0.990388;2.46978;3.61339;
0.990488;2.47015;3.61387;
0.990588;2.47051;3.61339;
0.990688;2.47087;3.61387;
0.990788;2.47123;3.61339;
0.990888;2.47159;3.61387;
0.990988;2.47195;3.61339;
0.991088;2.47231;3.61387;
0.991188;2.47267;3.61339;
0.991288;2.47304;3.61387;
0.991388;2.4734;3.61339;
0.991488;2.47376;3.61387;
0.991588;2.47412;3.61339;
0.991688;2.47448;3.61387;
0.991788;2.47484;3.61339;
0.991888;2.4752;3.61387;
0.991988;2.47556;3.61339;
0.992088;2.47592;3.61387;
0.992188;2.47628;3.61339;
0.992288;2.47664;3.61387;
0.992388;2.477;3.61339;
0.992488;2.47736;3.61387;
0.992588;2.47772;3.61339;
0.992688;2.47808;3.61387;
0.992788;2.47844;3.61339;
0.992888;2.4788;3.61387;
0.992988;2.47916;3.61339;
0.993088;2.47953;3.61387;
0.993188;2.47989;3.61339;
0.993288;2.48025;3.61387;
0.993388;2.4806;3.61339;
0.993488;2.48096;3.61387;
0.993588;2.48132;3.61339;
0.993688;2.48168;3.61387;
0.993788;2.48204;3.61339;
0.993888;2.4824;3.61387;
0.993988;2.48276;3.61339;
0.994088;2.48312;3.61387;
0.994188;2.48348;3.61339;
0.994288;2.48384;3.61387;
0.994388;2.4842;3.61339;
0.994488;2.48456;3.61387;
0.994588;2.48492;3.61339;
0.994688;2.48528;3.61387;
0.994788;2.48564;3.61339;
0.994888;2.486;3.61387;
0.994988;2.48636;3.61339;
0.995088;2.48672;3.61387;
0.995188;2.48708;3.61339;
0.995288;2.48743;3.61387;
0.995388;2.48779;3.61339;
0.995488;2.48815;3.61387;
0.995588;2.48851;3.61339;
0.995688;2.48887;3.61387;
0.995788;2.48923;3.61339;
0.995888;2.48959;3.61387;
0.995988;2.48995;3.61339;
0.996088;2.4903;3.61387;
0.996188;2.49066;3.61339;
0.996288;2.49102;3.61387;
0.996388;2.49138;3.61339;
0.996488;2.49174;3.61387;
0.996588;2.4921;3.61339;
0.996688;2.49245;3.61387;
0.996788;2.49281;3.61339;
0.996888;2.49317;3.61387;
0.996988;2.49353;3.61339;
0.997088;2.49389;3.61387;
0.997188;2.49424;3.61339;
0.997288;2.4946;3.61387;
0.997388;2.49496;3.61339;
0.997488;2.49532;3.61387;
0.997588;2.49568;3.61339;
0.997688;2.49603;3.61387;
0.997788;2.49639;3.61339;
0.997888;2.49675;3.61387;
0.997988;2.49711;3.61339;
0.998088;2.49746;3.61387;
0.998188;2.49782;3.61339;
0.998288;2.49818;3.61387;
0.998388;2.49854;3.61339;
0.998488;2.49889;3.61387;
0.998588;2.49925;3.61339;
0.998688;2.49961;3.61387;
0.998788;2.49997;3.61339;
0.998888;2.50032;3.61387;
0.998988;2.50068;3.61339;
0.999088;2.50104;3.61387;
0.999188;2.50139;3.61339;
0.999288;2.50175;3.61387;
0.999388;2.50211;3.61339;
0.999488;2.50246;3.61387;
0.999588;2.50282;3.61339;
0.999688;2.50318;3.61387;
0.999788;2.50353;3.61339;
0.999888;2.50389;3.61387;
0.999988;2.50425;3.61339;
1.00009;2.5046;3.61387;
1.00019;2.50496;3.61339;
1.00029;2.50532;3.61387;
1.00039;2.50567;3.61339;
1.00049;2.50603;3.61387;
1.00059;2.50639;3.61339;
1.00069;2.50674;3.61387;
1.00079;2.5071;3.61339;
1.00089;2.50745;3.61387;
1.00099;2.50781;3.61339;
1.00109;2.50817;3.61387;
1.00119;2.50852;3.61339;
1.00129;2.50888;3.61387;
1.00139;2.50923;3.61339;
1.00149;2.50959;3.61387;
1.00159;2.50995;3.61339;
1.00169;2.5103;3.61387;
1.00179;2.51066;3.61339;
1.00189;2.51101;3.61387;
1.00199;2.51137;3.61339;
1.00209;2.51172;3.61387;
1.00219;2.51208;3.61339;
1.00229;2.51243;3.61387;
1.00239;2.51279;3.61339;
1.00249;2.51315;3.61387;
1.00259;2.5135;3.61339;
1.00269;2.51386;3.61387;
1.00279;2.51421;3.61339;
1.00289;2.51457;3.61387;
1.00299;2.51492;3.61339;
1.00309;2.51528;3.61387;
1.00319;2.51563;3.61339;
1.00329;2.51599;3.61387;
1.00339;2.51634;3.61339;
1.00349;2.5167;3.61387;
1.00359;2.51705;3.61339;
1.00369;2.5174;3.61387;
1.00379;2.51776;3.61339;
1.00389;2.51811;3.61387;
1.00399;2.51847;3.61339;
1.00409;2.51882;3.61387;
1.00419;2.51918;3.61339;
1.00429;2.51953;3.61387;
1.00439;2.51989;3.61339;
1.00449;2.52024;3.61387;
1.00459;2.52059;3.61339;
1.00469;2.52095;3.61387;
1.00479;2.5213;3.61339;
1.00489;2.52166;3.61387;
1.00499;2.52201;3.61339;
1.00509;2.52236;3.61387;
1.00519;2.52272;3.61339;
1.00529;2.52307;3.61387;
1.00539;2.52343;3.61339;
1.00549;2.52378;3.61387;
1.00559;2.52413;3.61339;
1.00569;2.52449;3.61387;
1.00579;2.52484;3.61339;
1.00589;2.52519;3.61387;
1.00599;2.52555;3.61339;
1.00609;2.5259;3.61387;
1.00619;2.52626;3.61339;
1.00629;2.52661;3.61387;
1.00639;2.52696;3.61339;
1.00649;2.52732;3.61387;
1.00659;2.52767;3.61339;
1.00669;2.52802;3.61387;
1.00679;2.52837;3.61339;
1.00689;2.52873;3.61387;
1.00699;2.52908;3.61339;
1.00709;2.52943;3.61387;
1.00719;2.52979;3.61339;
1.00729;2.53014;3.61387;
1.00739;2.53049;3.61339;
1.00749;2.53084;3.61387;
1.00759;2.5312;3.61339;
1.00769;2.53155;3.61387;
1.00779;2.5319;3.61339;
1.00789;2.53226;3.61387;
1.00799;2.53261;3.61339;
1.00809;2.53296;3.61387;
1.00819;2.53331;3.61339;
1.00829;2.53367;3.61387;
1.00839;2.53402;3.61339;
1.00849;2.53437;3.61387;
1.00859;2.53472;3.61339;
1.00869;2.53507;3.61387;
1.00879;2.53543;3.61339;
1.00889;2.53578;3.61387;
1.00899;2.53613;3.61339;
1.00909;2.53648;3.61387;
1.00919;2.53683;3.61339;
1.00929;2.53719;3.61387;
1.00939;2.53754;3.61339;
1.00949;2.53789;3.61387;
1.00959;2.53824;3.61339;
1.00969;2.53859;3.61387;
1.00979;2.53894;3.61339;
1.00989;2.5393;3.61387;
1.00999;2.53965;3.61339;
1.01009;2.54;3.61387;
1.01019;2.54035;3.61339;
1.01029;2.5407;3.61387;
1.01039;2.54105;3.61339;
1.01049;2.5414;3.61387;
1.01059;2.54176;3.61339;
1.01069;2.54211;3.61387;
1.01079;2.54246;3.61339;
1.01089;2.54281;3.61387;
1.01099;2.54316;3.61339;
1.01109;2.54351;3.61387;
1.01119;2.54386;3.61339;
1.01129;2.54421;3.61387;
1.01139;2.54456;3.61339;
1.01149;2.54491;3.61387;
1.01159;2.54526;3.61339;
1.01169;2.54562;3.61387;
1.01179;2.54597;3.61339;
1.01189;2.54632;3.61387;
1.01199;2.54667;3.61339;
1.01209;2.54702;3.61387;
1.01219;2.54737;3.61339;
1.01229;2.54772;3.61387;
1.01239;2.54807;3.61339;
1.01249;2.54842;3.61387;
1.01259;2.54877;3.61339;
1.01269;2.54912;3.61387;
1.01279;2.54947;3.61339;
1.01289;2.54982;3.61387;
1.01299;2.55017;3.61339;
1.01309;2.55052;3.61387;
1.01319;2.55087;3.61339;
1.01329;2.55122;3.61387;
1.01339;2.55157;3.61339;
1.01349;2.55192;3.61387;
1.01359;2.55227;3.61339;
1.01369;2.55262;3.61387;
1.01379;2.55297;3.61339;
1.01389;2.55332;3.61387;
1.01399;2.55367;3.61339;
1.01409;2.55402;3.61387;
1.01419;2.55437;3.61339;
1.01429;2.55471;3.61387;
1.01439;2.55506;3.61339;
1.01449;2.55541;3.61387;
1.01459;2.55576;3.61339;
1.01469;2.55611;3.61387;
1.01479;2.55646;3.61339;
1.01489;2.55681;3.61387;
1.01499;2.55716;3.61339;
1.01509;2.55751;3.61387;
1.01519;2.55786;3.61339;
1.01529;2.55821;3.61387;
1.01539;2.55855;3.61339;
1.01549;2.5589;3.61387;
1.01559;2.55925;3.61339;
1.01569;2.5596;3.61387;
1.01579;2.55995;3.61339;
1.01589;2.5603;3.61387;
1.01599;2.56065;3.61339;
1.01609;2.56099;3.61387;
1.01619;2.56134;3.61339;
1.01629;2.56169;3.61387;
1.01639;2.56204;3.61339;
1.01649;2.56239;3.61387;
1.01659;2.56274;3.61339;
1.01669;2.56308;3.61387;
1.01679;2.56343;3.61339;
1.01689;2.56378;3.61387;
1.01699;2.56413;3.61339;
1.01709;2.56448;3.61387;
1.01719;2.56482;3.61339;
1.01729;2.56517;3.61387;
1.01739;2.56552;3.61339;
1.01749;2.56587;3.61387;
1.01759;2.56622;3.61339;
1.01769;2.56656;3.61387;
1.01779;2.56691;3.61339;
1.01789;2.56726;3.61387;
1.01799;2.56761;3.61339;
1.01809;2.56795;3.61387;
1.01819;2.5683;3.61339;
1.01829;2.56865;3.61387;
1.01839;2.569;3.61339;
1.01849;2.56934;3.61387;
1.01859;2.56969;3.61339;
1.01869;2.57004;3.61387;
1.01879;2.57038;3.61339;
1.01889;2.57073;3.61387;
1.01899;2.57108;3.61339;
1.01909;2.57143;3.61387;
1.01919;2.57177;3.61339;
1.01929;2.57212;3.61387;
1.01939;2.57247;3.61339;
1.01949;2.57281;3.61387;
1.01959;2.57316;3.61339;
1.01969;2.57351;3.61387;
1.01979;2.57385;3.6134;
1.01989;2.5742;3.61386;
1.01999;2.57455;3.6134;
1.02009;2.57489;3.61386;
1.02019;2.57524;3.6134;
1.02029;2.57558;3.61386;
1.02039;2.57593;3.6134;
1.02049;2.57628;3.61386;
1.02059;2.57662;3.6134;
1.02069;2.57697;3.61386;
1.02079;2.57732;3.6134;
1.02089;2.57766;3.61386;
1.02099;2.57801;3.6134;
1.02109;2.57835;3.61386;
1.02119;2.5787;3.6134;
1.02129;2.57905;3.61386;
1.02139;2.57939;3.6134;
1.02149;2.57974;3.61386;
1.02159;2.58008;3.6134;
1.02169;2.58043;3.61386;
1.02179;2.58077;3.6134;
1.02189;2.58112;3.61386;
1.02199;2.58147;3.6134;
1.02209;2.58181;3.61386;
1.02219;2.58216;3.6134;
1.02229;2.5825;3.61386;
1.02239;2.58285;3.6134;
1.02249;2.58319;3.61386;
1.02259;2.58354;3.6134;
1.02269;2.58388;3.61386;
1.02279;2.58423;3.6134;
1.02289;2.58457;3.61386;
1.02299;2.58492;3.6134;
1.02309;2.58526;3.61386;
1.02319;2.58561;3.6134;
1.02329;2.58595;3.61386;
1.02339;2.5863;3.6134;
1.02349;2.58664;3.61386;
1.02359;2.58699;3.6134;
1.02369;2.58733;3.61386;
1.02379;2.58768;3.6134;
1.02389;2.58802;3.61386;
1.02399;2.58837;3.6134;
1.02409;2.58871;3.61386;
1.02419;2.58905;3.6134;
1.02429;2.5894;3.61386;
1.02439;2.58974;3.6134;
1.02449;2.59009;3.61386;
1.02459;2.59043;3.6134;
1.02469;2.59078;3.61386;
1.02479;2.59112;3.6134;
1.02489;2.59146;3.61386;
1.02499;2.59181;3.6134;
1.02509;2.59215;3.61386;
1.02519;2.5925;3.6134;
1.02529;2.59284;3.61386;
1.02539;2.59318;3.6134;
1.02549;2.59353;3.61386;
1.02559;2.59387;3.6134;
1.02569;2.59422;3.61386;
1.02579;2.59456;3.6134;
1.02589;2.5949;3.61386;
1.02599;2.59525;3.6134;
1.02609;2.59559;3.61386;
1.02619;2.59593;3.6134;
1.02629;2.59628;3.61386;
1.02639;2.59662;3.6134;
1.02649;2.59696;3.61386;
1.02659;2.59731;3.6134;
1.02669;2.59765;3.61386;
1.02679;2.59799;3.6134;
1.02689;2.59834;3.61386;
1.02699;2.59868;3.6134;
1.02709;2.59902;3.61386;
1.02719;2.59937;3.6134;
1.02729;2.59971;3.61386;
1.02739;2.60005;3.6134;
1.02749;2.60039;3.61386;
1.02759;2.60074;3.6134;
1.02769;2.60108;3.61386;
1.02779;2.60142;3.6134;
1.02789;2.60176;3.61386;
1.02799;2.60211;3.6134;
1.02809;2.60245;3.61386;
1.02819;2.60279;3.6134;
1.02829;2.60313;3.61386;
1.02839;2.60348;3.6134;
1.02849;2.60382;3.61386;
1.02859;2.60416;3.6134;
1.02869;2.6045;3.61386;
1.02879;2.60485;3.6134;
1.02889;2.60519;3.61386;
1.02899;2.60553;3.6134;
1.02909;2.60587;3.61386;
1.02919;2.60621;3.6134;
1.02929;2.60656;3.61386;
1.02939;2.6069;3.6134;
1.02949;2.60724;3.61386;
1.02959;2.60758;3.6134;
1.02969;2.60792;3.61386;
1.02979;2.60827;3.6134;
1.02989;2.60861;3.61386;
1.02999;2.60895;3.6134;
1.03009;2.60929;3.61386;
1.03019;2.60963;3.6134;
1.03029;2.60997;3.61386;
1.03039;2.61031;3.6134;
1.03049;2.61066;3.61386;
1.03059;2.611;3.6134;
1.03069;2.61134;3.61386;
1.03079;2.61168;3.6134;
1.03089;2.61202;3.61386;
1.03099;2.61236;3.6134;
1.03109;2.6127;3.61386;
1.03119;2.61304;3.6134;
1.03129;2.61338;3.61386;
1.03139;2.61373;3.6134;
1.03149;2.61407;3.61386;
1.03159;2.61441;3.6134;
1.03169;2.61475;3.61386;
1.03179;2.61509;3.6134;
1.03189;2.61543;3.61386;
1.03199;2.61577;3.6134;
1.03209;2.61611;3.61386;
1.03219;2.61645;3.6134;
1.03229;2.61679;3.61386;
1.03239;2.61713;3.6134;
1.03249;2.61747;3.61386;
1.03259;2.61781;3.6134;
1.03269;2.61815;3.61386;
1.03279;2.61849;3.6134;
1.03289;2.61883;3.61386;
1.03299;2.61917;3.6134;
1.03309;2.61951;3.61386;
1.03319;2.61985;3.6134;
1.03329;2.62019;3.61386;
1.03339;2.62053;3.6134;
1.03349;2.62087;3.61386;
1.03359;2.62121;3.6134;
1.03369;2.62155;3.61386;
1.03379;2.62189;3.6134;
1.03389;2.62223;3.61386;
1.03399;2.62257;3.6134;
1.03409;2.62291;3.61386;
1.03419;2.62325;3.6134;
1.03429;2.62359;3.61386;
1.03439;2.62393;3.6134;
1.03449;2.62427;3.61386;
1.03459;2.62461;3.6134;
1.03469;2.62495;3.61386;
1.03479;2.62529;3.6134;
1.03489;2.62563;3.61386;
1.03499;2.62597;3.6134;
1.03509;2.62631;3.61386;
1.03519;2.62664;3.6134;
1.03529;2.62698;3.61386;
1.03539;2.62732;3.6134;
1.03549;2.62766;3.61386;
1.03559;2.628;3.6134;
1.03569;2.62834;3.61386;
1.03579;2.62868;3.6134;
1.03589;2.62902;3.61386;
1.03599;2.62936;3.6134;
1.03609;2.62969;3.61386;
1.03619;2.63003;3.6134;
1.03629;2.63037;3.61386;
1.03639;2.63071;3.6134;
1.03649;2.63105;3.61386;
1.03659;2.63139;3.6134;
1.03669;2.63172;3.61386;
1.03679;2.63206;3.6134;
1.03689;2.6324;3.61386;
1.03699;2.63274;3.6134;
1.03709;2.63308;3.61386;
1.03719;2.63342;3.6134;
1.03729;2.63375;3.61386;
1.03739;2.63409;3.6134;
1.03749;2.63443;3.61386;
1.03759;2.63477;3.6134;
1.03769;2.63511;3.61386;
1.03779;2.63544;3.6134;
1.03789;2.63578;3.61386;
1.03799;2.63612;3.6134;
1.03809;2.63646;3.61386;
1.03819;2.63679;3.6134;
1.03829;2.63713;3.61386;
1.03839;2.63747;3.6134;
1.03849;2.63781;3.61386;
1.03859;2.63814;3.6134;
1.03869;2.63848;3.61386;
1.03879;2.63882;3.6134;
1.03889;2.63916;3.61386;
1.03899;2.63949;3.6134;
1.03909;2.63983;3.61386;
1.03919;2.64017;3.6134;
1.03929;2.6405;3.61386;
1.03939;2.64084;3.6134;
1.03949;2.64118;3.61386;
1.03959;2.64152;3.6134;
1.03969;2.64185;3.61386;
1.03979;2.64219;3.6134;
1.03989;2.64253;3.61386;
1.03999;2.64286;3.6134;
1.04009;2.6432;3.61386;
1.04019;2.64354;3.6134;
1.04029;2.64387;3.61386;
1.04039;2.64421;3.6134;
1.04049;2.64455;3.61386;
1.04059;2.64488;3.6134;
1.04069;2.64522;3.61386;
1.04079;2.64556;3.6134;
1.04089;2.64589;3.61386;
1.04099;2.64623;3.6134;
1.04109;2.64656;3.61386;
1.04119;2.6469;3.6134;
1.04129;2.64724;3.61386;
1.04139;2.64757;3.6134;
1.04149;2.64791;3.61386;
1.04159;2.64824;3.6134;
1.04169;2.64858;3.61386;
1.04179;2.64892;3.6134;
1.04189;2.64925;3.61386;
1.04199;2.64959;3.6134;
1.04209;2.64992;3.61386;
1.04219;2.65026;3.6134;
1.04229;2.6506;3.61386;
1.04239;2.65093;3.6134;
1.04249;2.65127;3.61386;
1.04259;2.6516;3.6134;
1.04269;2.65194;3.61386;
1.04279;2.65227;3.6134;
1.04289;2.65261;3.61386;
1.04299;2.65294;3.6134;
1.04309;2.65328;3.61386;
1.04319;2.65361;3.6134;
1.04329;2.65395;3.61386;
1.04339;2.65428;3.6134;
1.04349;2.65462;3.61386;
1.04359;2.65495;3.6134;
1.04369;2.65529;3.61386;
1.04379;2.65562;3.6134;
1.04389;2.65596;3.61386;
1.04399;2.65629;3.6134;
1.04409;2.65663;3.61386;
1.04419;2.65696;3.6134;
1.04429;2.6573;3.61386;
1.04439;2.65763;3.6134;
1.04449;2.65797;3.61386;
1.04459;2.6583;3.6134;
1.04469;2.65864;3.61386;
1.04479;2.65897;3.6134;
1.04489;2.65931;3.61386;
1.04499;2.65964;3.6134;
1.04509;2.65997;3.61386;
1.04519;2.66031;3.6134;
1.04529;2.66064;3.61386;
1.04539;2.66098;3.6134;
1.04549;2.66131;3.61386;
1.04559;2.66164;3.6134;
1.04569;2.66198;3.61386;
1.04579;2.66231;3.6134;
1.04589;2.66265;3.61386;
1.04599;2.66298;3.6134;
1.04609;2.66331;3.61386;
1.04619;2.66365;3.6134;
1.04629;2.66398;3.61386;
1.04639;2.66432;3.6134;
1.04649;2.66465;3.61386;
1.04659;2.66498;3.6134;
1.04669;2.66532;3.61386;
1.04679;2.66565;3.6134;
1.04689;2.66598;3.61386;
1.04699;2.66632;3.6134;
1.04709;2.66665;3.61386;
1.04719;2.66698;3.6134;
1.04729;2.66732;3.61386;
1.04739;2.66765;3.6134;
1.04749;2.66798;3.61386;
1.04759;2.66832;3.6134;
1.04769;2.66865;3.61386;
1.04779;2.66898;3.6134;
1.04789;2.66932;3.61386;
1.04799;2.66965;3.6134;
1.04809;2.66998;3.61386;
1.04819;2.67031;3.6134;
1.04829;2.67065;3.61386;
1.04839;2.67098;3.6134;
1.04849;2.67131;3.61386;
1.04859;2.67164;3.6134;
1.04869;2.67198;3.61386;
1.04879;2.67231;3.6134;
1.04889;2.67264;3.61386;
1.04899;2.67297;3.6134;
1.04909;2.67331;3.61386;
1.04919;2.67364;3.6134;
1.04929;2.67397;3.61386;
1.04939;2.6743;3.6134;
1.04949;2.67464;3.61386;
1.04959;2.67497;3.6134;
1.04969;2.6753;3.61386;
1.04979;2.67563;3.6134;
1.04989;2.67596;3.61386;
1.04999;2.6763;3.6134;
1.05009;2.67663;3.61386;
1.05019;2.67696;3.6134;
1.05029;2.67729;3.61386;
1.05039;2.67762;3.6134;
1.05049;2.67796;3.61386;
1.05059;2.67829;3.6134;
1.05069;2.67862;3.61386;
1.05079;2.67895;3.6134;
1.05089;2.67928;3.61386;
1.05099;2.67961;3.6134;
1.05109;2.67995;3.61386;
1.05119;2.68028;3.6134;
1.05129;2.68061;3.61386;
1.05139;2.68094;3.6134;
1.05149;2.68127;3.61386;
1.05159;2.6816;3.6134;
1.05169;2.68193;3.61386;
1.05179;2.68226;3.6134;
1.05189;2.6826;3.61386;
1.05199;2.68293;3.6134;
1.05209;2.68326;3.61386;
1.05219;2.68359;3.6134;
1.05229;2.68392;3.61386;
1.05239;2.68425;3.6134;
1.05249;2.68458;3.61386;
1.05259;2.68491;3.6134;
1.05269;2.68524;3.61386;
1.05279;2.68557;3.6134;
1.05289;2.6859;3.61386;
1.05299;2.68623;3.6134;
1.05309;2.68656;3.61386;
1.05319;2.6869;3.6134;
1.05329;2.68723;3.61386;
1.05339;2.68756;3.6134;
1.05349;2.68789;3.61386;
1.05359;2.68822;3.6134;
1.05369;2.68855;3.61386;
1.05379;2.68888;3.61341;
1.05389;2.68921;3.61386;
1.05399;2.68954;3.61341;
1.05409;2.68987;3.61385;
1.05419;2.6902;3.61341;
1.05429;2.69053;3.61385;
1.05439;2.69086;3.61341;
1.05449;2.69119;3.61385;
1.05459;2.69152;3.61341;
1.05469;2.69185;3.61385;
1.05479;2.69218;3.61341;
1.05489;2.69251;3.61385;
1.05499;2.69284;3.61341;
1.05509;2.69316;3.61385;
1.05519;2.69349;3.61341;
1.05529;2.69382;3.61385;
1.05539;2.69415;3.61341;
1.05549;2.69448;3.61385;
1.05559;2.69481;3.61341;
1.05569;2.69514;3.61385;
1.05579;2.69547;3.61341;
1.05589;2.6958;3.61385;
1.05599;2.69613;3.61341;
1.05609;2.69646;3.61385;
1.05619;2.69679;3.61341;
1.05629;2.69712;3.61385;
1.05639;2.69745;3.61341;
1.05649;2.69777;3.61385;
1.05659;2.6981;3.61341;
1.05669;2.69843;3.61385;
1.05679;2.69876;3.61341;
1.05689;2.69909;3.61385;
1.05699;2.69942;3.61341;
1.05709;2.69975;3.61385;
1.05719;2.70008;3.61341;
1.05729;2.7004;3.61385;
1.05739;2.70073;3.61341;
1.05749;2.70106;3.61385;
1.05759;2.70139;3.61341;
1.05769;2.70172;3.61385;
1.05779;2.70205;3.61341;
1.05789;2.70237;3.61385;
1.05799;2.7027;3.61341;
1.05809;2.70303;3.61385;
1.05819;2.70336;3.61341;
1.05829;2.70369;3.61385;
1.05839;2.70401;3.61341;
1.05849;2.70434;3.61385;
1.05859;2.70467;3.61341;
1.05869;2.705;3.61385;
1.05879;2.70533;3.61341;
1.05889;2.70565;3.61385;
1.05899;2.70598;3.61341;
1.05909;2.70631;3.61385;
1.05919;2.70664;3.61341;
1.05929;2.70696;3.61385;
1.05939;2.70729;3.61341;
1.05949;2.70762;3.61385;
1.05959;2.70795;3.61341;
1.05969;2.70827;3.61385;
1.05979;2.7086;3.61341;
1.05989;2.70893;3.61385;
1.05999;2.70926;3.61341;
1.06009;2.70958;3.61385;
1.06019;2.70991;3.61341;
1.06029;2.71024;3.61385;
1.06039;2.71056;3.61341;
1.06049;2.71089;3.61385;
1.06059;2.71122;3.61341;
1.06069;2.71155;3.61385;
1.06079;2.71187;3.61341;
1.06089;2.7122;3.61385;
1.06099;2.71253;3.61341;
1.06109;2.71285;3.61385;
1.06119;2.71318;3.61341;
1.06129;2.71351;3.61385;
1.06139;2.71383;3.61341;
1.06149;2.71416;3.61385;
1.06159;2.71449;3.61341;
1.06169;2.71481;3.61385;
1.06179;2.71514;3.61341;
1.06189;2.71547;3.61385;
1.06199;2.71579;3.61341;
1.06209;2.71612;3.61385;
1.06219;2.71644;3.61341;
1.06229;2.71677;3.61385;
1.06239;2.7171;3.61341;
1.06249;2.71742;3.61385;
1.06259;2.71775;3.61341;
1.06269;2.71807;3.61385;
1.06279;2.7184;3.61341;
1.06289;2.71873;3.61385;
1.06299;2.71905;3.61341;
1.06309;2.71938;3.61385;
1.06319;2.7197;3.61341;
1.06329;2.72003;3.61385;
1.06339;2.72036;3.61341;
1.06349;2.72068;3.61385;
1.06359;2.72101;3.61341;
1.06369;2.72133;3.61385;
1.06379;2.72166;3.61341;
1.06389;2.72198;3.61385;
1.06399;2.72231;3.61341;
1.06409;2.72263;3.61385;
1.06419;2.72296;3.61341;
1.06429;2.72328;3.61385;
1.06439;2.72361;3.61341;
1.06449;2.72393;3.61385;
1.06459;2.72426;3.61341;
1.06469;2.72459;3.61385;
1.06479;2.72491;3.61341;
1.06489;2.72524;3.61385;
1.06499;2.72556;3.61341;
1.06509;2.72589;3.61385;
1.06519;2.72621;3.61341;
1.06529;2.72653;3.61385;
1.06539;2.72686;3.61341;
1.06549;2.72718;3.61385;
1.06559;2.72751;3.61341;
1.06569;2.72783;3.61385;
1.06579;2.72816;3.61341;
1.06589;2.72848;3.61385;
1.06599;2.72881;3.61341;
1.06609;2.72913;3.61385;
1.06619;2.72946;3.61341;
1.06629;2.72978;3.61385;
1.06639;2.7301;3.61341;
1.06649;2.73043;3.61385;
1.06659;2.73075;3.61341;
1.06669;2.73108;3.61385;
1.06679;2.7314;3.61341;
1.06689;2.73173;3.61385;
1.06699;2.73205;3.61341;
1.06709;2.73237;3.61385;
1.06719;2.7327;3.61341;
1.06729;2.73302;3.61385;
1.06739;2.73334;3.61341;
1.06749;2.73367;3.61385;
1.06759;2.73399;3.61341;
1.06769;2.73432;3.61385;
1.06779;2.73464;3.61341;
1.06789;2.73496;3.61385;
1.06799;2.73529;3.61341;
1.06809;2.73561;3.61385;
1.06819;2.73593;3.61341;
1.06829;2.73626;3.61385;
1.06839;2.73658;3.61341;
1.06849;2.7369;3.61385;
1.06859;2.73723;3.61341;
1.06869;2.73755;3.61385;
1.06879;2.73787;3.61341;
1.06889;2.7382;3.61385;
1.06899;2.73852;3.61341;
1.06909;2.73884;3.61385;
1.06919;2.73917;3.61341;
1.06929;2.73949;3.61385;
1.06939;2.73981;3.61341;
1.06949;2.74013;3.61385;
1.06959;2.74046;3.61341;
1.06969;2.74078;3.61385;
1.06979;2.7411;3.61341;
1.06989;2.74143;3.61385;
1.06999;2.74175;3.61341;
1.07009;2.74207;3.61385;
1.07019;2.74239;3.61341;
1.07029;2.74272;3.61385;
1.07039;2.74304;3.61341;
1.07049;2.74336;3.61385;
1.07059;2.74368;3.61341;
1.07069;2.74401;3.61385;
1.07079;2.74433;3.61341;
1.07089;2.74465;3.61385;
1.07099;2.74497;3.61341;
1.07109;2.74529;3.61385;
1.07119;2.74562;3.61341;
1.07129;2.74594;3.61385;
1.07139;2.74626;3.61341;
1.07149;2.74658;3.61385;
1.07159;2.7469;3.61341;
1.07169;2.74723;3.61385;
1.07179;2.74755;3.61341;
1.07189;2.74787;3.61385;
1.07199;2.74819;3.61341;
1.07209;2.74851;3.61385;
1.07219;2.74883;3.61341;
1.07229;2.74916;3.61385;
1.07239;2.74948;3.61341;
1.07249;2.7498;3.61385;
1.07259;2.75012;3.61341;
1.07269;2.75044;3.61385;
1.07279;2.75076;3.61341;
1.07289;2.75108;3.61385;
1.07299;2.75141;3.61341;
1.07309;2.75173;3.61385;
1.07319;2.75205;3.61341;
1.07329;2.75237;3.61385;
1.07339;2.75269;3.61341;
1.07349;2.75301;3.61385;
1.07359;2.75333;3.61341;
1.07369;2.75365;3.61385;
1.07379;2.75397;3.61341;
1.07389;2.75429;3.61385;
1.07399;2.75462;3.61341;
1.07409;2.75494;3.61385;
1.07419;2.75526;3.61341;
1.07429;2.75558;3.61385;
1.07439;2.7559;3.61341;
1.07449;2.75622;3.61385;
1.07459;2.75654;3.61341;
1.07469;2.75686;3.61385;
1.07479;2.75718;3.61341;
1.07489;2.7575;3.61385;
1.07499;2.75782;3.61341;
1.07509;2.75814;3.61385;
1.07519;2.75846;3.61341;
1.07529;2.75878;3.61385;
1.07539;2.7591;3.61341;
1.07549;2.75942;3.61385;
1.07559;2.75974;3.61341;
1.07569;2.76006;3.61385;
1.07579;2.76038;3.61341;
1.07589;2.7607;3.61385;
1.07599;2.76102;3.61341;
1.07609;2.76134;3.61385;
1.07619;2.76166;3.61341;
1.07629;2.76198;3.61385;
1.07639;2.7623;3.61341;
1.07649;2.76262;3.61385;
1.07659;2.76294;3.61341;
1.07669;2.76326;3.61385;
1.07679;2.76358;3.61341;
1.07689;2.7639;3.61385;
1.07699;2.76422;3.61341;
1.07709;2.76454;3.61385;
1.07719;2.76486;3.61341;
1.07729;2.76518;3.61385;
1.07739;2.76549;3.61341;
1.07749;2.76581;3.61385;
1.07759;2.76613;3.61341;
1.07769;2.76645;3.61385;
1.07779;2.76677;3.61341;
1.07789;2.76709;3.61385;
1.07799;2.76741;3.61341;
1.07809;2.76773;3.61385;
1.07819;2.76805;3.61341;
1.07829;2.76837;3.61385;
1.07839;2.76868;3.61341;
1.07849;2.769;3.61385;
1.07859;2.76932;3.61341;
1.07869;2.76964;3.61385;
1.07879;2.76996;3.61341;
1.07889;2.77028;3.61385;
1.07899;2.7706;3.61341;
1.07909;2.77091;3.61385;
1.07919;2.77123;3.61341;
1.07929;2.77155;3.61385;
1.07939;2.77187;3.61341;
1.07949;2.77219;3.61385;
1.07959;2.77251;3.61341;
1.07969;2.77282;3.61385;
1.07979;2.77314;3.61341;
1.07989;2.77346;3.61385;
1.07999;2.77378;3.61341;
1.08009;2.7741;3.61385;
1.08019;2.77441;3.61341;
1.08029;2.77473;3.61385;
1.08039;2.77505;3.61341;
1.08049;2.77537;3.61385;
1.08059;2.77569;3.61341;
1.08069;2.776;3.61385;
1.08079;2.77632;3.61341;
1.08089;2.77664;3.61385;
1.08099;2.77696;3.61341;
1.08109;2.77727;3.61385;
1.08119;2.77759;3.61341;
1.08129;2.77791;3.61385;
1.08139;2.77823;3.61341;
1.08149;2.77854;3.61385;
1.08159;2.77886;3.61341;
1.08169;2.77918;3.61385;
1.08179;2.7795;3.61341;
1.08189;2.77981;3.61385;
1.08199;2.78013;3.61341;
1.08209;2.78045;3.61385;
1.08219;2.78076;3.61341;
1.08229;2.78108;3.61385;
1.08239;2.7814;3.61341;
1.08249;2.78172;3.61385;
1.08259;2.78203;3.61341;
1.08269;2.78235;3.61385;
1.08279;2.78267;3.61341;
1.08289;2.78298;3.61385;
1.08299;2.7833;3.61341;
1.08309;2.78362;3.61385;
1.08319;2.78393;3.61341;
1.08329;2.78425;3.61385;
1.08339;2.78457;3.61341;
1.08349;2.78488;3.61385;
1.08359;2.7852;3.61341;
1.08369;2.78551;3.61385;
1.08379;2.78583;3.61341;
1.08389;2.78615;3.61385;
1.08399;2.78646;3.61341;
1.08409;2.78678;3.61385;
1.08419;2.7871;3.61341;
1.08429;2.78741;3.61385;
1.08439;2.78773;3.61341;
1.08449;2.78804;3.61385;
1.08459;2.78836;3.61341;
1.08469;2.78868;3.61385;
1.08479;2.78899;3.61341;
1.08489;2.78931;3.61385;
1.08499;2.78962;3.61341;
1.08509;2.78994;3.61385;
1.08519;2.79025;3.61341;
1.08529;2.79057;3.61385;
1.08539;2.79089;3.61341;
1.08549;2.7912;3.61385;
1.08559;2.79152;3.61341;
1.08569;2.79183;3.61385;
1.08579;2.79215;3.61341;
1.08589;2.79246;3.61385;
1.08599;2.79278;3.61341;
1.08609;2.79309;3.61385;
1.08619;2.79341;3.61341;
1.08629;2.79372;3.61385;
1.08639;2.79404;3.61341;
1.08649;2.79435;3.61385;
1.08659;2.79467;3.61341;
1.08669;2.79498;3.61385;
1.08679;2.7953;3.61341;
1.08689;2.79561;3.61385;
1.08699;2.79593;3.61341;
1.08709;2.79624;3.61385;
1.08719;2.79656;3.61341;
1.08729;2.79687;3.61385;
1.08739;2.79719;3.61341;
1.08749;2.7975;3.61385;
1.08759;2.79782;3.61341;
1.08769;2.79813;3.61385;
1.08779;2.79845;3.61341;
1.08789;2.79876;3.61385;
1.08799;2.79908;3.61341;
1.08809;2.79939;3.61385;
1.08819;2.7997;3.61341;
1.08829;2.80002;3.61385;
1.08839;2.80033;3.61341;
1.08849;2.80065;3.61385;
1.08859;2.80096;3.61341;
1.08869;2.80128;3.61385;
1.08879;2.80159;3.61341;
1.08889;2.8019;3.61385;
1.08899;2.80222;3.61341;
1.08909;2.80253;3.61385;
1.08919;2.80285;3.61341;
1.08929;2.80316;3.61385;
1.08939;2.80347;3.61341;
1.08949;2.80379;3.61385;
1.08959;2.8041;3.61341;
1.08969;2.80441;3.61385;
1.08979;2.80473;3.61341;
1.08989;2.80504;3.61385;
1.08999;2.80535;3.61341;
1.09009;2.80567;3.61385;
1.09019;2.80598;3.61342;
1.09029;2.8063;3.61385;
1.09039;2.80661;3.61342;
1.09049;2.80692;3.61384;
1.09059;2.80724;3.61342;
1.09069;2.80755;3.61384;
1.09079;2.80786;3.61342;
1.09089;2.80817;3.61384;
1.09099;2.80849;3.61342;
1.09109;2.8088;3.61384;
1.09119;2.80911;3.61342;
1.09129;2.80943;3.61384;
1.09139;2.80974;3.61342;
1.09149;2.81005;3.61384;
1.09159;2.81037;3.61342;
1.09169;2.81068;3.61384;
1.09179;2.81099;3.61342;
1.09189;2.8113;3.61384;
1.09199;2.81162;3.61342;
1.09209;2.81193;3.61384;
1.09219;2.81224;3.61342;
1.09229;2.81255;3.61384;
1.09239;2.81287;3.61342;
1.09249;2.81318;3.61384;
1.09259;2.81349;3.61342;
1.09269;2.8138;3.61384;
1.09279;2.81412;3.61342;
1.09289;2.81443;3.61384;
1.09299;2.81474;3.61342;
1.09309;2.81505;3.61384;
1.09319;2.81536;3.61342;
1.09329;2.81568;3.61384;
1.09339;2.81599;3.61342;
1.09349;2.8163;3.61384;
1.09359;2.81661;3.61342;
1.09369;2.81692;3.61384;
1.09379;2.81724;3.61342;
1.09389;2.81755;3.61384;
1.09399;2.81786;3.61342;
1.09409;2.81817;3.61384;
1.09419;2.81848;3.61342;
1.09429;2.81879;3.61384;
1.09439;2.81911;3.61342;
1.09449;2.81942;3.61384;
1.09459;2.81973;3.61342;
1.09469;2.82004;3.61384;
1.09479;2.82035;3.61342;
1.09489;2.82066;3.61384;
1.09499;2.82097;3.61342;
1.09509;2.82129;3.61384;
1.09519;2.8216;3.61342;
1.09529;2.82191;3.61384;
1.09539;2.82222;3.61342;
1.09549;2.82253;3.61384;
1.09559;2.82284;3.61342;
1.09569;2.82315;3.61384;
1.09579;2.82346;3.61342;
1.09589;2.82377;3.61384;
1.09599;2.82409;3.61342;
1.09609;2.8244;3.61384;
1.09619;2.82471;3.61342;
1.09629;2.82502;3.61384;
1.09639;2.82533;3.61342;
1.09649;2.82564;3.61384;
1.09659;2.82595;3.61342;
1.09669;2.82626;3.61384;
1.09679;2.82657;3.61342;
1.09689;2.82688;3.61384;
1.09699;2.82719;3.61342;
1.09709;2.8275;3.61384;
1.09719;2.82781;3.61342;
1.09729;2.82812;3.61384;
1.09739;2.82843;3.61342;
1.09749;2.82874;3.61384;
1.09759;2.82905;3.61342;
1.09769;2.82936;3.61384;
1.09779;2.82967;3.61342;
1.09789;2.82998;3.61384;
1.09799;2.83029;3.61342;
1.09809;2.8306;3.61384;
1.09819;2.83091;3.61342;
1.09829;2.83122;3.61384;
1.09839;2.83153;3.61342;
1.09849;2.83184;3.61384;
1.09859;2.83215;3.61342;
1.09869;2.83246;3.61384;
1.09879;2.83277;3.61342;
1.09889;2.83308;3.61384;
1.09899;2.83339;3.61342;
1.09909;2.8337;3.61384;
1.09919;2.83401;3.61342;
1.09929;2.83432;3.61384;
1.09939;2.83463;3.61342;
1.09949;2.83494;3.61384;
1.09959;2.83525;3.61342;
1.09969;2.83556;3.61384;
1.09979;2.83586;3.61342;
1.09989;2.83617;3.61384;
1.09999;2.83648;3.61342;
1.10009;2.83679;3.61384;
1.10019;2.8371;3.61342;
1.10029;2.83741;3.61384;
1.10039;2.83772;3.61342;
1.10049;2.83803;3.61384;
1.10059;2.83834;3.61342;
1.10069;2.83865;3.61384;
1.10079;2.83895;3.61342;
1.10089;2.83926;3.61384;
1.10099;2.83957;3.61342;
1.10109;2.83988;3.61384;
1.10119;2.84019;3.61342;
1.10129;2.8405;3.61384;
1.10139;2.84081;3.61342;
1.10149;2.84111;3.61384;
1.10159;2.84142;3.61342;
1.10169;2.84173;3.61384;
1.10179;2.84204;3.61342;
1.10189;2.84235;3.61384;
1.10199;2.84266;3.61342;
1.10209;2.84296;3.61384;
1.10219;2.84327;3.61342;
1.10229;2.84358;3.61384;
1.10239;2.84389;3.61342;
1.10249;2.8442;3.61384;
1.10259;2.8445;3.61342;
1.10269;2.84481;3.61384;
1.10279;2.84512;3.61342;
1.10289;2.84543;3.61384;
1.10299;2.84574;3.61342;
1.10309;2.84604;3.61384;
1.10319;2.84635;3.61342;
1.10329;2.84666;3.61384;
1.10339;2.84697;3.61342;
1.10349;2.84727;3.61384;
1.10359;2.84758;3.61342;
1.10369;2.84789;3.61384;
1.10379;2.8482;3.61342;
1.10389;2.8485;3.61384;
1.10399;2.84881;3.61342;
1.10409;2.84912;3.61384;
1.10419;2.84942;3.61342;
1.10429;2.84973;3.61384;
1.10439;2.85004;3.61342;
1.10449;2.85035;3.61384;
1.10459;2.85065;3.61342;
1.10469;2.85096;3.61384;
1.10479;2.85127;3.61342;
1.10489;2.85157;3.61384;
1.10499;2.85188;3.61342;
1.10509;2.85219;3.61384;
1.10519;2.85249;3.61342;
1.10529;2.8528;3.61384;
1.10539;2.85311;3.61342;
1.10549;2.85341;3.61384;
1.10559;2.85372;3.61342;
1.10569;2.85403;3.61384;
1.10579;2.85433;3.61342;
1.10589;2.85464;3.61384;
1.10599;2.85495;3.61342;
1.10609;2.85525;3.61384;
1.10619;2.85556;3.61342;
1.10629;2.85587;3.61384;
1.10639;2.85617;3.61342;
1.10649;2.85648;3.61384;
1.10659;2.85679;3.61342;
1.10669;2.85709;3.61384;
1.10679;2.8574;3.61342;
1.10689;2.8577;3.61384;
1.10699;2.85801;3.61342;
1.10709;2.85832;3.61384;
1.10719;2.85862;3.61342;
1.10729;2.85893;3.61384;
1.10739;2.85923;3.61342;
1.10749;2.85954;3.61384;
1.10759;2.85984;3.61342;
1.10769;2.86015;3.61384;
1.10779;2.86046;3.61342;
1.10789;2.86076;3.61384;
1.10799;2.86107;3.61342;
1.10809;2.86137;3.61384;
1.10819;2.86168;3.61342;
1.10829;2.86198;3.61384;
1.10839;2.86229;3.61342;
1.10849;2.86259;3.61384;
1.10859;2.8629;3.61342;
1.10869;2.8632;3.61384;
1.10879;2.86351;3.61342;
1.10889;2.86382;3.61384;
1.10899;2.86412;3.61342;
1.10909;2.86443;3.61384;
1.10919;2.86473;3.61342;
1.10929;2.86504;3.61384;
1.10939;2.86534;3.61342;
1.10949;2.86565;3.61384;
1.10959;2.86595;3.61342;
1.10969;2.86626;3.61384;
1.10979;2.86656;3.61342;
1.10989;2.86686;3.61384;
1.10999;2.86717;3.61342;
1.11009;2.86747;3.61384;
1.11019;2.86778;3.61342;
1.11029;2.86808;3.61384;
1.11039;2.86839;3.61342;
1.11049;2.86869;3.61384;
1.11059;2.869;3.61342;
1.11069;2.8693;3.61384;
1.11079;2.86961;3.61342;
1.11089;2.86991;3.61384;
1.11099;2.87021;3.61342;
1.11109;2.87052;3.61384;
1.11119;2.87082;3.61342;
1.11129;2.87113;3.61384;
1.11139;2.87143;3.61342;
1.11149;2.87173;3.61384;
1.11159;2.87204;3.61342;
1.11169;2.87234;3.61384;
1.11179;2.87265;3.61342;
1.11189;2.87295;3.61384;
1.11199;2.87325;3.61342;
1.11209;2.87356;3.61384;
1.11219;2.87386;3.61342;
1.11229;2.87417;3.61384;
1.11239;2.87447;3.61342;
1.11249;2.87477;3.61384;
1.11259;2.87508;3.61342;
1.11269;2.87538;3.61384;
1.11279;2.87568;3.61342;
1.11289;2.87599;3.61384;
1.11299;2.87629;3.61342;
1.11309;2.87659;3.61384;
1.11319;2.8769;3.61342;
1.11329;2.8772;3.61384;
1.11339;2.8775;3.61342;
1.11349;2.87781;3.61384;
1.11359;2.87811;3.61342;
1.11369;2.87841;3.61384;
1.11379;2.87872;3.61342;
1.11389;2.87902;3.61384;
1.11399;2.87932;3.61342;
1.11409;2.87962;3.61384;
1.11419;2.87993;3.61342;
1.11429;2.88023;3.61384;
1.11439;2.88053;3.61342;
1.11449;2.88084;3.61384;
1.11459;2.88114;3.61342;
1.11469;2.88144;3.61384;
1.11479;2.88174;3.61342;
1.11489;2.88205;3.61384;
1.11499;2.88235;3.61342;
1.11509;2.88265;3.61384;
1.11519;2.88295;3.61342;
1.11529;2.88326;3.61384;
1.11539;2.88356;3.61342;
1.11549;2.88386;3.61384;
1.11559;2.88416;3.61342;
1.11569;2.88447;3.61384;
1.11579;2.88477;3.61342;
1.11589;2.88507;3.61384;
1.11599;2.88537;3.61342;
1.11609;2.88567;3.61384;
1.11619;2.88598;3.61342;
1.11629;2.88628;3.61384;
1.11639;2.88658;3.61342;
1.11649;2.88688;3.61384;
1.11659;2.88718;3.61342;
1.11669;2.88749;3.61384;
1.11679;2.88779;3.61342;
1.11689;2.88809;3.61384;
1.11699;2.88839;3.61342;
1.11709;2.88869;3.61384;
1.11719;2.88899;3.61342;
1.11729;2.88929;3.61384;
1.11739;2.8896;3.61342;
1.11749;2.8899;3.61384;
1.11759;2.8902;3.61342;
1.11769;2.8905;3.61384;
1.11779;2.8908;3.61342;
1.11789;2.8911;3.61384;
1.11799;2.8914;3.61342;
1.11809;2.89171;3.61384;
1.11819;2.89201;3.61342;
1.11829;2.89231;3.61384;
1.11839;2.89261;3.61342;
1.11849;2.89291;3.61384;
1.11859;2.89321;3.61342;
1.11869;2.89351;3.61384;
1.11879;2.89381;3.61342;
1.11889;2.89411;3.61384;
1.11899;2.89441;3.61342;
1.11909;2.89472;3.61384;
1.11919;2.89502;3.61342;
1.11929;2.89532;3.61384;
1.11939;2.89562;3.61342;
1.11949;2.89592;3.61384;
1.11959;2.89622;3.61342;
1.11969;2.89652;3.61384;
1.11979;2.89682;3.61342;
1.11989;2.89712;3.61384;
1.11999;2.89742;3.61342;
1.12009;2.89772;3.61384;
1.12019;2.89802;3.61342;
1.12029;2.89832;3.61384;
1.12039;2.89862;3.61342;
1.12049;2.89892;3.61384;
1.12059;2.89922;3.61342;
1.12069;2.89952;3.61384;
1.12079;2.89982;3.61342;
1.12089;2.90012;3.61384;
1.12099;2.90042;3.61342;
1.12109;2.90072;3.61384;
1.12119;2.90102;3.61342;
1.12129;2.90132;3.61384;
1.12139;2.90162;3.61342;
1.12149;2.90192;3.61384;
1.12159;2.90222;3.61342;
1.12169;2.90252;3.61384;
1.12179;2.90282;3.61342;
1.12189;2.90312;3.61384;
1.12199;2.90342;3.61342;
1.12209;2.90372;3.61384;
1.12219;2.90402;3.61342;
1.12229;2.90432;3.61384;
1.12239;2.90462;3.61342;
1.12249;2.90492;3.61384;
1.12259;2.90521;3.61342;
1.12269;2.90551;3.61384;
1.12279;2.90581;3.61342;
1.12289;2.90611;3.61384;
1.12299;2.90641;3.61342;
1.12309;2.90671;3.61384;
1.12319;2.90701;3.61342;
1.12329;2.90731;3.61384;
1.12339;2.90761;3.61342;
1.12349;2.90791;3.61384;
1.12359;2.9082;3.61342;
1.12369;2.9085;3.61384;
1.12379;2.9088;3.61342;
1.12389;2.9091;3.61384;
1.12399;2.9094;3.61342;
1.12409;2.9097;3.61384;
1.12419;2.91;3.61342;
1.12429;2.9103;3.61384;
1.12439;2.91059;3.61342;
1.12449;2.91089;3.61384;
1.12459;2.91119;3.61342;
1.12469;2.91149;3.61384;
1.12479;2.91179;3.61342;
1.12489;2.91209;3.61384;
1.12499;2.91238;3.61342;
1.12509;2.91268;3.61384;
1.12519;2.91298;3.61342;
1.12529;2.91328;3.61384;
1.12539;2.91358;3.61342;
1.12549;2.91387;3.61384;
1.12559;2.91417;3.61342;
1.12569;2.91447;3.61384;
1.12579;2.91477;3.61342;
1.12589;2.91507;3.61384;
1.12599;2.91536;3.61342;
1.12609;2.91566;3.61384;
1.12619;2.91596;3.61342;
1.12629;2.91626;3.61384;
1.12639;2.91655;3.61342;
1.12649;2.91685;3.61384;
1.12659;2.91715;3.61342;
1.12669;2.91745;3.61384;
1.12679;2.91774;3.61342;
1.12689;2.91804;3.61384;
1.12699;2.91834;3.61342;
1.12709;2.91864;3.61384;
1.12719;2.91893;3.61342;
1.12729;2.91923;3.61384;
1.12739;2.91953;3.61342;
1.12749;2.91983;3.61384;
1.12759;2.92012;3.61342;
1.12769;2.92042;3.61384;
1.12779;2.92072;3.61342;
1.12789;2.92101;3.61384;
1.12799;2.92131;3.61342;
1.12809;2.92161;3.61384;
1.12819;2.9219;3.61342;
1.12829;2.9222;3.61384;
1.12839;2.9225;3.61342;
1.12849;2.9228;3.61384;
1.12859;2.92309;3.61342;
1.12869;2.92339;3.61384;
1.12879;2.92369;3.61343;
1.12889;2.92398;3.61384;
1.12899;2.92428;3.61343;
1.12909;2.92457;3.61384;
1.12919;2.92487;3.61343;
1.12929;2.92517;3.61383;
1.12939;2.92546;3.61343;
1.12949;2.92576;3.61383;
1.12959;2.92606;3.61343;
1.12969;2.92635;3.61383;
1.12979;2.92665;3.61343;
1.12989;2.92695;3.61383;
1.12999;2.92724;3.61343;
1.13009;2.92754;3.61383;
1.13019;2.92783;3.61343;
1.13029;2.92813;3.61383;
1.13039;2.92843;3.61343;
1.13049;2.92872;3.61383;
1.13059;2.92902;3.61343;
1.13069;2.92931;3.61383;
1.13079;2.92961;3.61343;
1.13089;2.9299;3.61383;
1.13099;2.9302;3.61343;
1.13109;2.9305;3.61383;
1.13119;2.93079;3.61343;
1.13129;2.93109;3.61383;
1.13139;2.93138;3.61343;
1.13149;2.93168;3.61383;
1.13159;2.93197;3.61343;
1.13169;2.93227;3.61383;
1.13179;2.93256;3.61343;
1.13189;2.93286;3.61383;
1.13199;2.93315;3.61343;
1.13209;2.93345;3.61383;
1.13219;2.93374;3.61343;
1.13229;2.93404;3.61383;
1.13239;2.93433;3.61343;
1.13249;2.93463;3.61383;
1.13259;2.93493;3.61343;
1.13269;2.93522;3.61383;
1.13279;2.93551;3.61343;
1.13289;2.93581;3.61383;
1.13299;2.9361;3.61343;
1.13309;2.9364;3.61383;
1.13319;2.93669;3.61343;
1.13329;2.93699;3.61383;
1.13339;2.93728;3.61343;
1.13349;2.93758;3.61383;
1.13359;2.93787;3.61343;
1.13369;2.93817;3.61383;
1.13379;2.93846;3.61343;
1.13389;2.93876;3.61383;
1.13399;2.93905;3.61343;
1.13409;2.93935;3.61383;
1.13419;2.93964;3.61343;
1.13429;2.93993;3.61383;
1.13439;2.94023;3.61343;
1.13449;2.94052;3.61383;
1.13459;2.94082;3.61343;
1.13469;2.94111;3.61383;
1.13479;2.9414;3.61343;
1.13489;2.9417;3.61383;
1.13499;2.94199;3.61343;
1.13509;2.94229;3.61383;
1.13519;2.94258;3.61343;
1.13529;2.94287;3.61383;
1.13539;2.94317;3.61343;
1.13549;2.94346;3.61383;
1.13559;2.94376;3.61343;
1.13569;2.94405;3.61383;
1.13579;2.94434;3.61343;
1.13589;2.94464;3.61383;
1.13599;2.94493;3.61343;
1.13609;2.94522;3.61383;
1.13619;2.94552;3.61343;
1.13629;2.94581;3.61383;
1.13639;2.9461;3.61343;
1.13649;2.9464;3.61383;
1.13659;2.94669;3.61343;
1.13669;2.94698;3.61383;
1.13679;2.94728;3.61343;
1.13689;2.94757;3.61383;
1.13699;2.94786;3.61343;
1.13709;2.94816;3.61383;
1.13719;2.94845;3.61343;
1.13729;2.94874;3.61383;
1.13739;2.94904;3.61343;
1.13749;2.94933;3.61383;
1.13759;2.94962;3.61343;
1.13769;2.94991;3.61383;
1.13779;2.95021;3.61343;
1.13789;2.9505;3.61383;
1.13799;2.95079;3.61343;
1.13809;2.95109;3.61383;
1.13819;2.95138;3.61343;
1.13829;2.95167;3.61383;
1.13839;2.95196;3.61343;
1.13849;2.95226;3.61383;
1.13859;2.95255;3.61343;
1.13869;2.95284;3.61383;
1.13879;2.95313;3.61343;
1.13889;2.95343;3.61383;
1.13899;2.95372;3.61343;
1.13909;2.95401;3.61383;
1.13919;2.9543;3.61343;
1.13929;2.95459;3.61383;
1.13939;2.95489;3.61343;
1.13949;2.95518;3.61383;
1.13959;2.95547;3.61343;
1.13969;2.95576;3.61383;
1.13979;2.95605;3.61343;
1.13989;2.95635;3.61383;
1.13999;2.95664;3.61343;
1.14009;2.95693;3.61383;
1.14019;2.95722;3.61343;
1.14029;2.95751;3.61383;
1.14039;2.95781;3.61343;
1.14049;2.9581;3.61383;
1.14059;2.95839;3.61343;
1.14069;2.95868;3.61383;
1.14079;2.95897;3.61343;
1.14089;2.95926;3.61383;
1.14099;2.95956;3.61343;
1.14109;2.95985;3.61383;
1.14119;2.96014;3.61343;
1.14129;2.96043;3.61383;
1.14139;2.96072;3.61343;
1.14149;2.96101;3.61383;
1.14159;2.9613;3.61343;
1.14169;2.96159;3.61383;
1.14179;2.96189;3.61343;
1.14189;2.96218;3.61383;
1.14199;2.96247;3.61343;
1.14209;2.96276;3.61383;
1.14219;2.96305;3.61343;
1.14229;2.96334;3.61383;
1.14239;2.96363;3.61343;
1.14249;2.96392;3.61383;
1.14259;2.96421;3.61343;
1.14269;2.9645;3.61383;
1.14279;2.96479;3.61343;
1.14289;2.96509;3.61383;
1.14299;2.96538;3.61343;
1.14309;2.96567;3.61383;
1.14319;2.96596;3.61343;
1.14329;2.96625;3.61383;
1.14339;2.96654;3.61343;
1.14349;2.96683;3.61383;
1.14359;2.96712;3.61343;
1.14369;2.96741;3.61383;
1.14379;2.9677;3.61343;
1.14389;2.96799;3.61383;
1.14399;2.96828;3.61343;
1.14409;2.96857;3.61383;
1.14419;2.96886;3.61343;
1.14429;2.96915;3.61383;
1.14439;2.96944;3.61343;
1.14449;2.96973;3.61383;
1.14459;2.97002;3.61343;
1.14469;2.97031;3.61383;
1.14479;2.9706;3.61343;
1.14489;2.97089;3.61383;
1.14499;2.97118;3.61343;
1.14509;2.97147;3.61383;
1.14519;2.97176;3.61343;
1.14529;2.97205;3.61383;
1.14539;2.97234;3.61343;
1.14549;2.97263;3.61383;
1.14559;2.97292;3.61343;
1.14569;2.97321;3.61383;
1.14579;2.9735;3.61343;
1.14589;2.97379;3.61383;
1.14599;2.97408;3.61343;
1.14609;2.97437;3.61383;
1.14619;2.97466;3.61343;
1.14629;2.97494;3.61383;
1.14639;2.97523;3.61343;
1.14649;2.97552;3.61383;
1.14659;2.97581;3.61343;
1.14669;2.9761;3.61383;
1.14679;2.97639;3.61343;
1.14689;2.97668;3.61383;
1.14699;2.97697;3.61343;
1.14709;2.97726;3.61383;
1.14719;2.97755;3.61343;
1.14729;2.97783;3.61383;
1.14739;2.97812;3.61343;
1.14749;2.97841;3.61383;
1.14759;2.9787;3.61343;
1.14769;2.97899;3.61383;
1.14779;2.97928;3.61343;
1.14789;2.97957;3.61383;
1.14799;2.97986;3.61343;
1.14809;2.98014;3.61383;
1.14819;2.98043;3.61343;
1.14829;2.98072;3.61383;
1.14839;2.98101;3.61343;
1.14849;2.9813;3.61383;
1.14859;2.98159;3.61343;
1.14869;2.98187;3.61383;
1.14879;2.98216;3.61343;
1.14889;2.98245;3.61383;
1.14899;2.98274;3.61343;
1.14909;2.98303;3.61383;
1.14919;2.98332;3.61343;
1.14929;2.9836;3.61383;
1.14939;2.98389;3.61343;
1.14949;2.98418;3.61383;
1.14959;2.98447;3.61343;
1.14969;2.98476;3.61383;
1.14979;2.98504;3.61343;
1.14989;2.98533;3.61383;
1.14999;2.98562;3.61343;
1.15009;2.98591;3.61383;
1.15019;2.98619;3.61343;
1.15029;2.98648;3.61383;
1.15039;2.98677;3.61343;
1.15049;2.98706;3.61383;
1.15059;2.98734;3.61343;
1.15069;2.98763;3.61383;
1.15079;2.98792;3.61343;
1.15089;2.98821;3.61383;
1.15099;2.98849;3.61343;
1.15109;2.98878;3.61383;
1.15119;2.98907;3.61343;
1.15129;2.98936;3.61383;
1.15139;2.98964;3.61343;
1.15149;2.98993;3.61383;
1.15159;2.99022;3.61343;
1.15169;2.9905;3.61383;
1.15179;2.99079;3.61343;
1.15189;2.99108;3.61383;
1.15199;2.99136;3.61343;
1.15209;2.99165;3.61383;
1.15219;2.99194;3.61343;
1.15229;2.99223;3.61383;
1.15239;2.99251;3.61343;
1.15249;2.9928;3.61383;
1.15259;2.99309;3.61343;
1.15269;2.99337;3.61383;
1.15279;2.99366;3.61343;
1.15289;2.99395;3.61383;
1.15299;2.99423;3.61343;
1.15309;2.99452;3.61383;
1.15319;2.9948;3.61343;
1.15329;2.99509;3.61383;
1.15339;2.99538;3.61343;
1.15349;2.99566;3.61383;
1.15359;2.99595;3.61343;
1.15369;2.99624;3.61383;
1.15379;2.99652;3.61343;
1.15389;2.99681;3.61383;
1.15399;2.99709;3.61343;
1.15409;2.99738;3.61383;
1.15419;2.99767;3.61343;
1.15429;2.99795;3.61383;
1.15439;2.99824;3.61343;
1.15449;2.99852;3.61383;
1.15459;2.99881;3.61343;
1.15469;2.9991;3.61383;
1.15479;2.99938;3.61343;
1.15489;2.99967;3.61383;
1.15499;2.99995;3.61343;
1.15509;3.00024;3.61383;
1.15519;3.00052;3.61343;
1.15529;3.00081;3.61383;
1.15539;3.0011;3.61343;
1.15549;3.00138;3.61383;
1.15559;3.00167;3.61343;
1.15569;3.00195;3.61383;
1.15579;3.00224;3.61343;
1.15589;3.00252;3.61383;
1.15599;3.00281;3.61343;
1.15609;3.00309;3.61383;
1.15619;3.00338;3.61343;
1.15629;3.00366;3.61383;
1.15639;3.00395;3.61343;
1.15649;3.00423;3.61383;
1.15659;3.00452;3.61343;
1.15669;3.0048;3.61383;
1.15679;3.00509;3.61343;
1.15689;3.00537;3.61383;
1.15699;3.00566;3.61343;
1.15709;3.00594;3.61383;
1.15719;3.00623;3.61343;
1.15729;3.00651;3.61383;
1.15739;3.0068;3.61343;
1.15749;3.00708;3.61383;
1.15759;3.00737;3.61343;
1.15769;3.00765;3.61383;
1.15779;3.00794;3.61343;
1.15789;3.00822;3.61383;
1.15799;3.00851;3.61343;
1.15809;3.00879;3.61383;
1.15819;3.00907;3.61343;
1.15829;3.00936;3.61383;
1.15839;3.00964;3.61343;
1.15849;3.00993;3.61383;
1.15859;3.01021;3.61343;
1.15869;3.0105;3.61383;
1.15879;3.01078;3.61343;
1.15889;3.01106;3.61383;
1.15899;3.01135;3.61343;
1.15909;3.01163;3.61383;
1.15919;3.01192;3.61343;
1.15929;3.0122;3.61383;
1.15939;3.01248;3.61343;
1.15949;3.01277;3.61383;
1.15959;3.01305;3.61343;
1.15969;3.01334;3.61383;
1.15979;3.01362;3.61343;
1.15989;3.0139;3.61383;
1.15999;3.01419;3.61343;
1.16009;3.01447;3.61383;
1.16019;3.01475;3.61343;
1.16029;3.01504;3.61383;
1.16039;3.01532;3.61343;
1.16049;3.0156;3.61383;
1.16059;3.01589;3.61343;
1.16069;3.01617;3.61383;
1.16079;3.01645;3.61343;
1.16089;3.01674;3.61383;
1.16099;3.01702;3.61343;
1.16109;3.0173;3.61383;
1.16119;3.01759;3.61343;
1.16129;3.01787;3.61383;
1.16139;3.01815;3.61343;
1.16149;3.01844;3.61383;
1.16159;3.01872;3.61343;
1.16169;3.019;3.61383;
1.16179;3.01929;3.61343;
1.16189;3.01957;3.61383;
1.16199;3.01985;3.61343;
1.16209;3.02013;3.61383;
1.16219;3.02042;3.61343;
1.16229;3.0207;3.61383;
1.16239;3.02098;3.61343;
1.16249;3.02126;3.61383;
1.16259;3.02155;3.61343;
1.16269;3.02183;3.61383;
1.16279;3.02211;3.61343;
1.16289;3.02239;3.61383;
1.16299;3.02268;3.61343;
1.16309;3.02296;3.61383;
1.16319;3.02324;3.61343;
1.16329;3.02352;3.61383;
1.16339;3.02381;3.61343;
1.16349;3.02409;3.61383;
1.16359;3.02437;3.61343;
1.16369;3.02465;3.61383;
1.16379;3.02494;3.61343;
1.16389;3.02522;3.61383;
1.16399;3.0255;3.61343;
1.16409;3.02578;3.61383;
1.16419;3.02606;3.61343;
1.16429;3.02635;3.61383;
1.16439;3.02663;3.61343;
1.16449;3.02691;3.61383;
1.16459;3.02719;3.61343;
1.16469;3.02747;3.61383;
1.16479;3.02775;3.61343;
1.16489;3.02804;3.61383;
1.16499;3.02832;3.61343;
1.16509;3.0286;3.61383;
1.16519;3.02888;3.61343;
1.16529;3.02916;3.61383;
1.16539;3.02944;3.61343;
1.16549;3.02973;3.61383;
1.16559;3.03001;3.61343;
1.16569;3.03029;3.61383;
1.16579;3.03057;3.61343;
1.16589;3.03085;3.61383;
1.16599;3.03113;3.61343;
1.16609;3.03141;3.61383;
1.16619;3.03169;3.61343;
1.16629;3.03198;3.61383;
1.16639;3.03226;3.61343;
1.16649;3.03254;3.61383;
1.16659;3.03282;3.61343;
1.16669;3.0331;3.61383;
1.16679;3.03338;3.61343;
1.16689;3.03366;3.61383;
1.16699;3.03394;3.61343;
1.16709;3.03422;3.61383;
1.16719;3.0345;3.61343;
1.16729;3.03478;3.61383;
1.16739;3.03506;3.61343;
1.16749;3.03535;3.61383;
1.16759;3.03563;3.61343;
1.16769;3.03591;3.61383;
1.16779;3.03619;3.61343;
1.16789;3.03647;3.61383;
1.16799;3.03675;3.61343;
1.16809;3.03703;3.61383;
1.16819;3.03731;3.61343;
1.16829;3.03759;3.61383;
1.16839;3.03787;3.61343;
1.16849;3.03815;3.61383;
1.16859;3.03843;3.61343;
1.16869;3.03871;3.61383;
1.16879;3.03899;3.61343;
1.16889;3.03927;3.61383;
1.16899;3.03955;3.61343;
1.16909;3.03983;3.61383;
1.16919;3.04011;3.61343;
1.16929;3.04039;3.61383;
1.16939;3.04067;3.61343;
1.16949;3.04095;3.61383;
1.16959;3.04123;3.61343;
1.16969;3.04151;3.61383;
1.16979;3.04179;3.61343;
1.16989;3.04207;3.61383;
1.16999;3.04235;3.61343;
1.17009;3.04263;3.61383;
1.17019;3.04291;3.61344;
1.17029;3.04319;3.61383;
1.17039;3.04347;3.61344;
1.17049;3.04375;3.61383;
1.17059;3.04403;3.61344;
1.17069;3.0443;3.61382;
1.17079;3.04458;3.61344;
1.17089;3.04486;3.61382;
1.17099;3.04514;3.61344;
1.17109;3.04542;3.61382;
1.17119;3.0457;3.61344;
1.17129;3.04598;3.61382;
1.17139;3.04626;3.61344;
1.17149;3.04654;3.61382;
1.17159;3.04682;3.61344;
1.17169;3.0471;3.61382;
1.17179;3.04737;3.61344;
1.17189;3.04765;3.61382;
1.17199;3.04793;3.61344;
1.17209;3.04821;3.61382;
1.17219;3.04849;3.61344;
1.17229;3.04877;3.61382;
1.17239;3.04905;3.61344;
1.17249;3.04933;3.61382;
1.17259;3.0496;3.61344;
1.17269;3.04988;3.61382;
1.17279;3.05016;3.61344;
1.17289;3.05044;3.61382;
1.17299;3.05072;3.61344;
1.17309;3.051;3.61382;
1.17319;3.05128;3.61344;
1.17329;3.05155;3.61382;
1.17339;3.05183;3.61344;
1.17349;3.05211;3.61382;
1.17359;3.05239;3.61344;
1.17369;3.05267;3.61382;
1.17379;3.05294;3.61344;
1.17389;3.05322;3.61382;
1.17399;3.0535;3.61344;
1.17409;3.05378;3.61382;
1.17419;3.05406;3.61344;
1.17429;3.05433;3.61382;
1.17439;3.05461;3.61344;
1.17449;3.05489;3.61382;
1.17459;3.05517;3.61344;
1.17469;3.05545;3.61382;
1.17479;3.05572;3.61344;
1.17489;3.056;3.61382;
1.17499;3.05628;3.61344;
1.17509;3.05656;3.61382;
1.17519;3.05683;3.61344;
1.17529;3.05711;3.61382;
1.17539;3.05739;3.61344;
1.17549;3.05767;3.61382;
1.17559;3.05794;3.61344;
1.17569;3.05822;3.61382;
1.17579;3.0585;3.61344;
1.17589;3.05878;3.61382;
1.17599;3.05905;3.61344;
1.17609;3.05933;3.61382;
1.17619;3.05961;3.61344;
1.17629;3.05988;3.61382;
1.17639;3.06016;3.61344;
1.17649;3.06044;3.61382;
1.17659;3.06072;3.61344;
1.17669;3.06099;3.61382;
1.17679;3.06127;3.61344;
1.17689;3.06155;3.61382;
1.17699;3.06182;3.61344;
1.17709;3.0621;3.61382;
1.17719;3.06238;3.61344;
1.17729;3.06265;3.61382;
1.17739;3.06293;3.61344;
1.17749;3.06321;3.61382;
1.17759;3.06348;3.61344;
1.17769;3.06376;3.61382;
1.17779;3.06404;3.61344;
1.17789;3.06431;3.61382;
1.17799;3.06459;3.61344;
1.17809;3.06487;3.61382;
1.17819;3.06514;3.61344;
1.17829;3.06542;3.61382;
1.17839;3.06569;3.61344;
1.17849;3.06597;3.61382;
1.17859;3.06625;3.61344;
1.17869;3.06652;3.61382;
1.17879;3.0668;3.61344;
1.17889;3.06707;3.61382;
1.17899;3.06735;3.61344;
1.17909;3.06763;3.61382;
1.17919;3.0679;3.61344;
1.17929;3.06818;3.61382;
1.17939;3.06845;3.61344;
1.17949;3.06873;3.61382;
1.17959;3.06901;3.61344;
1.17969;3.06928;3.61382;
1.17979;3.06956;3.61344;
1.17989;3.06983;3.61382;
1.17999;3.07011;3.61344;
1.18009;3.07038;3.61382;
1.18019;3.07066;3.61344;
1.18029;3.07094;3.61382;
1.18039;3.07121;3.61344;
1.18049;3.07149;3.61382;
1.18059;3.07176;3.61344;
1.18069;3.07204;3.61382;
1.18079;3.07231;3.61344;
1.18089;3.07259;3.61382;
1.18099;3.07286;3.61344;
1.18109;3.07314;3.61382;
1.18119;3.07341;3.61344;
1.18129;3.07369;3.61382;
1.18139;3.07396;3.61344;
1.18149;3.07424;3.61382;
1.18159;3.07451;3.61344;
1.18169;3.07479;3.61382;
1.18179;3.07506;3.61344;
1.18189;3.07534;3.61382;
1.18199;3.07561;3.61344;
1.18209;3.07589;3.61382;
1.18219;3.07616;3.61344;
1.18229;3.07644;3.61382;
1.18239;3.07671;3.61344;
1.18249;3.07699;3.61382;
1.18259;3.07726;3.61344;
1.18269;3.07754;3.61382;
1.18279;3.07781;3.61344;
1.18289;3.07809;3.61382;
1.18299;3.07836;3.61344;
1.18309;3.07863;3.61382;
1.18319;3.07891;3.61344;
1.18329;3.07918;3.61382;
1.18339;3.07946;3.61344;
1.18349;3.07973;3.61382;
1.18359;3.08001;3.61344;
1.18369;3.08028;3.61382;
1.18379;3.08055;3.61344;
1.18389;3.08083;3.61382;
1.18399;3.0811;3.61344;
1.18409;3.08138;3.61382;
1.18419;3.08165;3.61344;
1.18429;3.08192;3.61382;
1.18439;3.0822;3.61344;
1.18449;3.08247;3.61382;
1.18459;3.08275;3.61344;
1.18469;3.08302;3.61382;
1.18479;3.08329;3.61344;
1.18489;3.08357;3.61382;
1.18499;3.08384;3.61344;
1.18509;3.08411;3.61382;
1.18519;3.08439;3.61344;
1.18529;3.08466;3.61382;
1.18539;3.08494;3.61344;
1.18549;3.08521;3.61382;
1.18559;3.08548;3.61344;
1.18569;3.08576;3.61382;
1.18579;3.08603;3.61344;
1.18589;3.0863;3.61382;
1.18599;3.08658;3.61344;
1.18609;3.08685;3.61382;
1.18619;3.08712;3.61344;
1.18629;3.0874;3.61382;
1.18639;3.08767;3.61344;
1.18649;3.08794;3.61382;
1.18659;3.08821;3.61344;
1.18669;3.08849;3.61382;
1.18679;3.08876;3.61344;
1.18689;3.08903;3.61382;
1.18699;3.08931;3.61344;
1.18709;3.08958;3.61382;
1.18719;3.08985;3.61344;
1.18729;3.09012;3.61382;
1.18739;3.0904;3.61344;
1.18749;3.09067;3.61382;
1.18759;3.09094;3.61344;
1.18769;3.09122;3.61382;
1.18779;3.09149;3.61344;
1.18789;3.09176;3.61382;
1.18799;3.09203;3.61344;
1.18809;3.09231;3.61382;
1.18819;3.09258;3.61344;
1.18829;3.09285;3.61382;
1.18839;3.09312;3.61344;
1.18849;3.09339;3.61382;
1.18859;3.09367;3.61344;
1.18869;3.09394;3.61382;
1.18879;3.09421;3.61344;
1.18889;3.09448;3.61382;
1.18899;3.09476;3.61344;
1.18909;3.09503;3.61382;
1.18919;3.0953;3.61344;
1.18929;3.09557;3.61382;
1.18939;3.09584;3.61344;
1.18949;3.09612;3.61382;
1.18959;3.09639;3.61344;
1.18969;3.09666;3.61382;
1.18979;3.09693;3.61344;
1.18989;3.0972;3.61382;
1.18999;3.09747;3.61344;
1.19009;3.09775;3.61382;
1.19019;3.09802;3.61344;
1.19029;3.09829;3.61382;
1.19039;3.09856;3.61344;
1.19049;3.09883;3.61382;
1.19059;3.0991;3.61344;
1.19069;3.09938;3.61382;
1.19079;3.09965;3.61344;
1.19089;3.09992;3.61382;
1.19099;3.10019;3.61344;
1.19109;3.10046;3.61382;
1.19119;3.10073;3.61344;
1.19129;3.101;3.61382;
1.19139;3.10127;3.61344;
1.19149;3.10155;3.61382;
1.19159;3.10182;3.61344;
1.19169;3.10209;3.61382;
1.19179;3.10236;3.61344;
1.19189;3.10263;3.61382;
1.19199;3.1029;3.61344;
1.19209;3.10317;3.61382;
1.19219;3.10344;3.61344;
1.19229;3.10371;3.61382;
1.19239;3.10398;3.61344;
1.19249;3.10426;3.61382;
1.19259;3.10453;3.61344;
1.19269;3.1048;3.61382;
1.19279;3.10507;3.61344;
1.19289;3.10534;3.61382;
1.19299;3.10561;3.61344;
1.19309;3.10588;3.61382;
1.19319;3.10615;3.61344;
1.19329;3.10642;3.61382;
1.19339;3.10669;3.61344;
1.19349;3.10696;3.61382;
1.19359;3.10723;3.61344;
1.19369;3.1075;3.61382;
1.19379;3.10777;3.61344;
1.19389;3.10804;3.61382;
1.19399;3.10831;3.61344;
1.19409;3.10858;3.61382;
1.19419;3.10885;3.61344;
1.19429;3.10912;3.61382;
1.19439;3.10939;3.61344;
1.19449;3.10966;3.61382;
1.19459;3.10993;3.61344;
1.19469;3.1102;3.61382;
1.19479;3.11047;3.61344;
1.19489;3.11074;3.61382;
1.19499;3.11101;3.61344;
1.19509;3.11128;3.61382;
1.19519;3.11155;3.61344;
1.19529;3.11182;3.61382;
1.19539;3.11209;3.61344;
1.19549;3.11236;3.61382;
1.19559;3.11263;3.61344;
1.19569;3.1129;3.61382;
1.19579;3.11317;3.61344;
1.19589;3.11344;3.61382;
1.19599;3.11371;3.61344;
1.19609;3.11398;3.61382;
1.19619;3.11425;3.61344;
1.19629;3.11451;3.61382;
1.19639;3.11478;3.61344;
1.19649;3.11505;3.61382;
1.19659;3.11532;3.61344;
1.19669;3.11559;3.61382;
1.19679;3.11586;3.61344;
1.19689;3.11613;3.61382;
1.19699;3.1164;3.61344;
1.19709;3.11667;3.61382;
1.19719;3.11694;3.61344;
1.19729;3.11721;3.61382;
1.19739;3.11747;3.61344;
1.19749;3.11774;3.61382;
1.19759;3.11801;3.61344;
1.19769;3.11828;3.61382;
1.19779;3.11855;3.61344;
1.19789;3.11882;3.61382;
1.19799;3.11909;3.61344;
1.19809;3.11935;3.61382;
1.19819;3.11962;3.61344;
1.19829;3.11989;3.61382;
1.19839;3.12016;3.61344;
1.19849;3.12043;3.61382;
1.19859;3.1207;3.61344;
1.19869;3.12097;3.61382;
1.19879;3.12123;3.61344;
1.19889;3.1215;3.61382;
1.19899;3.12177;3.61344;
1.19909;3.12204;3.61382;
1.19919;3.12231;3.61344;
1.19929;3.12257;3.61382;
1.19939;3.12284;3.61344;
1.19949;3.12311;3.61382;
1.19959;3.12338;3.61344;
1.19969;3.12365;3.61382;
1.19979;3.12391;3.61344;
1.19989;3.12418;3.61382;
1.19999;3.12445;3.61344;
1.20009;3.12472;3.61382;
1.20019;3.12499;3.61344;
1.20029;3.12525;3.61382;
1.20039;3.12552;3.61344;
1.20049;3.12579;3.61382;
1.20059;3.12606;3.61344;
1.20069;3.12632;3.61382;
1.20079;3.12659;3.61344;
1.20089;3.12686;3.61382;
1.20099;3.12713;3.61344;
1.20109;3.12739;3.61382;
1.20119;3.12766;3.61344;
1.20129;3.12793;3.61382;
1.20139;3.1282;3.61344;
1.20149;3.12846;3.61382;
1.20159;3.12873;3.61344;
1.20169;3.129;3.61382;
1.20179;3.12926;3.61344;
1.20189;3.12953;3.61382;
1.20199;3.1298;3.61344;
1.20209;3.13007;3.61382;
1.20219;3.13033;3.61344;
1.20229;3.1306;3.61382;
1.20239;3.13087;3.61344;
1.20249;3.13113;3.61382;
1.20259;3.1314;3.61344;
1.20269;3.13167;3.61382;
1.20279;3.13193;3.61344;
1.20289;3.1322;3.61382;
1.20299;3.13247;3.61344;
1.20309;3.13273;3.61382;
1.20319;3.133;3.61344;
1.20329;3.13327;3.61382;
1.20339;3.13353;3.61344;
1.20349;3.1338;3.61382;
1.20359;3.13407;3.61344;
1.20369;3.13433;3.61382;
1.20379;3.1346;3.61344;
1.20389;3.13487;3.61382;
1.20399;3.13513;3.61344;
1.20409;3.1354;3.61382;
1.20419;3.13567;3.61344;
1.20429;3.13593;3.61382;
1.20439;3.1362;3.61344;
1.20449;3.13646;3.61382;
1.20459;3.13673;3.61344;
1.20469;3.137;3.61382;
1.20479;3.13726;3.61344;
1.20489;3.13753;3.61382;
1.20499;3.13779;3.61344;
1.20509;3.13806;3.61382;
1.20519;3.13833;3.61344;
1.20529;3.13859;3.61382;
1.20539;3.13886;3.61344;
1.20549;3.13912;3.61382;
1.20559;3.13939;3.61344;
1.20569;3.13965;3.61382;
1.20579;3.13992;3.61344;
1.20589;3.14019;3.61382;
1.20599;3.14045;3.61344;
1.20609;3.14072;3.61382;
1.20619;3.14098;3.61344;
1.20629;3.14125;3.61382;
1.20639;3.14151;3.61344;
1.20649;3.14178;3.61382;
1.20659;3.14204;3.61344;
1.20669;3.14231;3.61382;
1.20679;3.14257;3.61344;
1.20689;3.14284;3.61382;
1.20699;3.1431;3.61344;
1.20709;3.14337;3.61382;
1.20719;3.14363;3.61344;
1.20729;3.1439;3.61382;
1.20739;3.14416;3.61344;
1.20749;3.14443;3.61382;
1.20759;3.14469;3.61344;
1.20769;3.14496;3.61382;
1.20779;3.14522;3.61344;
1.20789;3.14549;3.61382;
1.20799;3.14575;3.61344;
1.20809;3.14602;3.61382;
1.20819;3.14628;3.61344;
1.20829;3.14655;3.61382;
1.20839;3.14681;3.61344;
1.20849;3.14708;3.61382;
1.20859;3.14734;3.61344;
1.20869;3.14761;3.61382;
1.20879;3.14787;3.61344;
1.20889;3.14813;3.61382;
1.20899;3.1484;3.61344;
1.20909;3.14866;3.61382;
1.20919;3.14893;3.61344;
1.20929;3.14919;3.61382;
1.20939;3.14946;3.61344;
1.20949;3.14972;3.61382;
1.20959;3.14998;3.61344;
1.20969;3.15025;3.61382;
1.20979;3.15051;3.61344;
1.20989;3.15078;3.61382;
1.20999;3.15104;3.61344;
1.21009;3.1513;3.61382;
1.21019;3.15157;3.61344;
1.21029;3.15183;3.61382;
1.21039;3.1521;3.61344;
1.21049;3.15236;3.61382;
1.21059;3.15262;3.61344;
1.21069;3.15289;3.61382;
1.21079;3.15315;3.61344;
1.21089;3.15342;3.61382;
1.21099;3.15368;3.61344;
1.21109;3.15394;3.61382;
1.21119;3.15421;3.61344;
1.21129;3.15447;3.61382;
1.21139;3.15473;3.61344;
1.21149;3.155;3.61382;
1.21159;3.15526;3.61344;
1.21169;3.15552;3.61382;
1.21179;3.15579;3.61344;
1.21189;3.15605;3.61382;
1.21199;3.15631;3.61344;
1.21209;3.15658;3.61382;
1.21219;3.15684;3.61344;
1.21229;3.1571;3.61382;
1.21239;3.15737;3.61344;
1.21249;3.15763;3.61382;
1.21259;3.15789;3.61344;
1.21269;3.15816;3.61382;
1.21279;3.15842;3.61344;
1.21289;3.15868;3.61382;
1.21299;3.15894;3.61344;
1.21309;3.15921;3.61382;
1.21319;3.15947;3.61344;
1.21329;3.15973;3.61382;
1.21339;3.15999;3.61344;
1.21349;3.16026;3.61382;
1.21359;3.16052;3.61344;
1.21369;3.16078;3.61382;
1.21379;3.16105;3.61344;
1.21389;3.16131;3.61382;
1.21399;3.16157;3.61344;
1.21409;3.16183;3.61382;
1.21419;3.1621;3.61344;
1.21429;3.16236;3.61382;
1.21439;3.16262;3.61344;
1.21449;3.16288;3.61382;
1.21459;3.16314;3.61344;
1.21469;3.16341;3.61382;
1.21479;3.16367;3.61345;
1.21489;3.16393;3.61382;
1.21499;3.16419;3.61345;
1.21509;3.16446;3.61382;
1.21519;3.16472;3.61345;
1.21529;3.16498;3.61382;
1.21539;3.16524;3.61345;
1.21549;3.1655;3.61381;
1.21559;3.16577;3.61345;
1.21569;3.16603;3.61381;
1.21579;3.16629;3.61345;
1.21589;3.16655;3.61381;
1.21599;3.16681;3.61345;
1.21609;3.16707;3.61381;
1.21619;3.16734;3.61345;
1.21629;3.1676;3.61381;
1.21639;3.16786;3.61345;
1.21649;3.16812;3.61381;
1.21659;3.16838;3.61345;
1.21669;3.16864;3.61381;
1.21679;3.16891;3.61345;
1.21689;3.16917;3.61381;
1.21699;3.16943;3.61345;
1.21709;3.16969;3.61381;
1.21719;3.16995;3.61345;
1.21729;3.17021;3.61381;
1.21739;3.17047;3.61345;
1.21749;3.17073;3.61381;
1.21759;3.171;3.61345;
1.21769;3.17126;3.61381;
1.21779;3.17152;3.61345;
1.21789;3.17178;3.61381;
1.21799;3.17204;3.61345;
1.21809;3.1723;3.61381;
1.21819;3.17256;3.61345;
1.21829;3.17282;3.61381;
1.21839;3.17308;3.61345;
1.21849;3.17334;3.61381;
1.21859;3.1736;3.61345;
1.21869;3.17387;3.61381;
1.21879;3.17413;3.61345;
1.21889;3.17439;3.61381;
1.21899;3.17465;3.61345;
1.21909;3.17491;3.61381;
1.21919;3.17517;3.61345;
1.21929;3.17543;3.61381;
1.21939;3.17569;3.61345;
1.21949;3.17595;3.61381;
1.21959;3.17621;3.61345;
1.21969;3.17647;3.61381;
1.21979;3.17673;3.61345;
1.21989;3.17699;3.61381;
1.21999;3.17725;3.61345;
1.22009;3.17751;3.61381;
1.22019;3.17777;3.61345;
1.22029;3.17803;3.61381;
1.22039;3.17829;3.61345;
1.22049;3.17855;3.61381;
1.22059;3.17881;3.61345;
1.22069;3.17907;3.61381;
1.22079;3.17933;3.61345;
1.22089;3.17959;3.61381;
1.22099;3.17985;3.61345;
1.22109;3.18011;3.61381;
1.22119;3.18037;3.61345;
1.22129;3.18063;3.61381;
1.22139;3.18089;3.61345;
1.22149;3.18115;3.61381;
1.22159;3.18141;3.61345;
1.22169;3.18167;3.61381;
1.22179;3.18193;3.61345;
1.22189;3.18219;3.61381;
1.22199;3.18245;3.61345;
1.22209;3.18271;3.61381;
1.22219;3.18297;3.61345;
1.22229;3.18323;3.61381;
1.22239;3.18349;3.61345;
1.22249;3.18375;3.61381;
1.22259;3.184;3.61345;
1.22269;3.18426;3.61381;
1.22279;3.18452;3.61345;
1.22289;3.18478;3.61381;
1.22299;3.18504;3.61345;
1.22309;3.1853;3.61381;
1.22319;3.18556;3.61345;
1.22329;3.18582;3.61381;
1.22339;3.18608;3.61345;
1.22349;3.18634;3.61381;
1.22359;3.1866;3.61345;
1.22369;3.18685;3.61381;
1.22379;3.18711;3.61345;
1.22389;3.18737;3.61381;
1.22399;3.18763;3.61345;
1.22409;3.18789;3.61381;
1.22419;3.18815;3.61345;
1.22429;3.18841;3.61381;
1.22439;3.18867;3.61345;
1.22449;3.18892;3.61381;
1.22459;3.18918;3.61345;
1.22469;3.18944;3.61381;
1.22479;3.1897;3.61345;
1.22489;3.18996;3.61381;
1.22499;3.19022;3.61345;
1.22509;3.19047;3.61381;
1.22519;3.19073;3.61345;
1.22529;3.19099;3.61381;
1.22539;3.19125;3.61345;
1.22549;3.19151;3.61381;
1.22559;3.19177;3.61345;
1.22569;3.19202;3.61381;
1.22579;3.19228;3.61345;
1.22589;3.19254;3.61381;
1.22599;3.1928;3.61345;
1.22609;3.19306;3.61381;
1.22619;3.19331;3.61345;
1.22629;3.19357;3.61381;
1.22639;3.19383;3.61345;
1.22649;3.19409;3.61381;
1.22659;3.19434;3.61345;
1.22669;3.1946;3.61381;
1.22679;3.19486;3.61345;
1.22689;3.19512;3.61381;
1.22699;3.19538;3.61345;
1.22709;3.19563;3.61381;
1.22719;3.19589;3.61345;
1.22729;3.19615;3.61381;
1.22739;3.19641;3.61345;
1.22749;3.19666;3.61381;
1.22759;3.19692;3.61345;
1.22769;3.19718;3.61381;
1.22779;3.19744;3.61345;
1.22789;3.19769;3.61381;
1.22799;3.19795;3.61345;
1.22809;3.19821;3.61381;
1.22819;3.19846;3.61345;
1.22829;3.19872;3.61381;
1.22839;3.19898;3.61345;
1.22849;3.19924;3.61381;
1.22859;3.19949;3.61345;
1.22869;3.19975;3.61381;
1.22879;3.20001;3.61345;
1.22889;3.20026;3.61381;
1.22899;3.20052;3.61345;
1.22909;3.20078;3.61381;
1.22919;3.20103;3.61345;
1.22929;3.20129;3.61381;
1.22939;3.20155;3.61345;
1.22949;3.2018;3.61381;
1.22959;3.20206;3.61345;
1.22969;3.20232;3.61381;
1.22979;3.20257;3.61345;
1.22989;3.20283;3.61381;
1.22999;3.20309;3.61345;
1.23009;3.20334;3.61381;
1.23019;3.2036;3.61345;
1.23029;3.20386;3.61381;
1.23039;3.20411;3.61345;
1.23049;3.20437;3.61381;
1.23059;3.20463;3.61345;
1.23069;3.20488;3.61381;
1.23079;3.20514;3.61345;
1.23089;3.20539;3.61381;
1.23099;3.20565;3.61345;
1.23109;3.20591;3.61381;
1.23119;3.20616;3.61345;
1.23129;3.20642;3.61381;
1.23139;3.20667;3.61345;
1.23149;3.20693;3.61381;
1.23159;3.20719;3.61345;
1.23169;3.20744;3.61381;
1.23179;3.2077;3.61345;
1.23189;3.20795;3.61381;
1.23199;3.20821;3.61345;
1.23209;3.20847;3.61381;
1.23219;3.20872;3.61345;
1.23229;3.20898;3.61381;
1.23239;3.20923;3.61345;
1.23249;3.20949;3.61381;
1.23259;3.20974;3.61345;
1.23269;3.21;3.61381;
1.23279;3.21025;3.61345;
1.23289;3.21051;3.61381;
1.23299;3.21077;3.61345;
1.23309;3.21102;3.61381;
1.23319;3.21128;3.61345;
1.23329;3.21153;3.61381;
1.23339;3.21179;3.61345;
1.23349;3.21204;3.61381;
1.23359;3.2123;3.61345;
1.23369;3.21255;3.61381;
1.23379;3.21281;3.61345;
1.23389;3.21306;3.61381;
1.23399;3.21332;3.61345;
1.23409;3.21357;3.61381;
1.23419;3.21383;3.61345;
1.23429;3.21408;3.61381;
1.23439;3.21434;3.61345;
1.23449;3.21459;3.61381;
1.23459;3.21485;3.61345;
1.23469;3.2151;3.61381;
1.23479;3.21536;3.61345;
1.23489;3.21561;3.61381;
1.23499;3.21587;3.61345;
1.23509;3.21612;3.61381;
1.23519;3.21637;3.61345;
1.23529;3.21663;3.61381;
1.23539;3.21688;3.61345;
1.23549;3.21714;3.61381;
1.23559;3.21739;3.61345;
1.23569;3.21765;3.61381;
1.23579;3.2179;3.61345;
1.23589;3.21816;3.61381;
1.23599;3.21841;3.61345;
1.23609;3.21866;3.61381;
1.23619;3.21892;3.61345;
1.23629;3.21917;3.61381;
1.23639;3.21943;3.61345;
1.23649;3.21968;3.61381;
1.23659;3.21993;3.61345;
1.23669;3.22019;3.61381;
1.23679;3.22044;3.61345;
1.23689;3.2207;3.61381;
1.23699;3.22095;3.61345;
1.23709;3.2212;3.61381;
1.23719;3.22146;3.61345;
1.23729;3.22171;3.61381;
1.23739;3.22197;3.61345;
1.23749;3.22222;3.61381;
1.23759;3.22247;3.61345;
1.23769;3.22273;3.61381;
1.23779;3.22298;3.61345;
1.23789;3.22323;3.61381;
1.23799;3.22349;3.61345;
1.23809;3.22374;3.61381;
1.23819;3.22399;3.61345;
1.23829;3.22425;3.61381;
1.23839;3.2245;3.61345;
1.23849;3.22476;3.61381;
1.23859;3.22501;3.61345;
1.23869;3.22526;3.61381;
1.23879;3.22552;3.61345;
1.23889;3.22577;3.61381;
1.23899;3.22602;3.61345;
1.23909;3.22627;3.61381;
1.23919;3.22653;3.61345;
1.23929;3.22678;3.61381;
1.23939;3.22703;3.61345;
1.23949;3.22729;3.61381;
1.23959;3.22754;3.61345;
1.23969;3.22779;3.61381;
1.23979;3.22805;3.61345;
1.23989;3.2283;3.61381;
1.23999;3.22855;3.61345;
1.24009;3.2288;3.61381;
1.24019;3.22906;3.61345;
1.24029;3.22931;3.61381;
1.24039;3.22956;3.61345;
1.24049;3.22982;3.61381;
1.24059;3.23007;3.61345;
1.24069;3.23032;3.61381;
1.24079;3.23057;3.61345;
1.24089;3.23083;3.61381;
1.24099;3.23108;3.61345;
1.24109;3.23133;3.61381;
1.24119;3.23158;3.61345;
1.24129;3.23183;3.61381;
1.24139;3.23209;3.61345;
1.24149;3.23234;3.61381;
1.24159;3.23259;3.61345;
1.24169;3.23284;3.61381;
1.24179;3.2331;3.61345;
1.24189;3.23335;3.61381;
1.24199;3.2336;3.61345;
1.24209;3.23385;3.61381;
1.24219;3.2341;3.61345;
1.24229;3.23436;3.61381;
1.24239;3.23461;3.61345;
1.24249;3.23486;3.61381;
1.24259;3.23511;3.61345;
1.24269;3.23536;3.61381;
1.24279;3.23562;3.61345;
1.24289;3.23587;3.61381;
1.24299;3.23612;3.61345;
1.24309;3.23637;3.61381;
1.24319;3.23662;3.61345;
1.24329;3.23687;3.61381;
1.24339;3.23713;3.61345;
1.24349;3.23738;3.61381;
1.24359;3.23763;3.61345;
1.24369;3.23788;3.61381;
1.24379;3.23813;3.61345;
1.24389;3.23838;3.61381;
1.24399;3.23863;3.61345;
1.24409;3.23889;3.61381;
1.24419;3.23914;3.61345;
1.24429;3.23939;3.61381;
1.24439;3.23964;3.61345;
1.24449;3.23989;3.61381;
1.24459;3.24014;3.61345;
1.24469;3.24039;3.61381;
1.24479;3.24064;3.61345;
1.24489;3.24089;3.61381;
1.24499;3.24115;3.61345;
1.24509;3.2414;3.61381;
1.24519;3.24165;3.61345;
1.24529;3.2419;3.61381;
1.24539;3.24215;3.61345;
1.24549;3.2424;3.61381;
1.24559;3.24265;3.61345;
1.24569;3.2429;3.61381;
1.24579;3.24315;3.61345;
1.24589;3.2434;3.61381;
1.24599;3.24365;3.61345;
1.24609;3.2439;3.61381;
1.24619;3.24416;3.61345;
1.24629;3.24441;3.61381;
1.24639;3.24466;3.61345;
1.24649;3.24491;3.61381;
1.24659;3.24516;3.61345;
1.24669;3.24541;3.61381;
1.24679;3.24566;3.61345;
1.24689;3.24591;3.61381;
1.24699;3.24616;3.61345;
1.24709;3.24641;3.61381;
1.24719;3.24666;3.61345;
1.24729;3.24691;3.61381;
1.24739;3.24716;3.61345;
1.24749;3.24741;3.61381;
1.24759;3.24766;3.61345;
1.24769;3.24791;3.61381;
1.24779;3.24816;3.61345;
1.24789;3.24841;3.61381;
1.24799;3.24866;3.61345;
1.24809;3.24891;3.61381;
1.24819;3.24916;3.61345;
1.24829;3.24941;3.61381;
1.24839;3.24966;3.61345;
1.24849;3.24991;3.61381;
1.24859;3.25016;3.61345;
1.24869;3.25041;3.61381;
1.24879;3.25066;3.61345;
1.24889;3.25091;3.61381;
1.24899;3.25116;3.61345;
1.24909;3.25141;3.61381;
1.24919;3.25165;3.61345;
1.24929;3.2519;3.61381;
1.24939;3.25215;3.61345;
1.24949;3.2524;3.61381;
1.24959;3.25265;3.61345;
1.24969;3.2529;3.61381;
1.24979;3.25315;3.61345;
1.24989;3.2534;3.61381;
1.24999;3.25365;3.61345;
1.25009;3.2539;3.61381;
1.25019;3.25415;3.61345;
1.25029;3.2544;3.61381;
1.25039;3.25465;3.61345;
1.25049;3.25489;3.61381;
1.25059;3.25514;3.61345;
1.25069;3.25539;3.61381;
1.25079;3.25564;3.61345;
1.25089;3.25589;3.61381;
1.25099;3.25614;3.61345;
1.25109;3.25639;3.61381;
1.25119;3.25664;3.61345;
1.25129;3.25689;3.61381;
1.25139;3.25713;3.61345;
1.25149;3.25738;3.61381;
1.25159;3.25763;3.61345;
1.25169;3.25788;3.61381;
1.25179;3.25813;3.61345;
1.25189;3.25838;3.61381;
1.25199;3.25863;3.61345;
1.25209;3.25887;3.61381;
1.25219;3.25912;3.61345;
1.25229;3.25937;3.61381;
1.25239;3.25962;3.61345;
1.25249;3.25987;3.61381;
1.25259;3.26012;3.61345;
1.25269;3.26036;3.61381;
1.25279;3.26061;3.61345;
1.25289;3.26086;3.61381;
1.25299;3.26111;3.61345;
1.25309;3.26136;3.61381;
1.25319;3.2616;3.61345;
1.25329;3.26185;3.61381;
1.25339;3.2621;3.61345;
1.25349;3.26235;3.61381;
1.25359;3.2626;3.61345;
1.25369;3.26284;3.61381;
1.25379;3.26309;3.61345;
1.25389;3.26334;3.61381;
1.25399;3.26359;3.61345;
1.25409;3.26383;3.61381;
1.25419;3.26408;3.61345;
1.25429;3.26433;3.61381;
1.25439;3.26458;3.61345;
1.25449;3.26482;3.61381;
1.25459;3.26507;3.61345;
1.25469;3.26532;3.61381;
1.25479;3.26557;3.61345;
1.25489;3.26581;3.61381;
1.25499;3.26606;3.61345;
1.25509;3.26631;3.61381;
1.25519;3.26656;3.61345;
1.25529;3.2668;3.61381;
1.25539;3.26705;3.61345;
1.25549;3.2673;3.61381;
1.25559;3.26755;3.61345;
1.25569;3.26779;3.61381;
1.25579;3.26804;3.61345;
1.25589;3.26829;3.61381;
1.25599;3.26853;3.61345;
1.25609;3.26878;3.61381;
1.25619;3.26903;3.61345;
1.25629;3.26927;3.61381;
1.25639;3.26952;3.61345;
1.25649;3.26977;3.61381;
1.25659;3.27002;3.61345;
1.25669;3.27026;3.61381;
1.25679;3.27051;3.61345;
1.25689;3.27076;3.61381;
1.25699;3.271;3.61345;
1.25709;3.27125;3.61381;
1.25719;3.2715;3.61345;
1.25729;3.27174;3.61381;
1.25739;3.27199;3.61345;
1.25749;3.27223;3.61381;
1.25759;3.27248;3.61345;
1.25769;3.27273;3.61381;
1.25779;3.27297;3.61345;
1.25789;3.27322;3.61381;
1.25799;3.27347;3.61345;
1.25809;3.27371;3.61381;
1.25819;3.27396;3.61345;
1.25829;3.27421;3.61381;
1.25839;3.27445;3.61345;
1.25849;3.2747;3.61381;
1.25859;3.27494;3.61345;
1.25869;3.27519;3.61381;
1.25879;3.27544;3.61345;
1.25889;3.27568;3.61381;
1.25899;3.27593;3.61345;
1.25909;3.27617;3.61381;
1.25919;3.27642;3.61345;
1.25929;3.27666;3.61381;
1.25939;3.27691;3.61345;
1.25949;3.27716;3.61381;
1.25959;3.2774;3.61345;
1.25969;3.27765;3.61381;
1.25979;3.27789;3.61345;
1.25989;3.27814;3.61381;
1.25999;3.27838;3.61345;
1.26009;3.27863;3.61381;
1.26019;3.27888;3.61345;
1.26029;3.27912;3.61381;
1.26039;3.27937;3.61345;
1.26049;3.27961;3.61381;
1.26059;3.27986;3.61345;
1.26069;3.2801;3.61381;
1.26079;3.28035;3.61345;
1.26089;3.28059;3.61381;
1.26099;3.28084;3.61345;
1.26109;3.28108;3.61381;
1.26119;3.28133;3.61345;
1.26129;3.28157;3.61381;
1.26139;3.28182;3.61345;
1.26149;3.28206;3.61381;
1.26159;3.28231;3.61345;
1.26169;3.28255;3.61381;
1.26179;3.2828;3.61345;
1.26189;3.28304;3.61381;
1.26199;3.28329;3.61345;
1.26209;3.28353;3.61381;
1.26219;3.28378;3.61345;
1.26229;3.28402;3.61381;
1.26239;3.28427;3.61345;
1.26249;3.28451;3.61381;
1.26259;3.28476;3.61345;
1.26269;3.285;3.61381;
1.26279;3.28525;3.61345;
1.26289;3.28549;3.61381;
1.26299;3.28574;3.61345;
1.26309;3.28598;3.61381;
1.26319;3.28622;3.61346;
1.26329;3.28647;3.61381;
1.26339;3.28671;3.61346;
1.26349;3.28696;3.61381;
1.26359;3.2872;3.61346;
1.26369;3.28745;3.61381;
1.26379;3.28769;3.61346;
1.26389;3.28793;3.6138;
1.26399;3.28818;3.61346;
1.26409;3.28842;3.6138;
1.26419;3.28867;3.61346;
1.26429;3.28891;3.6138;
1.26439;3.28915;3.61346;
1.26449;3.2894;3.6138;
1.26459;3.28964;3.61346;
1.26469;3.28989;3.6138;
1.26479;3.29013;3.61346;
1.26489;3.29037;3.6138;
1.26499;3.29062;3.61346;
1.26509;3.29086;3.6138;
1.26519;3.29111;3.61346;
1.26529;3.29135;3.6138;
1.26539;3.29159;3.61346;
1.26549;3.29184;3.6138;
1.26559;3.29208;3.61346;
1.26569;3.29232;3.6138;
1.26579;3.29257;3.61346;
1.26589;3.29281;3.6138;
1.26599;3.29305;3.61346;
1.26609;3.2933;3.6138;
1.26619;3.29354;3.61346;
1.26629;3.29378;3.6138;
1.26639;3.29403;3.61346;
1.26649;3.29427;3.6138;
1.26659;3.29451;3.61346;
1.26669;3.29476;3.6138;
1.26679;3.295;3.61346;
1.26689;3.29524;3.6138;
1.26699;3.29549;3.61346;
1.26709;3.29573;3.6138;
1.26719;3.29597;3.61346;
1.26729;3.29621;3.6138;
1.26739;3.29646;3.61346;
1.26749;3.2967;3.6138;
1.26759;3.29694;3.61346;
1.26769;3.29719;3.6138;
1.26779;3.29743;3.61346;
1.26789;3.29767;3.6138;
1.26799;3.29791;3.61346;
1.26809;3.29816;3.6138;
1.26819;3.2984;3.61346;
1.26829;3.29864;3.6138;
1.26839;3.29888;3.61346;
1.26849;3.29913;3.6138;
1.26859;3.29937;3.61346;
1.26869;3.29961;3.6138;
1.26879;3.29985;3.61346;
1.26889;3.3001;3.6138;
1.26899;3.30034;3.61346;
1.26909;3.30058;3.6138;
1.26919;3.30082;3.61346;
1.26929;3.30107;3.6138;
1.26939;3.30131;3.61346;
1.26949;3.30155;3.6138;
1.26959;3.30179;3.61346;
1.26969;3.30204;3.6138;
1.26979;3.30228;3.61346;
1.26989;3.30252;3.6138;
1.26999;3.30276;3.61346;
1.27009;3.303;3.6138;
1.27019;3.30325;3.61346;
1.27029;3.30349;3.6138;
1.27039;3.30373;3.61346;
1.27049;3.30397;3.6138;
1.27059;3.30421;3.61346;
1.27069;3.30445;3.6138;
1.27079;3.3047;3.61346;
1.27089;3.30494;3.6138;
1.27099;3.30518;3.61346;
1.27109;3.30542;3.6138;
1.27119;3.30566;3.61346;
1.27129;3.3059;3.6138;
1.27139;3.30615;3.61346;
1.27149;3.30639;3.6138;
1.27159;3.30663;3.61346;
1.27169;3.30687;3.6138;
1.27179;3.30711;3.61346;
1.27189;3.30735;3.6138;
1.27199;3.30759;3.61346;
1.27209;3.30784;3.6138;
1.27219;3.30808;3.61346;
1.27229;3.30832;3.6138;
1.27239;3.30856;3.61346;
1.27249;3.3088;3.6138;
1.27259;3.30904;3.61346;
1.27269;3.30928;3.6138;
1.27279;3.30952;3.61346;
1.27289;3.30976;3.6138;
1.27299;3.31;3.61346;
1.27309;3.31025;3.6138;
1.27319;3.31049;3.61346;
1.27329;3.31073;3.6138;
1.27339;3.31097;3.61346;
1.27349;3.31121;3.6138;
1.27359;3.31145;3.61346;
1.27369;3.31169;3.6138;
1.27379;3.31193;3.61346;
1.27389;3.31217;3.6138;
1.27399;3.31241;3.61346;
1.27409;3.31265;3.6138;
1.27419;3.31289;3.61346;
1.27429;3.31313;3.6138;
1.27439;3.31337;3.61346;
1.27449;3.31361;3.6138;
1.27459;3.31385;3.61346;
1.27469;3.3141;3.6138;
1.27479;3.31434;3.61346;
1.27489;3.31458;3.6138;
1.27499;3.31482;3.61346;
1.27509;3.31506;3.6138;
1.27519;3.3153;3.61346;
1.27529;3.31554;3.6138;
1.27539;3.31578;3.61346;
1.27549;3.31602;3.6138;
1.27559;3.31626;3.61346;
1.27569;3.3165;3.6138;
1.27579;3.31674;3.61346;
1.27589;3.31698;3.6138;
1.27599;3.31722;3.61346;
1.27609;3.31746;3.6138;
1.27619;3.3177;3.61346;
1.27629;3.31794;3.6138;
1.27639;3.31818;3.61346;
1.27649;3.31842;3.6138;
1.27659;3.31865;3.61346;
1.27669;3.31889;3.6138;
1.27679;3.31913;3.61346;
1.27689;3.31937;3.6138;
1.27699;3.31961;3.61346;
1.27709;3.31985;3.6138;
1.27719;3.32009;3.61346;
1.27729;3.32033;3.6138;
1.27739;3.32057;3.61346;
1.27749;3.32081;3.6138;
1.27759;3.32105;3.61346;
1.27769;3.32129;3.6138;
1.27779;3.32153;3.61346;
1.27789;3.32177;3.6138;
1.27799;3.32201;3.61346;
1.27809;3.32225;3.6138;
1.27819;3.32248;3.61346;
1.27829;3.32272;3.6138;
1.27839;3.32296;3.61346;
1.27849;3.3232;3.6138;
1.27859;3.32344;3.61346;
1.27869;3.32368;3.6138;
1.27879;3.32392;3.61346;
1.27889;3.32416;3.6138;
1.27899;3.3244;3.61346;
1.27909;3.32464;3.6138;
1.27919;3.32487;3.61346;
1.27929;3.32511;3.6138;
1.27939;3.32535;3.61346;
1.27949;3.32559;3.6138;
1.27959;3.32583;3.61346;
1.27969;3.32607;3.6138;
1.27979;3.32631;3.61346;
1.27989;3.32654;3.6138;
1.27999;3.32678;3.61346;
1.28009;3.32702;3.6138;
1.28019;3.32726;3.61346;
1.28029;3.3275;3.6138;
1.28039;3.32774;3.61346;
1.28049;3.32797;3.6138;
1.28059;3.32821;3.61346;
1.28069;3.32845;3.6138;
1.28079;3.32869;3.61346;
1.28089;3.32893;3.6138;
1.28099;3.32917;3.61346;
1.28109;3.3294;3.6138;
1.28119;3.32964;3.61346;
1.28129;3.32988;3.6138;
1.28139;3.33012;3.61346;
1.28149;3.33036;3.6138;
1.28159;3.33059;3.61346;
1.28169;3.33083;3.6138;
1.28179;3.33107;3.61346;
1.28189;3.33131;3.6138;
1.28199;3.33154;3.61346;
1.28209;3.33178;3.6138;
1.28219;3.33202;3.61346;
1.28229;3.33226;3.6138;
1.28239;3.3325;3.61346;
1.28249;3.33273;3.6138;
1.28259;3.33297;3.61346;
1.28269;3.33321;3.6138;
1.28279;3.33345;3.61346;
1.28289;3.33368;3.6138;
1.28299;3.33392;3.61346;
1.28309;3.33416;3.6138;
1.28319;3.3344;3.61346;
1.28329;3.33463;3.6138;
1.28339;3.33487;3.61346;
1.28349;3.33511;3.6138;
1.28359;3.33534;3.61346;
1.28369;3.33558;3.6138;
1.28379;3.33582;3.61346;
1.28389;3.33606;3.6138;
1.28399;3.33629;3.61346;
1.28409;3.33653;3.6138;
1.28419;3.33677;3.61346;
1.28429;3.337;3.6138;
1.28439;3.33724;3.61346;
1.28449;3.33748;3.6138;
1.28459;3.33771;3.61346;
1.28469;3.33795;3.6138;
1.28479;3.33819;3.61346;
1.28489;3.33842;3.6138;
1.28499;3.33866;3.61346;
1.28509;3.3389;3.6138;
1.28519;3.33913;3.61346;
1.28529;3.33937;3.6138;
1.28539;3.33961;3.61346;
1.28549;3.33984;3.6138;
1.28559;3.34008;3.61346;
1.28569;3.34032;3.6138;
1.28579;3.34055;3.61346;
1.28589;3.34079;3.6138;
1.28599;3.34103;3.61346;
1.28609;3.34126;3.6138;
1.28619;3.3415;3.61346;
1.28629;3.34174;3.6138;
1.28639;3.34197;3.61346;
1.28649;3.34221;3.6138;
1.28659;3.34244;3.61346;
1.28669;3.34268;3.6138;
1.28679;3.34292;3.61346;
1.28689;3.34315;3.6138;
1.28699;3.34339;3.61346;
1.28709;3.34362;3.6138;
1.28719;3.34386;3.61346;
1.28729;3.3441;3.6138;
1.28739;3.34433;3.61346;
1.28749;3.34457;3.6138;
1.28759;3.3448;3.61346;
1.28769;3.34504;3.6138;
1.28779;3.34528;3.61346;
1.28789;3.34551;3.6138;
1.28799;3.34575;3.61346;
1.28809;3.34598;3.6138;
1.28819;3.34622;3.61346;
1.28829;3.34645;3.6138;
1.28839;3.34669;3.61346;
1.28849;3.34692;3.6138;
1.28859;3.34716;3.61346;
1.28869;3.3474;3.6138;
1.28879;3.34763;3.61346;
1.28889;3.34787;3.6138;
1.28899;3.3481;3.61346;
1.28909;3.34834;3.6138;
1.28919;3.34857;3.61346;
1.28929;3.34881;3.6138;
1.28939;3.34904;3.61346;
1.28949;3.34928;3.6138;
1.28959;3.34951;3.61346;
1.28969;3.34975;3.6138;
1.28979;3.34998;3.61346;
1.28989;3.35022;3.6138;
1.28999;3.35045;3.61346;
1.29009;3.35069;3.6138;
1.29019;3.35092;3.61346;
1.29029;3.35116;3.6138;
1.29039;3.35139;3.61346;
1.29049;3.35163;3.6138;
1.29059;3.35186;3.61346;
1.29069;3.3521;3.6138;
1.29079;3.35233;3.61346;
1.29089;3.35257;3.6138;
1.29099;3.3528;3.61346;
1.29109;3.35304;3.6138;
1.29119;3.35327;3.61346;
1.29129;3.3535;3.6138;
1.29139;3.35374;3.61346;
1.29149;3.35397;3.6138;
1.29159;3.35421;3.61346;
1.29169;3.35444;3.6138;
1.29179;3.35468;3.61346;
1.29189;3.35491;3.6138;
1.29199;3.35515;3.61346;
1.29209;3.35538;3.6138;
1.29219;3.35561;3.61346;
1.29229;3.35585;3.6138;
1.29239;3.35608;3.61346;
1.29249;3.35632;3.6138;
1.29259;3.35655;3.61346;
1.29269;3.35678;3.6138;
1.29279;3.35702;3.61346;
1.29289;3.35725;3.6138;
1.29299;3.35749;3.61346;
1.29309;3.35772;3.6138;
1.29319;3.35795;3.61346;
1.29329;3.35819;3.6138;
1.29339;3.35842;3.61346;
1.29349;3.35866;3.6138;
1.29359;3.35889;3.61346;
1.29369;3.35912;3.6138;
1.29379;3.35936;3.61346;
1.29389;3.35959;3.6138;
1.29399;3.35982;3.61346;
1.29409;3.36006;3.6138;
1.29419;3.36029;3.61346;
1.29429;3.36052;3.6138;
1.29439;3.36076;3.61346;
1.29449;3.36099;3.6138;
1.29459;3.36122;3.61346;
1.29469;3.36146;3.6138;
1.29479;3.36169;3.61346;
1.29489;3.36192;3.6138;
1.29499;3.36216;3.61346;
1.29509;3.36239;3.6138;
1.29519;3.36262;3.61346;
1.29529;3.36286;3.6138;
1.29539;3.36309;3.61346;
1.29549;3.36332;3.6138;
1.29559;3.36356;3.61346;
1.29569;3.36379;3.6138;
1.29579;3.36402;3.61346;
1.29589;3.36426;3.6138;
1.29599;3.36449;3.61346;
1.29609;3.36472;3.6138;
1.29619;3.36495;3.61346;
1.29629;3.36519;3.6138;
1.29639;3.36542;3.61346;
1.29649;3.36565;3.6138;
1.29659;3.36588;3.61346;
1.29669;3.36612;3.6138;
1.29679;3.36635;3.61346;
1.29689;3.36658;3.6138;
1.29699;3.36682;3.61346;
1.29709;3.36705;3.6138;
1.29719;3.36728;3.61346;
1.29729;3.36751;3.6138;
1.29739;3.36775;3.61346;
1.29749;3.36798;3.6138;
1.29759;3.36821;3.61346;
1.29769;3.36844;3.6138;
1.29779;3.36867;3.61346;
1.29789;3.36891;3.6138;
1.29799;3.36914;3.61346;
1.29809;3.36937;3.6138;
1.29819;3.3696;3.61346;
1.29829;3.36984;3.6138;
1.29839;3.37007;3.61346;
1.29849;3.3703;3.6138;
1.29859;3.37053;3.61346;
1.29869;3.37076;3.6138;
1.29879;3.371;3.61346;
1.29889;3.37123;3.6138;
1.29899;3.37146;3.61346;
1.29909;3.37169;3.6138;
1.29919;3.37192;3.61346;
1.29929;3.37215;3.6138;
1.29939;3.37239;3.61346;
1.29949;3.37262;3.6138;
1.29959;3.37285;3.61346;
1.29969;3.37308;3.6138;
1.29979;3.37331;3.61346;
1.29989;3.37354;3.6138;
1.29999;3.37378;3.61346;
1.30009;3.37401;3.6138;
1.30019;3.37424;3.61346;
1.30029;3.37447;3.6138;
1.30039;3.3747;3.61346;
1.30049;3.37493;3.6138;
1.30059;3.37516;3.61346;
1.30069;3.3754;3.6138;
1.30079;3.37563;3.61346;
1.30089;3.37586;3.6138;
1.30099;3.37609;3.61346;
1.30109;3.37632;3.6138;
1.30119;3.37655;3.61346;
1.30129;3.37678;3.6138;
1.30139;3.37701;3.61346;
1.30149;3.37724;3.6138;
1.30159;3.37748;3.61346;
1.30169;3.37771;3.6138;
1.30179;3.37794;3.61346;
1.30189;3.37817;3.6138;
1.30199;3.3784;3.61346;
1.30209;3.37863;3.6138;
1.30219;3.37886;3.61346;
1.30229;3.37909;3.6138;
1.30239;3.37932;3.61346;
1.30249;3.37955;3.6138;
1.30259;3.37978;3.61346;
1.30269;3.38001;3.6138;
1.30279;3.38024;3.61346;
1.30289;3.38048;3.6138;
1.30299;3.38071;3.61346;
1.30309;3.38094;3.6138;
1.30319;3.38117;3.61346;
1.30329;3.3814;3.6138;
1.30339;3.38163;3.61346;
1.30349;3.38186;3.6138;
1.30359;3.38209;3.61346;
1.30369;3.38232;3.6138;
1.30379;3.38255;3.61346;
1.30389;3.38278;3.6138;
1.30399;3.38301;3.61346;
1.30409;3.38324;3.6138;
1.3041;3.38327;3.61366;
1.30412;3.38331;3.61361;
1.30413;3.38334;3.61365;
1.30414;3.38336;3.6136;
1.30416;3.3834;3.61366;
1.30417;3.38343;3.6136;
1.30419;3.38347;3.61366;
1.30421;3.38352;3.61359;
1.30423;3.38348;0.00770897;
1.30425;3.38339;0.00769048;
1.30427;3.3833;0.00770864;
1.30428;3.3832;0.0076903;
1.3043;3.38309;0.00770805;
1.30433;3.38293;0.0076898;
1.30438;3.38267;0.00770837;
1.30446;3.38221;0.00768969;
1.30456;3.38165;0.00770783;
1.30466;3.38109;0.00768959;
1.30476;3.38053;0.00770772;
1.30486;3.37997;0.0076899;
1.30496;3.3794;0.00770764;
1.30506;3.37884;0.00768982;
1.30516;3.37828;0.00770756;
1.30526;3.37772;0.00768975;
1.30536;3.37716;0.00770749;
1.30546;3.3766;0.00768969;
1.30556;3.37604;0.00770744;
1.30566;3.37547;0.00768925;
1.30576;3.37491;0.00770739;
1.30586;3.37435;0.00768922;
1.30596;3.37379;0.00770736;
1.30606;3.37323;0.00768921;
1.30616;3.37267;0.00770734;
1.30626;3.37211;0.00768919;
1.30636;3.37155;0.00770733;
1.30646;3.37099;0.00768919;
1.30656;3.37043;0.00770731;
1.30666;3.36987;0.00768919;
1.30676;3.36931;0.0077073;
1.30686;3.36875;0.00768919;
1.30696;3.36819;0.0077073;
1.30706;3.36763;0.00768919;
1.30716;3.36707;0.00770729;
1.30726;3.36651;0.00768919;
1.30736;3.36595;0.00770728;
1.30746;3.36539;0.00768919;
1.30756;3.36483;0.00770728;
1.30766;3.36427;0.00768919;
1.30776;3.36371;0.00770727;
1.30786;3.36315;0.0076892;
1.30796;3.36259;0.00770727;
1.30806;3.36203;0.0076892;
1.30816;3.36148;0.00770726;
1.30826;3.36092;0.00768921;
1.30836;3.36036;0.00770726;
1.30846;3.3598;0.00768921;
1.30856;3.35924;0.00770725;
1.30866;3.35868;0.00768921;
1.30876;3.35813;0.00770725;
1.30886;3.35757;0.00768922;
1.30896;3.35701;0.00770725;
1.30906;3.35645;0.00768922;
1.30916;3.35589;0.00770724;
1.30926;3.35534;0.00768923;
1.30936;3.35478;0.00770724;
1.30946;3.35422;0.00768923;
1.30956;3.35366;0.00770723;
1.30966;3.35311;0.00768924;
1.30976;3.35255;0.00770723;
1.30986;3.35199;0.00768924;
1.30996;3.35143;0.00770722;
1.31006;3.35088;0.00768924;
1.31016;3.35032;0.00770722;
1.31026;3.34976;0.00768925;
1.31036;3.34921;0.00770721;
1.31046;3.34865;0.00768925;
1.31056;3.34809;0.00770721;
1.31066;3.34754;0.00768926;
1.31076;3.34698;0.00770721;
1.31086;3.34643;0.00768926;
1.31096;3.34587;0.0077072;
1.31106;3.34531;0.00768927;
1.31116;3.34476;0.0077072;
1.31126;3.3442;0.00768927;
1.31136;3.34365;0.00770719;
1.31146;3.34309;0.00768927;
1.31156;3.34254;0.00770719;
1.31166;3.34198;0.00768928;
1.31176;3.34142;0.00770718;
1.31186;3.34087;0.00768928;
1.31196;3.34031;0.00770718;
1.31206;3.33976;0.00768929;
1.31216;3.3392;0.00770718;
1.31226;3.33865;0.00768929;
1.31236;3.33809;0.00770717;
1.31246;3.33754;0.0076893;
1.31256;3.33699;0.00770717;
1.31266;3.33643;0.0076893;
1.31276;3.33588;0.00770716;
1.31286;3.33532;0.0076893;
1.31296;3.33477;0.00770716;
1.31306;3.33421;0.00768931;
1.31316;3.33366;0.00770715;
1.31326;3.33311;0.00768931;
1.31336;3.33255;0.00770715;
1.31346;3.332;0.00768932;
1.31356;3.33144;0.00770714;
1.31366;3.33089;0.00768932;
1.31376;3.33034;0.00770714;
1.31386;3.32978;0.00768933;
1.31396;3.32923;0.00770714;
1.31406;3.32868;0.00768933;
1.31416;3.32812;0.00770713;
1.31426;3.32757;0.00768933;
1.31436;3.32702;0.00770713;
1.31446;3.32647;0.00768934;
1.31456;3.32591;0.00770712;
1.31466;3.32536;0.00768934;
1.31476;3.32481;0.00770712;
1.31486;3.32426;0.00768935;
1.31496;3.3237;0.00770711;
1.31506;3.32315;0.00768935;
1.31516;3.3226;0.00770711;
1.31526;3.32205;0.00768936;
1.31536;3.3215;0.0077071;
1.31546;3.32094;0.00768936;
1.31556;3.32039;0.0077071;
1.31566;3.31984;0.00768936;
1.31576;3.31929;0.0077071;
1.31586;3.31874;0.00768937;
1.31596;3.31819;0.00770709;
1.31606;3.31764;0.00768937;
1.31616;3.31708;0.00770709;
1.31626;3.31653;0.00768938;
1.31636;3.31598;0.00770708;
1.31646;3.31543;0.00768938;
1.31656;3.31488;0.00770708;
1.31666;3.31433;0.00768939;
1.31676;3.31378;0.00770707;
1.31686;3.31323;0.00768939;
1.31696;3.31268;0.00770707;
1.31706;3.31213;0.00768939;
1.31716;3.31158;0.00770707;
1.31726;3.31103;0.0076894;
1.31736;3.31048;0.00770706;
1.31746;3.30993;0.0076894;
1.31756;3.30938;0.00770706;
1.31766;3.30883;0.00768941;
1.31776;3.30828;0.00770705;
1.31786;3.30773;0.00768941;
1.31796;3.30718;0.00770705;
1.31806;3.30663;0.00768942;
1.31816;3.30608;0.00770704;
1.31826;3.30553;0.00768942;
1.31836;3.30498;0.00770704;
1.31846;3.30443;0.00768943;
1.31856;3.30388;0.00770703;
1.31866;3.30334;0.00768943;
1.31876;3.30279;0.00770703;
1.31886;3.30224;0.00768943;
1.31896;3.30169;0.00770703;
1.31906;3.30114;0.00768944;
1.31916;3.30059;0.00770702;
1.31926;3.30004;0.00768944;
1.31936;3.2995;0.00770702;
1.31946;3.29895;0.00768945;
1.31956;3.2984;0.00770701;
1.31966;3.29785;0.00768945;
1.31976;3.2973;0.00770701;
1.31986;3.29676;0.00768946;
1.31996;3.29621;0.007707;
1.32006;3.29566;0.00768946;
1.32016;3.29511;0.007707;
1.32026;3.29457;0.00768946;
1.32036;3.29402;0.00770699;
1.32046;3.29347;0.00768947;
1.32056;3.29293;0.00770699;
1.32066;3.29238;0.00768947;
1.32076;3.29183;0.00770699;
1.32086;3.29129;0.00768948;
1.32096;3.29074;0.00770698;
1.32106;3.29019;0.00768948;
1.32116;3.28965;0.00770698;
1.32126;3.2891;0.00768949;
1.32136;3.28855;0.00770697;
1.32146;3.28801;0.00768949;
1.32156;3.28746;0.00770697;
1.32166;3.28691;0.00768949;
1.32176;3.28637;0.00770696;
1.32186;3.28582;0.0076895;
1.32196;3.28528;0.00770696;
1.32206;3.28473;0.0076895;
1.32216;3.28419;0.00770695;
1.32226;3.28364;0.00768951;
1.32236;3.28309;0.00770695;
1.32246;3.28255;0.00768951;
1.32256;3.282;0.00770695;
1.32266;3.28146;0.00768952;
1.32276;3.28091;0.00770694;
1.32286;3.28037;0.00768952;
1.32296;3.27982;0.00770694;
1.32306;3.27928;0.00768952;
1.32316;3.27874;0.00770693;
1.32326;3.27819;0.00768953;
1.32336;3.27765;0.00770693;
1.32346;3.2771;0.00768953;
1.32356;3.27656;0.00770692;
1.32366;3.27601;0.00768954;
1.32376;3.27547;0.00770692;
1.32386;3.27493;0.00768954;
1.32396;3.27438;0.00770691;
1.32406;3.27384;0.00768955;
1.32416;3.27329;0.00770691;
1.32426;3.27275;0.00768955;
1.32436;3.27221;0.00770691;
1.32446;3.27166;0.00768955;
1.32456;3.27112;0.0077069;
1.32466;3.27058;0.00768956;
1.32476;3.27003;0.0077069;
1.32486;3.26949;0.00768956;
1.32496;3.26895;0.00770689;
1.32506;3.2684;0.00768957;
1.32516;3.26786;0.00770689;
1.32526;3.26732;0.00768957;
1.32536;3.26678;0.00770688;
1.32546;3.26623;0.00768958;
1.32556;3.26569;0.00770688;
1.32566;3.26515;0.00768958;
1.32576;3.26461;0.00770687;
1.32586;3.26406;0.00768959;
1.32596;3.26352;0.00770687;
1.32606;3.26298;0.00768959;
1.32616;3.26244;0.00770686;
1.32626;3.2619;0.00768959;
1.32636;3.26136;0.00770686;
1.32646;3.26081;0.0076896;
1.32656;3.26027;0.00770686;
1.32666;3.25973;0.0076896;
1.32676;3.25919;0.00770685;
1.32686;3.25865;0.00768961;
1.32696;3.25811;0.00770685;
1.32706;3.25757;0.00768961;
1.32716;3.25703;0.00770684;
1.32726;3.25648;0.00768962;
1.32736;3.25594;0.00770684;
1.32746;3.2554;0.00768962;
1.32756;3.25486;0.00770683;
1.32766;3.25432;0.00768962;
1.32776;3.25378;0.00770683;
1.32786;3.25324;0.00768963;
1.32796;3.2527;0.00770682;
1.32806;3.25216;0.00768963;
1.32816;3.25162;0.00770682;
1.32826;3.25108;0.00768964;
1.32836;3.25054;0.00770682;
1.32846;3.25;0.00768964;
1.32856;3.24946;0.00770681;
1.32866;3.24892;0.00768965;
1.32876;3.24838;0.00770681;
1.32886;3.24784;0.00768965;
1.32896;3.2473;0.0077068;
1.32906;3.24676;0.00768965;
1.32916;3.24623;0.0077068;
1.32926;3.24569;0.00768966;
1.32936;3.24515;0.00770679;
1.32946;3.24461;0.00768966;
1.32956;3.24407;0.00770679;
1.32966;3.24353;0.00768967;
1.32976;3.24299;0.00770678;
1.32986;3.24245;0.00768967;
1.32996;3.24192;0.00770678;
1.33006;3.24138;0.00768968;
1.33016;3.24084;0.00770677;
1.33026;3.2403;0.00768968;
1.33036;3.23976;0.00770677;
1.33046;3.23923;0.00768968;
1.33056;3.23869;0.00770677;
1.33066;3.23815;0.00768969;
1.33076;3.23761;0.00770676;
1.33086;3.23707;0.00768969;
1.33096;3.23654;0.00770676;
1.33106;3.236;0.0076897;
1.33116;3.23546;0.00770675;
1.33126;3.23493;0.0076897;
1.33136;3.23439;0.00770675;
1.33146;3.23385;0.00768971;
1.33156;3.23331;0.00770674;
1.33166;3.23278;0.00768971;
1.33176;3.23224;0.00770674;
1.33186;3.2317;0.00768971;
1.33196;3.23117;0.00770673;
1.33206;3.23063;0.00768972;
1.33216;3.23009;0.00770673;
1.33226;3.22956;0.00768972;
1.33236;3.22902;0.00770672;
1.33246;3.22849;0.00768973;
1.33256;3.22795;0.00770672;
1.33266;3.22741;0.00768973;
1.33276;3.22688;0.00770672;
1.33286;3.22634;0.00768974;
1.33296;3.22581;0.00770671;
1.33306;3.22527;0.00768974;
1.33316;3.22474;0.00770671;
1.33326;3.2242;0.00768975;
1.33336;3.22366;0.0077067;
1.33346;3.22313;0.00768975;
1.33356;3.22259;0.0077067;
1.33366;3.22206;0.00768975;
1.33376;3.22152;0.00770669;
1.33386;3.22099;0.00768976;
1.33396;3.22045;0.00770669;
1.33406;3.21992;0.00768976;
1.33416;3.21939;0.00770668;
1.33426;3.21885;0.00768977;
1.33436;3.21832;0.00770668;
1.33446;3.21778;0.00768977;
1.33456;3.21725;0.00770667;
1.33466;3.21671;0.00768978;
1.33476;3.21618;0.00770667;
1.33486;3.21565;0.00768978;
1.33496;3.21511;0.00770667;
1.33506;3.21458;0.00768978;
1.33516;3.21404;0.00770666;
1.33526;3.21351;0.00768979;
1.33536;3.21298;0.00770666;
1.33546;3.21244;0.00768979;
1.33556;3.21191;0.00770665;
1.33566;3.21138;0.0076898;
1.33576;3.21084;0.00770665;
1.33586;3.21031;0.0076898;
1.33596;3.20978;0.00770664;
1.33606;3.20925;0.00768981;
1.33616;3.20871;0.00770664;
1.33626;3.20818;0.00768981;
1.33636;3.20765;0.00770663;
1.33646;3.20711;0.00768981;
1.33656;3.20658;0.00770663;
1.33666;3.20605;0.00768982;
1.33676;3.20552;0.00770662;
1.33686;3.20499;0.00768982;
1.33696;3.20445;0.00770662;
1.33706;3.20392;0.00768983;
1.33716;3.20339;0.00770662;
1.33726;3.20286;0.00768983;
1.33736;3.20233;0.00770661;
1.33746;3.20179;0.00768984;
1.33756;3.20126;0.00770661;
1.33766;3.20073;0.00768984;
1.33776;3.2002;0.0077066;
1.33786;3.19967;0.00768984;
1.33796;3.19914;0.0077066;
1.33806;3.19861;0.00768985;
1.33816;3.19808;0.00770659;
1.33826;3.19754;0.00768985;
1.33836;3.19701;0.00770659;
1.33846;3.19648;0.00768986;
1.33856;3.19595;0.00770658;
1.33866;3.19542;0.00768986;
1.33876;3.19489;0.00770658;
1.33886;3.19436;0.00768987;
1.33896;3.19383;0.00770657;
1.33906;3.1933;0.00768987;
1.33916;3.19277;0.00770657;
1.33926;3.19224;0.00768988;
1.33936;3.19171;0.00770657;
1.33946;3.19118;0.00768988;
1.33956;3.19065;0.00770656;
1.33966;3.19012;0.00768988;
1.33976;3.18959;0.00770656;
1.33986;3.18906;0.00768989;
1.33996;3.18853;0.00770655;
1.34006;3.188;0.00768989;
1.34016;3.18747;0.00770655;
1.34026;3.18694;0.0076899;
1.34036;3.18642;0.00770654;
1.34046;3.18589;0.0076899;
1.34056;3.18536;0.00770654;
1.34066;3.18483;0.00768991;
1.34076;3.1843;0.00770653;
1.34086;3.18377;0.00768991;
1.34096;3.18324;0.00770653;
1.34106;3.18271;0.00768991;
1.34116;3.18219;0.00770652;
1.34126;3.18166;0.00768992;
1.34136;3.18113;0.00770652;
1.34146;3.1806;0.00768992;
1.34156;3.18007;0.00770652;
1.34166;3.17955;0.00768993;
1.34176;3.17902;0.00770651;
1.34186;3.17849;0.00768993;
1.34196;3.17796;0.00770651;
1.34206;3.17744;0.00768994;
1.34216;3.17691;0.0077065;
1.34226;3.17638;0.00768994;
1.34236;3.17585;0.0077065;
1.34246;3.17533;0.00768994;
1.34256;3.1748;0.00770649;
1.34266;3.17427;0.00768995;
1.34276;3.17375;0.00770649;
1.34286;3.17322;0.00768995;
1.34296;3.17269;0.00770648;
1.34306;3.17216;0.00768996;
1.34316;3.17164;0.00770648;
1.34326;3.17111;0.00768996;
1.34336;3.17059;0.00770647;
1.34346;3.17006;0.00768997;
1.34356;3.16953;0.00770647;
1.34366;3.16901;0.00768997;
1.34376;3.16848;0.00770646;
1.34386;3.16795;0.00768997;
1.34396;3.16743;0.00770646;
1.34406;3.1669;0.00768998;
1.34416;3.16638;0.00770646;
1.34426;3.16585;0.00768998;
1.34436;3.16533;0.00770645;
1.34446;3.1648;0.00768999;
1.34456;3.16428;0.00770645;
1.34466;3.16375;0.00768999;
1.34476;3.16323;0.00770644;
1.34486;3.1627;0.00769;
1.34496;3.16218;0.00770644;
1.34506;3.16165;0.00769;
1.34516;3.16113;0.00770643;
1.34526;3.1606;0.00769001;
1.34536;3.16008;0.00770643;
1.34546;3.15955;0.00769001;
1.34556;3.15903;0.00770642;
1.34566;3.1585;0.00769001;
1.34576;3.15798;0.00770642;
1.34586;3.15745;0.00769002;
1.34596;3.15693;0.00770641;
1.34606;3.15641;0.00769002;
1.34616;3.15588;0.00770641;
1.34626;3.15536;0.00769003;
1.34636;3.15483;0.0077064;
1.34646;3.15431;0.00769003;
1.34656;3.15379;0.0077064;
1.34666;3.15326;0.00769004;
1.34676;3.15274;0.0077064;
1.34686;3.15222;0.00769004;
1.34696;3.15169;0.00770639;
1.34706;3.15117;0.00769004;
1.34716;3.15065;0.00770639;
1.34726;3.15013;0.00769005;
1.34736;3.1496;0.00770638;
1.34746;3.14908;0.00769005;
1.34756;3.14856;0.00770638;
1.34766;3.14803;0.00769006;
1.34776;3.14751;0.00770637;
1.34786;3.14699;0.00769006;
1.34796;3.14647;0.00770637;
1.34806;3.14594;0.00769007;
1.34816;3.14542;0.00770636;
1.34826;3.1449;0.00769007;
1.34836;3.14438;0.00770636;
1.34846;3.14386;0.00769007;
1.34856;3.14333;0.00770635;
1.34866;3.14281;0.00769008;
1.34876;3.14229;0.00770635;
1.34886;3.14177;0.00769008;
1.34896;3.14125;0.00770634;
1.34906;3.14073;0.00769009;
1.34916;3.14021;0.00770634;
1.34926;3.13968;0.00769009;
1.34936;3.13916;0.00770634;
1.34946;3.13864;0.0076901;
1.34956;3.13812;0.00770633;
1.34966;3.1376;0.0076901;
1.34976;3.13708;0.00770633;
1.34986;3.13656;0.0076901;
1.34996;3.13604;0.00770632;
1.35006;3.13552;0.00769011;
1.35016;3.135;0.00770632;
1.35026;3.13448;0.00769011;
1.35036;3.13396;0.00770631;
1.35046;3.13344;0.00769012;
1.35056;3.13292;0.00770631;
1.35066;3.1324;0.00769012;
1.35076;3.13188;0.0077063;
1.35086;3.13136;0.00769013;
1.35096;3.13084;0.0077063;
1.35106;3.13032;0.00769013;
1.35116;3.1298;0.00770629;
1.35126;3.12928;0.00769013;
1.35136;3.12876;0.00770629;
1.35146;3.12824;0.00769014;
1.35156;3.12772;0.00770628;
1.35166;3.1272;0.00769014;
1.35176;3.12668;0.00770628;
1.35186;3.12616;0.00769015;
1.35196;3.12564;0.00770628;
1.35206;3.12513;0.00769015;
1.35216;3.12461;0.00770627;
1.35226;3.12409;0.00769016;
1.35236;3.12357;0.00770627;
1.35246;3.12305;0.00769016;
1.35256;3.12253;0.00770626;
1.35266;3.12202;0.00769017;
1.35276;3.1215;0.00770626;
1.35286;3.12098;0.00769017;
1.35296;3.12046;0.00770625;
1.35306;3.11994;0.00769017;
1.35316;3.11943;0.00770625;
1.35326;3.11891;0.00769018;
1.35336;3.11839;0.00770624;
1.35346;3.11787;0.00769018;
1.35356;3.11736;0.00770624;
1.35366;3.11684;0.00769019;
1.35376;3.11632;0.00770623;
1.35386;3.1158;0.00769019;
1.35396;3.11529;0.00770623;
1.35406;3.11477;0.0076902;
1.35416;3.11425;0.00770622;
1.35426;3.11374;0.0076902;
1.35436;3.11322;0.00770622;
1.35446;3.1127;0.0076902;
1.35456;3.11219;0.00770622;
1.35466;3.11167;0.00769021;
1.35476;3.11115;0.00770621;
1.35486;3.11064;0.00769021;
1.35496;3.11012;0.00770621;
1.35506;3.1096;0.00769022;
1.35516;3.10909;0.0077062;
1.35526;3.10857;0.00769022;
1.35536;3.10806;0.0077062;
1.35546;3.10754;0.00769023;
1.35556;3.10702;0.00770619;
1.35566;3.10651;0.00769023;
1.35576;3.10599;0.00770619;
1.35586;3.10548;0.00769023;
1.35596;3.10496;0.00770618;
1.35606;3.10445;0.00769024;
1.35616;3.10393;0.00770618;
1.35626;3.10342;0.00769024;
1.35636;3.1029;0.00770617;
1.35646;3.10239;0.00769025;
1.35656;3.10187;0.00770617;
1.35666;3.10136;0.00769025;
1.35676;3.10084;0.00770616;
1.35686;3.10033;0.00769026;
1.35696;3.09981;0.00770616;
1.35706;3.0993;0.00769026;
1.35716;3.09878;0.00770616;
1.35726;3.09827;0.00769026;
1.35736;3.09776;0.00770615;
1.35746;3.09724;0.00769027;
1.35756;3.09673;0.00770615;
1.35766;3.09621;0.00769027;
1.35776;3.0957;0.00770614;
1.35786;3.09519;0.00769028;
1.35796;3.09467;0.00770614;
1.35806;3.09416;0.00769028;
1.35816;3.09365;0.00770613;
1.35826;3.09313;0.00769029;
1.35836;3.09262;0.00770613;
1.35846;3.09211;0.00769029;
1.35856;3.09159;0.00770612;
1.35866;3.09108;0.00769029;
1.35876;3.09057;0.00770612;
1.35886;3.09005;0.0076903;
1.35896;3.08954;0.00770611;
1.35906;3.08903;0.0076903;
1.35916;3.08851;0.00770611;
1.35926;3.088;0.00769031;
1.35936;3.08749;0.0077061;
1.35946;3.08698;0.00769031;
1.35956;3.08647;0.0077061;
1.35966;3.08595;0.00769032;
1.35976;3.08544;0.00770609;
1.35986;3.08493;0.00769032;
1.35996;3.08442;0.00770609;
1.36006;3.0839;0.00769033;
1.36016;3.08339;0.00770609;
1.36026;3.08288;0.00769033;
1.36036;3.08237;0.00770608;
1.36046;3.08186;0.00769033;
1.36056;3.08135;0.00770608;
1.36066;3.08084;0.00769034;
1.36076;3.08032;0.00770607;
1.36086;3.07981;0.00769034;
1.36096;3.0793;0.00770607;
1.36106;3.07879;0.00769035;
1.36116;3.07828;0.00770606;
1.36126;3.07777;0.00769035;
1.36136;3.07726;0.00770606;
1.36146;3.07675;0.00769036;
1.36156;3.07624;0.00770605;
1.36166;3.07573;0.00769036;
1.36176;3.07522;0.00770605;
1.36186;3.07471;0.00769036;
1.36196;3.0742;0.00770604;
1.36206;3.07369;0.00769037;
1.36216;3.07318;0.00770604;
1.36226;3.07267;0.00769037;
1.36236;3.07216;0.00770603;
1.36246;3.07165;0.00769038;
1.36256;3.07114;0.00770603;
1.36266;3.07063;0.00769038;
1.36276;3.07012;0.00770602;
1.36286;3.06961;0.00769039;
1.36296;3.0691;0.00770602;
1.36306;3.06859;0.00769039;
1.36316;3.06808;0.00770602;
1.36326;3.06757;0.00769039;
1.36336;3.06706;0.00770601;
1.36346;3.06655;0.0076904;
1.36356;3.06604;0.00770601;
1.36366;3.06553;0.0076904;
1.36376;3.06503;0.007706;
1.36386;3.06452;0.00769041;
1.36396;3.06401;0.007706;
1.36406;3.0635;0.00769041;
1.36416;3.06299;0.00770599;
1.36426;3.06248;0.00769042;
1.36436;3.06198;0.00770599;
1.36446;3.06147;0.00769042;
1.36456;3.06096;0.00770598;
1.36466;3.06045;0.00769042;
1.36476;3.05994;0.00770598;
1.36486;3.05944;0.00769043;
1.36496;3.05893;0.00770597;
1.36506;3.05842;0.00769043;
1.36516;3.05791;0.00770597;
1.36526;3.05741;0.00769044;
1.36536;3.0569;0.00770596;
1.36546;3.05639;0.00769044;
1.36556;3.05588;0.00770596;
1.36566;3.05538;0.00769045;
1.36576;3.05487;0.00770595;
1.36586;3.05436;0.00769045;
1.36596;3.05386;0.00770595;
1.36606;3.05335;0.00769045;
1.36616;3.05284;0.00770595;
1.36626;3.05234;0.00769046;
1.36636;3.05183;0.00770594;
1.36646;3.05132;0.00769046;
1.36656;3.05082;0.00770594;
1.36666;3.05031;0.00769047;
1.36676;3.0498;0.00770593;
1.36686;3.0493;0.00769047;
1.36696;3.04879;0.00770593;
1.36706;3.04829;0.00769048;
1.36716;3.04778;0.00770592;
1.36726;3.04727;0.00769048;
1.36736;3.04677;0.00770592;
1.36746;3.04626;0.00769048;
1.36756;3.04576;0.00770591;
1.36766;3.04525;0.00769049;
1.36776;3.04475;0.00770591;
1.36786;3.04424;0.00769049;
1.36796;3.04374;0.0077059;
1.36806;3.04323;0.0076905;
1.36816;3.04273;0.0077059;
1.36826;3.04222;0.0076905;
1.36836;3.04172;0.00770589;
1.36846;3.04121;0.00769051;
1.36856;3.04071;0.00770589;
1.36866;3.0402;0.00769051;
1.36876;3.0397;0.00770588;
1.36886;3.03919;0.00769051;
1.36896;3.03869;0.00770588;
1.36906;3.03819;0.00769052;
1.36916;3.03768;0.00770588;
1.36926;3.03718;0.00769052;
1.36936;3.03667;0.00770587;
1.36946;3.03617;0.00769053;
1.36956;3.03567;0.00770587;
1.36966;3.03516;0.00769053;
1.36976;3.03466;0.00770586;
1.36986;3.03415;0.00769054;
1.36996;3.03365;0.00770586;
1.37006;3.03315;0.00769054;
1.37016;3.03264;0.00770585;
1.37026;3.03214;0.00769054;
1.37036;3.03164;0.00770585;
1.37046;3.03114;0.00769055;
1.37056;3.03063;0.00770584;
1.37066;3.03013;0.00769055;
1.37076;3.02963;0.00770584;
1.37086;3.02912;0.00769056;
1.37096;3.02862;0.00770583;
1.37106;3.02812;0.00769056;
1.37116;3.02762;0.00770583;
1.37126;3.02711;0.00769057;
1.37136;3.02661;0.00770582;
1.37146;3.02611;0.00769057;
1.37156;3.02561;0.00770582;
1.37166;3.02511;0.00769057;
1.37176;3.0246;0.00770581;
1.37186;3.0241;0.00769058;
1.37196;3.0236;0.00770581;
1.37206;3.0231;0.00769058;
1.37216;3.0226;0.00770581;
1.37226;3.02209;0.00769059;
1.37236;3.02159;0.0077058;
1.37246;3.02109;0.00769059;
1.37256;3.02059;0.0077058;
1.37266;3.02009;0.0076906;
1.37276;3.01959;0.00770579;
1.37286;3.01909;0.0076906;
1.37296;3.01859;0.00770579;
1.37306;3.01809;0.0076906;
1.37316;3.01758;0.00770578;
1.37326;3.01708;0.00769061;
1.37336;3.01658;0.00770578;
1.37346;3.01608;0.00769061;
1.37356;3.01558;0.00770577;
1.37366;3.01508;0.00769062;
1.37376;3.01458;0.00770577;
1.37386;3.01408;0.00769062;
1.37396;3.01358;0.00770576;
1.37406;3.01308;0.00769063;
1.37416;3.01258;0.00770576;
1.37426;3.01208;0.00769063;
1.37436;3.01158;0.00770575;
1.37446;3.01108;0.00769063;
1.37456;3.01058;0.00770575;
1.37466;3.01008;0.00769064;
1.37476;3.00958;0.00770574;
1.37486;3.00908;0.00769064;
1.37496;3.00859;0.00770574;
1.37506;3.00809;0.00769065;
1.37516;3.00759;0.00770574;
1.37526;3.00709;0.00769065;
1.37536;3.00659;0.00770573;
1.37546;3.00609;0.00769066;
1.37556;3.00559;0.00770573;
1.37566;3.00509;0.00769066;
1.37576;3.00459;0.00770572;
1.37586;3.0041;0.00769066;
1.37596;3.0036;0.00770572;
1.37606;3.0031;0.00769067;
1.37616;3.0026;0.00770571;
1.37626;3.0021;0.00769067;
1.37636;3.0016;0.00770571;
1.37646;3.00111;0.00769068;
1.37656;3.00061;0.0077057;
1.37666;3.00011;0.00769068;
1.37676;2.99961;0.0077057;
1.37686;2.99911;0.00769069;
1.37696;2.99862;0.00770569;
1.37706;2.99812;0.00769069;
1.37716;2.99762;0.00770569;
1.37726;2.99712;0.00769069;
1.37736;2.99663;0.00770568;
1.37746;2.99613;0.0076907;
1.37756;2.99563;0.00770568;
1.37766;2.99514;0.0076907;
1.37776;2.99464;0.00770567;
1.37786;2.99414;0.00769071;
1.37796;2.99365;0.00770567;
1.37806;2.99315;0.00769071;
1.37816;2.99265;0.00770567;
1.37826;2.99216;0.00769072;
1.37836;2.99166;0.00770566;
1.37846;2.99116;0.00769072;
1.37856;2.99067;0.00770566;
1.37866;2.99017;0.00769072;
1.37876;2.98967;0.00770565;
1.37886;2.98918;0.00769073;
1.37896;2.98868;0.00770565;
1.37906;2.98819;0.00769073;
1.37916;2.98769;0.00770564;
1.37926;2.98719;0.00769074;
1.37936;2.9867;0.00770564;
1.37946;2.9862;0.00769074;
1.37956;2.98571;0.00770563;
1.37966;2.98521;0.00769075;
1.37976;2.98472;0.00770563;
1.37986;2.98422;0.00769075;
1.37996;2.98373;0.00770562;
1.38006;2.98323;0.00769075;
1.38016;2.98274;0.00770562;
1.38026;2.98224;0.00769076;
1.38036;2.98175;0.00770561;
1.38046;2.98125;0.00769076;
1.38056;2.98076;0.00770561;
1.38066;2.98026;0.00769077;
1.38076;2.97977;0.0077056;
1.38086;2.97927;0.00769077;
1.38096;2.97878;0.0077056;
1.38106;2.97829;0.00769078;
1.38116;2.97779;0.00770559;
1.38126;2.9773;0.00769078;
1.38136;2.9768;0.00770559;
1.38146;2.97631;0.00769078;
1.38156;2.97582;0.00770559;
1.38166;2.97532;0.00769079;
1.38176;2.97483;0.00770558;
1.38186;2.97434;0.00769079;
1.38196;2.97384;0.00770558;
1.38206;2.97335;0.0076908;
1.38216;2.97286;0.00770557;
1.38226;2.97236;0.0076908;
1.38236;2.97187;0.00770557;
1.38246;2.97138;0.00769081;
1.38256;2.97088;0.00770556;
1.38266;2.97039;0.00769081;
1.38276;2.9699;0.00770556;
1.38286;2.9694;0.00769081;
1.38296;2.96891;0.00770555;
1.38306;2.96842;0.00769082;
1.38316;2.96793;0.00770555;
1.38326;2.96743;0.00769082;
1.38336;2.96694;0.00770554;
1.38346;2.96645;0.00769083;
1.38356;2.96596;0.00770554;
1.38366;2.96547;0.00769083;
1.38376;2.96497;0.00770553;
1.38386;2.96448;0.00769084;
1.38396;2.96399;0.00770553;
1.38406;2.9635;0.00769084;
1.38416;2.96301;0.00770552;
1.38426;2.96251;0.00769084;
1.38436;2.96202;0.00770552;
1.38446;2.96153;0.00769085;
1.38456;2.96104;0.00770552;
1.38466;2.96055;0.00769085;
1.38476;2.96006;0.00770551;
1.38486;2.95957;0.00769086;
1.38496;2.95908;0.00770551;
1.38506;2.95858;0.00769086;
1.38516;2.95809;0.0077055;
1.38526;2.9576;0.00769087;
1.38536;2.95711;0.0077055;
1.38546;2.95662;0.00769087;
1.38556;2.95613;0.00770549;
1.38566;2.95564;0.00769087;
1.38576;2.95515;0.00770549;
1.38586;2.95466;0.00769088;
1.38596;2.95417;0.00770548;
1.38606;2.95368;0.00769088;
1.38616;2.95319;0.00770548;
1.38626;2.9527;0.00769089;
1.38636;2.95221;0.00770547;
1.38646;2.95172;0.00769089;
1.38656;2.95123;0.00770547;
1.38666;2.95074;0.0076909;
1.38676;2.95025;0.00770546;
1.38686;2.94976;0.0076909;
1.38696;2.94927;0.00770546;
1.38706;2.94878;0.0076909;
1.38716;2.94829;0.00770545;
1.38726;2.94781;0.00769091;
1.38736;2.94732;0.00770545;
1.38746;2.94683;0.00769091;
1.38756;2.94634;0.00770545;
1.38766;2.94585;0.00769092;
1.38776;2.94536;0.00770544;
1.38786;2.94487;0.00769092;
1.38796;2.94438;0.00770544;
1.38806;2.94389;0.00769093;
1.38816;2.94341;0.00770543;
1.38826;2.94292;0.00769093;
1.38836;2.94243;0.00770543;
1.38846;2.94194;0.00769093;
1.38856;2.94145;0.00770542;
1.38866;2.94097;0.00769094;
1.38876;2.94048;0.00770542;
1.38886;2.93999;0.00769094;
1.38896;2.9395;0.00770541;
1.38906;2.93901;0.00769095;
1.38916;2.93853;0.00770541;
1.38926;2.93804;0.00769095;
1.38936;2.93755;0.0077054;
1.38946;2.93706;0.00769096;
1.38956;2.93658;0.0077054;
1.38966;2.93609;0.00769096;
1.38976;2.9356;0.00770539;
1.38986;2.93512;0.00769096;
1.38996;2.93463;0.00770539;
1.39006;2.93414;0.00769097;
1.39016;2.93366;0.00770538;
1.39026;2.93317;0.00769097;
1.39036;2.93268;0.00770538;
1.39046;2.9322;0.00769098;
1.39056;2.93171;0.00770537;
1.39066;2.93122;0.00769098;
1.39076;2.93074;0.00770537;
1.39086;2.93025;0.00769098;
1.39096;2.92976;0.00770537;
1.39106;2.92928;0.00769099;
1.39116;2.92879;0.00770536;
1.39126;2.92831;0.00769099;
1.39136;2.92782;0.00770536;
1.39146;2.92733;0.007691;
1.39156;2.92685;0.00770535;
1.39166;2.92636;0.007691;
1.39176;2.92588;0.00770535;
1.39186;2.92539;0.00769101;
1.39196;2.92491;0.00770534;
1.39206;2.92442;0.00769101;
1.39216;2.92394;0.00770534;
1.39226;2.92345;0.00769101;
1.39236;2.92297;0.00770533;
1.39246;2.92248;0.00769102;
1.39256;2.922;0.00770533;
1.39266;2.92151;0.00769102;
1.39276;2.92103;0.00770532;
1.39286;2.92054;0.00769103;
1.39296;2.92006;0.00770532;
1.39306;2.91957;0.00769103;
1.39316;2.91909;0.00770531;
1.39326;2.91861;0.00769104;
1.39336;2.91812;0.00770531;
1.39346;2.91764;0.00769104;
1.39356;2.91715;0.0077053;
1.39366;2.91667;0.00769104;
1.39376;2.91619;0.0077053;
1.39386;2.9157;0.00769105;
1.39396;2.91522;0.0077053;
1.39406;2.91473;0.00769105;
1.39416;2.91425;0.00770529;
1.39426;2.91377;0.00769106;
1.39436;2.91328;0.00770529;
1.39446;2.9128;0.00769106;
1.39456;2.91232;0.00770528;
1.39466;2.91183;0.00769107;
1.39476;2.91135;0.00770528;
1.39486;2.91087;0.00769107;
1.39496;2.91039;0.00770527;
1.39506;2.9099;0.00769107;
1.39516;2.90942;0.00770527;
1.39526;2.90894;0.00769108;
1.39536;2.90846;0.00770526;
1.39546;2.90797;0.00769108;
1.39556;2.90749;0.00770526;
1.39566;2.90701;0.00769109;
1.39576;2.90653;0.00770525;
1.39586;2.90604;0.00769109;
1.39596;2.90556;0.00770525;
1.39606;2.90508;0.0076911;
1.39616;2.9046;0.00770524;
1.39626;2.90412;0.0076911;
1.39636;2.90363;0.00770524;
1.39646;2.90315;0.0076911;
1.39656;2.90267;0.00770523;
1.39666;2.90219;0.00769111;
1.39676;2.90171;0.00770523;
1.39686;2.90123;0.00769111;
1.39696;2.90074;0.00770523;
1.39706;2.90026;0.00769112;
1.39716;2.89978;0.00770522;
1.39726;2.8993;0.00769112;
1.39736;2.89882;0.00770522;
1.39746;2.89834;0.00769112;
1.39756;2.89786;0.00770521;
1.39766;2.89738;0.00769113;
1.39776;2.8969;0.00770521;
1.39786;2.89642;0.00769113;
1.39796;2.89594;0.0077052;
1.39806;2.89546;0.00769114;
1.39816;2.89498;0.0077052;
1.39826;2.8945;0.00769114;
1.39836;2.89402;0.00770519;
1.39846;2.89354;0.00769115;
1.39856;2.89306;0.00770519;
1.39866;2.89258;0.00769115;
1.39876;2.8921;0.00770518;
1.39886;2.89162;0.00769115;
1.39896;2.89114;0.00770518;
1.39906;2.89066;0.00769116;
1.39916;2.89018;0.00770517;
1.39926;2.8897;0.00769116;
1.39936;2.88922;0.00770517;
1.39946;2.88874;0.00769117;
1.39956;2.88826;0.00770516;
1.39966;2.88778;0.00769117;
1.39976;2.8873;0.00770516;
1.39986;2.88682;0.00769118;
1.39996;2.88634;0.00770515;
1.40006;2.88586;0.00769118;
1.40016;2.88539;0.00770515;
1.40026;2.88491;0.00769118;
1.40036;2.88443;0.00770515;
1.40046;2.88395;0.00769119;
1.40056;2.88347;0.00770514;
1.40066;2.88299;0.00769119;
1.40076;2.88252;0.00770514;
1.40086;2.88204;0.0076912;
1.40096;2.88156;0.00770513;
1.40106;2.88108;0.0076912;
1.40116;2.8806;0.00770513;
1.40126;2.88013;0.0076912;
1.40136;2.87965;0.00770512;
1.40146;2.87917;0.00769121;
1.40156;2.87869;0.00770512;
1.40166;2.87821;0.00769121;
1.40176;2.87774;0.00770511;
1.40186;2.87726;0.00769122;
1.40196;2.87678;0.00770511;
1.40206;2.87631;0.00769122;
1.40216;2.87583;0.0077051;
1.40226;2.87535;0.00769123;
1.40236;2.87487;0.0077051;
1.40246;2.8744;0.00769123;
1.40256;2.87392;0.00770509;
1.40266;2.87344;0.00769123;
1.40276;2.87297;0.00770509;
1.40286;2.87249;0.00769124;
1.40296;2.87201;0.00770508;
1.40306;2.87154;0.00769124;
1.40316;2.87106;0.00770508;
1.40326;2.87059;0.00769125;
1.40336;2.87011;0.00770508;
1.40346;2.86963;0.00769125;
1.40356;2.86916;0.00770507;
1.40366;2.86868;0.00769126;
1.40376;2.86821;0.00770507;
1.40386;2.86773;0.00769126;
1.40396;2.86725;0.00770506;
1.40406;2.86678;0.00769126;
1.40416;2.8663;0.00770506;
1.40426;2.86583;0.00769127;
1.40436;2.86535;0.00770505;
1.40446;2.86488;0.00769127;
1.40456;2.8644;0.00770505;
1.40466;2.86393;0.00769128;
1.40476;2.86345;0.00770504;
1.40486;2.86298;0.00769128;
1.40496;2.8625;0.00770504;
1.40506;2.86203;0.00769128;
1.40516;2.86155;0.00770503;
1.40526;2.86108;0.00769129;
1.40536;2.8606;0.00770503;
1.40546;2.86013;0.00769129;
1.40556;2.85965;0.00770502;
1.40566;2.85918;0.0076913;
1.40576;2.8587;0.00770502;
1.40586;2.85823;0.0076913;
1.40596;2.85776;0.00770501;
1.40606;2.85728;0.00769131;
1.40616;2.85681;0.00770501;
1.40626;2.85633;0.00769131;
1.40636;2.85586;0.00770501;
1.40646;2.85539;0.00769131;
1.40656;2.85491;0.007705;
1.40666;2.85444;0.00769132;
1.40676;2.85397;0.007705;
1.40686;2.85349;0.00769132;
1.40696;2.85302;0.00770499;
1.40706;2.85255;0.00769133;
1.40716;2.85207;0.00770499;
1.40726;2.8516;0.00769133;
1.40736;2.85113;0.00770498;
1.40746;2.85065;0.00769133;
1.40756;2.85018;0.00770498;
1.40766;2.84971;0.00769134;
1.40776;2.84924;0.00770497;
1.40786;2.84876;0.00769134;
1.40796;2.84829;0.00770497;
1.40806;2.84782;0.00769135;
1.40816;2.84735;0.00770496;
1.40826;2.84687;0.00769135;
1.40836;2.8464;0.00770496;
1.40846;2.84593;0.00769136;
1.40856;2.84546;0.00770495;
1.40866;2.84499;0.00769136;
1.40876;2.84451;0.00770495;
1.40886;2.84404;0.00769136;
1.40896;2.84357;0.00770494;
1.40906;2.8431;0.00769137;
1.40916;2.84263;0.00770494;
1.40926;2.84216;0.00769137;
1.40936;2.84168;0.00770494;
1.40946;2.84121;0.00769138;
1.40956;2.84074;0.00770493;
1.40966;2.84027;0.00769138;
1.40976;2.8398;0.00770493;
1.40986;2.83933;0.00769139;
1.40996;2.83886;0.00770492;
1.41006;2.83839;0.00769139;
1.41016;2.83792;0.00770492;
1.41026;2.83744;0.00769139;
1.41036;2.83697;0.00770491;
1.41046;2.8365;0.0076914;
1.41056;2.83603;0.00770491;
1.41066;2.83556;0.0076914;
1.41076;2.83509;0.0077049;
1.41086;2.83462;0.00769141;
1.41096;2.83415;0.0077049;
1.41106;2.83368;0.00769141;
1.41116;2.83321;0.00770489;
1.41126;2.83274;0.00769141;
1.41136;2.83227;0.00770489;
1.41146;2.8318;0.00769142;
1.41156;2.83133;0.00770488;
1.41166;2.83086;0.00769142;
1.41176;2.83039;0.00770488;
1.41186;2.82992;0.00769143;
1.41196;2.82945;0.00770488;
1.41206;2.82898;0.00769143;
1.41216;2.82852;0.00770487;
1.41226;2.82805;0.00769144;
1.41236;2.82758;0.00770487;
1.41246;2.82711;0.00769144;
1.41256;2.82664;0.00770486;
1.41266;2.82617;0.00769144;
1.41276;2.8257;0.00770486;
1.41286;2.82523;0.00769145;
1.41296;2.82476;0.00770485;
1.41306;2.8243;0.00769145;
1.41316;2.82383;0.00770485;
1.41326;2.82336;0.00769146;
1.41336;2.82289;0.00770484;
1.41346;2.82242;0.00769146;
1.41356;2.82195;0.00770484;
1.41366;2.82149;0.00769146;
1.41376;2.82102;0.00770483;
1.41386;2.82055;0.00769147;
1.41396;2.82008;0.00770483;
1.41406;2.81961;0.00769147;
1.41416;2.81915;0.00770482;
1.41426;2.81868;0.00769148;
1.41436;2.81821;0.00770482;
1.41446;2.81774;0.00769148;
1.41456;2.81728;0.00770481;
1.41466;2.81681;0.00769149;
1.41476;2.81634;0.00770481;
1.41486;2.81588;0.00769149;
1.41496;2.81541;0.00770481;
1.41506;2.81494;0.00769149;
1.41516;2.81447;0.0077048;
1.41526;2.81401;0.0076915;
1.41536;2.81354;0.0077048;
1.41546;2.81307;0.0076915;
1.41556;2.81261;0.00770479;
1.41566;2.81214;0.00769151;
1.41576;2.81167;0.00770479;
1.41586;2.81121;0.00769151;
1.41596;2.81074;0.00770478;
1.41606;2.81028;0.00769151;
1.41616;2.80981;0.00770478;
1.41626;2.80934;0.00769152;
1.41636;2.80888;0.00770477;
1.41646;2.80841;0.00769152;
1.41656;2.80795;0.00770477;
1.41666;2.80748;0.00769153;
1.41676;2.80701;0.00770476;
1.41686;2.80655;0.00769153;
1.41696;2.80608;0.00770476;
1.41706;2.80562;0.00769154;
1.41716;2.80515;0.00770475;
1.41726;2.80469;0.00769154;
1.41736;2.80422;0.00770475;
1.41746;2.80376;0.00769154;
1.41756;2.80329;0.00770474;
1.41766;2.80283;0.00769155;
1.41776;2.80236;0.00770474;
1.41786;2.8019;0.00769155;
1.41796;2.80143;0.00770474;
1.41806;2.80097;0.00769156;
1.41816;2.8005;0.00770473;
1.41826;2.80004;0.00769156;
1.41836;2.79958;0.00770473;
1.41846;2.79911;0.00769156;
1.41856;2.79865;0.00770472;
1.41866;2.79818;0.00769157;
1.41876;2.79772;0.00770472;
1.41886;2.79725;0.00769157;
1.41896;2.79679;0.00770471;
1.41906;2.79633;0.00769158;
1.41916;2.79586;0.00770471;
1.41926;2.7954;0.00769158;
1.41936;2.79494;0.0077047;
1.41946;2.79447;0.00769158;
1.41956;2.79401;0.0077047;
1.41966;2.79354;0.00769159;
1.41976;2.79308;0.00770469;
1.41986;2.79262;0.00769159;
1.41996;2.79216;0.00770469;
1.42006;2.79169;0.0076916;
1.42016;2.79123;0.00770468;
1.42026;2.79077;0.0076916;
1.42036;2.7903;0.00770468;
1.42046;2.78984;0.00769161;
1.42056;2.78938;0.00770468;
1.42066;2.78892;0.00769161;
1.42076;2.78845;0.00770467;
1.42086;2.78799;0.00769161;
1.42096;2.78753;0.00770467;
1.42106;2.78707;0.00769162;
1.42116;2.7866;0.00770466;
1.42126;2.78614;0.00769162;
1.42136;2.78568;0.00770466;
1.42146;2.78522;0.00769163;
1.42156;2.78475;0.00770465;
1.42166;2.78429;0.00769163;
1.42176;2.78383;0.00770465;
1.42186;2.78337;0.00769163;
1.42196;2.78291;0.00770464;
1.42206;2.78245;0.00769164;
1.42216;2.78198;0.00770464;
1.42226;2.78152;0.00769164;
1.42236;2.78106;0.00770463;
1.42246;2.7806;0.00769165;
1.42256;2.78014;0.00770463;
1.42266;2.77968;0.00769165;
1.42276;2.77922;0.00770462;
1.42286;2.77876;0.00769166;
1.42296;2.7783;0.00770462;
1.42306;2.77783;0.00769166;
1.42316;2.77737;0.00770462;
1.42326;2.77691;0.00769166;
1.42336;2.77645;0.00770461;
1.42346;2.77599;0.00769167;
1.42356;2.77553;0.00770461;
1.42366;2.77507;0.00769167;
1.42376;2.77461;0.0077046;
1.42386;2.77415;0.00769168;
1.42396;2.77369;0.0077046;
1.42406;2.77323;0.00769168;
1.42416;2.77277;0.00770459;
1.42426;2.77231;0.00769168;
1.42436;2.77185;0.00770459;
1.42446;2.77139;0.00769169;
1.42456;2.77093;0.00770458;
1.42466;2.77047;0.00769169;
1.42476;2.77001;0.00770458;
1.42486;2.76955;0.0076917;
1.42496;2.76909;0.00770457;
1.42506;2.76864;0.0076917;
1.42516;2.76818;0.00770457;
1.42526;2.76772;0.0076917;
1.42536;2.76726;0.00770456;
1.42546;2.7668;0.00769171;
1.42556;2.76634;0.00770456;
1.42566;2.76588;0.00769171;
1.42576;2.76542;0.00770456;
1.42586;2.76496;0.00769172;
1.42596;2.76451;0.00770455;
1.42606;2.76405;0.00769172;
1.42616;2.76359;0.00770455;
1.42626;2.76313;0.00769172;
1.42636;2.76267;0.00770454;
1.42646;2.76221;0.00769173;
1.42656;2.76176;0.00770454;
1.42666;2.7613;0.00769173;
1.42676;2.76084;0.00770453;
1.42686;2.76038;0.00769174;
1.42696;2.75992;0.00770453;
1.42706;2.75947;0.00769174;
1.42716;2.75901;0.00770452;
1.42726;2.75855;0.00769175;
1.42736;2.75809;0.00770452;
1.42746;2.75764;0.00769175;
1.42756;2.75718;0.00770451;
1.42766;2.75672;0.00769175;
1.42776;2.75626;0.00770451;
1.42786;2.75581;0.00769176;
1.42796;2.75535;0.0077045;
1.42806;2.75489;0.00769176;
1.42816;2.75444;0.0077045;
1.42826;2.75398;0.00769177;
1.42836;2.75352;0.0077045;
1.42846;2.75307;0.00769177;
1.42856;2.75261;0.00770449;
1.42866;2.75215;0.00769177;
1.42876;2.7517;0.00770449;
1.42886;2.75124;0.00769178;
1.42896;2.75078;0.00770448;
1.42906;2.75033;0.00769178;
1.42916;2.74987;0.00770448;
1.42926;2.74942;0.00769179;
1.42936;2.74896;0.00770447;
1.42946;2.7485;0.00769179;
1.42956;2.74805;0.00770447;
1.42966;2.74759;0.00769179;
1.42976;2.74714;0.00770446;
1.42986;2.74668;0.0076918;
1.42996;2.74623;0.00770446;
1.43006;2.74577;0.0076918;
1.43016;2.74531;0.00770445;
1.43026;2.74486;0.00769181;
1.43036;2.7444;0.00770445;
1.43046;2.74395;0.00769181;
1.43056;2.74349;0.00770444;
1.43066;2.74304;0.00769182;
1.43076;2.74258;0.00770444;
1.43086;2.74213;0.00769182;
1.43096;2.74167;0.00770444;
1.43106;2.74122;0.00769182;
1.43116;2.74077;0.00770443;
1.43126;2.74031;0.00769183;
1.43136;2.73986;0.00770443;
1.43146;2.7394;0.00769183;
1.43156;2.73895;0.00770442;
1.43166;2.73849;0.00769184;
1.43176;2.73804;0.00770442;
1.43186;2.73759;0.00769184;
1.43196;2.73713;0.00770441;
1.43206;2.73668;0.00769184;
1.43216;2.73622;0.00770441;
1.43226;2.73577;0.00769185;
1.43236;2.73532;0.0077044;
1.43246;2.73486;0.00769185;
1.43256;2.73441;0.0077044;
1.43266;2.73396;0.00769186;
1.43276;2.7335;0.00770439;
1.43286;2.73305;0.00769186;
1.43296;2.7326;0.00770439;
1.43306;2.73214;0.00769186;
1.43316;2.73169;0.00770438;
1.43326;2.73124;0.00769187;
1.43336;2.73078;0.00770438;
1.43346;2.73033;0.00769187;
1.43356;2.72988;0.00770438;
1.43366;2.72942;0.00769188;
1.43376;2.72897;0.00770437;
1.43386;2.72852;0.00769188;
1.43396;2.72807;0.00770437;
1.43406;2.72761;0.00769188;
1.43416;2.72716;0.00770436;
1.43426;2.72671;0.00769189;
1.43436;2.72626;0.00770436;
1.43446;2.72581;0.00769189;
1.43456;2.72535;0.00770435;
1.43466;2.7249;0.0076919;
1.43476;2.72445;0.00770435;
1.43486;2.724;0.0076919;
1.43496;2.72355;0.00770434;
1.43506;2.72309;0.0076919;
1.43516;2.72264;0.00770434;
1.43526;2.72219;0.00769191;
1.43536;2.72174;0.00770433;
1.43546;2.72129;0.00769191;
1.43556;2.72084;0.00770433;
1.43566;2.72039;0.00769192;
1.43576;2.71993;0.00770432;
1.43586;2.71948;0.00769192;
1.43596;2.71903;0.00770432;
1.43606;2.71858;0.00769193;
1.43616;2.71813;0.00770432;
1.43626;2.71768;0.00769193;
1.43636;2.71723;0.00770431;
1.43646;2.71678;0.00769193;
1.43656;2.71633;0.00770431;
1.43666;2.71588;0.00769194;
1.43676;2.71543;0.0077043;
1.43686;2.71498;0.00769194;
1.43696;2.71453;0.0077043;
1.43706;2.71408;0.00769195;
1.43716;2.71363;0.00770429;
1.43726;2.71318;0.00769195;
1.43736;2.71273;0.00770429;
1.43746;2.71228;0.00769195;
1.43756;2.71183;0.00770428;
1.43766;2.71138;0.00769196;
1.43776;2.71093;0.00770442;
1.43786;2.71048;0.0076921;
1.43796;2.71003;0.00770442;
1.43806;2.70958;0.00769211;
1.43816;2.70913;0.00770441;
1.43826;2.70868;0.00769211;
1.43836;2.70823;0.00770441;
1.43846;2.70778;0.00769211;
1.43856;2.70733;0.0077044;
1.43866;2.70688;0.00769212;
1.43876;2.70644;0.0077044;
1.43886;2.70599;0.00769212;
1.43896;2.70554;0.00770439;
1.43906;2.70509;0.00769213;
1.43916;2.70464;0.00770439;
1.43926;2.70419;0.00769213;
1.43936;2.70374;0.00770438;
1.43946;2.7033;0.00769213;
1.43956;2.70285;0.00770438;
1.43966;2.7024;0.00769214;
1.43976;2.70195;0.00770437;
1.43986;2.7015;0.00769214;
1.43996;2.70106;0.00770437;
1.44006;2.70061;0.00769214;
1.44016;2.70016;0.00770436;
1.44026;2.69971;0.00769215;
1.44036;2.69926;0.00770436;
1.44046;2.69882;0.00769215;
1.44056;2.69837;0.00770436;
1.44066;2.69792;0.00769216;
1.44076;2.69747;0.00770435;
1.44086;2.69703;0.00769216;
1.44096;2.69658;0.00770435;
1.44106;2.69613;0.00769216;
1.44116;2.69568;0.00770434;
1.44126;2.69524;0.00769217;
1.44136;2.69479;0.00770434;
1.44146;2.69434;0.00769217;
1.44156;2.6939;0.00770433;
1.44166;2.69345;0.00769218;
1.44176;2.693;0.00770433;
1.44186;2.69256;0.00769218;
1.44196;2.69211;0.00770418;
1.44206;2.69166;0.00769205;
1.44216;2.69122;0.00770418;
1.44226;2.69077;0.00769205;
1.44236;2.69033;0.00770417;
1.44246;2.68988;0.00769205;
1.44256;2.68943;0.00770417;
1.44266;2.68899;0.00769206;
1.44276;2.68854;0.00770416;
1.44286;2.6881;0.00769206;
1.44296;2.68765;0.00770416;
1.44306;2.6872;0.00769207;
1.44316;2.68676;0.00770416;
1.44326;2.68631;0.00769207;
1.44336;2.68587;0.00770415;
1.44346;2.68542;0.00769207;
1.44356;2.68498;0.00770415;
1.44366;2.68453;0.00769208;
1.44376;2.68409;0.00770414;
1.44386;2.68364;0.00769208;
1.44396;2.6832;0.00770414;
1.44406;2.68275;0.00769209;
1.44416;2.68231;0.00770413;
1.44426;2.68186;0.00769209;
1.44436;2.68142;0.00770413;
1.44446;2.68097;0.00769209;
1.44456;2.68053;0.00770412;
1.44466;2.68008;0.0076921;
1.44476;2.67964;0.00770412;
1.44486;2.67919;0.0076921;
1.44496;2.67875;0.00770411;
1.44506;2.67831;0.00769211;
1.44516;2.67786;0.00770411;
1.44526;2.67742;0.00769211;
1.44536;2.67697;0.00770411;
1.44546;2.67653;0.00769212;
1.44556;2.67609;0.0077041;
1.44566;2.67564;0.00769212;
1.44576;2.6752;0.0077041;
1.44586;2.67476;0.00769212;
1.44596;2.67431;0.00770409;
1.44606;2.67387;0.00769213;
1.44616;2.67343;0.00770409;
1.44626;2.67298;0.00769213;
1.44636;2.67254;0.00770408;
1.44646;2.6721;0.00769214;
1.44656;2.67165;0.00770408;
1.44666;2.67121;0.00769214;
1.44676;2.67077;0.00770407;
1.44686;2.67032;0.00769214;
1.44696;2.66988;0.00770407;
1.44706;2.66944;0.00769215;
1.44716;2.669;0.00770406;
1.44726;2.66855;0.00769215;
1.44736;2.66811;0.00770406;
1.44746;2.66767;0.00769216;
1.44756;2.66723;0.00770406;
1.44766;2.66678;0.00769216;
1.44776;2.66634;0.00770405;
1.44786;2.6659;0.00769216;
1.44796;2.66546;0.00770405;
1.44806;2.66501;0.00769217;
1.44816;2.66457;0.00770404;
1.44826;2.66413;0.00769217;
1.44836;2.66369;0.00770404;
1.44846;2.66325;0.00769218;
1.44856;2.66281;0.00770403;
1.44866;2.66236;0.00769218;
1.44876;2.66192;0.00770403;
1.44886;2.66148;0.00769218;
1.44896;2.66104;0.00770402;
1.44906;2.6606;0.00769219;
1.44916;2.66016;0.00770402;
1.44926;2.65972;0.00769219;
1.44936;2.65928;0.00770401;
1.44946;2.65883;0.0076922;
1.44956;2.65839;0.00770401;
1.44966;2.65795;0.0076922;
1.44976;2.65751;0.00770401;
1.44986;2.65707;0.0076922;
1.44996;2.65663;0.007704;
1.45006;2.65619;0.00769221;
1.45016;2.65575;0.007704;
1.45026;2.65531;0.00769221;
1.45036;2.65487;0.00770399;
1.45046;2.65443;0.00769222;
1.45056;2.65399;0.00770399;
1.45066;2.65355;0.00769222;
1.45076;2.65311;0.00770398;
1.45086;2.65267;0.00769222;
1.45096;2.65223;0.00770398;
1.45106;2.65179;0.00769223;
1.45116;2.65135;0.00770397;
1.45126;2.65091;0.00769223;
1.45136;2.65047;0.00770397;
1.45146;2.65003;0.00769224;
1.45156;2.64959;0.00770396;
1.45166;2.64915;0.00769224;
1.45176;2.64871;0.00770396;
1.45186;2.64827;0.00769224;
1.45196;2.64783;0.00770396;
1.45206;2.6474;0.00769225;
1.45216;2.64696;0.00770395;
1.45226;2.64652;0.00769225;
1.45236;2.64608;0.00770395;
1.45246;2.64564;0.00769226;
1.45256;2.6452;0.00770394;
1.45266;2.64476;0.00769226;
1.45276;2.64432;0.00770394;
1.45286;2.64389;0.00769226;
1.45296;2.64345;0.00770393;
1.45306;2.64301;0.00769227;
1.45316;2.64257;0.00770393;
1.45326;2.64213;0.00769227;
1.45336;2.64169;0.00770392;
1.45346;2.64126;0.00769227;
1.45356;2.64082;0.00770392;
1.45366;2.64038;0.00769228;
1.45376;2.63994;0.00770392;
1.45386;2.63951;0.00769228;
1.45396;2.63907;0.00770391;
1.45406;2.63863;0.00769229;
1.45416;2.63819;0.00770391;
1.45426;2.63776;0.00769229;
1.45436;2.63732;0.0077039;
1.45446;2.63688;0.00769229;
1.45456;2.63644;0.0077039;
1.45466;2.63601;0.0076923;
1.45476;2.63557;0.00770389;
1.45486;2.63513;0.0076923;
1.45496;2.6347;0.00770389;
1.45506;2.63426;0.00769231;
1.45516;2.63382;0.00770388;
1.45526;2.63339;0.00769231;
1.45536;2.63295;0.00770388;
1.45546;2.63251;0.00769231;
1.45556;2.63208;0.00770387;
1.45566;2.63164;0.00769232;
1.45576;2.6312;0.00770387;
1.45586;2.63077;0.00769232;
1.45596;2.63033;0.00770387;
1.45606;2.62989;0.00769233;
1.45616;2.62946;0.00770386;
1.45626;2.62902;0.00769233;
1.45636;2.62859;0.00770386;
1.45646;2.62815;0.00769233;
1.45656;2.62771;0.00770385;
1.45666;2.62728;0.00769234;
1.45676;2.62684;0.00770385;
1.45686;2.62641;0.00769234;
1.45696;2.62597;0.00770384;
1.45706;2.62554;0.00769235;
1.45716;2.6251;0.00770384;
1.45726;2.62467;0.00769235;
1.45736;2.62423;0.00770383;
1.45746;2.6238;0.00769235;
1.45756;2.62336;0.00770383;
1.45766;2.62293;0.00769236;
1.45776;2.62249;0.00770382;
1.45786;2.62206;0.00769236;
1.45796;2.62162;0.00770382;
1.45806;2.62119;0.00769237;
1.45816;2.62075;0.00770382;
1.45826;2.62032;0.00769237;
1.45836;2.61988;0.00770381;
1.45846;2.61945;0.00769237;
1.45856;2.61901;0.00770381;
1.45866;2.61858;0.00769238;
1.45876;2.61815;0.0077038;
1.45886;2.61771;0.00769238;
1.45896;2.61728;0.0077038;
1.45906;2.61684;0.00769239;
1.45916;2.61641;0.00770379;
1.45926;2.61598;0.00769239;
1.45936;2.61554;0.00770379;
1.45946;2.61511;0.00769239;
1.45956;2.61468;0.00770378;
1.45966;2.61424;0.0076924;
1.45976;2.61381;0.00770378;
1.45986;2.61337;0.0076924;
1.45996;2.61294;0.00770378;
1.46006;2.61251;0.00769241;
1.46016;2.61208;0.00770377;
1.46026;2.61164;0.00769241;
1.46036;2.61121;0.00770377;
1.46046;2.61078;0.00769241;
1.46056;2.61034;0.00770376;
1.46066;2.60991;0.00769242;
1.46076;2.60948;0.00770376;
1.46086;2.60905;0.00769242;
1.46096;2.60861;0.00770375;
1.46106;2.60818;0.00769243;
1.46116;2.60775;0.00770375;
1.46126;2.60732;0.00769243;
1.46136;2.60688;0.00770374;
1.46146;2.60645;0.00769243;
1.46156;2.60602;0.00770374;
1.46166;2.60559;0.00769244;
1.46176;2.60515;0.00770374;
1.46186;2.60472;0.00769244;
1.46196;2.60429;0.00770373;
1.46206;2.60386;0.00769244;
1.46216;2.60343;0.00770373;
1.46226;2.603;0.00769245;
1.46236;2.60256;0.00770372;
1.46246;2.60213;0.00769245;
1.46256;2.6017;0.00770372;
1.46266;2.60127;0.00769246;
1.46276;2.60084;0.00770371;
1.46286;2.60041;0.00769246;
1.46296;2.59998;0.00770371;
1.46306;2.59955;0.00769246;
1.46316;2.59911;0.0077037;
1.46326;2.59868;0.00769247;
1.46336;2.59825;0.0077037;
1.46346;2.59782;0.00769247;
1.46356;2.59739;0.00770369;
1.46366;2.59696;0.00769248;
1.46376;2.59653;0.00770369;
1.46386;2.5961;0.00769248;
1.46396;2.59567;0.00770369;
1.46406;2.59524;0.00769248;
1.46416;2.59481;0.00770368;
1.46426;2.59438;0.00769249;
1.46436;2.59395;0.00770368;
1.46446;2.59352;0.00769249;
1.46456;2.59309;0.00770367;
1.46466;2.59266;0.0076925;
1.46476;2.59223;0.00770367;
1.46486;2.5918;0.0076925;
1.46496;2.59137;0.00770366;
1.46506;2.59094;0.0076925;
1.46516;2.59051;0.00770366;
1.46526;2.59008;0.00769251;
1.46536;2.58965;0.00770365;
1.46546;2.58922;0.00769251;
1.46556;2.58879;0.00770365;
1.46566;2.58836;0.00769252;
1.46576;2.58793;0.00770365;
1.46586;2.5875;0.00769252;
1.46596;2.58708;0.00770364;
1.46606;2.58665;0.00769252;
1.46616;2.58622;0.00770364;
1.46626;2.58579;0.00769253;
1.46636;2.58536;0.00770363;
1.46646;2.58493;0.00769253;
1.46656;2.5845;0.00770363;
1.46666;2.58407;0.00769253;
1.46676;2.58365;0.00770362;
1.46686;2.58322;0.00769254;
1.46696;2.58279;0.00770362;
1.46706;2.58236;0.00769254;
1.46716;2.58193;0.00770361;
1.46726;2.5815;0.00769255;
1.46736;2.58108;0.00770361;
1.46746;2.58065;0.00769255;
1.46756;2.58022;0.00770361;
1.46766;2.57979;0.00769255;
1.46776;2.57937;0.0077036;
1.46786;2.57894;0.00769256;
1.46796;2.57851;0.0077036;
1.46806;2.57808;0.00769256;
1.46816;2.57766;0.00770359;
1.46826;2.57723;0.00769257;
1.46836;2.5768;0.00770359;
1.46846;2.57637;0.00769257;
1.46856;2.57595;0.00770358;
1.46866;2.57552;0.00769257;
1.46876;2.57509;0.00770358;
1.46886;2.57467;0.00769258;
1.46896;2.57424;0.00770357;
1.46906;2.57381;0.00769258;
1.46916;2.57339;0.00770357;
1.46926;2.57296;0.00769259;
1.46936;2.57253;0.00770357;
1.46946;2.57211;0.00769259;
1.46956;2.57168;0.00770356;
1.46966;2.57125;0.00769259;
1.46976;2.57083;0.00770356;
1.46986;2.5704;0.0076926;
1.46996;2.56997;0.00770355;
1.47006;2.56955;0.0076926;
1.47016;2.56912;0.00770355;
1.47026;2.5687;0.0076926;
1.47036;2.56827;0.00770354;
1.47046;2.56784;0.00769261;
1.47056;2.56742;0.00770354;
1.47066;2.56699;0.00769261;
1.47076;2.56657;0.00770353;
1.47086;2.56614;0.00769262;
1.47096;2.56572;0.00770353;
1.47106;2.56529;0.00769262;
1.47116;2.56487;0.00770353;
1.47126;2.56444;0.00769262;
1.47136;2.56402;0.00770352;
1.47146;2.56359;0.00769263;
1.47156;2.56317;0.00770352;
1.47166;2.56274;0.00769263;
1.47176;2.56232;0.00770351;
1.47186;2.56189;0.00769264;
1.47196;2.56147;0.00770351;
1.47206;2.56104;0.00769264;
1.47216;2.56062;0.0077035;
1.47226;2.56019;0.00769264;
1.47236;2.55977;0.0077035;
1.47246;2.55934;0.00769265;
1.47256;2.55892;0.00770349;
1.47266;2.5585;0.00769265;
1.47276;2.55807;0.00770349;
1.47286;2.55765;0.00769266;
1.47296;2.55722;0.00770349;
1.47306;2.5568;0.00769266;
1.47316;2.55638;0.00770348;
1.47326;2.55595;0.00769266;
1.47336;2.55553;0.00770348;
1.47346;2.5551;0.00769267;
1.47356;2.55468;0.00770347;
1.47366;2.55426;0.00769267;
1.47376;2.55383;0.00770347;
1.47386;2.55341;0.00769267;
1.47396;2.55299;0.00770346;
1.47406;2.55256;0.00769268;
1.47416;2.55214;0.00770346;
1.47426;2.55172;0.00769268;
1.47436;2.55129;0.00770345;
1.47446;2.55087;0.00769269;
1.47456;2.55045;0.00770345;
1.47466;2.55003;0.00769269;
1.47476;2.5496;0.00770345;
1.47486;2.54918;0.00769269;
1.47496;2.54876;0.00770344;
1.47506;2.54833;0.0076927;
1.47516;2.54791;0.00770344;
1.47526;2.54749;0.0076927;
1.47536;2.54707;0.00770343;
1.47546;2.54665;0.00769271;
1.47556;2.54622;0.00770343;
1.47566;2.5458;0.00769271;
1.47576;2.54538;0.00770342;
1.47586;2.54496;0.00769271;
1.47596;2.54454;0.00770342;
1.47606;2.54411;0.00769272;
1.47616;2.54369;0.00770342;
1.47626;2.54327;0.00769272;
1.47636;2.54285;0.00770341;
1.47646;2.54243;0.00769272;
1.47656;2.54201;0.00770341;
1.47666;2.54158;0.00769273;
1.47676;2.54116;0.0077034;
1.47686;2.54074;0.00769273;
1.47696;2.54032;0.0077034;
1.47706;2.5399;0.00769274;
1.47716;2.53948;0.00770339;
1.47726;2.53906;0.00769274;
1.47736;2.53864;0.00770339;
1.47746;2.53822;0.00769274;
1.47756;2.53779;0.00770338;
1.47766;2.53737;0.00769275;
1.47776;2.53695;0.00770338;
1.47786;2.53653;0.00769275;
1.47796;2.53611;0.00770338;
1.47806;2.53569;0.00769276;
1.47816;2.53527;0.00770337;
1.47826;2.53485;0.00769276;
1.47836;2.53443;0.00770337;
1.47846;2.53401;0.00769276;
1.47856;2.53359;0.00770336;
1.47866;2.53317;0.00769277;
1.47876;2.53275;0.00770336;
1.47886;2.53233;0.00769277;
1.47896;2.53191;0.00770335;
1.47906;2.53149;0.00769277;
1.47916;2.53107;0.00770335;
1.47926;2.53065;0.00769278;
1.47936;2.53023;0.00770334;
1.47946;2.52981;0.00769278;
1.47956;2.52939;0.00770334;
1.47966;2.52897;0.00769279;
1.47976;2.52855;0.00770334;
1.47986;2.52814;0.00769279;
1.47996;2.52772;0.00770333;
1.48006;2.5273;0.00769279;
1.48016;2.52688;0.00770333;
1.48026;2.52646;0.0076928;
1.48036;2.52604;0.00770332;
1.48046;2.52562;0.0076928;
1.48056;2.5252;0.00770332;
1.48066;2.52478;0.00769281;
1.48076;2.52437;0.00770331;
1.48086;2.52395;0.00769281;
1.48096;2.52353;0.00770331;
1.48106;2.52311;0.00769281;
1.48116;2.52269;0.00770331;
1.48126;2.52227;0.00769282;
1.48136;2.52186;0.0077033;
1.48146;2.52144;0.00769282;
1.48156;2.52102;0.0077033;
1.48166;2.5206;0.00769282;
1.48176;2.52018;0.00770329;
1.48186;2.51977;0.00769283;
1.48196;2.51935;0.00770329;
1.48206;2.51893;0.00769283;
1.48216;2.51851;0.00770328;
1.48226;2.5181;0.00769284;
1.48236;2.51768;0.00770328;
1.48246;2.51726;0.00769284;
1.48256;2.51684;0.00770327;
1.48266;2.51643;0.00769284;
1.48276;2.51601;0.00770327;
1.48286;2.51559;0.00769285;
1.48296;2.51518;0.00770327;
1.48306;2.51476;0.00769285;
1.48316;2.51434;0.00770326;
1.48326;2.51393;0.00769285;
1.48336;2.51351;0.00770326;
1.48346;2.51309;0.00769286;
1.48356;2.51268;0.00770325;
1.48366;2.51226;0.00769286;
1.48376;2.51184;0.00770325;
1.48386;2.51143;0.00769287;
1.48396;2.51101;0.00770324;
1.48406;2.51059;0.00769287;
1.48416;2.51018;0.00770324;
1.48426;2.50976;0.00769287;
1.48436;2.50935;0.00770324;
1.48446;2.50893;0.00769288;
1.48456;2.50851;0.00770323;
1.48466;2.5081;0.00769288;
1.48476;2.50768;0.00770323;
1.48486;2.50727;0.00769289;
1.48496;2.50685;0.00770322;
1.48506;2.50644;0.00769289;
1.48516;2.50602;0.00770322;
1.48526;2.5056;0.00769289;
1.48536;2.50519;0.00770321;
1.48546;2.50477;0.0076929;
1.48556;2.50436;0.00770321;
1.48566;2.50394;0.0076929;
1.48576;2.50353;0.0077032;
1.48586;2.50311;0.0076929;
1.48596;2.5027;0.0077032;
1.48606;2.50228;0.00769291;
1.48616;2.50187;0.0077032;
1.48626;2.50145;0.00769291;
1.48636;2.50104;0.00770319;
1.48646;2.50062;0.00769292;
1.48656;2.50021;0.00770319;
1.48666;2.4998;0.00769292;
1.48676;2.49938;0.00770318;
1.48686;2.49897;0.00769292;
1.48696;2.49855;0.00770318;
1.48706;2.49814;0.00769293;
1.48716;2.49772;0.00770317;
1.48726;2.49731;0.00769293;
1.48736;2.4969;0.00770317;
1.48746;2.49648;0.00769293;
1.48756;2.49607;0.00770317;
1.48766;2.49566;0.00769294;
1.48776;2.49524;0.00770316;
1.48786;2.49483;0.00769294;
1.48796;2.49441;0.00770316;
1.48806;2.494;0.00769295;
1.48816;2.49359;0.00770315;
1.48826;2.49317;0.00769295;
1.48836;2.49276;0.00770315;
1.48846;2.49235;0.00769295;
1.48856;2.49193;0.00770314;
1.48866;2.49152;0.00769296;
1.48876;2.49111;0.00770314;
1.48886;2.4907;0.00769296;
1.48896;2.49028;0.00770314;
1.48906;2.48987;0.00769296;
1.48916;2.48946;0.00770313;
1.48926;2.48904;0.00769297;
1.48936;2.48863;0.00770313;
1.48946;2.48822;0.00769297;
1.48956;2.48781;0.00770312;
1.48966;2.48739;0.00769298;
1.48976;2.48698;0.00770312;
1.48986;2.48657;0.00769298;
1.48996;2.48616;0.00770311;
1.49006;2.48575;0.00769298;
1.49016;2.48533;0.00770311;
1.49026;2.48492;0.00769299;
1.49036;2.48451;0.00770311;
1.49046;2.4841;0.00769299;
1.49056;2.48369;0.0077031;
1.49066;2.48327;0.00769299;
1.49076;2.48286;0.0077031;
1.49086;2.48245;0.007693;
1.49096;2.48204;0.00770309;
1.49106;2.48163;0.007693;
1.49116;2.48122;0.00770309;
1.49126;2.48081;0.00769301;
1.49136;2.48039;0.00770308;
1.49146;2.47998;0.00769301;
1.49156;2.47957;0.00770308;
1.49166;2.47916;0.00769301;
1.49176;2.47875;0.00770307;
1.49186;2.47834;0.00769302;
1.49196;2.47793;0.00770307;
1.49206;2.47752;0.00769302;
1.49216;2.47711;0.00770307;
1.49226;2.4767;0.00769302;
1.49236;2.47629;0.00770306;
1.49246;2.47588;0.00769303;
1.49256;2.47547;0.00770306;
1.49266;2.47505;0.00769303;
1.49276;2.47464;0.00770305;
1.49286;2.47423;0.00769304;
1.49296;2.47382;0.00770305;
1.49306;2.47341;0.00769304;
1.49316;2.473;0.00770304;
1.49326;2.47259;0.00769304;
1.49336;2.47218;0.00770304;
1.49346;2.47177;0.00769305;
1.49356;2.47137;0.00770304;
1.49366;2.47096;0.00769305;
1.49376;2.47055;0.00770303;
1.49386;2.47014;0.00769305;
1.49396;2.46973;0.00770303;
1.49406;2.46932;0.00769306;
1.49416;2.46891;0.00770302;
1.49426;2.4685;0.00769306;
1.49436;2.46809;0.00770302;
1.49446;2.46768;0.00769307;
1.49456;2.46727;0.00770301;
1.49466;2.46686;0.00769307;
1.49476;2.46645;0.00770301;
1.49486;2.46605;0.00769307;
1.49496;2.46564;0.00770301;
1.49506;2.46523;0.00769308;
1.49516;2.46482;0.007703;
1.49526;2.46441;0.00769308;
1.49536;2.464;0.007703;
1.49546;2.46359;0.00769308;
1.49556;2.46319;0.00770299;
1.49566;2.46278;0.00769309;
1.49576;2.46237;0.00770299;
1.49586;2.46196;0.00769309;
1.49596;2.46155;0.00770298;
1.49606;2.46114;0.0076931;
1.49616;2.46074;0.00770298;
1.49626;2.46033;0.0076931;
1.49636;2.45992;0.00770298;
1.49646;2.45951;0.0076931;
1.49656;2.45911;0.00770297;
1.49666;2.4587;0.00769311;
1.49676;2.45829;0.00770297;
1.49686;2.45788;0.00769311;
1.49696;2.45748;0.00770296;
1.49706;2.45707;0.00769311;
1.49716;2.45666;0.00770296;
1.49726;2.45625;0.00769312;
1.49736;2.45585;0.00770295;
1.49746;2.45544;0.00769312;
1.49756;2.45503;0.00770295;
1.49766;2.45463;0.00769313;
1.49776;2.45422;0.00770295;
1.49786;2.45381;0.00769313;
1.49796;2.45341;0.00770294;
1.49806;2.453;0.00769313;
1.49816;2.45259;0.00770294;
1.49826;2.45219;0.00769314;
1.49836;2.45178;0.00770293;
1.49846;2.45137;0.00769314;
1.49856;2.45097;0.00770293;
1.49866;2.45056;0.00769314;
1.49876;2.45015;0.00770292;
1.49886;2.44975;0.00769315;
1.49896;2.44934;0.00770292;
1.49906;2.44894;0.00769315;
1.49916;2.44853;0.00770292;
1.49926;2.44812;0.00769316;
1.49936;2.44772;0.00770291;
1.49946;2.44731;0.00769316;
1.49956;2.44691;0.00770291;
1.49966;2.4465;0.00769316;
1.49976;2.4461;0.0077029;
1.49986;2.44569;0.00769317;
1.49996;2.44529;0.0077029;
1.50006;2.44488;0.00769317;
1.50016;2.44447;0.00770289;
1.50026;2.44407;0.00769317;
1.50036;2.44366;0.00770289;
1.50046;2.44326;0.00769318;
1.50056;2.44285;0.00770289;
1.50066;2.44245;0.00769318;
1.50076;2.44204;0.00770288;
1.50086;2.44164;0.00769318;
1.50096;2.44124;0.00770288;
1.50106;2.44083;0.00769319;
1.50116;2.44043;0.00770287;
1.50126;2.44002;0.00769319;
1.50136;2.43962;0.00770287;
1.50146;2.43921;0.0076932;
1.50156;2.43881;0.00770286;
1.50166;2.4384;0.0076932;
1.50176;2.438;0.00770286;
1.50186;2.4376;0.0076932;
1.50196;2.43719;0.00770286;
1.50206;2.43679;0.00769321;
1.50216;2.43638;0.00770285;
1.50226;2.43598;0.00769321;
1.50236;2.43558;0.00770285;
1.50246;2.43517;0.00769321;
1.50256;2.43477;0.00770284;
1.50266;2.43437;0.00769322;
1.50276;2.43396;0.00770284;
1.50286;2.43356;0.00769322;
1.50296;2.43316;0.00770283;
1.50306;2.43275;0.00769323;
1.50316;2.43235;0.00770283;
1.50326;2.43195;0.00769323;
1.50336;2.43154;0.00770283;
1.50346;2.43114;0.00769323;
1.50356;2.43074;0.00770282;
1.50366;2.43033;0.00769324;
1.50376;2.42993;0.00770282;
1.50386;2.42953;0.00769324;
1.50396;2.42913;0.00770281;
1.50406;2.42872;0.00769324;
1.50416;2.42832;0.00770281;
1.50426;2.42792;0.00769325;
1.50436;2.42752;0.0077028;
1.50446;2.42711;0.00769325;
1.50456;2.42671;0.0077028;
1.50466;2.42631;0.00769325;
1.50476;2.42591;0.0077028;
1.50486;2.42551;0.00769326;
1.50496;2.4251;0.00770279;
1.50506;2.4247;0.00769326;
1.50516;2.4243;0.00770279;
1.50526;2.4239;0.00769327;
1.50536;2.4235;0.00770278;
1.50546;2.42309;0.00769327;
1.50556;2.42269;0.00770278;
1.50566;2.42229;0.00769327;
1.50576;2.42189;0.00770278;
1.50586;2.42149;0.00769328;
1.50596;2.42109;0.00770277;
1.50606;2.42069;0.00769328;
1.50616;2.42028;0.00770277;
1.50626;2.41988;0.00769328;
1.50636;2.41948;0.00770276;
1.50646;2.41908;0.00769329;
1.50656;2.41868;0.00770276;
1.50666;2.41828;0.00769329;
1.50676;2.41788;0.00770275;
1.50686;2.41748;0.0076933;
1.50696;2.41708;0.00770275;
1.50706;2.41668;0.0076933;
1.50716;2.41628;0.00770275;
1.50726;2.41588;0.0076933;
1.50736;2.41548;0.00770274;
1.50746;2.41508;0.00769331;
1.50756;2.41467;0.00770274;
1.50766;2.41427;0.00769331;
1.50776;2.41387;0.00770273;
1.50786;2.41347;0.00769331;
1.50796;2.41307;0.00770273;
1.50806;2.41267;0.00769332;
1.50816;2.41227;0.00770272;
1.50826;2.41187;0.00769332;
1.50836;2.41148;0.00770272;
1.50846;2.41108;0.00769332;
1.50856;2.41068;0.00770272;
1.50866;2.41028;0.00769333;
1.50876;2.40988;0.00770271;
1.50886;2.40948;0.00769333;
1.50896;2.40908;0.00770271;
1.50906;2.40868;0.00769334;
1.50916;2.40828;0.0077027;
1.50926;2.40788;0.00769334;
1.50936;2.40748;0.0077027;
1.50946;2.40708;0.00769334;
1.50956;2.40668;0.00770269;
1.50966;2.40628;0.00769335;
1.50976;2.40589;0.00770269;
1.50986;2.40549;0.00769335;
1.50996;2.40509;0.00770269;
1.51006;2.40469;0.00769335;
1.51016;2.40429;0.00770268;
1.51026;2.40389;0.00769336;
1.51036;2.40349;0.00770268;
1.51046;2.4031;0.00769336;
1.51056;2.4027;0.00770267;
1.51066;2.4023;0.00769336;
1.51076;2.4019;0.00770267;
1.51086;2.4015;0.00769337;
1.51096;2.40111;0.00770267;
1.51106;2.40071;0.00769337;
1.51116;2.40031;0.00770266;
1.51126;2.39991;0.00769338;
1.51136;2.39951;0.00770266;
1.51146;2.39912;0.00769338;
1.51156;2.39872;0.00770265;
1.51166;2.39832;0.00769338;
1.51176;2.39792;0.00770265;
1.51186;2.39753;0.00769339;
1.51196;2.39713;0.00770264;
1.51206;2.39673;0.00769339;
1.51216;2.39633;0.00770264;
1.51226;2.39594;0.00769339;
1.51236;2.39554;0.00770264;
1.51246;2.39514;0.0076934;
1.51256;2.39475;0.00770263;
1.51266;2.39435;0.0076934;
1.51276;2.39395;0.00770263;
1.51286;2.39356;0.0076934;
1.51296;2.39316;0.00770262;
1.51306;2.39276;0.00769341;
1.51316;2.39237;0.00770262;
1.51326;2.39197;0.00769341;
1.51336;2.39157;0.00770262;
1.51346;2.39118;0.00769342;
1.51356;2.39078;0.00770261;
1.51366;2.39038;0.00769342;
1.51376;2.38999;0.00770261;
1.51386;2.38959;0.00769342;
1.51396;2.3892;0.0077026;
1.51406;2.3888;0.00769343;
1.51416;2.3884;0.0077026;
1.51426;2.38801;0.00769343;
1.51436;2.38761;0.00770259;
1.51446;2.38722;0.00769343;
1.51456;2.38682;0.00770259;
1.51466;2.38643;0.00769344;
1.51476;2.38603;0.00770259;
1.51486;2.38564;0.00769344;
1.51496;2.38524;0.00770258;
1.51506;2.38484;0.00769344;
1.51516;2.38445;0.00770258;
1.51526;2.38405;0.00769345;
1.51536;2.38366;0.00770257;
1.51546;2.38326;0.00769345;
1.51556;2.38287;0.00770257;
1.51566;2.38247;0.00769346;
1.51576;2.38208;0.00770256;
1.51586;2.38168;0.00769346;
1.51596;2.38129;0.00770256;
1.51606;2.3809;0.00769346;
1.51616;2.3805;0.00770256;
1.51626;2.38011;0.00769347;
1.51636;2.37971;0.00770255;
1.51646;2.37932;0.00769347;
1.51656;2.37892;0.00770255;
1.51666;2.37853;0.00769347;
1.51676;2.37813;0.00770254;
1.51686;2.37774;0.00769348;
1.51696;2.37735;0.00770254;
1.51706;2.37695;0.00769348;
1.51716;2.37656;0.00770254;
1.51726;2.37617;0.00769348;
1.51736;2.37577;0.00770253;
1.51746;2.37538;0.00769349;
1.51756;2.37498;0.00770253;
1.51766;2.37459;0.00769349;
1.51776;2.3742;0.00770252;
1.51786;2.3738;0.00769349;
1.51796;2.37341;0.00770252;
1.51806;2.37302;0.0076935;
1.51816;2.37262;0.00770251;
1.51826;2.37223;0.0076935;
1.51836;2.37184;0.00770251;
1.51846;2.37144;0.00769351;
1.51856;2.37105;0.00770251;
1.51866;2.37066;0.00769351;
1.51876;2.37027;0.0077025;
1.51886;2.36987;0.00769351;
1.51896;2.36948;0.0077025;
1.51906;2.36909;0.00769352;
1.51916;2.36869;0.00770249;
1.51926;2.3683;0.00769352;
1.51936;2.36791;0.00770249;
1.51946;2.36752;0.00769352;
1.51956;2.36712;0.00770249;
1.51966;2.36673;0.00769353;
1.51976;2.36634;0.00770248;
1.51986;2.36595;0.00769353;
1.51996;2.36556;0.00770248;
1.52006;2.36516;0.00769353;
1.52016;2.36477;0.00770247;
1.52026;2.36438;0.00769354;
1.52036;2.36399;0.00770247;
1.52046;2.3636;0.00769354;
1.52056;2.36321;0.00770247;
1.52066;2.36281;0.00769354;
1.52076;2.36242;0.00770246;
1.52086;2.36203;0.00769355;
1.52096;2.36164;0.00770246;
1.52106;2.36125;0.00769355;
1.52116;2.36086;0.00770245;
1.52126;2.36047;0.00769356;
1.52136;2.36007;0.00770245;
1.52146;2.35968;0.00769356;
1.52156;2.35929;0.00770244;
1.52166;2.3589;0.00769356;
1.52176;2.35851;0.00770244;
1.52186;2.35812;0.00769357;
1.52196;2.35773;0.00770244;
1.52206;2.35734;0.00769357;
1.52216;2.35695;0.00770243;
1.52226;2.35656;0.00769357;
1.52236;2.35617;0.00770243;
1.52246;2.35578;0.00769358;
1.52256;2.35539;0.00770242;
1.52266;2.35499;0.00769358;
1.52276;2.3546;0.00770242;
1.52286;2.35421;0.00769358;
1.52296;2.35382;0.00770242;
1.52306;2.35343;0.00769359;
1.52316;2.35304;0.00770241;
1.52326;2.35265;0.00769359;
1.52336;2.35226;0.00770241;
1.52346;2.35187;0.00769359;
1.52356;2.35148;0.0077024;
1.52366;2.3511;0.0076936;
1.52376;2.35071;0.0077024;
1.52386;2.35032;0.0076936;
1.52396;2.34993;0.00770239;
1.52406;2.34954;0.00769361;
1.52416;2.34915;0.00770239;
1.52426;2.34876;0.00769361;
1.52436;2.34837;0.00770239;
1.52446;2.34798;0.00769361;
1.52456;2.34759;0.00770238;
1.52466;2.3472;0.00769362;
1.52476;2.34681;0.00770238;
1.52486;2.34642;0.00769362;
1.52496;2.34604;0.00770237;
1.52506;2.34565;0.00769362;
1.52516;2.34526;0.00770237;
1.52526;2.34487;0.00769363;
1.52536;2.34448;0.00770237;
1.52546;2.34409;0.00769363;
1.52556;2.3437;0.00770236;
1.52566;2.34332;0.00769363;
1.52576;2.34293;0.00770236;
1.52586;2.34254;0.00769364;
1.52596;2.34215;0.00770235;
1.52606;2.34176;0.00769364;
1.52616;2.34137;0.00770235;
1.52626;2.34099;0.00769364;
1.52636;2.3406;0.00770235;
1.52646;2.34021;0.00769365;
1.52656;2.33982;0.00770234;
1.52666;2.33944;0.00769365;
1.52676;2.33905;0.00770234;
1.52686;2.33866;0.00769365;
1.52696;2.33827;0.00770233;
1.52706;2.33789;0.00769366;
1.52716;2.3375;0.00770233;
1.52726;2.33711;0.00769366;
1.52736;2.33672;0.00770232;
1.52746;2.33634;0.00769367;
1.52756;2.33595;0.00770232;
1.52766;2.33556;0.00769367;
1.52776;2.33517;0.00770232;
1.52786;2.33479;0.00769367;
1.52796;2.3344;0.00770231;
1.52806;2.33401;0.00769368;
1.52816;2.33363;0.00770231;
1.52826;2.33324;0.00769368;
1.52836;2.33285;0.0077023;
1.52846;2.33247;0.00769368;
1.52856;2.33208;0.0077023;
1.52866;2.33169;0.00769369;
1.52876;2.33131;0.0077023;
1.52886;2.33092;0.00769369;
1.52896;2.33054;0.00770229;
1.52906;2.33015;0.00769369;
1.52916;2.32976;0.00770229;
1.52926;2.32938;0.0076937;
1.52936;2.32899;0.00770228;
1.52946;2.32861;0.0076937;
1.52956;2.32822;0.00770228;
1.52966;2.32783;0.0076937;
1.52976;2.32745;0.00770228;
1.52986;2.32706;0.00769371;
1.52996;2.32668;0.00770227;
1.53006;2.32629;0.00769371;
1.53016;2.32591;0.00770227;
1.53026;2.32552;0.00769371;
1.53036;2.32514;0.00770226;
1.53046;2.32475;0.00769372;
1.53056;2.32436;0.00770226;
1.53066;2.32398;0.00769372;
1.53076;2.32359;0.00770226;
1.53086;2.32321;0.00769373;
1.53096;2.32282;0.00770225;
1.53106;2.32244;0.00769373;
1.53116;2.32205;0.00770225;
1.53126;2.32167;0.00769373;
1.53136;2.32129;0.00770224;
1.53146;2.3209;0.00769374;
1.53156;2.32052;0.00770224;
1.53166;2.32013;0.00769374;
1.53176;2.31975;0.00770224;
1.53186;2.31936;0.00769374;
1.53196;2.31898;0.00770223;
1.53206;2.31859;0.00769375;
1.53216;2.31821;0.00770223;
1.53226;2.31783;0.00769375;
1.53236;2.31744;0.00770222;
1.53246;2.31706;0.00769375;
1.53256;2.31667;0.00770222;
1.53266;2.31629;0.00769376;
1.53276;2.31591;0.00770221;
1.53286;2.31552;0.00769376;
1.53296;2.31514;0.00770221;
1.53306;2.31476;0.00769376;
1.53316;2.31437;0.00770221;
1.53326;2.31399;0.00769377;
1.53336;2.3136;0.0077022;
1.53346;2.31322;0.00769377;
1.53356;2.31284;0.0077022;
1.53366;2.31246;0.00769377;
1.53376;2.31207;0.00770219;
1.53386;2.31169;0.00769378;
1.53396;2.31131;0.00770219;
1.53406;2.31092;0.00769378;
1.53416;2.31054;0.00770219;
1.53426;2.31016;0.00769378;
1.53436;2.30977;0.00770218;
1.53446;2.30939;0.00769379;
1.53456;2.30901;0.00770218;
1.53466;2.30863;0.00769379;
1.53476;2.30824;0.00770217;
1.53486;2.30786;0.00769379;
1.53496;2.30748;0.00770217;
1.53506;2.3071;0.0076938;
1.53516;2.30671;0.00770217;
1.53526;2.30633;0.0076938;
1.53536;2.30595;0.00770216;
1.53546;2.30557;0.00769381;
1.53556;2.30519;0.00770216;
1.53566;2.3048;0.00769381;
1.53576;2.30442;0.00770215;
1.53586;2.30404;0.00769381;
1.53596;2.30366;0.00770215;
1.53606;2.30328;0.00769382;
1.53616;2.3029;0.00770215;
1.53626;2.30251;0.00769382;
1.53636;2.30213;0.00770214;
1.53646;2.30175;0.00769382;
1.53656;2.30137;0.00770214;
1.53666;2.30099;0.00769383;
1.53676;2.30061;0.00770213;
1.53686;2.30023;0.00769383;
1.53696;2.29984;0.00770213;
1.53706;2.29946;0.00769383;
1.53716;2.29908;0.00770213;
1.53726;2.2987;0.00769384;
1.53736;2.29832;0.00770212;
1.53746;2.29794;0.00769384;
1.53756;2.29756;0.00770212;
1.53766;2.29718;0.00769384;
1.53776;2.2968;0.00770211;
1.53786;2.29642;0.00769385;
1.53796;2.29604;0.00770211;
1.53806;2.29566;0.00769385;
1.53816;2.29528;0.00770211;
1.53826;2.2949;0.00769385;
1.53836;2.29452;0.0077021;
1.53846;2.29414;0.00769386;
1.53856;2.29376;0.0077021;
1.53866;2.29338;0.00769386;
1.53876;2.293;0.00770209;
1.53886;2.29262;0.00769386;
1.53896;2.29224;0.00770209;
1.53906;2.29186;0.00769387;
1.53916;2.29148;0.00770209;
1.53926;2.2911;0.00769387;
1.53936;2.29072;0.00770208;
1.53946;2.29034;0.00769387;
1.53956;2.28996;0.00770208;
1.53966;2.28958;0.00769388;
1.53976;2.2892;0.00770207;
1.53986;2.28882;0.00769388;
1.53996;2.28844;0.00770207;
1.54006;2.28806;0.00769388;
1.54016;2.28768;0.00770207;
1.54026;2.2873;0.00769389;
1.54036;2.28692;0.00770206;
1.54046;2.28655;0.00769389;
1.54056;2.28617;0.00770206;
1.54066;2.28579;0.0076939;
1.54076;2.28541;0.00770205;
1.54086;2.28503;0.0076939;
1.54096;2.28465;0.00770205;
1.54106;2.28427;0.0076939;
1.54116;2.28389;0.00770205;
1.54126;2.28352;0.00769391;
1.54136;2.28314;0.00770204;
1.54146;2.28276;0.00769391;
1.54156;2.28238;0.00770204;
1.54166;2.282;0.00769391;
1.54176;2.28163;0.00770203;
1.54186;2.28125;0.00769392;
1.54196;2.28087;0.00770203;
1.54206;2.28049;0.00769392;
1.54216;2.28011;0.00770203;
1.54226;2.27974;0.00769392;
1.54236;2.27936;0.00770202;
1.54246;2.27898;0.00769393;
1.54256;2.2786;0.00770202;
1.54266;2.27823;0.00769393;
1.54276;2.27785;0.00770201;
1.54286;2.27747;0.00769393;
1.54296;2.27709;0.00770201;
1.54306;2.27672;0.00769394;
1.54316;2.27634;0.00770201;
1.54326;2.27596;0.00769394;
1.54336;2.27558;0.007702;
1.54346;2.27521;0.00769394;
1.54356;2.27483;0.007702;
1.54366;2.27445;0.00769395;
1.54376;2.27408;0.00770199;
1.54386;2.2737;0.00769395;
1.54396;2.27332;0.00770199;
1.54406;2.27295;0.00769395;
1.54416;2.27257;0.00770199;
1.54426;2.27219;0.00769396;
1.54436;2.27182;0.00770198;
1.54446;2.27144;0.00769396;
1.54456;2.27106;0.00770198;
1.54466;2.27069;0.00769396;
1.54476;2.27031;0.00770197;
1.54486;2.26994;0.00769397;
1.54496;2.26956;0.00770197;
1.54506;2.26918;0.00769397;
1.54516;2.26881;0.00770197;
1.54526;2.26843;0.00769397;
1.54536;2.26806;0.00770196;
1.54546;2.26768;0.00769398;
1.54556;2.2673;0.00770196;
1.54566;2.26693;0.00769398;
1.54576;2.26655;0.00770195;
1.54586;2.26618;0.00769398;
1.54596;2.2658;0.00770195;
1.54606;2.26543;0.00769399;
1.54616;2.26505;0.00770195;
1.54626;2.26468;0.00769399;
1.54636;2.2643;0.00770194;
1.54646;2.26393;0.00769399;
1.54656;2.26355;0.00770194;
1.54666;2.26318;0.007694;
1.54676;2.2628;0.00770193;
1.54686;2.26243;0.007694;
1.54696;2.26205;0.00770193;
1.54706;2.26168;0.007694;
1.54716;2.2613;0.00770193;
1.54726;2.26093;0.00769401;
1.54736;2.26055;0.00770192;
1.54746;2.26018;0.00769401;
1.54756;2.2598;0.00770192;
1.54766;2.25943;0.00769401;
1.54776;2.25905;0.00770191;
1.54786;2.25868;0.00769402;
1.54796;2.25831;0.00770191;
1.54806;2.25793;0.00769402;
1.54816;2.25756;0.00770191;
1.54826;2.25718;0.00769402;
1.54836;2.25681;0.0077019;
1.54846;2.25644;0.00769403;
1.54856;2.25606;0.0077019;
1.54866;2.25569;0.00769403;
1.54876;2.25532;0.00770189;
1.54886;2.25494;0.00769404;
1.54896;2.25457;0.00770189;
1.54906;2.25419;0.00769404;
1.54916;2.25382;0.00770189;
1.54926;2.25345;0.00769404;
1.54936;2.25307;0.00770188;
1.54946;2.2527;0.00769405;
1.54956;2.25233;0.00770188;
1.54966;2.25195;0.00769405;
1.54976;2.25158;0.00770187;
1.54986;2.25121;0.00769405;
1.54996;2.25084;0.00770187;
1.55006;2.25046;0.00769406;
1.55016;2.25009;0.00770187;
1.55026;2.24972;0.00769406;
1.55036;2.24934;0.00770186;
1.55046;2.24897;0.00769406;
1.55056;2.2486;0.00770186;
1.55066;2.24823;0.00769407;
1.55076;2.24785;0.00770185;
1.55086;2.24748;0.00769407;
1.55096;2.24711;0.00770185;
1.55106;2.24674;0.00769407;
1.55116;2.24636;0.00770185;
1.55126;2.24599;0.00769408;
1.55136;2.24562;0.00770184;
1.55146;2.24525;0.00769408;
1.55156;2.24488;0.00770184;
1.55166;2.2445;0.00769408;
1.55176;2.24413;0.00770183;
1.55186;2.24376;0.00769409;
1.55196;2.24339;0.00770183;
1.55206;2.24302;0.00769409;
1.55216;2.24265;0.00770183;
1.55226;2.24227;0.00769409;
1.55236;2.2419;0.00770182;
1.55246;2.24153;0.0076941;
1.55256;2.24116;0.00770182;
1.55266;2.24079;0.0076941;
1.55276;2.24042;0.00770181;
1.55286;2.24005;0.0076941;
1.55296;2.23968;0.00770181;
1.55306;2.2393;0.00769411;
1.55316;2.23893;0.00770181;
1.55326;2.23856;0.00769411;
1.55336;2.23819;0.0077018;
1.55346;2.23782;0.00769411;
1.55356;2.23745;0.0077018;
1.55366;2.23708;0.00769412;
1.55376;2.23671;0.0077018;
1.55386;2.23634;0.00769412;
1.55396;2.23597;0.00770179;
1.55406;2.2356;0.00769412;
1.55416;2.23523;0.00770179;
1.55426;2.23486;0.00769413;
1.55436;2.23449;0.00770178;
1.55446;2.23412;0.00769413;
1.55456;2.23375;0.00770178;
1.55466;2.23338;0.00769413;
1.55476;2.23301;0.00770178;
1.55486;2.23264;0.00769414;
1.55496;2.23227;0.00770177;
1.55506;2.2319;0.00769414;
1.55516;2.23153;0.00770177;
1.55526;2.23116;0.00769414;
1.55536;2.23079;0.00770176;
1.55546;2.23042;0.00769415;
1.55556;2.23005;0.00770176;
1.55566;2.22968;0.00769415;
1.55576;2.22931;0.00770176;
1.55586;2.22894;0.00769415;
1.55596;2.22857;0.00770175;
1.55606;2.2282;0.00769416;
1.55616;2.22783;0.00770175;
1.55626;2.22746;0.00769416;
1.55636;2.2271;0.00770174;
1.55646;2.22673;0.00769416;
1.55656;2.22636;0.00770174;
1.55666;2.22599;0.00769417;
1.55676;2.22562;0.00770174;
1.55686;2.22525;0.00769417;
1.55696;2.22488;0.00770173;
1.55706;2.22451;0.00769417;
1.55716;2.22415;0.00770173;
1.55726;2.22378;0.00769418;
1.55736;2.22341;0.00770172;
1.55746;2.22304;0.00769418;
1.55756;2.22267;0.00770172;
1.55766;2.2223;0.00769418;
1.55776;2.22194;0.00770172;
1.55786;2.22157;0.00769419;
1.55796;2.2212;0.00770171;
1.55806;2.22083;0.00769419;
1.55816;2.22046;0.00770171;
1.55826;2.2201;0.00769419;
1.55836;2.21973;0.00770171;
1.55846;2.21936;0.0076942;
1.55856;2.21899;0.0077017;
1.55866;2.21863;0.0076942;
1.55876;2.21826;0.0077017;
1.55886;2.21789;0.0076942;
1.55896;2.21752;0.00770169;
1.55906;2.21716;0.00769421;
1.55916;2.21679;0.00770169;
1.55926;2.21642;0.00769421;
1.55936;2.21605;0.00770169;
1.55946;2.21569;0.00769421;
1.55956;2.21532;0.00770168;
1.55966;2.21495;0.00769422;
1.55976;2.21459;0.00770168;
1.55986;2.21422;0.00769422;
1.55996;2.21385;0.00770167;
1.56006;2.21349;0.00769422;
1.56016;2.21312;0.00770167;
1.56026;2.21275;0.00769423;
1.56036;2.21239;0.00770167;
1.56046;2.21202;0.00769423;
1.56056;2.21165;0.00770166;
1.56066;2.21129;0.00769423;
1.56076;2.21092;0.00770166;
1.56086;2.21055;0.00769424;
1.56096;2.21019;0.00770166;
1.56106;2.20982;0.00769424;
1.56116;2.20946;0.00770165;
1.56126;2.20909;0.00769424;
1.56136;2.20872;0.00770165;
1.56146;2.20836;0.00769425;
1.56156;2.20799;0.00770164;
1.56166;2.20763;0.00769425;
1.56176;2.20726;0.00770164;
1.56186;2.20689;0.00769425;
1.56196;2.20653;0.00770164;
1.56206;2.20616;0.00769426;
1.56216;2.2058;0.00770163;
1.56226;2.20543;0.00769426;
1.56236;2.20507;0.00770163;
1.56246;2.2047;0.00769426;
1.56256;2.20434;0.00770162;
1.56266;2.20397;0.00769427;
1.56276;2.20361;0.00770162;
1.56286;2.20324;0.00769427;
1.56296;2.20288;0.00770162;
1.56306;2.20251;0.00769427;
1.56316;2.20215;0.00770161;
1.56326;2.20178;0.00769428;
1.56336;2.20142;0.00770161;
1.56346;2.20105;0.00769428;
1.56356;2.20069;0.0077016;
1.56366;2.20032;0.00769428;
1.56376;2.19996;0.0077016;
1.56386;2.19959;0.00769429;
1.56396;2.19923;0.0077016;
1.56406;2.19887;0.00769429;
1.56416;2.1985;0.00770159;
1.56426;2.19814;0.00769429;
1.56436;2.19777;0.00770159;
1.56446;2.19741;0.00769429;
1.56456;2.19705;0.00770159;
1.56466;2.19668;0.0076943;
1.56476;2.19632;0.00770158;
1.56486;2.19595;0.0076943;
1.56496;2.19559;0.00770158;
1.56506;2.19523;0.0076943;
1.56516;2.19486;0.00770157;
1.56526;2.1945;0.00769431;
1.56536;2.19414;0.00770157;
1.56546;2.19377;0.00769431;
1.56556;2.19341;0.00770157;
1.56566;2.19305;0.00769431;
1.56576;2.19268;0.00770156;
1.56586;2.19232;0.00769432;
1.56596;2.19196;0.00770156;
1.56606;2.19159;0.00769432;
1.56616;2.19123;0.00770155;
1.56626;2.19087;0.00769432;
1.56636;2.1905;0.00770155;
1.56646;2.19014;0.00769433;
1.56656;2.18978;0.00770155;
1.56666;2.18942;0.00769433;
1.56676;2.18905;0.00770154;
1.56686;2.18869;0.00769433;
1.56696;2.18833;0.00770154;
1.56706;2.18797;0.00769434;
1.56716;2.1876;0.00770154;
1.56726;2.18724;0.00769434;
1.56736;2.18688;0.00770153;
1.56746;2.18652;0.00769434;
1.56756;2.18615;0.00770153;
1.56766;2.18579;0.00769435;
1.56776;2.18543;0.00770152;
1.56786;2.18507;0.00769435;
1.56796;2.18471;0.00770152;
1.56806;2.18434;0.00769435;
1.56816;2.18398;0.00770152;
1.56826;2.18362;0.00769436;
1.56836;2.18326;0.00770151;
1.56846;2.1829;0.00769436;
1.56856;2.18254;0.00770151;
1.56866;2.18217;0.00769436;
1.56876;2.18181;0.00770151;
1.56886;2.18145;0.00769437;
1.56896;2.18109;0.0077015;
1.56906;2.18073;0.00769437;
1.56916;2.18037;0.0077015;
1.56926;2.18001;0.00769437;
1.56936;2.17965;0.00770149;
1.56946;2.17928;0.00769438;
1.56956;2.17892;0.00770149;
1.56966;2.17856;0.00769438;
1.56976;2.1782;0.00770149;
1.56986;2.17784;0.00769438;
1.56996;2.17748;0.00770148;
1.57006;2.17712;0.00769439;
1.57016;2.17676;0.00770148;
1.57026;2.1764;0.00769439;
1.57036;2.17604;0.00770147;
1.57046;2.17568;0.00769439;
1.57056;2.17532;0.00770147;
1.57066;2.17496;0.0076944;
1.57076;2.1746;0.00770147;
1.57086;2.17424;0.0076944;
1.57096;2.17388;0.00770146;
1.57106;2.17352;0.0076944;
1.57116;2.17316;0.00770146;
1.57126;2.1728;0.00769441;
1.57136;2.17244;0.00770146;
1.57146;2.17208;0.00769441;
1.57156;2.17172;0.00770145;
1.57166;2.17136;0.00769441;
1.57176;2.171;0.00770145;
1.57186;2.17064;0.00769442;
1.57196;2.17028;0.00770144;
1.57206;2.16992;0.00769442;
1.57216;2.16956;0.00770144;
1.57226;2.1692;0.00769442;
1.57236;2.16884;0.00770144;
1.57246;2.16848;0.00769443;
1.57256;2.16812;0.00770143;
1.57266;2.16776;0.00769443;
1.57276;2.1674;0.00770143;
1.57286;2.16704;0.00769443;
1.57296;2.16669;0.00770143;
1.57306;2.16633;0.00769443;
1.57316;2.16597;0.00770142;
1.57326;2.16561;0.00769444;
1.57336;2.16525;0.00770142;
1.57346;2.16489;0.00769444;
1.57356;2.16453;0.00770141;
1.57366;2.16418;0.00769444;
1.57376;2.16382;0.00770141;
1.57386;2.16346;0.00769445;
1.57396;2.1631;0.00770141;
1.57406;2.16274;0.00769445;
1.57416;2.16238;0.0077014;
1.57426;2.16203;0.00769445;
1.57436;2.16167;0.0077014;
1.57446;2.16131;0.00769446;
1.57456;2.16095;0.00770139;
1.57466;2.16059;0.00769446;
1.57476;2.16024;0.00770139;
1.57486;2.15988;0.00769446;
1.57496;2.15952;0.00770139;
1.57506;2.15916;0.00769447;
1.57516;2.1588;0.00770138;
1.57526;2.15845;0.00769447;
1.57536;2.15809;0.00770138;
1.57546;2.15773;0.00769447;
1.57556;2.15737;0.00770138;
1.57566;2.15702;0.00769448;
1.57576;2.15666;0.00770137;
1.57586;2.1563;0.00769448;
1.57596;2.15595;0.00770137;
1.57606;2.15559;0.00769448;
1.57616;2.15523;0.00770136;
1.57626;2.15487;0.00769449;
1.57636;2.15452;0.00770136;
1.57646;2.15416;0.00769449;
1.57656;2.1538;0.00770136;
1.57666;2.15345;0.00769449;
1.57676;2.15309;0.00770135;
1.57686;2.15273;0.0076945;
1.57696;2.15238;0.00770135;
1.57706;2.15202;0.0076945;
1.57716;2.15166;0.00770135;
1.57726;2.15131;0.0076945;
1.57736;2.15095;0.00770134;
1.57746;2.1506;0.00769451;
1.57756;2.15024;0.00770134;
1.57766;2.14988;0.00769451;
1.57776;2.14953;0.00770133;
1.57786;2.14917;0.00769451;
1.57796;2.14882;0.00770133;
1.57806;2.14846;0.00769451;
1.57816;2.1481;0.00770133;
1.57826;2.14775;0.00769452;
1.57836;2.14739;0.00770132;
1.57846;2.14704;0.00769452;
1.57856;2.14668;0.00770132;
1.57866;2.14633;0.00769452;
1.57876;2.14597;0.00770132;
1.57886;2.14561;0.00769453;
1.57896;2.14526;0.00770131;
1.57906;2.1449;0.00769453;
1.57916;2.14455;0.00770131;
1.57926;2.14419;0.00769453;
1.57936;2.14384;0.0077013;
1.57946;2.14348;0.00769454;
1.57956;2.14313;0.0077013;
1.57966;2.14277;0.00769454;
1.57976;2.14242;0.0077013;
1.57986;2.14206;0.00769454;
1.57996;2.14171;0.00770129;
1.58006;2.14135;0.00769455;
1.58016;2.141;0.00770129;
1.58026;2.14065;0.00769455;
1.58036;2.14029;0.00770129;
1.58046;2.13994;0.00769455;
1.58056;2.13958;0.00770128;
1.58066;2.13923;0.00769456;
1.58076;2.13887;0.00770128;
1.58086;2.13852;0.00769456;
1.58096;2.13816;0.00770127;
1.58106;2.13781;0.00769456;
1.58116;2.13746;0.00770127;
1.58126;2.1371;0.00769457;
1.58136;2.13675;0.00770127;
1.58146;2.13639;0.00769457;
1.58156;2.13604;0.00770126;
1.58166;2.13569;0.00769457;
1.58176;2.13533;0.00770126;
1.58186;2.13498;0.00769458;
1.58196;2.13463;0.00770126;
1.58206;2.13427;0.00769458;
1.58216;2.13392;0.00770125;
1.58226;2.13357;0.00769458;
1.58236;2.13321;0.00770125;
1.58246;2.13286;0.00769458;
1.58256;2.13251;0.00770125;
1.58266;2.13215;0.00769459;
1.58276;2.1318;0.00770124;
1.58286;2.13145;0.00769459;
1.58296;2.13109;0.00770124;
1.58306;2.13074;0.00769459;
1.58316;2.13039;0.00770123;
1.58326;2.13003;0.0076946;
1.58336;2.12968;0.00770123;
1.58346;2.12933;0.0076946;
1.58356;2.12898;0.00770123;
1.58366;2.12862;0.0076946;
1.58376;2.12827;0.00770122;
1.58386;2.12792;0.00769461;
1.58396;2.12757;0.00770122;
1.58406;2.12721;0.00769461;
1.58416;2.12686;0.00770122;
1.58426;2.12651;0.00769461;
1.58436;2.12616;0.00770121;
1.58446;2.12581;0.00769462;
1.58456;2.12545;0.00770121;
1.58466;2.1251;0.00769462;
1.58476;2.12475;0.0077012;
1.58486;2.1244;0.00769462;
1.58496;2.12405;0.0077012;
1.58506;2.12369;0.00769463;
1.58516;2.12334;0.0077012;
1.58526;2.12299;0.00769463;
1.58536;2.12264;0.00770119;
1.58546;2.12229;0.00769463;
1.58556;2.12194;0.00770119;
1.58566;2.12158;0.00769463;
1.58576;2.12123;0.00770119;
1.58586;2.12088;0.00769464;
1.58596;2.12053;0.00770118;
1.58606;2.12018;0.00769464;
1.58616;2.11983;0.00770118;
1.58626;2.11948;0.00769464;
1.58636;2.11913;0.00770117;
1.58646;2.11878;0.00769465;
1.58656;2.11842;0.00770117;
1.58666;2.11807;0.00769465;
1.58676;2.11772;0.00770117;
1.58686;2.11737;0.00769465;
1.58696;2.11702;0.00770116;
1.58706;2.11667;0.00769466;
1.58716;2.11632;0.00770116;
1.58726;2.11597;0.00769466;
1.58736;2.11562;0.00770116;
1.58746;2.11527;0.00769466;
1.58756;2.11492;0.00770115;
1.58766;2.11457;0.00769467;
1.58776;2.11422;0.00770115;
1.58786;2.11387;0.00769467;
1.58796;2.11352;0.00770115;
1.58806;2.11317;0.00769467;
1.58816;2.11282;0.00770114;
1.58826;2.11247;0.00769468;
1.58836;2.11212;0.00770114;
1.58846;2.11177;0.00769468;
1.58856;2.11142;0.00770113;
1.58866;2.11107;0.00769468;
1.58876;2.11072;0.00770113;
1.58886;2.11037;0.00769468;
1.58896;2.11002;0.00770113;
1.58906;2.10967;0.00769469;
1.58916;2.10932;0.00770112;
1.58926;2.10897;0.00769469;
1.58936;2.10862;0.00770112;
1.58946;2.10827;0.00769469;
1.58956;2.10793;0.00770112;
1.58966;2.10758;0.0076947;
1.58976;2.10723;0.00770111;
1.58986;2.10688;0.0076947;
1.58996;2.10653;0.00770111;
1.59006;2.10618;0.0076947;
1.59016;2.10583;0.0077011;
1.59026;2.10548;0.00769471;
1.59036;2.10513;0.0077011;
1.59046;2.10479;0.00769471;
1.59056;2.10444;0.0077011;
1.59066;2.10409;0.00769471;
1.59076;2.10374;0.00770109;
1.59086;2.10339;0.00769472;
1.59096;2.10304;0.00770109;
1.59106;2.1027;0.00769472;
1.59116;2.10235;0.00770109;
1.59126;2.102;0.00769472;
1.59136;2.10165;0.00770108;
1.59146;2.1013;0.00769473;
1.59156;2.10095;0.00770108;
1.59166;2.10061;0.00769473;
1.59176;2.10026;0.00770108;
1.59186;2.09991;0.00769473;
1.59196;2.09956;0.00770107;
1.59206;2.09922;0.00769473;
1.59216;2.09887;0.00770107;
1.59226;2.09852;0.00769474;
1.59236;2.09817;0.00770106;
1.59246;2.09783;0.00769474;
1.59256;2.09748;0.00770106;
1.59266;2.09713;0.00769474;
1.59276;2.09678;0.00770106;
1.59286;2.09644;0.00769475;
1.59296;2.09609;0.00770105;
1.59306;2.09574;0.00769475;
1.59316;2.0954;0.00770105;
1.59326;2.09505;0.00769475;
1.59336;2.0947;0.00770105;
1.59346;2.09435;0.00769476;
1.59356;2.09401;0.00770104;
1.59366;2.09366;0.00769476;
1.59376;2.09331;0.00770104;
1.59386;2.09297;0.00769476;
1.59396;2.09262;0.00770104;
1.59406;2.09227;0.00769477;
1.59416;2.09193;0.00770103;
1.59426;2.09158;0.00769477;
1.59436;2.09124;0.00770103;
1.59446;2.09089;0.00769477;
1.59456;2.09054;0.00770102;
1.59466;2.0902;0.00769477;
1.59476;2.08985;0.00770102;
1.59486;2.0895;0.00769478;
1.59496;2.08916;0.00770102;
1.59506;2.08881;0.00769478;
1.59516;2.08847;0.00770101;
1.59526;2.08812;0.00769478;
1.59536;2.08777;0.00770101;
1.59546;2.08743;0.00769479;
1.59556;2.08708;0.00770101;
1.59566;2.08674;0.00769479;
1.59576;2.08639;0.007701;
1.59586;2.08605;0.00769479;
1.59596;2.0857;0.007701;
1.59606;2.08536;0.0076948;
1.59616;2.08501;0.007701;
1.59626;2.08467;0.0076948;
1.59636;2.08432;0.00770099;
1.59646;2.08397;0.0076948;
1.59656;2.08363;0.00770099;
1.59666;2.08328;0.00769481;
1.59676;2.08294;0.00770098;
1.59686;2.08259;0.00769481;
1.59696;2.08225;0.00770098;
1.59706;2.08191;0.00769481;
1.59716;2.08156;0.00770098;
1.59726;2.08122;0.00769481;
1.59736;2.08087;0.00770097;
1.59746;2.08053;0.00769482;
1.59756;2.08018;0.00770097;
1.59766;2.07984;0.00769482;
1.59776;2.07949;0.00770097;
1.59786;2.07915;0.00769482;
1.59796;2.0788;0.00770096;
1.59806;2.07846;0.00769483;
1.59816;2.07812;0.00770096;
1.59826;2.07777;0.00769483;
1.59836;2.07743;0.00770096;
1.59846;2.07708;0.00769483;
1.59856;2.07674;0.00770095;
1.59866;2.0764;0.00769484;
1.59876;2.07605;0.00770095;
1.59886;2.07571;0.00769484;
1.59896;2.07537;0.00770094;
1.59906;2.07502;0.00769484;
1.59916;2.07468;0.00770094;
1.59926;2.07433;0.00769484;
1.59936;2.07399;0.00770094;
1.59946;2.07365;0.00769485;
1.59956;2.0733;0.00770093;
1.59966;2.07296;0.00769485;
1.59976;2.07262;0.00770093;
1.59986;2.07227;0.00769485;
1.59996;2.07193;0.00770093;
1.60006;2.07159;0.00769486;
1.60016;2.07125;0.00770092;
1.60026;2.0709;0.00769486;
1.60036;2.07056;0.00770092;
1.60046;2.07022;0.00769486;
1.60056;2.06987;0.00770092;
1.60066;2.06953;0.00769487;
1.60076;2.06919;0.00770091;
1.60086;2.06885;0.00769487;
1.60096;2.0685;0.00770095;
1.60106;2.06816;0.00769487;
1.60116;2.06782;0.00770095;
1.60126;2.06748;0.00769487;
1.60136;2.06713;0.00770094;
1.60146;2.06679;0.00769488;
1.60156;2.06645;0.00770094;
1.60166;2.06611;0.00769488;
1.60176;2.06576;0.00770093;
1.60186;2.06542;0.00769488;
1.60196;2.06508;0.00770093;
1.60206;2.06474;0.00769489;
1.60216;2.0644;0.00770093;
1.60226;2.06405;0.00769489;
1.60236;2.06371;0.00770092;
1.60246;2.06337;0.00769489;
1.60256;2.06303;0.00770092;
1.60266;2.06269;0.0076949;
1.60276;2.06235;0.00770092;
1.60286;2.06201;0.0076949;
1.60296;2.06166;0.00770091;
1.60306;2.06132;0.0076949;
1.60316;2.06098;0.00770091;
1.60326;2.06064;0.00769491;
1.60336;2.0603;0.00770091;
1.60346;2.05996;0.00769491;
1.60356;2.05962;0.0077009;
1.60366;2.05928;0.00769491;
1.60376;2.05893;0.0077009;
1.60386;2.05859;0.00769491;
1.60396;2.05825;0.00770089;
1.60406;2.05791;0.00769492;
1.60416;2.05757;0.00770089;
1.60426;2.05723;0.00769492;
1.60436;2.05689;0.00770089;
1.60446;2.05655;0.00769492;
1.60456;2.05621;0.00770088;
1.60466;2.05587;0.00769493;
1.60476;2.05553;0.00770088;
1.60486;2.05519;0.00769493;
1.60496;2.05485;0.00770088;
1.60506;2.05451;0.00769493;
1.60516;2.05417;0.00770087;
1.60526;2.05383;0.00769494;
1.60536;2.05349;0.00770087;
1.60546;2.05315;0.00769494;
1.60556;2.05281;0.00770087;
1.60566;2.05247;0.00769494;
1.60576;2.05213;0.00770086;
1.60586;2.05179;0.00769494;
1.60596;2.05145;0.00770086;
1.60606;2.05111;0.00769495;
1.60616;2.05077;0.00770085;
1.60626;2.05043;0.00769495;
1.60636;2.05009;0.00770085;
1.60646;2.04975;0.00769495;
1.60656;2.04941;0.00770085;
1.60666;2.04907;0.00769496;
1.60676;2.04873;0.00770084;
1.60686;2.04839;0.00769496;
1.60696;2.04805;0.00770084;
1.60706;2.04771;0.00769496;
1.60716;2.04738;0.00770084;
1.60726;2.04704;0.00769497;
1.60736;2.0467;0.00770083;
1.60746;2.04636;0.00769497;
1.60756;2.04602;0.00770083;
1.60766;2.04568;0.00769497;
1.60776;2.04534;0.00770083;
1.60786;2.045;0.00769497;
1.60796;2.04467;0.00770082;
1.60806;2.04433;0.00769498;
1.60816;2.04399;0.00770082;
1.60826;2.04365;0.00769498;
1.60836;2.04331;0.00770082;
1.60846;2.04297;0.00769498;
1.60856;2.04263;0.00770081;
1.60866;2.0423;0.00769499;
1.60876;2.04196;0.00770081;
1.60886;2.04162;0.00769499;
1.60896;2.04128;0.0077008;
1.60906;2.04094;0.00769499;
1.60916;2.04061;0.0077008;
1.60926;2.04027;0.007695;
1.60936;2.03993;0.0077008;
1.60946;2.03959;0.007695;
1.60956;2.03926;0.00770079;
1.60966;2.03892;0.007695;
1.60976;2.03858;0.00770079;
1.60986;2.03824;0.007695;
1.60996;2.03791;0.00770079;
1.61006;2.03757;0.00769501;
1.61016;2.03723;0.00770078;
1.61026;2.03689;0.00769501;
1.61036;2.03656;0.00770078;
1.61046;2.03622;0.00769501;
1.61056;2.03588;0.00770078;
1.61066;2.03554;0.00769502;
1.61076;2.03521;0.00770077;
1.61086;2.03487;0.00769502;
1.61096;2.03453;0.00770077;
1.61106;2.0342;0.00769502;
1.61116;2.03386;0.00770076;
1.61126;2.03352;0.00769502;
1.61136;2.03319;0.00770076;
1.61146;2.03285;0.00769503;
1.61156;2.03251;0.00770076;
1.61166;2.03218;0.00769503;
1.61176;2.03184;0.00770075;
1.61186;2.0315;0.00769503;
1.61196;2.03117;0.00770075;
1.61206;2.03083;0.00769504;
1.61216;2.0305;0.00770075;
1.61226;2.03016;0.00769504;
1.61236;2.02982;0.00770074;
1.61246;2.02949;0.00769504;
1.61256;2.02915;0.00770074;
1.61266;2.02882;0.00769505;
1.61276;2.02848;0.00770074;
1.61286;2.02814;0.00769505;
1.61296;2.02781;0.00770073;
1.61306;2.02747;0.00769505;
1.61316;2.02714;0.00770073;
1.61326;2.0268;0.00769505;
1.61336;2.02647;0.00770073;
1.61346;2.02613;0.00769506;
1.61356;2.02579;0.00770072;
1.61366;2.02546;0.00769506;
1.61376;2.02512;0.00770072;
1.61386;2.02479;0.00769506;
1.61396;2.02445;0.00770071;
1.61406;2.02412;0.00769507;
1.61416;2.02378;0.00770071;
1.61426;2.02345;0.00769507;
1.61436;2.02311;0.00770071;
1.61446;2.02278;0.00769507;
1.61456;2.02244;0.0077007;
1.61466;2.02211;0.00769508;
1.61476;2.02177;0.0077007;
1.61486;2.02144;0.00769508;
1.61496;2.0211;0.0077007;
1.61506;2.02077;0.00769508;
1.61516;2.02043;0.00770069;
1.61526;2.0201;0.00769508;
1.61536;2.01977;0.00770069;
1.61546;2.01943;0.00769512;
1.61556;2.0191;0.00770069;
1.61566;2.01876;0.00769513;
1.61576;2.01843;0.00770068;
1.61586;2.01809;0.00769513;
1.61596;2.01776;0.00770068;
1.61606;2.01743;0.00769513;
1.61616;2.01709;0.00770068;
1.61626;2.01676;0.00769513;
1.61636;2.01642;0.00770067;
1.61646;2.01609;0.00769514;
1.61656;2.01576;0.00770067;
1.61666;2.01542;0.00769514;
1.61676;2.01509;0.00770067;
1.61686;2.01476;0.00769514;
1.61696;2.01442;0.00770066;
1.61706;2.01409;0.00769515;
1.61716;2.01376;0.00770066;
1.61726;2.01342;0.00769515;
1.61736;2.01309;0.00770065;
1.61746;2.01276;0.00769515;
1.61756;2.01242;0.00770065;
1.61766;2.01209;0.00769515;
1.61776;2.01176;0.00770065;
1.61786;2.01142;0.00769516;
1.61796;2.01109;0.00770064;
1.61806;2.01076;0.00769516;
1.61816;2.01042;0.00770064;
1.61826;2.01009;0.00769516;
1.61836;2.00976;0.00770064;
1.61846;2.00943;0.00769517;
1.61856;2.00909;0.00770063;
1.61866;2.00876;0.00769517;
1.61876;2.00843;0.00770063;
1.61886;2.0081;0.00769517;
1.61896;2.00776;0.00770063;
1.61906;2.00743;0.00769517;
1.61916;2.0071;0.00770062;
1.61926;2.00677;0.00769518;
1.61936;2.00643;0.00770062;
1.61946;2.0061;0.00769518;
1.61956;2.00577;0.00770062;
1.61966;2.00544;0.00769518;
1.61976;2.00511;0.00770061;
1.61986;2.00477;0.00769519;
1.61996;2.00444;0.00770061;
1.62006;2.00411;0.00769519;
1.62016;2.00378;0.00770061;
1.62026;2.00345;0.00769519;
1.62036;2.00312;0.0077006;
1.62046;2.00278;0.00769519;
1.62056;2.00245;0.0077006;
1.62066;2.00212;0.0076952;
1.62076;2.00179;0.0077006;
1.62086;2.00146;0.0076952;
1.62096;2.00113;0.00770059;
1.62106;2.0008;0.0076952;
1.62116;2.00046;0.00770059;
1.62126;2.00013;0.00769521;
1.62136;1.9998;0.00770058;
1.62146;1.99947;0.00769521;
1.62156;1.99914;0.00770058;
1.62166;1.99881;0.00769521;
1.62176;1.99848;0.00770058;
1.62186;1.99815;0.00769521;
1.62196;1.99782;0.00770057;
1.62206;1.99749;0.00769522;
1.62216;1.99716;0.00770057;
1.62226;1.99682;0.00769522;
1.62236;1.99649;0.00770057;
1.62246;1.99616;0.00769522;
1.62256;1.99583;0.00770056;
1.62266;1.9955;0.00769523;
1.62276;1.99517;0.00770056;
1.62286;1.99484;0.00769523;
1.62296;1.99451;0.00770056;
1.62306;1.99418;0.00769523;
1.62316;1.99385;0.00770055;
1.62326;1.99352;0.00769523;
1.62336;1.99319;0.00770055;
1.62346;1.99286;0.00769524;
1.62356;1.99253;0.00770055;
1.62366;1.9922;0.00769524;
1.62376;1.99187;0.00770054;
1.62386;1.99154;0.00769524;
1.62396;1.99121;0.00770054;
1.62406;1.99088;0.00769525;
1.62416;1.99055;0.00770054;
1.62426;1.99022;0.00769525;
1.62436;1.98989;0.00770053;
1.62446;1.98957;0.00769525;
1.62456;1.98924;0.00770053;
1.62466;1.98891;0.00769525;
1.62476;1.98858;0.00770053;
1.62486;1.98825;0.00769526;
1.62496;1.98792;0.00770052;
1.62506;1.98759;0.00769526;
1.62516;1.98726;0.00770052;
1.62526;1.98693;0.00769526;
1.62536;1.9866;0.00770052;
1.62546;1.98627;0.00769526;
1.62556;1.98595;0.00770051;
1.62566;1.98562;0.00769527;
1.62576;1.98529;0.00770051;
1.62586;1.98496;0.00769527;
1.62596;1.98463;0.0077005;
1.62606;1.9843;0.00769527;
1.62616;1.98397;0.0077005;
1.62626;1.98365;0.00769528;
1.62636;1.98332;0.0077005;
1.62646;1.98299;0.00769528;
1.62656;1.98266;0.00770049;
1.62666;1.98233;0.00769528;
1.62676;1.982;0.00770049;
1.62686;1.98168;0.00769528;
1.62696;1.98135;0.00770049;
1.62706;1.98102;0.00769529;
1.62716;1.98069;0.00770048;
1.62726;1.98037;0.00769529;
1.62736;1.98004;0.00770048;
1.62746;1.97971;0.00769529;
1.62756;1.97938;0.00770048;
1.62766;1.97905;0.0076953;
1.62776;1.97873;0.00770047;
1.62786;1.9784;0.0076953;
1.62796;1.97807;0.00770047;
1.62806;1.97774;0.0076953;
1.62816;1.97742;0.00770047;
1.62826;1.97709;0.0076953;
1.62836;1.97676;0.00770046;
1.62846;1.97644;0.00769531;
1.62856;1.97611;0.00770046;
1.62866;1.97578;0.00769531;
1.62876;1.97545;0.00770046;
1.62886;1.97513;0.00769531;
1.62896;1.9748;0.00770045;
1.62906;1.97447;0.00769532;
1.62916;1.97415;0.00770045;
1.62926;1.97382;0.00769532;
1.62936;1.97349;0.00770045;
1.62946;1.97317;0.00769532;
1.62956;1.97284;0.00770044;
1.62966;1.97251;0.00769532;
1.62976;1.97219;0.00770044;
1.62986;1.97186;0.00769533;
1.62996;1.97153;0.00770044;
1.63006;1.97121;0.00769533;
1.63016;1.97088;0.00770043;
1.63026;1.97056;0.00769533;
1.63036;1.97023;0.00770043;
1.63046;1.9699;0.00769533;
1.63056;1.96958;0.00770043;
1.63066;1.96925;0.00769534;
1.63076;1.96893;0.00770042;
1.63086;1.9686;0.00769534;
1.63096;1.96827;0.00770042;
1.63106;1.96795;0.00769534;
1.63116;1.96762;0.00770042;
1.63126;1.9673;0.00769535;
1.63136;1.96697;0.00770041;
1.63146;1.96665;0.00769535;
1.63156;1.96632;0.00770041;
1.63166;1.96599;0.00769535;
1.63176;1.96567;0.0077004;
1.63186;1.96534;0.00769535;
1.63196;1.96502;0.0077004;
1.63206;1.96469;0.00769536;
1.63216;1.96437;0.0077004;
1.63226;1.96404;0.00769536;
1.63236;1.96372;0.00770039;
1.63246;1.96339;0.00769536;
1.63256;1.96307;0.00770039;
1.63266;1.96274;0.00769537;
1.63276;1.96242;0.00770039;
1.63286;1.96209;0.00769537;
1.63296;1.96177;0.00770038;
1.63306;1.96144;0.00769537;
1.63316;1.96112;0.00770038;
1.63326;1.96079;0.00769537;
1.63336;1.96047;0.00770038;
1.63346;1.96015;0.00769538;
1.63356;1.95982;0.00770037;
1.63366;1.9595;0.00769538;
1.63376;1.95917;0.00770037;
1.63386;1.95885;0.00769538;
1.63396;1.95852;0.00770037;
1.63406;1.9582;0.00769538;
1.63416;1.95788;0.00770036;
1.63426;1.95755;0.00769539;
1.63436;1.95723;0.00770036;
1.63446;1.9569;0.00769539;
1.63456;1.95658;0.00770036;
1.63466;1.95626;0.00769539;
1.63476;1.95593;0.00770035;
1.63486;1.95561;0.0076954;
1.63496;1.95529;0.00770035;
1.63506;1.95496;0.0076954;
1.63516;1.95464;0.00770035;
1.63526;1.95431;0.0076954;
1.63536;1.95399;0.00770034;
1.63546;1.95367;0.0076954;
1.63556;1.95334;0.00770034;
1.63566;1.95302;0.00769541;
1.63576;1.9527;0.00770034;
1.63586;1.95237;0.00769541;
1.63596;1.95205;0.00770033;
1.63606;1.95173;0.00769541;
1.63616;1.95141;0.00770033;
1.63626;1.95108;0.00769541;
1.63636;1.95076;0.00770033;
1.63646;1.95044;0.00769542;
1.63656;1.95011;0.00770032;
1.63666;1.94979;0.00769542;
1.63676;1.94947;0.00770032;
1.63686;1.94915;0.00769542;
1.63696;1.94882;0.00770032;
1.63706;1.9485;0.00769543;
1.63716;1.94818;0.00770031;
1.63726;1.94786;0.00769543;
1.63736;1.94753;0.00770031;
1.63746;1.94721;0.00769543;
1.63756;1.94689;0.00770031;
1.63766;1.94657;0.00769543;
1.63776;1.94625;0.0077003;
1.63786;1.94592;0.00769544;
1.63796;1.9456;0.0077003;
1.63806;1.94528;0.00769544;
1.63816;1.94496;0.0077003;
1.63826;1.94464;0.00769544;
1.63836;1.94431;0.00770029;
1.63846;1.94399;0.00769545;
1.63856;1.94367;0.00770029;
1.63866;1.94335;0.00769545;
1.63876;1.94303;0.00770029;
1.63886;1.94271;0.00769545;
1.63896;1.94238;0.00770028;
1.63906;1.94206;0.00769545;
1.63916;1.94174;0.00770028;
1.63926;1.94142;0.00769546;
1.63936;1.9411;0.00770028;
1.63946;1.94078;0.00769546;
1.63956;1.94046;0.00770027;
1.63966;1.94013;0.00769546;
1.63976;1.93981;0.00770027;
1.63986;1.93949;0.00769546;
1.63996;1.93917;0.00770027;
1.64006;1.93885;0.00769547;
1.64016;1.93853;0.00770026;
1.64026;1.93821;0.00769547;
1.64036;1.93789;0.00770026;
1.64046;1.93757;0.00769547;
1.64056;1.93725;0.00770026;
1.64066;1.93693;0.00769547;
1.64076;1.93661;0.00770025;
1.64086;1.93629;0.00769548;
1.64096;1.93597;0.00770025;
1.64106;1.93564;0.00769548;
1.64116;1.93532;0.00770025;
1.64126;1.935;0.00769548;
1.64136;1.93468;0.00770024;
1.64146;1.93436;0.00769549;
1.64156;1.93404;0.00770024;
1.64166;1.93372;0.00769549;
1.64176;1.9334;0.00770024;
1.64186;1.93308;0.00769549;
1.64196;1.93276;0.00770023;
1.64206;1.93244;0.00769549;
1.64216;1.93212;0.00770023;
1.64226;1.9318;0.0076955;
1.64236;1.93149;0.00770023;
1.64246;1.93117;0.0076955;
1.64256;1.93085;0.00770022;
1.64266;1.93053;0.0076955;
1.64276;1.93021;0.00770022;
1.64286;1.92989;0.0076955;
1.64296;1.92957;0.00770022;
1.64306;1.92925;0.00769551;
1.64316;1.92893;0.00770021;
1.64326;1.92861;0.00769551;
1.64336;1.92829;0.00770021;
1.64346;1.92797;0.00769551;
1.64356;1.92765;0.00770021;
1.64366;1.92733;0.00769552;
1.64376;1.92702;0.0077002;
1.64386;1.9267;0.00769552;
1.64396;1.92638;0.0077002;
1.64406;1.92606;0.00769552;
1.64416;1.92574;0.0077002;
1.64426;1.92542;0.00769552;
1.64436;1.9251;0.00770019;
1.64446;1.92478;0.00769553;
1.64456;1.92447;0.00770019;
1.64466;1.92415;0.00769553;
1.64476;1.92383;0.00770019;
1.64486;1.92351;0.00769553;
1.64496;1.92319;0.00770018;
1.64506;1.92287;0.00769553;
1.64516;1.92256;0.00770018;
1.64526;1.92224;0.00769554;
1.64536;1.92192;0.00770018;
1.64546;1.9216;0.00769554;
1.64556;1.92128;0.00770017;
1.64566;1.92097;0.00769554;
1.64576;1.92065;0.00770017;
1.64586;1.92033;0.00769554;
1.64596;1.92001;0.00770017;
1.64606;1.9197;0.00769555;
1.64616;1.91938;0.00770016;
1.64626;1.91906;0.00769555;
1.64636;1.91874;0.00770016;
1.64646;1.91843;0.00769555;
1.64656;1.91811;0.00770016;
1.64666;1.91779;0.00769555;
1.64676;1.91747;0.00770015;
1.64686;1.91716;0.00769556;
1.64696;1.91684;0.00770015;
1.64706;1.91652;0.00769556;
1.64716;1.9162;0.00770015;
1.64726;1.91589;0.00769556;
1.64736;1.91557;0.00770014;
1.64746;1.91525;0.00769556;
1.64756;1.91494;0.00770014;
1.64766;1.91462;0.00769557;
1.64776;1.9143;0.00770013;
1.64786;1.91399;0.00769557;
1.64796;1.91367;0.00770013;
1.64806;1.91335;0.00769557;
1.64816;1.91304;0.00770013;
1.64826;1.91272;0.00769557;
1.64836;1.9124;0.00770012;
1.64846;1.91209;0.00769558;
1.64856;1.91177;0.00770012;
1.64866;1.91145;0.00769558;
1.64876;1.91114;0.00770012;
1.64886;1.91082;0.00769558;
1.64896;1.91051;0.00770011;
1.64906;1.91019;0.00769558;
1.64916;1.90987;0.00770011;
1.64926;1.90956;0.00769558;
1.64936;1.90924;0.0077001;
1.64946;1.90893;0.00769559;
1.64956;1.90861;0.0077001;
1.64966;1.90829;0.00769559;
1.64976;1.90798;0.00770009;
1.64986;1.90766;0.00769559;
1.64996;1.90735;0.00770009;
1.65006;1.90703;0.00769559;
1.65016;1.90672;0.00770008;
1.65026;1.9064;0.00769559;
1.65036;1.90609;0.00770008;
1.65046;1.90577;0.00769559;
1.65056;1.90546;0.00770007;
1.65066;1.90514;0.00769559;
1.65076;1.90482;0.00770007;
1.65086;1.90451;0.00769559;
1.65096;1.90419;0.00770006;
1.65106;1.90388;0.00769559;
1.65116;1.90356;0.00770005;
1.65126;1.90325;0.00769559;
1.65136;1.90293;0.00770005;
1.65146;1.90262;0.00769559;
1.65156;1.90231;0.00770004;
1.65166;1.90199;0.00769558;
1.65176;1.90168;0.00770003;
1.65186;1.90136;0.00769558;
1.65196;1.90105;0.00770002;
1.65206;1.90073;0.00769558;
1.65216;1.90042;0.00770001;
1.65226;1.9001;0.00769557;
1.65236;1.89979;0.0077;
1.65246;1.89947;0.00769557;
1.65256;1.89916;0.00769999;
1.65266;1.89885;0.00769556;
1.65276;1.89853;0.00769998;
1.65286;1.89822;0.00769556;
1.65296;1.8979;0.00769997;
1.65306;1.89759;0.00769555;
1.65316;1.89728;0.00769995;
1.65326;1.89696;0.00769554;
1.65336;1.89665;0.00769994;
1.65346;1.89633;0.00769553;
1.65356;1.89602;0.00769992;
1.65366;1.89571;0.00769552;
1.65376;1.89539;0.0076999;
1.65386;1.89508;0.00769551;
1.65396;1.89477;0.00769989;
1.65406;1.89445;0.0076955;
1.65416;1.89414;0.00769987;
1.65426;1.89383;0.00769548;
1.65436;1.89351;0.00769985;
1.65446;1.8932;0.00769547;
1.65456;1.89289;0.00769983;
1.65466;1.89257;0.00769545;
1.65476;1.89226;0.0076998;
1.65486;1.89195;0.00769543;
1.65496;1.89164;0.00769978;
1.65506;1.89132;0.00769541;
1.65516;1.89101;0.00769975;
1.65526;1.8907;0.00769539;
1.65536;1.89038;0.00769972;
1.65546;1.89007;0.00769537;
1.65556;1.88976;0.0076997;
1.65566;1.88945;0.00769534;
1.65576;1.88913;0.00769967;
1.65586;1.88882;0.00769532;
1.65596;1.88851;0.00769963;
1.65606;1.8882;0.00769529;
1.65616;1.88788;0.0076996;
1.65626;1.88757;0.00769526;
1.65636;1.88726;0.00769957;
1.65646;1.88695;0.00769523;
1.65656;1.88663;0.00769953;
1.65666;1.88632;0.0076952;
1.65676;1.88601;0.00769949;
1.65686;1.8857;0.00769517;
1.65696;1.88539;0.00769945;
1.65706;1.88508;0.00769513;
1.65716;1.88476;0.00769941;
1.65726;1.88445;0.0076951;
1.65736;1.88414;0.00769937;
1.65746;1.88383;0.00769506;
1.65756;1.88352;0.00769932;
1.65766;1.88321;0.00769502;
1.65776;1.88289;0.00769928;
1.65786;1.88258;0.00769497;
1.65796;1.88227;0.00769923;
1.65806;1.88196;0.00769493;
1.65816;1.88165;0.00769918;
1.65826;1.88134;0.00769488;
1.65836;1.88103;0.00769912;
1.65846;1.88071;0.00769483;
1.65856;1.8804;0.00769907;
1.65866;1.88009;0.00769478;
1.65876;1.87978;0.00769901;
1.65886;1.87947;0.00769473;
1.65896;1.87916;0.00769895;
1.65906;1.87885;0.00769467;
1.65916;1.87854;0.00769889;
1.65926;1.87823;0.00769461;
1.65936;1.87792;0.00769882;
1.65946;1.87761;0.00769455;
1.65956;1.8773;0.00769875;
1.65966;1.87699;0.00769449;
1.65976;1.87667;0.00769868;
1.65986;1.87636;0.00769442;
1.65996;1.87605;0.0076986;
1.66006;1.87574;0.00769435;
1.66016;1.87543;0.00769853;
1.66026;1.87512;0.00769427;
1.66036;1.87481;0.00769844;
1.66046;1.8745;0.00769419;
1.66056;1.87419;0.00769836;
1.66066;1.87388;0.00769411;
1.66076;1.87357;0.00769827;
1.66086;1.87326;0.00769402;
1.66096;1.87295;0.00769817;
1.66106;1.87264;0.00769392;
1.66116;1.87233;0.00769807;
1.66126;1.87202;0.00769383;
1.66136;1.87172;0.00769796;
1.66146;1.87141;0.00769372;
1.66156;1.8711;0.00769785;
1.66166;1.87079;0.00769361;
1.66176;1.87048;0.00769773;
1.66186;1.87017;0.00769349;
1.66196;1.86986;0.0076976;
1.66206;1.86955;0.00769336;
1.66216;1.86924;0.00769746;
1.66226;1.86893;0.00769322;
1.66236;1.86862;0.00769731;
1.66246;1.86831;0.00769307;
1.66256;1.868;0.00769715;
1.66266;1.8677;0.00769291;
1.66276;1.86739;0.00769697;
1.66286;1.86708;0.00769273;
1.66296;1.86677;0.00769678;
1.66306;1.86646;0.00769254;
1.66316;1.86615;0.00769657;
1.66326;1.86584;0.00769233;
1.66336;1.86553;0.00769634;
1.66346;1.86523;0.00769209;
1.66356;1.86492;0.00769608;
1.66366;1.86461;0.00769182;
1.66376;1.8643;0.00769579;
1.66386;1.86399;0.00769151;
1.66396;1.86368;0.00769544;
1.66406;1.86338;0.00769115;
1.66416;1.86307;0.00769504;
1.66426;1.86276;0.00769073;
1.66436;1.86245;0.00769456;
1.66446;1.86214;0.00769021;
1.66456;1.86184;0.00769397;
1.66466;1.86153;0.00768957;
1.66476;1.86122;0.00769321;
1.66486;1.86091;0.00768874;
1.66496;1.8606;0.00769222;
1.66506;1.8603;0.00768765;
1.66516;1.85999;0.00769092;
1.66526;1.85968;0.00768623;
1.66536;1.85937;0.00768929;
1.66546;1.85907;0.00768451;
1.66556;1.85876;0.00768743;
1.66566;1.85845;0.0076826;
1.66576;1.85814;0.00768548;
1.66586;1.85784;0.00768063;
1.66596;1.85753;0.00768352;
1.66606;1.85722;0.00767864;
1.66616;1.85692;0.00768157;
1.66626;1.85661;0.00767668;
1.66636;1.8563;0.0076796;
1.66646;1.85599;0.00767475;
1.66656;1.85569;0.00767771;
1.66666;1.85538;0.00767285;
1.66676;1.85507;0.00767586;
1.66686;1.85477;0.00767099;
1.66696;1.85446;0.00767404;
1.66706;1.85415;0.00766916;
1.66716;1.85385;0.00767225;
1.66726;1.85354;0.00766735;
1.66736;1.85323;0.00767048;
1.66746;1.85293;0.00766557;
1.66756;1.85262;0.00766873;
1.66766;1.85232;0.00766379;
1.66776;1.85201;0.00766695;
1.66786;1.8517;0.00766195;
1.66796;1.8514;0.00766503;
1.66806;1.85109;0.00765991;
1.66816;1.85078;0.00766258;
1.66826;1.85048;0.00765722;
1.66836;1.85017;0.00765865;
1.66846;1.84987;0.00765262;
1.66856;1.84956;0.00764953;
1.66866;1.84926;0.00764074;
1.66867;1.84922;0.00761909;
1.66869;1.84916;0.0076198;
1.66869;1.84916;0.00766371;
1.66869;1.84916;0.00765943;
1.66869;1.84916;0.00765547;
1.66869;1.84916;0.00765511;
1.66869;1.84916;0.00765019;
1.66869;1.84916;0.00761267;
1.66869;1.84916;0.00760409;
1.66869;1.84916;0.00758771;
1.66869;1.84916;0.00754924;
1.66869;1.84916;0.00753422;
1.66869;1.84916;0.00749046;
1.66869;1.84916;0.0072769;
1.66869;1.84916;0.0200015;
1.66869;1.84916;1.07817;
1.66869;1.84916;1.98325;
1.66869;1.84916;2.56059;
1.66869;1.84916;2.97319;
1.66869;1.84916;3.20941;
1.66869;1.84916;3.35395;
1.66869;1.84916;3.44483;
1.66869;1.84916;3.5014;
1.66869;1.84916;3.54254;
1.66869;1.84916;3.56792;
1.66869;1.84916;3.58928;
1.66869;1.84916;3.6018;
1.66869;1.84916;3.61109;
1.66869;1.84916;3.61288;
1.66869;1.84916;3.61416;
1.66869;1.84916;3.61313;
1.66869;1.84916;3.61412;
1.66869;1.84916;3.61316;
1.66869;1.84916;3.6141;
1.66869;1.84916;3.61316;
1.66869;1.84917;3.61409;
1.6687;1.84917;3.61316;
1.6687;1.84919;3.61409;
1.6687;1.84921;3.61316;
1.66872;1.84926;3.61409;
1.66874;1.84936;3.61316;
1.66878;1.84957;3.61409;
1.66887;1.84997;3.61316;
1.66897;1.85042;3.61409;
1.66907;1.85087;3.61316;
1.66917;1.85132;3.61409;
1.66927;1.85177;3.61316;
1.66937;1.85222;3.61409;
1.66947;1.85267;3.61316;
1.66957;1.85312;3.61408;
1.66967;1.85357;3.61316;
1.66977;1.85402;3.61408;
1.66987;1.85447;3.61316;
1.66997;1.85492;3.61408;
1.67007;1.85537;3.61316;
1.67017;1.85582;3.61408;
1.67027;1.85627;3.61316;
1.67037;1.85672;3.61408;
1.67047;1.85717;3.61316;
1.67057;1.85762;3.61408;
1.67067;1.85807;3.61316;
1.67077;1.85852;3.61408;
1.67087;1.85897;3.61316;
1.67097;1.85941;3.61408;
1.67107;1.85986;3.61316;
1.67117;1.86031;3.61408;
1.67127;1.86076;3.61316;
1.67137;1.86121;3.61408;
1.67147;1.86166;3.61316;
1.67157;1.86211;3.61408;
1.67167;1.86255;3.61316;
1.67177;1.863;3.61408;
1.67187;1.86345;3.61316;
1.67197;1.8639;3.61408;
1.67207;1.86435;3.61316;
1.67217;1.8648;3.61408;
1.67227;1.86524;3.61316;
1.67237;1.86569;3.61408;
1.67247;1.86614;3.61316;
1.67257;1.86659;3.61408;
1.67267;1.86703;3.61316;
1.67277;1.86748;3.61408;
1.67287;1.86793;3.61316;
1.67297;1.86838;3.61408;
1.67307;1.86882;3.61316;
1.67317;1.86927;3.61408;
1.67327;1.86972;3.61316;
1.67337;1.87017;3.61408;
1.67347;1.87061;3.61316;
1.67357;1.87106;3.61408;
1.67367;1.87151;3.61316;
1.67377;1.87196;3.61408;
1.67387;1.8724;3.61316;
1.67397;1.87285;3.61408;
1.67407;1.8733;3.61316;
1.67417;1.87374;3.61408;
1.67427;1.87419;3.61316;
1.67437;1.87464;3.61408;
1.67447;1.87508;3.61316;
1.67457;1.87553;3.61408;
1.67467;1.87598;3.61316;
1.67477;1.87642;3.61408;
1.67487;1.87687;3.61316;
1.67497;1.87731;3.61408;
1.67507;1.87776;3.61316;
1.67517;1.87821;3.61408;
1.67527;1.87865;3.61316;
1.67537;1.8791;3.61408;
1.67547;1.87955;3.61316;
1.67557;1.87999;3.61408;
1.67567;1.88044;3.61316;
1.67577;1.88088;3.61408;
1.67587;1.88133;3.61316;
1.67597;1.88177;3.61408;
1.67607;1.88222;3.61316;
1.67617;1.88267;3.61408;
1.67627;1.88311;3.61316;
1.67637;1.88356;3.61408;
1.67647;1.884;3.61316;
1.67657;1.88445;3.61408;
1.67667;1.88489;3.61316;
1.67677;1.88534;3.61408;
1.67687;1.88578;3.61316;
1.67697;1.88623;3.61408;
1.67707;1.88667;3.61316;
1.67717;1.88712;3.61408;
1.67727;1.88756;3.61316;
1.67737;1.88801;3.61408;
1.67747;1.88845;3.61316;
1.67757;1.8889;3.61408;
1.67767;1.88934;3.61316;
1.67777;1.88978;3.61408;
1.67787;1.89023;3.61316;
1.67797;1.89067;3.61408;
1.67807;1.89112;3.61316;
1.67817;1.89156;3.61408;
1.67827;1.89201;3.61316;
1.67837;1.89245;3.61408;
1.67847;1.89289;3.61316;
1.67857;1.89334;3.61408;
1.67867;1.89378;3.61316;
1.67877;1.89423;3.61408;
1.67887;1.89467;3.61316;
1.67897;1.89511;3.61408;
1.67907;1.89556;3.61316;
1.67917;1.896;3.61408;
1.67927;1.89644;3.61316;
1.67937;1.89689;3.61408;
1.67947;1.89733;3.61316;
1.67957;1.89777;3.61408;
1.67967;1.89822;3.61316;
1.67977;1.89866;3.61408;
1.67987;1.8991;3.61316;
1.67997;1.89955;3.61408;
1.68007;1.89999;3.61316;
1.68017;1.90043;3.61408;
1.68027;1.90087;3.61316;
1.68037;1.90132;3.61408;
1.68047;1.90176;3.61316;
1.68057;1.9022;3.61408;
1.68067;1.90265;3.61316;
1.68077;1.90309;3.61408;
1.68087;1.90353;3.61316;
1.68097;1.90397;3.61408;
1.68107;1.90442;3.61316;
1.68117;1.90486;3.61408;
1.68127;1.9053;3.61316;
1.68137;1.90574;3.61408;
1.68147;1.90618;3.61316;
1.68157;1.90663;3.61408;
1.68167;1.90707;3.61316;
1.68177;1.90751;3.61408;
1.68187;1.90795;3.61316;
1.68197;1.90839;3.61408;
1.68207;1.90884;3.61316;
1.68217;1.90928;3.61408;
1.68227;1.90972;3.61316;
1.68237;1.91016;3.61408;
1.68247;1.9106;3.61316;
1.68257;1.91104;3.61408;
1.68267;1.91148;3.61316;
1.68277;1.91193;3.61408;
1.68287;1.91237;3.61316;
1.68297;1.91281;3.61408;
1.68307;1.91325;3.61317;
1.68317;1.91369;3.61408;
1.68327;1.91413;3.61317;
1.68337;1.91457;3.61408;
1.68347;1.91501;3.61317;
1.68357;1.91545;3.61408;
1.68367;1.91589;3.61317;
1.68377;1.91633;3.61408;
1.68387;1.91678;3.61317;
1.68397;1.91722;3.61408;
1.68407;1.91766;3.61317;
1.68417;1.9181;3.61408;
1.68427;1.91854;3.61317;
1.68437;1.91898;3.61408;
1.68447;1.91942;3.61317;
1.68457;1.91986;3.61408;
1.68467;1.9203;3.61317;
1.68477;1.92074;3.61408;
1.68487;1.92118;3.61317;
1.68497;1.92162;3.61408;
1.68507;1.92206;3.61317;
1.68517;1.9225;3.61408;
1.68527;1.92294;3.61317;
1.68537;1.92338;3.61408;
1.68547;1.92382;3.61317;
1.68557;1.92426;3.61408;
1.68567;1.92469;3.61317;
1.68577;1.92513;3.61408;
1.68587;1.92557;3.61317;
1.68597;1.92601;3.61408;
1.68607;1.92645;3.61317;
1.68617;1.92689;3.61408;
1.68627;1.92733;3.61317;
1.68637;1.92777;3.61408;
1.68647;1.92821;3.61317;
1.68657;1.92865;3.61408;
1.68667;1.92909;3.61317;
1.68677;1.92952;3.61408;
1.68687;1.92996;3.61317;
1.68697;1.9304;3.61408;
1.68707;1.93084;3.61317;
1.68717;1.93128;3.61408;
1.68727;1.93172;3.61317;
1.68737;1.93216;3.61408;
1.68747;1.93259;3.61317;
1.68757;1.93303;3.61408;
1.68767;1.93347;3.61317;
1.68777;1.93391;3.61408;
1.68787;1.93435;3.61317;
1.68797;1.93478;3.61408;
1.68807;1.93522;3.61317;
1.68817;1.93566;3.61408;
1.68827;1.9361;3.61317;
1.68837;1.93654;3.61408;
1.68847;1.93697;3.61317;
1.68857;1.93741;3.61408;
1.68867;1.93785;3.61317;
1.68877;1.93829;3.61408;
1.68887;1.93872;3.61317;
1.68897;1.93916;3.61408;
1.68907;1.9396;3.61317;
1.68917;1.94004;3.61408;
1.68927;1.94047;3.61317;
1.68937;1.94091;3.61408;
1.68947;1.94135;3.61317;
1.68957;1.94178;3.61408;
1.68967;1.94222;3.61317;
1.68977;1.94266;3.61408;
1.68987;1.94309;3.61317;
1.68997;1.94353;3.61408;
1.69007;1.94397;3.61317;
1.69017;1.9444;3.61408;
1.69027;1.94484;3.61317;
1.69037;1.94528;3.61408;
1.69047;1.94571;3.61317;
1.69057;1.94615;3.61408;
1.69067;1.94659;3.61317;
1.69077;1.94702;3.61408;
1.69087;1.94746;3.61317;
1.69097;1.94789;3.61408;
1.69107;1.94833;3.61317;
1.69117;1.94877;3.61408;
1.69127;1.9492;3.61317;
1.69137;1.94964;3.61408;
1.69147;1.95007;3.61317;
1.69157;1.95051;3.61408;
1.69167;1.95095;3.61317;
1.69177;1.95138;3.61408;
1.69187;1.95182;3.61317;
1.69197;1.95225;3.61408;
1.69207;1.95269;3.61317;
1.69217;1.95312;3.61408;
1.69227;1.95356;3.61317;
1.69237;1.95399;3.61408;
1.69247;1.95443;3.61317;
1.69257;1.95486;3.61408;
1.69267;1.9553;3.61317;
1.69277;1.95573;3.61408;
1.69287;1.95617;3.61317;
1.69297;1.9566;3.61408;
1.69307;1.95704;3.61317;
1.69317;1.95747;3.61408;
1.69327;1.95791;3.61317;
1.69337;1.95834;3.61408;
1.69347;1.95878;3.61317;
1.69357;1.95921;3.61408;
1.69367;1.95965;3.61317;
1.69377;1.96008;3.61408;
1.69387;1.96051;3.61317;
1.69397;1.96095;3.61408;
1.69407;1.96138;3.61317;
1.69417;1.96182;3.61408;
1.69427;1.96225;3.61317;
1.69437;1.96268;3.61408;
1.69447;1.96312;3.61317;
1.69457;1.96355;3.61408;
1.69467;1.96399;3.61317;
1.69477;1.96442;3.61408;
1.69487;1.96485;3.61317;
1.69497;1.96529;3.61408;
1.69507;1.96572;3.61317;
1.69517;1.96615;3.61408;
1.69527;1.96659;3.61317;
1.69537;1.96702;3.61408;
1.69547;1.96745;3.61317;
1.69557;1.96789;3.61408;
1.69567;1.96832;3.61317;
1.69577;1.96875;3.61408;
1.69587;1.96919;3.61317;
1.69597;1.96962;3.61408;
1.69607;1.97005;3.61317;
1.69617;1.97049;3.61408;
1.69627;1.97092;3.61317;
1.69637;1.97135;3.61408;
1.69647;1.97178;3.61317;
1.69657;1.97222;3.61408;
1.69667;1.97265;3.61317;
1.69677;1.97308;3.61408;
1.69687;1.97351;3.61317;
1.69697;1.97395;3.61408;
1.69707;1.97438;3.61317;
1.69717;1.97481;3.61408;
1.69727;1.97524;3.61317;
1.69737;1.97567;3.61408;
1.69747;1.97611;3.61317;
1.69757;1.97654;3.61408;
1.69767;1.97697;3.61317;
1.69777;1.9774;3.61408;
1.69787;1.97783;3.61317;
1.69797;1.97827;3.61408;
1.69807;1.9787;3.61317;
1.69817;1.97913;3.61408;
1.69827;1.97956;3.61317;
1.69837;1.97999;3.61408;
1.69847;1.98042;3.61317;
1.69857;1.98085;3.61408;
1.69867;1.98129;3.61317;
1.69877;1.98172;3.61408;
1.69887;1.98215;3.61317;
1.69897;1.98258;3.61408;
1.69907;1.98301;3.61317;
1.69917;1.98344;3.61408;
1.69927;1.98387;3.61317;
1.69937;1.9843;3.61408;
1.69947;1.98473;3.61317;
1.69957;1.98517;3.61408;
1.69967;1.9856;3.61317;
1.69977;1.98603;3.61408;
1.69987;1.98646;3.61317;
1.69997;1.98689;3.61408;
1.70007;1.98732;3.61317;
1.70017;1.98775;3.61408;
1.70027;1.98818;3.61317;
1.70037;1.98861;3.61408;
1.70047;1.98904;3.61317;
1.70057;1.98947;3.61408;
1.70067;1.9899;3.61317;
1.70077;1.99033;3.61408;
1.70087;1.99076;3.61317;
1.70097;1.99119;3.61408;
1.70107;1.99162;3.61317;
1.70117;1.99205;3.61408;
1.70127;1.99248;3.61317;
1.70137;1.99291;3.61408;
1.70147;1.99334;3.61317;
1.70157;1.99377;3.61408;
1.70167;1.9942;3.61317;
1.70177;1.99463;3.61408;
1.70187;1.99506;3.61317;
1.70197;1.99548;3.61408;
1.70207;1.99591;3.61317;
1.70217;1.99634;3.61408;
1.70227;1.99677;3.61317;
1.70237;1.9972;3.61408;
1.70247;1.99763;3.61317;
1.70257;1.99806;3.61408;
1.70267;1.99849;3.61317;
1.70277;1.99892;3.61408;
1.70287;1.99935;3.61317;
1.70297;1.99977;3.61408;
1.70307;2.0002;3.61317;
1.70317;2.00063;3.61408;
1.70327;2.00106;3.61317;
1.70337;2.00149;3.61408;
1.70347;2.00192;3.61317;
1.70357;2.00234;3.61408;
1.70367;2.00277;3.61317;
1.70377;2.0032;3.61408;
1.70387;2.00363;3.61317;
1.70397;2.00406;3.61408;
1.70407;2.00449;3.61317;
1.70417;2.00491;3.61408;
1.70427;2.00534;3.61317;
1.70437;2.00577;3.61408;
1.70447;2.0062;3.61317;
1.70457;2.00662;3.61408;
1.70467;2.00705;3.61317;
1.70477;2.00748;3.61408;
1.70487;2.00791;3.61317;
1.70497;2.00833;3.61408;
1.70507;2.00876;3.61317;
1.70517;2.00919;3.61408;
1.70527;2.00962;3.61317;
1.70537;2.01004;3.61408;
1.70547;2.01047;3.61317;
1.70557;2.0109;3.61408;
1.70567;2.01132;3.61317;
1.70577;2.01175;3.61408;
1.70587;2.01218;3.61317;
1.70597;2.01261;3.61408;
1.70607;2.01303;3.61317;
1.70617;2.01346;3.61408;
1.70627;2.01389;3.61317;
1.70637;2.01431;3.61408;
1.70647;2.01474;3.61317;
1.70657;2.01516;3.61408;
1.70667;2.01559;3.61317;
1.70677;2.01602;3.61408;
1.70687;2.01644;3.61317;
1.70697;2.01687;3.61408;
1.70707;2.0173;3.61317;
1.70717;2.01772;3.61408;
1.70727;2.01815;3.61317;
1.70737;2.01857;3.61408;
1.70747;2.019;3.61317;
1.70757;2.01943;3.61408;
1.70767;2.01985;3.61317;
1.70777;2.02028;3.61408;
1.70787;2.0207;3.61317;
1.70797;2.02113;3.61408;
1.70807;2.02155;3.61317;
1.70817;2.02198;3.61408;
1.70827;2.0224;3.61317;
1.70837;2.02283;3.61408;
1.70847;2.02326;3.61317;
1.70857;2.02368;3.61408;
1.70867;2.02411;3.61317;
1.70877;2.02453;3.61408;
1.70887;2.02496;3.61317;
1.70897;2.02538;3.61408;
1.70907;2.02581;3.61317;
1.70917;2.02623;3.61408;
1.70927;2.02666;3.61317;
1.70937;2.02708;3.61408;
1.70947;2.02751;3.61317;
1.70957;2.02793;3.61408;
1.70967;2.02835;3.61317;
1.70977;2.02878;3.61408;
1.70987;2.0292;3.61317;
1.70997;2.02963;3.61408;
1.71007;2.03005;3.61317;
1.71017;2.03048;3.61408;
1.71027;2.0309;3.61317;
1.71037;2.03132;3.61408;
1.71047;2.03175;3.61317;
1.71057;2.03217;3.61408;
1.71067;2.0326;3.61317;
1.71077;2.03302;3.61408;
1.71087;2.03344;3.61317;
1.71097;2.03387;3.61408;
1.71107;2.03429;3.61317;
1.71117;2.03472;3.61408;
1.71127;2.03514;3.61317;
1.71137;2.03556;3.61408;
1.71147;2.03599;3.61317;
1.71157;2.03641;3.61408;
1.71167;2.03683;3.61317;
1.71177;2.03726;3.61408;
1.71187;2.03768;3.61317;
1.71197;2.0381;3.61408;
1.71207;2.03853;3.61317;
1.71217;2.03895;3.61408;
1.71227;2.03937;3.61317;
1.71237;2.03979;3.61408;
1.71247;2.04022;3.61317;
1.71257;2.04064;3.61408;
1.71267;2.04106;3.61317;
1.71277;2.04149;3.61408;
1.71287;2.04191;3.61317;
1.71297;2.04233;3.61408;
1.71307;2.04275;3.61317;
1.71317;2.04318;3.61408;
1.71327;2.0436;3.61317;
1.71337;2.04402;3.61408;
1.71347;2.04444;3.61317;
1.71357;2.04486;3.61408;
1.71367;2.04529;3.61317;
1.71377;2.04571;3.61408;
1.71387;2.04613;3.61317;
1.71397;2.04655;3.61408;
1.71407;2.04698;3.61317;
1.71417;2.0474;3.61408;
1.71427;2.04782;3.61317;
1.71437;2.04824;3.61408;
1.71447;2.04866;3.61317;
1.71457;2.04908;3.61408;
1.71467;2.04951;3.61317;
1.71477;2.04993;3.61408;
1.71487;2.05035;3.61317;
1.71497;2.05077;3.61408;
1.71507;2.05119;3.61317;
1.71517;2.05161;3.61408;
1.71527;2.05203;3.61317;
1.71537;2.05245;3.61408;
1.71547;2.05288;3.61317;
1.71557;2.0533;3.61408;
1.71567;2.05372;3.61317;
1.71577;2.05414;3.61408;
1.71587;2.05456;3.61317;
1.71597;2.05498;3.61408;
1.71607;2.0554;3.61317;
1.71617;2.05582;3.61408;
1.71627;2.05624;3.61317;
1.71637;2.05666;3.61408;
1.71647;2.05708;3.61317;
1.71657;2.0575;3.61408;
1.71667;2.05792;3.61317;
1.71677;2.05834;3.61408;
1.71687;2.05876;3.61317;
1.71697;2.05918;3.61408;
1.71707;2.0596;3.61317;
1.71717;2.06002;3.61408;
1.71727;2.06044;3.61317;
1.71737;2.06086;3.61408;
1.71747;2.06128;3.61317;
1.71757;2.0617;3.61408;
1.71767;2.06212;3.61317;
1.71777;2.06254;3.61408;
1.71787;2.06296;3.61317;
1.71797;2.06338;3.61408;
1.71807;2.0638;3.61317;
1.71817;2.06422;3.61408;
1.71827;2.06464;3.61317;
1.71837;2.06506;3.61408;
1.71847;2.06548;3.61317;
1.71857;2.0659;3.61408;
1.71867;2.06632;3.61317;
1.71877;2.06674;3.61408;
1.71887;2.06716;3.61317;
1.71897;2.06757;3.61408;
1.71907;2.06799;3.61317;
1.71917;2.06841;3.61408;
1.71927;2.06883;3.61317;
1.71937;2.06925;3.61408;
1.71947;2.06967;3.61317;
1.71957;2.07009;3.61408;
1.71967;2.07051;3.61317;
1.71977;2.07092;3.61408;
1.71987;2.07134;3.61317;
1.71997;2.07176;3.61408;
1.72007;2.07218;3.61317;
1.72017;2.0726;3.61408;
1.72027;2.07302;3.61317;
1.72037;2.07343;3.61408;
1.72047;2.07385;3.61317;
1.72057;2.07427;3.61408;
1.72067;2.07469;3.61317;
1.72077;2.07511;3.61408;
1.72087;2.07552;3.61317;
1.72097;2.07594;3.61408;
1.72107;2.07636;3.61317;
1.72117;2.07678;3.61408;
1.72127;2.07719;3.61317;
1.72137;2.07761;3.61408;
1.72147;2.07803;3.61317;
1.72157;2.07845;3.61408;
1.72167;2.07886;3.61317;
1.72177;2.07928;3.61408;
1.72187;2.0797;3.61317;
1.72197;2.08012;3.61408;
1.72207;2.08053;3.61317;
1.72217;2.08095;3.61407;
1.72227;2.08137;3.61317;
1.72237;2.08178;3.61407;
1.72247;2.0822;3.61317;
1.72257;2.08262;3.61407;
1.72267;2.08303;3.61317;
1.72277;2.08345;3.61407;
1.72287;2.08387;3.61317;
1.72297;2.08428;3.61407;
1.72307;2.0847;3.61317;
1.72317;2.08512;3.61407;
1.72327;2.08553;3.61317;
1.72337;2.08595;3.61407;
1.72347;2.08637;3.61317;
1.72357;2.08678;3.61407;
1.72367;2.0872;3.61317;
1.72377;2.08761;3.61407;
1.72387;2.08803;3.61317;
1.72397;2.08845;3.61407;
1.72407;2.08886;3.61317;
1.72417;2.08928;3.61407;
1.72427;2.08969;3.61317;
1.72437;2.09011;3.61407;
1.72447;2.09052;3.61317;
1.72457;2.09094;3.61407;
1.72467;2.09136;3.61317;
1.72477;2.09177;3.61407;
1.72487;2.09219;3.61317;
1.72497;2.0926;3.61407;
1.72507;2.09302;3.61317;
1.72517;2.09343;3.61407;
1.72527;2.09385;3.61317;
1.72537;2.09426;3.61407;
1.72547;2.09468;3.61317;
1.72557;2.09509;3.61407;
1.72567;2.09551;3.61317;
1.72577;2.09592;3.61407;
1.72587;2.09634;3.61317;
1.72597;2.09675;3.61407;
1.72607;2.09717;3.61317;
1.72617;2.09758;3.61407;
1.72627;2.098;3.61317;
1.72637;2.09841;3.61407;
1.72647;2.09883;3.61317;
1.72657;2.09924;3.61407;
1.72667;2.09965;3.61317;
1.72677;2.10007;3.61407;
1.72687;2.10048;3.61317;
1.72697;2.1009;3.61407;
1.72707;2.10131;3.61317;
1.72717;2.10173;3.61407;
1.72727;2.10214;3.61317;
1.72737;2.10255;3.61407;
1.72747;2.10297;3.61317;
1.72757;2.10338;3.61407;
1.72767;2.10379;3.61317;
1.72777;2.10421;3.61407;
1.72787;2.10462;3.61317;
1.72797;2.10504;3.61407;
1.72807;2.10545;3.61317;
1.72817;2.10586;3.61407;
1.72827;2.10628;3.61317;
1.72837;2.10669;3.61407;
1.72847;2.1071;3.61317;
1.72857;2.10752;3.61407;
1.72867;2.10793;3.61317;
1.72877;2.10834;3.61407;
1.72887;2.10876;3.61317;
1.72897;2.10917;3.61407;
1.72907;2.10958;3.61317;
1.72917;2.10999;3.61407;
1.72927;2.11041;3.61317;
1.72937;2.11082;3.61407;
1.72947;2.11123;3.61317;
1.72957;2.11165;3.61407;
1.72967;2.11206;3.61317;
1.72977;2.11247;3.61407;
1.72987;2.11288;3.61317;
1.72997;2.1133;3.61407;
1.73007;2.11371;3.61317;
1.73017;2.11412;3.61407;
1.73027;2.11453;3.61317;
1.73037;2.11494;3.61407;
1.73047;2.11536;3.61317;
1.73057;2.11577;3.61407;
1.73067;2.11618;3.61317;
1.73077;2.11659;3.61407;
1.73087;2.117;3.61317;
1.73097;2.11742;3.61407;
1.73107;2.11783;3.61317;
1.73117;2.11824;3.61407;
1.73127;2.11865;3.61317;
1.73137;2.11906;3.61407;
1.73147;2.11947;3.61317;
1.73157;2.11989;3.61407;
1.73167;2.1203;3.61317;
1.73177;2.12071;3.61407;
1.73187;2.12112;3.61317;
1.73197;2.12153;3.61407;
1.73207;2.12194;3.61317;
1.73217;2.12235;3.61407;
1.73227;2.12276;3.61317;
1.73237;2.12318;3.61407;
1.73247;2.12359;3.61317;
1.73257;2.124;3.61407;
1.73267;2.12441;3.61317;
1.73277;2.12482;3.61407;
1.73287;2.12523;3.61317;
1.73297;2.12564;3.61407;
1.73307;2.12605;3.61317;
1.73317;2.12646;3.61407;
1.73327;2.12687;3.61317;
1.73337;2.12728;3.61407;
1.73347;2.12769;3.61317;
1.73357;2.1281;3.61407;
1.73367;2.12851;3.61317;
1.73377;2.12892;3.61407;
1.73387;2.12933;3.61317;
1.73397;2.12974;3.61407;
1.73407;2.13015;3.61317;
1.73417;2.13056;3.61407;
1.73427;2.13097;3.61317;
1.73437;2.13138;3.61407;
1.73447;2.13179;3.61317;
1.73457;2.1322;3.61407;
1.73467;2.13261;3.61317;
1.73477;2.13302;3.61407;
1.73487;2.13343;3.61317;
1.73497;2.13384;3.61407;
1.73507;2.13425;3.61317;
1.73517;2.13466;3.61407;
1.73527;2.13507;3.61317;
1.73537;2.13548;3.61407;
1.73547;2.13589;3.61317;
1.73557;2.1363;3.61407;
1.73567;2.13671;3.61317;
1.73577;2.13712;3.61407;
1.73587;2.13752;3.61317;
1.73597;2.13793;3.61407;
1.73607;2.13834;3.61317;
1.73617;2.13875;3.61407;
1.73627;2.13916;3.61317;
1.73637;2.13957;3.61407;
1.73647;2.13998;3.61317;
1.73657;2.14039;3.61407;
1.73667;2.14079;3.61317;
1.73677;2.1412;3.61407;
1.73687;2.14161;3.61317;
1.73697;2.14202;3.61407;
1.73707;2.14243;3.61317;
1.73717;2.14284;3.61407;
1.73727;2.14324;3.61317;
1.73737;2.14365;3.61407;
1.73747;2.14406;3.61318;
1.73757;2.14447;3.61407;
1.73767;2.14488;3.61318;
1.73777;2.14528;3.61407;
1.73787;2.14569;3.61318;
1.73797;2.1461;3.61407;
1.73807;2.14651;3.61318;
1.73817;2.14691;3.61407;
1.73827;2.14732;3.61318;
1.73837;2.14773;3.61407;
1.73847;2.14814;3.61318;
1.73857;2.14854;3.61407;
1.73867;2.14895;3.61318;
1.73877;2.14936;3.61407;
1.73887;2.14977;3.61318;
1.73897;2.15017;3.61407;
1.73907;2.15058;3.61318;
1.73917;2.15099;3.61407;
1.73927;2.15139;3.61318;
1.73937;2.1518;3.61407;
1.73947;2.15221;3.61318;
1.73957;2.15261;3.61407;
1.73967;2.15302;3.61318;
1.73977;2.15343;3.61407;
1.73987;2.15383;3.61318;
1.73997;2.15424;3.61407;
1.74007;2.15465;3.61318;
1.74017;2.15505;3.61407;
1.74027;2.15546;3.61318;
1.74037;2.15587;3.61407;
1.74047;2.15627;3.61318;
1.74057;2.15668;3.61407;
1.74067;2.15709;3.61318;
1.74077;2.15749;3.61407;
1.74087;2.1579;3.61318;
1.74097;2.1583;3.61407;
1.74107;2.15871;3.61318;
1.74117;2.15912;3.61407;
1.74127;2.15952;3.61318;
1.74137;2.15993;3.61407;
1.74147;2.16033;3.61318;
1.74157;2.16074;3.61407;
1.74167;2.16114;3.61318;
1.74177;2.16155;3.61407;
1.74187;2.16195;3.61318;
1.74197;2.16236;3.61407;
1.74207;2.16277;3.61318;
1.74217;2.16317;3.61407;
1.74227;2.16358;3.61318;
1.74237;2.16398;3.61407;
1.74247;2.16439;3.61318;
1.74257;2.16479;3.61407;
1.74267;2.1652;3.61318;
1.74277;2.1656;3.61407;
1.74287;2.16601;3.61318;
1.74297;2.16641;3.61407;
1.74307;2.16682;3.61318;
1.74317;2.16722;3.61407;
1.74327;2.16763;3.61318;
1.74337;2.16803;3.61407;
1.74347;2.16843;3.61318;
1.74357;2.16884;3.61407;
1.74367;2.16924;3.61318;
1.74377;2.16965;3.61407;
1.74387;2.17005;3.61318;
1.74397;2.17046;3.61407;
1.74407;2.17086;3.61318;
1.74417;2.17126;3.61407;
1.74427;2.17167;3.61318;
1.74437;2.17207;3.61407;
1.74447;2.17248;3.61318;
1.74457;2.17288;3.61407;
1.74467;2.17328;3.61318;
1.74477;2.17369;3.61407;
1.74487;2.17409;3.61318;
1.74497;2.1745;3.61407;
1.74507;2.1749;3.61318;
1.74517;2.1753;3.61407;
1.74527;2.17571;3.61318;
1.74537;2.17611;3.61407;
1.74547;2.17651;3.61318;
1.74557;2.17692;3.61407;
1.74567;2.17732;3.61318;
1.74577;2.17772;3.61407;
1.74587;2.17813;3.61318;
1.74597;2.17853;3.61407;
1.74607;2.17893;3.61318;
1.74617;2.17934;3.61407;
1.74627;2.17974;3.61318;
1.74637;2.18014;3.61407;
1.74647;2.18054;3.61318;
1.74657;2.18095;3.61407;
1.74667;2.18135;3.61318;
1.74677;2.18175;3.61407;
1.74687;2.18215;3.61318;
1.74697;2.18256;3.61407;
1.74707;2.18296;3.61318;
1.74717;2.18336;3.61407;
1.74727;2.18376;3.61318;
1.74737;2.18417;3.61407;
1.74747;2.18457;3.61318;
1.74757;2.18497;3.61407;
1.74767;2.18537;3.61318;
1.74777;2.18577;3.61407;
1.74787;2.18618;3.61318;
1.74797;2.18658;3.61407;
1.74807;2.18698;3.61318;
1.74817;2.18738;3.61407;
1.74827;2.18778;3.61318;
1.74837;2.18819;3.61407;
1.74847;2.18859;3.61318;
1.74857;2.18899;3.61407;
1.74867;2.18939;3.61318;
1.74877;2.18979;3.61407;
1.74887;2.19019;3.61318;
1.74897;2.1906;3.61407;
1.74907;2.191;3.61318;
1.74917;2.1914;3.61407;
1.74927;2.1918;3.61318;
1.74937;2.1922;3.61407;
1.74947;2.1926;3.61318;
1.74957;2.193;3.61407;
1.74967;2.1934;3.61318;
1.74977;2.1938;3.61407;
1.74987;2.1942;3.61318;
1.74997;2.19461;3.61407;
1.75007;2.19501;3.61318;
1.75017;2.19541;3.61407;
1.75027;2.19581;3.61318;
1.75037;2.19621;3.61407;
1.75047;2.19661;3.61318;
1.75057;2.19701;3.61407;
1.75067;2.19741;3.61318;
1.75077;2.19781;3.61407;
1.75087;2.19821;3.61318;
1.75097;2.19861;3.61407;
1.75107;2.19901;3.61318;
1.75117;2.19941;3.61407;
1.75127;2.19981;3.61318;
1.75137;2.20021;3.61407;
1.75147;2.20061;3.61318;
1.75157;2.20101;3.61407;
1.75167;2.20141;3.61318;
1.75177;2.20181;3.61407;
1.75187;2.20221;3.61318;
1.75197;2.20261;3.61407;
1.75207;2.20301;3.61318;
1.75217;2.20341;3.61407;
1.75227;2.20381;3.61318;
1.75237;2.20421;3.61407;
1.75247;2.20461;3.61318;
1.75257;2.20501;3.61407;
1.75267;2.20541;3.61318;
1.75277;2.2058;3.61407;
1.75287;2.2062;3.61318;
1.75297;2.2066;3.61407;
1.75307;2.207;3.61318;
1.75317;2.2074;3.61407;
1.75327;2.2078;3.61318;
1.75337;2.2082;3.61407;
1.75347;2.2086;3.61318;
1.75357;2.209;3.61407;
1.75367;2.2094;3.61318;
1.75377;2.20979;3.61407;
1.75387;2.21019;3.61318;
1.75397;2.21059;3.61407;
1.75407;2.21099;3.61318;
1.75417;2.21139;3.61407;
1.75427;2.21179;3.61318;
1.75437;2.21218;3.61407;
1.75447;2.21258;3.61318;
1.75457;2.21298;3.61407;
1.75467;2.21338;3.61318;
1.75477;2.21378;3.61407;
1.75487;2.21417;3.61318;
1.75497;2.21457;3.61407;
1.75507;2.21497;3.61318;
1.75517;2.21537;3.61407;
1.75527;2.21577;3.61318;
1.75537;2.21616;3.61407;
1.75547;2.21656;3.61318;
1.75557;2.21696;3.61407;
1.75567;2.21736;3.61318;
1.75577;2.21775;3.61407;
1.75587;2.21815;3.61318;
1.75597;2.21855;3.61407;
1.75607;2.21895;3.61318;
1.75617;2.21934;3.61407;
1.75627;2.21974;3.61318;
1.75637;2.22014;3.61407;
1.75647;2.22054;3.61318;
1.75657;2.22093;3.61407;
1.75667;2.22133;3.61318;
1.75677;2.22173;3.61407;
1.75687;2.22212;3.61318;
1.75697;2.22252;3.61407;
1.75707;2.22292;3.61318;
1.75717;2.22331;3.61407;
1.75727;2.22371;3.61318;
1.75737;2.22411;3.61407;
1.75747;2.2245;3.61318;
1.75757;2.2249;3.61407;
1.75767;2.2253;3.61318;
1.75777;2.22569;3.61407;
1.75787;2.22609;3.61318;
1.75797;2.22648;3.61407;
1.75807;2.22688;3.61318;
1.75817;2.22728;3.61407;
1.75827;2.22767;3.61318;
1.75837;2.22807;3.61407;
1.75847;2.22847;3.61318;
1.75857;2.22886;3.61407;
1.75867;2.22926;3.61318;
1.75877;2.22965;3.61407;
1.75887;2.23005;3.61318;
1.75897;2.23044;3.61407;
1.75907;2.23084;3.61318;
1.75917;2.23124;3.61407;
1.75927;2.23163;3.61318;
1.75937;2.23203;3.61407;
1.75947;2.23242;3.61318;
1.75957;2.23282;3.61407;
1.75967;2.23321;3.61318;
1.75977;2.23361;3.61407;
1.75987;2.234;3.61318;
1.75997;2.2344;3.61407;
1.76007;2.23479;3.61318;
1.76017;2.23519;3.61407;
1.76027;2.23558;3.61318;
1.76037;2.23598;3.61407;
1.76047;2.23637;3.61318;
1.76057;2.23677;3.61407;
1.76067;2.23716;3.61318;
1.76077;2.23756;3.61407;
1.76087;2.23795;3.61318;
1.76097;2.23835;3.61407;
1.76107;2.23874;3.61318;
1.76117;2.23913;3.61407;
1.76127;2.23953;3.61318;
1.76137;2.23992;3.61407;
1.76147;2.24032;3.61318;
1.76157;2.24071;3.61407;
1.76167;2.24111;3.61318;
1.76177;2.2415;3.61407;
1.76187;2.24189;3.61318;
1.76197;2.24229;3.61407;
1.76207;2.24268;3.61318;
1.76217;2.24308;3.61407;
1.76227;2.24347;3.61318;
1.76237;2.24386;3.61407;
1.76247;2.24426;3.61318;
1.76257;2.24465;3.61407;
1.76267;2.24504;3.61318;
1.76277;2.24544;3.61407;
1.76287;2.24583;3.61318;
1.76297;2.24623;3.61407;
1.76307;2.24662;3.61318;
1.76317;2.24701;3.61407;
1.76327;2.2474;3.61318;
1.76337;2.2478;3.61407;
1.76347;2.24819;3.61318;
1.76357;2.24858;3.61407;
1.76367;2.24898;3.61318;
1.76377;2.24937;3.61407;
1.76387;2.24976;3.61318;
1.76397;2.25016;3.61407;
1.76407;2.25055;3.61318;
1.76417;2.25094;3.61407;
1.76427;2.25133;3.61318;
1.76437;2.25173;3.61407;
1.76447;2.25212;3.61318;
1.76457;2.25251;3.61407;
1.76467;2.2529;3.61318;
1.76477;2.2533;3.61407;
1.76487;2.25369;3.61318;
1.76497;2.25408;3.61407;
1.76507;2.25447;3.61318;
1.76517;2.25487;3.61407;
1.76527;2.25526;3.61318;
1.76537;2.25565;3.61407;
1.76547;2.25604;3.61318;
1.76557;2.25643;3.61407;
1.76567;2.25683;3.61318;
1.76577;2.25722;3.61407;
1.76587;2.25761;3.61318;
1.76597;2.258;3.61407;
1.76607;2.25839;3.61318;
1.76617;2.25878;3.61407;
1.76627;2.25918;3.61318;
1.76637;2.25957;3.61407;
1.76647;2.25996;3.61318;
1.76657;2.26035;3.61407;
1.76667;2.26074;3.61318;
1.76677;2.26113;3.61407;
1.76687;2.26152;3.61318;
1.76697;2.26192;3.61407;
1.76707;2.26231;3.61318;
1.76717;2.2627;3.61407;
1.76727;2.26309;3.61318;
1.76737;2.26348;3.61407;
1.76747;2.26387;3.61318;
1.76757;2.26426;3.61407;
1.76767;2.26465;3.61318;
1.76777;2.26504;3.61407;
1.76787;2.26543;3.61318;
1.76797;2.26582;3.61407;
1.76807;2.26622;3.61318;
1.76817;2.26661;3.61407;
1.76827;2.267;3.61318;
1.76837;2.26739;3.61407;
1.76847;2.26778;3.61318;
1.76857;2.26817;3.61407;
1.76867;2.26856;3.61318;
1.76877;2.26895;3.61407;
1.76887;2.26934;3.61318;
1.76897;2.26973;3.61407;
1.76907;2.27012;3.61318;
1.76917;2.27051;3.61407;
1.76927;2.2709;3.61318;
1.76937;2.27129;3.61407;
1.76947;2.27168;3.61318;
1.76957;2.27207;3.61407;
1.76967;2.27246;3.61318;
1.76977;2.27285;3.61407;
1.76987;2.27324;3.61318;
1.76997;2.27363;3.61407;
1.77007;2.27401;3.61318;
1.77017;2.2744;3.61407;
1.77027;2.27479;3.61318;
1.77037;2.27518;3.61407;
1.77047;2.27557;3.61318;
1.77057;2.27596;3.61407;
1.77067;2.27635;3.61318;
1.77077;2.27674;3.61407;
1.77087;2.27713;3.61318;
1.77097;2.27752;3.61407;
1.77107;2.27791;3.61318;
1.77117;2.2783;3.61407;
1.77127;2.27868;3.61318;
1.77137;2.27907;3.61407;
1.77147;2.27946;3.61318;
1.77157;2.27985;3.61407;
1.77167;2.28024;3.61318;
1.77177;2.28063;3.61407;
1.77187;2.28102;3.61318;
1.77197;2.2814;3.61407;
1.77207;2.28179;3.61318;
1.77217;2.28218;3.61407;
1.77227;2.28257;3.61318;
1.77237;2.28296;3.61407;
1.77247;2.28335;3.61318;
1.77257;2.28373;3.61407;
1.77267;2.28412;3.61318;
1.77277;2.28451;3.61407;
1.77287;2.2849;3.61318;
1.77297;2.28528;3.61407;
1.77307;2.28567;3.61318;
1.77317;2.28606;3.61407;
1.77327;2.28645;3.61318;
1.77337;2.28684;3.61407;
1.77347;2.28722;3.61318;
1.77357;2.28761;3.61407;
1.77367;2.288;3.61318;
1.77377;2.28839;3.61407;
1.77387;2.28877;3.61318;
1.77397;2.28916;3.61407;
1.77407;2.28955;3.61318;
1.77417;2.28993;3.61407;
1.77427;2.29032;3.61318;
1.77437;2.29071;3.61407;
1.77447;2.2911;3.61318;
1.77457;2.29148;3.61407;
1.77467;2.29187;3.61318;
1.77477;2.29226;3.61407;
1.77487;2.29264;3.61318;
1.77497;2.29303;3.61407;
1.77507;2.29342;3.61318;
1.77517;2.2938;3.61407;
1.77527;2.29419;3.61318;
1.77537;2.29458;3.61407;
1.77547;2.29496;3.61318;
1.77557;2.29535;3.61407;
1.77567;2.29574;3.61318;
1.77577;2.29612;3.61407;
1.77587;2.29651;3.61318;
1.77597;2.29689;3.61407;
1.77607;2.29728;3.61318;
1.77617;2.29767;3.61407;
1.77627;2.29805;3.61318;
1.77637;2.29844;3.61407;
1.77647;2.29882;3.61318;
1.77657;2.29921;3.61407;
1.77667;2.2996;3.61318;
1.77677;2.29998;3.61407;
1.77687;2.30037;3.61318;
1.77697;2.30075;3.61407;
1.77707;2.30114;3.61318;
1.77717;2.30152;3.61407;
1.77727;2.30191;3.61318;
1.77737;2.3023;3.61407;
1.77747;2.30268;3.61318;
1.77757;2.30307;3.61407;
1.77767;2.30345;3.61318;
1.77777;2.30384;3.61407;
1.77787;2.30422;3.61318;
1.77797;2.30461;3.61407;
1.77807;2.30499;3.61318;
1.77817;2.30538;3.61407;
1.77827;2.30576;3.61318;
1.77837;2.30615;3.61407;
1.77847;2.30653;3.61318;
1.77857;2.30692;3.61407;
1.77867;2.3073;3.61318;
1.77877;2.30769;3.61407;
1.77887;2.30807;3.61318;
1.77897;2.30845;3.61407;
1.77907;2.30884;3.61318;
1.77917;2.30922;3.61407;
1.77927;2.30961;3.61318;
1.77937;2.30999;3.61407;
1.77947;2.31038;3.61318;
1.77957;2.31076;3.61407;
1.77967;2.31114;3.61318;
1.77977;2.31153;3.61407;
1.77987;2.31191;3.61318;
1.77997;2.3123;3.61407;
1.78007;2.31268;3.61318;
1.78017;2.31306;3.61407;
1.78027;2.31345;3.61318;
1.78037;2.31383;3.61407;
1.78047;2.31422;3.61318;
1.78057;2.3146;3.61407;
1.78067;2.31498;3.61318;
1.78077;2.31537;3.61407;
1.78087;2.31575;3.61318;
1.78097;2.31613;3.61407;
1.78107;2.31652;3.61318;
1.78117;2.3169;3.61407;
1.78127;2.31728;3.61318;
1.78137;2.31767;3.61407;
1.78147;2.31805;3.61318;
1.78157;2.31843;3.61407;
1.78167;2.31882;3.61318;
1.78177;2.3192;3.61407;
1.78187;2.31958;3.61318;
1.78197;2.31996;3.61407;
1.78207;2.32035;3.61318;
1.78217;2.32073;3.61407;
1.78227;2.32111;3.61318;
1.78237;2.3215;3.61407;
1.78247;2.32188;3.61318;
1.78257;2.32226;3.61407;
1.78267;2.32264;3.61318;
1.78277;2.32303;3.61407;
1.78287;2.32341;3.61318;
1.78297;2.32379;3.61407;
1.78307;2.32417;3.61318;
1.78317;2.32456;3.61407;
1.78327;2.32494;3.61318;
1.78337;2.32532;3.61406;
1.78347;2.3257;3.61318;
1.78357;2.32608;3.61406;
1.78367;2.32647;3.61318;
1.78377;2.32685;3.61406;
1.78387;2.32723;3.61318;
1.78397;2.32761;3.61406;
1.78407;2.32799;3.61318;
1.78417;2.32837;3.61406;
1.78427;2.32876;3.61318;
1.78437;2.32914;3.61406;
1.78447;2.32952;3.61318;
1.78457;2.3299;3.61406;
1.78467;2.33028;3.61318;
1.78477;2.33066;3.61406;
1.78487;2.33104;3.61318;
1.78497;2.33143;3.61406;
1.78507;2.33181;3.61318;
1.78517;2.33219;3.61406;
1.78527;2.33257;3.61318;
1.78537;2.33295;3.61406;
1.78547;2.33333;3.61318;
1.78557;2.33371;3.61406;
1.78567;2.33409;3.61318;
1.78577;2.33447;3.61406;
1.78587;2.33486;3.61318;
1.78597;2.33524;3.61406;
1.78607;2.33562;3.61318;
1.78617;2.336;3.61406;
1.78627;2.33638;3.61318;
1.78637;2.33676;3.61406;
1.78647;2.33714;3.61318;
1.78657;2.33752;3.61406;
1.78667;2.3379;3.61318;
1.78677;2.33828;3.61406;
1.78687;2.33866;3.61318;
1.78697;2.33904;3.61406;
1.78707;2.33942;3.61318;
1.78717;2.3398;3.61406;
1.78727;2.34018;3.61318;
1.78737;2.34056;3.61406;
1.78747;2.34094;3.61318;
1.78757;2.34132;3.61406;
1.78767;2.3417;3.61318;
1.78777;2.34208;3.61406;
1.78787;2.34246;3.61318;
1.78797;2.34284;3.61406;
1.78807;2.34322;3.61318;
1.78817;2.3436;3.61406;
1.78827;2.34398;3.61318;
1.78837;2.34436;3.61406;
1.78847;2.34474;3.61318;
1.78857;2.34512;3.61406;
1.78867;2.34549;3.61318;
1.78877;2.34587;3.61406;
1.78887;2.34625;3.61318;
1.78897;2.34663;3.61406;
1.78907;2.34701;3.61318;
1.78917;2.34739;3.61406;
1.78927;2.34777;3.61318;
1.78937;2.34815;3.61406;
1.78947;2.34853;3.61318;
1.78957;2.34891;3.61406;
1.78967;2.34928;3.61318;
1.78977;2.34966;3.61406;
1.78987;2.35004;3.61318;
1.78997;2.35042;3.61406;
1.79007;2.3508;3.61318;
1.79017;2.35118;3.61406;
1.79027;2.35155;3.61318;
1.79037;2.35193;3.61406;
1.79047;2.35231;3.61318;
1.79057;2.35269;3.61406;
1.79067;2.35307;3.61318;
1.79077;2.35345;3.61406;
1.79087;2.35382;3.61318;
1.79097;2.3542;3.61406;
1.79107;2.35458;3.61318;
1.79117;2.35496;3.61406;
1.79127;2.35534;3.61318;
1.79137;2.35571;3.61406;
1.79147;2.35609;3.61318;
1.79157;2.35647;3.61406;
1.79167;2.35685;3.61318;
1.79177;2.35722;3.61406;
1.79187;2.3576;3.61318;
1.79197;2.35798;3.61406;
1.79207;2.35836;3.61318;
1.79217;2.35873;3.61406;
1.79227;2.35911;3.61318;
1.79237;2.35949;3.61406;
1.79247;2.35987;3.61318;
1.79257;2.36024;3.61406;
1.79267;2.36062;3.61318;
1.79277;2.361;3.61406;
1.79287;2.36137;3.61318;
1.79297;2.36175;3.61406;
1.79307;2.36213;3.61318;
1.79317;2.3625;3.61406;
1.79327;2.36288;3.61318;
1.79337;2.36326;3.61406;
1.79347;2.36363;3.61318;
1.79357;2.36401;3.61406;
1.79367;2.36439;3.61318;
1.79377;2.36476;3.61406;
1.79387;2.36514;3.61318;
1.79397;2.36552;3.61406;
1.79407;2.36589;3.61318;
1.79417;2.36627;3.61406;
1.79427;2.36665;3.61318;
1.79437;2.36702;3.61406;
1.79447;2.3674;3.61318;
1.79457;2.36777;3.61406;
1.79467;2.36815;3.61318;
1.79477;2.36853;3.61406;
1.79487;2.3689;3.61318;
1.79497;2.36928;3.61406;
1.79507;2.36965;3.61318;
1.79517;2.37003;3.61406;
1.79527;2.3704;3.61318;
1.79537;2.37078;3.61406;
1.79547;2.37116;3.61318;
1.79557;2.37153;3.61406;
1.79567;2.37191;3.61318;
1.79577;2.37228;3.61406;
1.79587;2.37266;3.61318;
1.79597;2.37303;3.61406;
1.79607;2.37341;3.61318;
1.79617;2.37378;3.61406;
1.79627;2.37416;3.61318;
1.79637;2.37453;3.61406;
1.79647;2.37491;3.61318;
1.79657;2.37528;3.61406;
1.79667;2.37566;3.61318;
1.79677;2.37603;3.61406;
1.79687;2.37641;3.61318;
1.79697;2.37678;3.61406;
1.79707;2.37716;3.61318;
1.79717;2.37753;3.61406;
1.79727;2.37791;3.61318;
1.79737;2.37828;3.61406;
1.79747;2.37866;3.61318;
1.79757;2.37903;3.61406;
1.79767;2.37941;3.61318;
1.79777;2.37978;3.61406;
1.79787;2.38015;3.61318;
1.79797;2.38053;3.61406;
1.79807;2.3809;3.61318;
1.79817;2.38128;3.61406;
1.79827;2.38165;3.61318;
1.79837;2.38202;3.61406;
1.79847;2.3824;3.61318;
1.79857;2.38277;3.61406;
1.79867;2.38315;3.61318;
1.79877;2.38352;3.61406;
1.79887;2.38389;3.61318;
1.79897;2.38427;3.61406;
1.79907;2.38464;3.61318;
1.79917;2.38501;3.61406;
1.79927;2.38539;3.61318;
1.79937;2.38576;3.61406;
1.79947;2.38614;3.61319;
1.79957;2.38651;3.61406;
1.79967;2.38688;3.61319;
1.79977;2.38726;3.61406;
1.79987;2.38763;3.61319;
1.79997;2.388;3.61406;
1.80007;2.38837;3.61319;
1.80017;2.38875;3.61406;
1.80027;2.38912;3.61319;
1.80037;2.38949;3.61406;
1.80047;2.38987;3.61319;
1.80057;2.39024;3.61406;
1.80067;2.39061;3.61319;
1.80077;2.39098;3.61406;
1.80087;2.39136;3.61319;
1.80097;2.39173;3.61406;
1.80107;2.3921;3.61319;
1.80117;2.39248;3.61406;
1.80127;2.39285;3.61319;
1.80137;2.39322;3.61406;
1.80147;2.39359;3.61319;
1.80157;2.39396;3.61406;
1.80167;2.39434;3.61319;
1.80177;2.39471;3.61406;
1.80187;2.39508;3.61319;
1.80197;2.39545;3.61406;
1.80207;2.39583;3.61319;
1.80217;2.3962;3.61406;
1.80227;2.39657;3.61319;
1.80237;2.39694;3.61406;
1.80247;2.39731;3.61319;
1.80257;2.39769;3.61406;
1.80267;2.39806;3.61319;
1.80277;2.39843;3.61406;
1.80287;2.3988;3.61319;
1.80297;2.39917;3.61406;
1.80307;2.39954;3.61319;
1.80317;2.39991;3.61406;
1.80327;2.40029;3.61319;
1.80337;2.40066;3.61406;
1.80347;2.40103;3.61319;
1.80357;2.4014;3.61406;
1.80367;2.40177;3.61319;
1.80377;2.40214;3.61406;
1.80387;2.40251;3.61319;
1.80397;2.40288;3.61406;
1.80407;2.40326;3.61319;
1.80417;2.40363;3.61406;
1.80427;2.404;3.61319;
1.80437;2.40437;3.61406;
1.80447;2.40474;3.61319;
1.80457;2.40511;3.61406;
1.80467;2.40548;3.61319;
1.80477;2.40585;3.61406;
1.80487;2.40622;3.61319;
1.80497;2.40659;3.61406;
1.80507;2.40696;3.61319;
1.80517;2.40733;3.61406;
1.80527;2.4077;3.61319;
1.80537;2.40807;3.61406;
1.80547;2.40844;3.61319;
1.80557;2.40881;3.61406;
1.80567;2.40918;3.61319;
1.80577;2.40955;3.61406;
1.80587;2.40992;3.61319;
1.80597;2.41029;3.61406;
1.80607;2.41066;3.61319;
1.80617;2.41103;3.61406;
1.80627;2.4114;3.61319;
1.80637;2.41177;3.61406;
1.80647;2.41214;3.61319;
1.80657;2.41251;3.61406;
1.80667;2.41288;3.61319;
1.80677;2.41325;3.61406;
1.80687;2.41362;3.61319;
1.80697;2.41399;3.61406;
1.80707;2.41436;3.61319;
1.80717;2.41473;3.61406;
1.80727;2.4151;3.61319;
1.80737;2.41547;3.61406;
1.80747;2.41584;3.61319;
1.80757;2.41621;3.61406;
1.80767;2.41658;3.61319;
1.80777;2.41694;3.61406;
1.80787;2.41731;3.61319;
1.80797;2.41768;3.61406;
1.80807;2.41805;3.61319;
1.80817;2.41842;3.61406;
1.80827;2.41879;3.61319;
1.80837;2.41916;3.61406;
1.80847;2.41953;3.61319;
1.80857;2.4199;3.61406;
1.80867;2.42026;3.61319;
1.80877;2.42063;3.61406;
1.80887;2.421;3.61319;
1.80897;2.42137;3.61406;
1.80907;2.42174;3.61319;
1.80917;2.42211;3.61406;
1.80927;2.42247;3.61319;
1.80937;2.42284;3.61406;
1.80947;2.42321;3.61319;
1.80957;2.42358;3.61406;
1.80967;2.42395;3.61319;
1.80977;2.42431;3.61406;
1.80987;2.42468;3.61319;
1.80997;2.42505;3.61406;
1.81007;2.42542;3.61319;
1.81017;2.42579;3.61406;
1.81027;2.42615;3.61319;
1.81037;2.42652;3.61406;
1.81047;2.42689;3.61319;
1.81057;2.42726;3.61406;
1.81067;2.42762;3.61319;
1.81077;2.42799;3.61406;
1.81087;2.42836;3.61319;
1.81097;2.42873;3.61406;
1.81107;2.42909;3.61319;
1.81117;2.42946;3.61406;
1.81127;2.42983;3.61319;
1.81137;2.4302;3.61406;
1.81147;2.43056;3.61319;
1.81157;2.43093;3.61406;
1.81167;2.4313;3.61319;
1.81177;2.43166;3.61406;
1.81187;2.43203;3.61319;
1.81197;2.4324;3.61406;
1.81207;2.43276;3.61319;
1.81217;2.43313;3.61406;
1.81227;2.4335;3.61319;
1.81237;2.43386;3.61406;
1.81247;2.43423;3.61319;
1.81257;2.4346;3.61406;
1.81267;2.43496;3.61319;
1.81277;2.43533;3.61406;
1.81287;2.4357;3.61319;
1.81297;2.43606;3.61406;
1.81307;2.43643;3.61319;
1.81317;2.43679;3.61406;
1.81327;2.43716;3.61319;
1.81337;2.43753;3.61406;
1.81347;2.43789;3.61319;
1.81357;2.43826;3.61406;
1.81367;2.43862;3.61319;
1.81377;2.43899;3.61406;
1.81387;2.43936;3.61319;
1.81397;2.43972;3.61406;
1.81407;2.44009;3.61319;
1.81417;2.44045;3.61406;
1.81427;2.44082;3.61319;
1.81437;2.44118;3.61406;
1.81447;2.44155;3.61319;
1.81457;2.44192;3.61406;
1.81467;2.44228;3.61319;
1.81477;2.44265;3.61406;
1.81487;2.44301;3.61319;
1.81497;2.44338;3.61406;
1.81507;2.44374;3.61319;
1.81517;2.44411;3.61406;
1.81527;2.44447;3.61319;
1.81537;2.44484;3.61406;
1.81547;2.4452;3.61319;
1.81557;2.44557;3.61406;
1.81567;2.44593;3.61319;
1.81577;2.4463;3.61406;
1.81587;2.44666;3.61319;
1.81597;2.44703;3.61406;
1.81607;2.44739;3.61319;
1.81617;2.44776;3.61406;
1.81627;2.44812;3.61319;
1.81637;2.44849;3.61406;
1.81647;2.44885;3.61319;
1.81657;2.44921;3.61406;
1.81667;2.44958;3.61319;
1.81677;2.44994;3.61406;
1.81687;2.45031;3.61319;
1.81697;2.45067;3.61406;
1.81707;2.45104;3.61319;
1.81717;2.4514;3.61406;
1.81727;2.45176;3.61319;
1.81737;2.45213;3.61406;
1.81747;2.45249;3.61319;
1.81757;2.45286;3.61406;
1.81767;2.45322;3.61319;
1.81777;2.45358;3.61406;
1.81787;2.45395;3.61319;
1.81797;2.45431;3.61406;
1.81807;2.45467;3.61319;
1.81817;2.45504;3.61406;
1.81827;2.4554;3.61319;
1.81837;2.45577;3.61406;
1.81847;2.45613;3.61319;
1.81857;2.45649;3.61406;
1.81867;2.45686;3.61319;
1.81877;2.45722;3.61406;
1.81887;2.45758;3.61319;
1.81897;2.45794;3.61406;
1.81907;2.45831;3.61319;
1.81917;2.45867;3.61406;
1.81927;2.45903;3.61319;
1.81937;2.4594;3.61406;
1.81947;2.45976;3.61319;
1.81957;2.46012;3.61406;
1.81967;2.46049;3.61319;
1.81977;2.46085;3.61406;
1.81987;2.46121;3.61319;
1.81997;2.46157;3.61406;
1.82007;2.46194;3.61319;
1.82017;2.4623;3.61406;
1.82027;2.46266;3.61319;
1.82037;2.46302;3.61406;
1.82047;2.46339;3.61319;
1.82057;2.46375;3.61406;
1.82067;2.46411;3.61319;
1.82077;2.46447;3.61406;
1.82087;2.46484;3.61319;
1.82097;2.4652;3.61406;
1.82107;2.46556;3.61319;
1.82117;2.46592;3.61406;
1.82127;2.46628;3.61319;
1.82137;2.46665;3.61406;
1.82147;2.46701;3.61319;
1.82157;2.46737;3.61406;
1.82167;2.46773;3.61319;
1.82177;2.46809;3.61406;
1.82187;2.46845;3.61319;
1.82197;2.46882;3.61406;
1.82207;2.46918;3.61319;
1.82217;2.46954;3.61406;
1.82227;2.4699;3.61319;
1.82237;2.47026;3.61406;
1.82247;2.47062;3.61319;
1.82257;2.47098;3.61406;
1.82267;2.47135;3.61319;
1.82277;2.47171;3.61406;
1.82287;2.47207;3.61319;
1.82297;2.47243;3.61406;
1.82307;2.47279;3.61319;
1.82317;2.47315;3.61406;
1.82327;2.47351;3.61319;
1.82337;2.47387;3.61406;
1.82347;2.47423;3.61319;
1.82357;2.4746;3.61406;
1.82367;2.47496;3.61319;
1.82377;2.47532;3.61406;
1.82387;2.47568;3.61319;
1.82397;2.47604;3.61406;
1.82407;2.4764;3.61319;
1.82417;2.47676;3.61406;
1.82427;2.47712;3.61319;
1.82437;2.47748;3.61406;
1.82447;2.47784;3.61319;
1.82457;2.4782;3.61406;
1.82467;2.47856;3.61319;
1.82477;2.47892;3.61406;
1.82487;2.47928;3.61319;
1.82497;2.47964;3.61406;
1.82507;2.48;3.61319;
1.82517;2.48036;3.61406;
1.82527;2.48072;3.61319;
1.82537;2.48108;3.61406;
1.82547;2.48144;3.61319;
1.82557;2.4818;3.61406;
1.82567;2.48216;3.61319;
1.82577;2.48252;3.61406;
1.82587;2.48288;3.61319;
1.82597;2.48324;3.61406;
1.82607;2.4836;3.61319;
1.82617;2.48396;3.61406;
1.82627;2.48432;3.61319;
1.82637;2.48468;3.61406;
1.82647;2.48504;3.61319;
1.82657;2.48539;3.61406;
1.82667;2.48575;3.61319;
1.82677;2.48611;3.61406;
1.82687;2.48647;3.61319;
1.82697;2.48683;3.61406;
1.82707;2.48719;3.61319;
1.82717;2.48755;3.61406;
1.82727;2.48791;3.61319;
1.82737;2.48827;3.61406;
1.82747;2.48863;3.61319;
1.82757;2.48898;3.61406;
1.82767;2.48934;3.61319;
1.82777;2.4897;3.61406;
1.82787;2.49006;3.61319;
1.82797;2.49042;3.61406;
1.82807;2.49078;3.61319;
1.82817;2.49114;3.61406;
1.82827;2.49149;3.61319;
1.82837;2.49185;3.61406;
1.82847;2.49221;3.61319;
1.82857;2.49257;3.61406;
1.82867;2.49293;3.61319;
1.82877;2.49329;3.61406;
1.82887;2.49364;3.61319;
1.82897;2.494;3.61406;
1.82907;2.49436;3.61319;
1.82917;2.49472;3.61406;
1.82927;2.49508;3.61319;
1.82937;2.49543;3.61406;
1.82947;2.49579;3.61319;
1.82957;2.49615;3.61406;
1.82967;2.49651;3.61319;
1.82977;2.49686;3.61406;
1.82987;2.49722;3.61319;
1.82997;2.49758;3.61406;
1.83007;2.49794;3.61319;
1.83017;2.49829;3.61406;
1.83027;2.49865;3.61319;
1.83037;2.49901;3.61406;
1.83047;2.49937;3.61319;
1.83057;2.49972;3.61406;
1.83067;2.50008;3.61319;
1.83077;2.50044;3.61406;
1.83087;2.50079;3.61319;
1.83097;2.50115;3.61406;
1.83107;2.50151;3.61319;
1.83117;2.50187;3.61406;
1.83127;2.50222;3.61319;
1.83137;2.50258;3.61406;
1.83147;2.50294;3.61319;
1.83157;2.50329;3.61406;
1.83167;2.50365;3.61319;
1.83177;2.50401;3.61406;
1.83187;2.50436;3.61319;
1.83197;2.50472;3.61406;
1.83207;2.50508;3.61319;
1.83217;2.50543;3.61406;
1.83227;2.50579;3.61319;
1.83237;2.50614;3.61406;
1.83247;2.5065;3.61319;
1.83257;2.50686;3.61406;
1.83267;2.50721;3.61319;
1.83277;2.50757;3.61406;
1.83287;2.50792;3.61319;
1.83297;2.50828;3.61406;
1.83307;2.50864;3.61319;
1.83317;2.50899;3.61406;
1.83327;2.50935;3.61319;
1.83337;2.5097;3.61406;
1.83347;2.51006;3.61319;
1.83357;2.51042;3.61406;
1.83367;2.51077;3.61319;
1.83377;2.51113;3.61406;
1.83387;2.51148;3.61319;
1.83397;2.51184;3.61406;
1.83407;2.51219;3.61319;
1.83417;2.51255;3.61406;
1.83427;2.5129;3.61319;
1.83437;2.51326;3.61406;
1.83447;2.51361;3.61319;
1.83457;2.51397;3.61406;
1.83467;2.51432;3.61319;
1.83477;2.51468;3.61406;
1.83487;2.51503;3.61319;
1.83497;2.51539;3.61406;
1.83507;2.51574;3.61319;
1.83517;2.5161;3.61406;
1.83527;2.51645;3.61319;
1.83537;2.51681;3.61406;
1.83547;2.51716;3.61319;
1.83557;2.51752;3.61406;
1.83567;2.51787;3.61319;
1.83577;2.51823;3.61406;
1.83587;2.51858;3.61319;
1.83597;2.51894;3.61406;
1.83607;2.51929;3.61319;
1.83617;2.51965;3.61406;
1.83627;2.52;3.61319;
1.83637;2.52035;3.61406;
1.83647;2.52071;3.61319;
1.83657;2.52106;3.61406;
1.83667;2.52142;3.61319;
1.83677;2.52177;3.61406;
1.83687;2.52212;3.61319;
1.83697;2.52248;3.61406;
1.83707;2.52283;3.61319;
1.83717;2.52319;3.61406;
1.83727;2.52354;3.61319;
1.83737;2.52389;3.61406;
1.83747;2.52425;3.61319;
1.83757;2.5246;3.61406;
1.83767;2.52495;3.61319;
1.83777;2.52531;3.61406;
1.83787;2.52566;3.61319;
1.83797;2.52602;3.61406;
1.83807;2.52637;3.61319;
1.83817;2.52672;3.61406;
1.83827;2.52708;3.61319;
1.83837;2.52743;3.61406;
1.83847;2.52778;3.61319;
1.83857;2.52813;3.61406;
1.83867;2.52849;3.61319;
1.83877;2.52884;3.61406;
1.83887;2.52919;3.61319;
1.83897;2.52955;3.61406;
1.83907;2.5299;3.61319;
1.83917;2.53025;3.61406;
1.83927;2.53061;3.61319;
1.83937;2.53096;3.61406;
1.83947;2.53131;3.61319;
1.83957;2.53166;3.61406;
1.83967;2.53202;3.61319;
1.83977;2.53237;3.61406;
1.83987;2.53272;3.61319;
1.83997;2.53307;3.61406;
1.84007;2.53343;3.61319;
1.84017;2.53378;3.61406;
1.84027;2.53413;3.61319;
1.84037;2.53448;3.61406;
1.84047;2.53484;3.61319;
1.84057;2.53519;3.61406;
1.84067;2.53554;3.61319;
1.84077;2.53589;3.61406;
1.84087;2.53624;3.61319;
1.84097;2.5366;3.61406;
1.84107;2.53695;3.61319;
1.84117;2.5373;3.61406;
1.84127;2.53765;3.61319;
1.84137;2.538;3.61406;
1.84147;2.53835;3.61319;
1.84157;2.53871;3.61406;
1.84167;2.53906;3.61319;
1.84177;2.53941;3.61406;
1.84187;2.53976;3.61319;
1.84197;2.54011;3.61406;
1.84207;2.54046;3.61319;
1.84217;2.54081;3.61406;
1.84227;2.54117;3.61319;
1.84237;2.54152;3.61406;
1.84247;2.54187;3.61319;
1.84257;2.54222;3.61406;
1.84267;2.54257;3.61319;
1.84277;2.54292;3.61406;
1.84287;2.54327;3.61319;
1.84297;2.54362;3.61406;
1.84307;2.54397;3.61319;
1.84317;2.54433;3.61406;
1.84327;2.54468;3.61319;
1.84337;2.54503;3.61406;
1.84347;2.54538;3.61319;
1.84357;2.54573;3.61406;
1.84367;2.54608;3.61319;
1.84377;2.54643;3.61406;
1.84387;2.54678;3.61319;
1.84397;2.54713;3.61406;
1.84407;2.54748;3.61319;
1.84417;2.54783;3.61406;
1.84427;2.54818;3.61319;
1.84437;2.54853;3.61406;
1.84447;2.54888;3.61319;
1.84457;2.54923;3.61406;
1.84467;2.54958;3.61319;
1.84477;2.54993;3.61406;
1.84487;2.55028;3.61319;
1.84497;2.55063;3.61406;
1.84507;2.55098;3.61319;
1.84517;2.55133;3.61406;
1.84527;2.55168;3.61319;
1.84537;2.55203;3.61406;
1.84547;2.55238;3.61319;
1.84557;2.55273;3.61406;
1.84567;2.55308;3.61319;
1.84577;2.55343;3.61406;
1.84587;2.55378;3.61319;
1.84597;2.55413;3.61406;
1.84607;2.55448;3.61319;
1.84617;2.55483;3.61406;
1.84627;2.55518;3.61319;
1.84637;2.55553;3.61406;
1.84647;2.55587;3.61319;
1.84657;2.55622;3.61406;
1.84667;2.55657;3.61319;
1.84677;2.55692;3.61406;
1.84687;2.55727;3.61319;
1.84697;2.55762;3.61406;
1.84707;2.55797;3.61319;
1.84717;2.55832;3.61406;
1.84727;2.55867;3.61319;
1.84737;2.55902;3.61406;
1.84747;2.55936;3.61319;
1.84757;2.55971;3.61406;
1.84767;2.56006;3.61319;
1.84777;2.56041;3.61406;
1.84787;2.56076;3.61319;
1.84797;2.56111;3.61406;
1.84807;2.56145;3.61319;
1.84817;2.5618;3.61406;
1.84827;2.56215;3.61319;
1.84837;2.5625;3.61406;
1.84847;2.56285;3.61319;
1.84857;2.5632;3.61406;
1.84867;2.56354;3.61319;
1.84877;2.56389;3.61406;
1.84887;2.56424;3.61319;
1.84897;2.56459;3.61406;
1.84907;2.56494;3.61319;
1.84917;2.56528;3.61406;
1.84927;2.56563;3.61319;
1.84937;2.56598;3.61406;
1.84947;2.56633;3.61319;
1.84957;2.56667;3.61406;
1.84967;2.56702;3.61319;
1.84977;2.56737;3.61405;
1.84987;2.56772;3.61319;
1.84997;2.56806;3.61405;
1.85007;2.56841;3.61319;
1.85017;2.56876;3.61405;
1.85027;2.56911;3.61319;
1.85037;2.56945;3.61405;
1.85047;2.5698;3.61319;
1.85057;2.57015;3.61405;
1.85067;2.5705;3.61319;
1.85077;2.57084;3.61405;
1.85087;2.57119;3.61319;
1.85097;2.57154;3.61405;
1.85107;2.57188;3.61319;
1.85117;2.57223;3.61405;
1.85127;2.57258;3.61319;
1.85137;2.57292;3.61405;
1.85147;2.57327;3.61319;
1.85157;2.57362;3.61405;
1.85167;2.57396;3.61319;
1.85177;2.57431;3.61405;
1.85187;2.57466;3.61319;
1.85197;2.575;3.61405;
1.85207;2.57535;3.61319;
1.85217;2.5757;3.61405;
1.85227;2.57604;3.61319;
1.85237;2.57639;3.61405;
1.85247;2.57673;3.61319;
1.85257;2.57708;3.61405;
1.85267;2.57743;3.61319;
1.85277;2.57777;3.61405;
1.85287;2.57812;3.61319;
1.85297;2.57847;3.61405;
1.85307;2.57881;3.61319;
1.85317;2.57916;3.61405;
1.85327;2.5795;3.61319;
1.85337;2.57985;3.61405;
1.85347;2.58019;3.61319;
1.85357;2.58054;3.61405;
1.85367;2.58089;3.61319;
1.85377;2.58123;3.61405;
1.85387;2.58158;3.61319;
1.85397;2.58192;3.61405;
1.85407;2.58227;3.61319;
1.85417;2.58261;3.61405;
1.85427;2.58296;3.61319;
1.85437;2.5833;3.61405;
1.85447;2.58365;3.61319;
1.85457;2.58399;3.61405;
1.85467;2.58434;3.61319;
1.85477;2.58468;3.61405;
1.85487;2.58503;3.61319;
1.85497;2.58537;3.61405;
1.85507;2.58572;3.61319;
1.85517;2.58606;3.61405;
1.85527;2.58641;3.61319;
1.85537;2.58675;3.61405;
1.85547;2.5871;3.61319;
1.85557;2.58744;3.61405;
1.85567;2.58779;3.61319;
1.85577;2.58813;3.61405;
1.85587;2.58848;3.61319;
1.85597;2.58882;3.61405;
1.85607;2.58917;3.61319;
1.85617;2.58951;3.61405;
1.85627;2.58985;3.61319;
1.85637;2.5902;3.61405;
1.85647;2.59054;3.61319;
1.85657;2.59089;3.61405;
1.85667;2.59123;3.61319;
1.85677;2.59157;3.61405;
1.85687;2.59192;3.61319;
1.85697;2.59226;3.61405;
1.85707;2.59261;3.61319;
1.85717;2.59295;3.61405;
1.85727;2.59329;3.61319;
1.85737;2.59364;3.61405;
1.85747;2.59398;3.61319;
1.85757;2.59433;3.61405;
1.85767;2.59467;3.61319;
1.85777;2.59501;3.61405;
1.85787;2.59536;3.61319;
1.85797;2.5957;3.61405;
1.85807;2.59604;3.61319;
1.85817;2.59639;3.61405;
1.85827;2.59673;3.61319;
1.85837;2.59707;3.61405;
1.85847;2.59742;3.61319;
1.85857;2.59776;3.61405;
1.85867;2.5981;3.61319;
1.85877;2.59845;3.61405;
1.85887;2.59879;3.61319;
1.85897;2.59913;3.61405;
1.85907;2.59948;3.61319;
1.85917;2.59982;3.61405;
1.85927;2.60016;3.61319;
1.85937;2.6005;3.61405;
1.85947;2.60085;3.61319;
1.85957;2.60119;3.61405;
1.85967;2.60153;3.61319;
1.85977;2.60187;3.61405;
1.85987;2.60222;3.61319;
1.85997;2.60256;3.61405;
1.86007;2.6029;3.61319;
1.86017;2.60324;3.61405;
1.86027;2.60359;3.61319;
1.86037;2.60393;3.61405;
1.86047;2.60427;3.61319;
1.86057;2.60461;3.61405;
1.86067;2.60496;3.61319;
1.86077;2.6053;3.61405;
1.86087;2.60564;3.61319;
1.86097;2.60598;3.61405;
1.86107;2.60632;3.61319;
1.86117;2.60667;3.61405;
1.86127;2.60701;3.61319;
1.86137;2.60735;3.61405;
1.86147;2.60769;3.61319;
1.86157;2.60803;3.61405;
1.86167;2.60837;3.61319;
1.86177;2.60872;3.61405;
1.86187;2.60906;3.61319;
1.86197;2.6094;3.61405;
1.86207;2.60974;3.61319;
1.86217;2.61008;3.61405;
1.86227;2.61042;3.61319;
1.86237;2.61077;3.61405;
1.86247;2.61111;3.61319;
1.86257;2.61145;3.61405;
1.86267;2.61179;3.61319;
1.86277;2.61213;3.61405;
1.86287;2.61247;3.61319;
1.86297;2.61281;3.61405;
1.86307;2.61315;3.61319;
1.86317;2.61349;3.61405;
1.86327;2.61384;3.61319;
1.86337;2.61418;3.61405;
1.86347;2.61452;3.61319;
1.86357;2.61486;3.61405;
1.86367;2.6152;3.61319;
1.86377;2.61554;3.61405;
1.86387;2.61588;3.61319;
1.86397;2.61622;3.61405;
1.86407;2.61656;3.61319;
1.86417;2.6169;3.61405;
1.86427;2.61724;3.61319;
1.86437;2.61758;3.61405;
1.86447;2.61792;3.61319;
1.86457;2.61826;3.61405;
1.86467;2.6186;3.61319;
1.86477;2.61894;3.61405;
1.86487;2.61928;3.61319;
1.86497;2.61962;3.61405;
1.86507;2.61996;3.61319;
1.86517;2.6203;3.61405;
1.86527;2.62064;3.61319;
1.86537;2.62098;3.61405;
1.86547;2.62132;3.61319;
1.86557;2.62166;3.61405;
1.86567;2.622;3.61319;
1.86577;2.62234;3.61405;
1.86587;2.62268;3.6132;
1.86597;2.62302;3.61405;
1.86607;2.62336;3.6132;
1.86617;2.6237;3.61405;
1.86627;2.62404;3.6132;
1.86637;2.62438;3.61405;
1.86647;2.62472;3.6132;
1.86657;2.62506;3.61405;
1.86667;2.6254;3.6132;
1.86677;2.62574;3.61405;
1.86687;2.62608;3.6132;
1.86697;2.62641;3.61405;
1.86707;2.62675;3.6132;
1.86717;2.62709;3.61405;
1.86727;2.62743;3.6132;
1.86737;2.62777;3.61405;
1.86747;2.62811;3.6132;
1.86757;2.62845;3.61405;
1.86767;2.62879;3.6132;
1.86777;2.62913;3.61405;
1.86787;2.62946;3.6132;
1.86797;2.6298;3.61405;
1.86807;2.63014;3.6132;
1.86817;2.63048;3.61405;
1.86827;2.63082;3.6132;
1.86837;2.63116;3.61405;
1.86847;2.6315;3.6132;
1.86857;2.63183;3.61405;
1.86867;2.63217;3.6132;
1.86877;2.63251;3.61405;
1.86887;2.63285;3.6132;
1.86897;2.63319;3.61405;
1.86907;2.63352;3.6132;
1.86917;2.63386;3.61405;
1.86927;2.6342;3.6132;
1.86937;2.63454;3.61405;
1.86947;2.63488;3.6132;
1.86957;2.63521;3.61405;
1.86967;2.63555;3.6132;
1.86977;2.63589;3.61405;
1.86987;2.63623;3.6132;
1.86997;2.63657;3.61405;
1.87007;2.6369;3.6132;
1.87017;2.63724;3.61405;
1.87027;2.63758;3.6132;
1.87037;2.63792;3.61405;
1.87047;2.63825;3.6132;
1.87057;2.63859;3.61405;
1.87067;2.63893;3.6132;
1.87077;2.63926;3.61405;
1.87087;2.6396;3.6132;
1.87097;2.63994;3.61405;
1.87107;2.64028;3.6132;
1.87117;2.64061;3.61405;
1.87127;2.64095;3.6132;
1.87137;2.64129;3.61405;
1.87147;2.64162;3.6132;
1.87157;2.64196;3.61405;
1.87167;2.6423;3.6132;
1.87177;2.64263;3.61405;
1.87187;2.64297;3.6132;
1.87197;2.64331;3.61405;
1.87207;2.64364;3.6132;
1.87217;2.64398;3.61405;
1.87227;2.64432;3.6132;
1.87237;2.64465;3.61405;
1.87247;2.64499;3.6132;
1.87257;2.64533;3.61405;
1.87267;2.64566;3.6132;
1.87277;2.646;3.61405;
1.87287;2.64634;3.6132;
1.87297;2.64667;3.61405;
1.87307;2.64701;3.6132;
1.87317;2.64734;3.61405;
1.87327;2.64768;3.6132;
1.87337;2.64802;3.61405;
1.87347;2.64835;3.6132;
1.87357;2.64869;3.61405;
1.87367;2.64902;3.6132;
1.87377;2.64936;3.61405;
1.87387;2.6497;3.6132;
1.87397;2.65003;3.61405;
1.87407;2.65037;3.6132;
1.87417;2.6507;3.61405;
1.87427;2.65104;3.6132;
1.87437;2.65137;3.61405;
1.87447;2.65171;3.6132;
1.87457;2.65205;3.61405;
1.87467;2.65238;3.6132;
1.87477;2.65272;3.61405;
1.87487;2.65305;3.6132;
1.87497;2.65339;3.61405;
1.87507;2.65372;3.6132;
1.87517;2.65406;3.61405;
1.87527;2.65439;3.6132;
1.87537;2.65473;3.61405;
1.87547;2.65506;3.6132;
1.87557;2.6554;3.61405;
1.87567;2.65573;3.6132;
1.87577;2.65607;3.61405;
1.87587;2.6564;3.6132;
1.87597;2.65674;3.61405;
1.87607;2.65707;3.6132;
1.87617;2.65741;3.61405;
1.87627;2.65774;3.6132;
1.87637;2.65807;3.61405;
1.87647;2.65841;3.6132;
1.87657;2.65874;3.61405;
1.87667;2.65908;3.6132;
1.87677;2.65941;3.61405;
1.87687;2.65975;3.6132;
1.87697;2.66008;3.61405;
1.87707;2.66042;3.6132;
1.87717;2.66075;3.61405;
1.87727;2.66108;3.6132;
1.87737;2.66142;3.61405;
1.87747;2.66175;3.6132;
1.87757;2.66209;3.61405;
1.87767;2.66242;3.6132;
1.87777;2.66275;3.61405;
1.87787;2.66309;3.6132;
1.87797;2.66342;3.61405;
1.87807;2.66376;3.6132;
1.87817;2.66409;3.61405;
1.87827;2.66442;3.6132;
1.87837;2.66476;3.61405;
1.87847;2.66509;3.6132;
1.87857;2.66542;3.61405;
1.87867;2.66576;3.6132;
1.87877;2.66609;3.61405;
1.87887;2.66642;3.6132;
1.87897;2.66676;3.61405;
1.87907;2.66709;3.6132;
1.87917;2.66742;3.61405;
1.87927;2.66776;3.6132;
1.87937;2.66809;3.61405;
1.87947;2.66842;3.6132;
1.87957;2.66876;3.61405;
1.87967;2.66909;3.6132;
1.87977;2.66942;3.61405;
1.87987;2.66976;3.6132;
1.87997;2.67009;3.61405;
1.88007;2.67042;3.6132;
1.88017;2.67075;3.61405;
1.88027;2.67109;3.6132;
1.88037;2.67142;3.61405;
1.88047;2.67175;3.6132;
1.88057;2.67208;3.61405;
1.88067;2.67242;3.6132;
1.88077;2.67275;3.61405;
1.88087;2.67308;3.6132;
1.88097;2.67341;3.61405;
1.88107;2.67375;3.6132;
1.88117;2.67408;3.61405;
1.88127;2.67441;3.6132;
1.88137;2.67474;3.61405;
1.88147;2.67508;3.6132;
1.88157;2.67541;3.61405;
1.88167;2.67574;3.6132;
1.88177;2.67607;3.61405;
1.88187;2.6764;3.6132;
1.88197;2.67674;3.61405;
1.88207;2.67707;3.6132;
1.88217;2.6774;3.61405;
1.88227;2.67773;3.6132;
1.88237;2.67806;3.61405;
1.88247;2.67839;3.6132;
1.88257;2.67873;3.61405;
1.88267;2.67906;3.6132;
1.88277;2.67939;3.61405;
1.88287;2.67972;3.6132;
1.88297;2.68005;3.61405;
1.88307;2.68038;3.6132;
1.88317;2.68071;3.61405;
1.88327;2.68105;3.6132;
1.88337;2.68138;3.61405;
1.88347;2.68171;3.6132;
1.88357;2.68204;3.61405;
1.88367;2.68237;3.6132;
1.88377;2.6827;3.61405;
1.88387;2.68303;3.6132;
1.88397;2.68336;3.61405;
1.88407;2.68369;3.6132;
1.88417;2.68403;3.61405;
1.88427;2.68436;3.6132;
1.88437;2.68469;3.61405;
1.88447;2.68502;3.6132;
1.88457;2.68535;3.61405;
1.88467;2.68568;3.6132;
1.88477;2.68601;3.61405;
1.88487;2.68634;3.6132;
1.88497;2.68667;3.61405;
1.88507;2.687;3.6132;
1.88517;2.68733;3.61405;
1.88527;2.68766;3.6132;
1.88537;2.68799;3.61405;
1.88547;2.68832;3.6132;
1.88557;2.68865;3.61405;
1.88567;2.68898;3.6132;
1.88577;2.68931;3.61405;
1.88587;2.68964;3.6132;
1.88597;2.68997;3.61405;
1.88607;2.6903;3.6132;
1.88617;2.69063;3.61405;
1.88627;2.69096;3.6132;
1.88637;2.69129;3.61405;
1.88647;2.69162;3.6132;
1.88657;2.69195;3.61405;
1.88667;2.69228;3.6132;
1.88677;2.69261;3.61405;
1.88687;2.69294;3.6132;
1.88697;2.69327;3.61405;
1.88707;2.6936;3.6132;
1.88717;2.69393;3.61405;
1.88727;2.69426;3.6132;
1.88737;2.69459;3.61405;
1.88747;2.69492;3.6132;
1.88757;2.69525;3.61405;
1.88767;2.69558;3.6132;
1.88777;2.69591;3.61405;
1.88787;2.69623;3.6132;
1.88797;2.69656;3.61405;
1.88807;2.69689;3.6132;
1.88817;2.69722;3.61405;
1.88827;2.69755;3.6132;
1.88837;2.69788;3.61405;
1.88847;2.69821;3.6132;
1.88857;2.69854;3.61405;
1.88867;2.69887;3.6132;
1.88877;2.69919;3.61405;
1.88887;2.69952;3.6132;
1.88897;2.69985;3.61405;
1.88907;2.70018;3.6132;
1.88917;2.70051;3.61405;
1.88927;2.70084;3.6132;
1.88937;2.70117;3.61405;
1.88947;2.70149;3.6132;
1.88957;2.70182;3.61405;
1.88967;2.70215;3.6132;
1.88977;2.70248;3.61405;
1.88987;2.70281;3.6132;
1.88997;2.70314;3.61405;
1.89007;2.70346;3.6132;
1.89017;2.70379;3.61405;
1.89027;2.70412;3.6132;
1.89037;2.70445;3.61405;
1.89047;2.70478;3.6132;
1.89057;2.7051;3.61405;
1.89067;2.70543;3.6132;
1.89077;2.70576;3.61405;
1.89087;2.70609;3.6132;
1.89097;2.70641;3.61405;
1.89107;2.70674;3.6132;
1.89117;2.70707;3.61405;
1.89127;2.7074;3.6132;
1.89137;2.70772;3.61405;
1.89147;2.70805;3.6132;
1.89157;2.70838;3.61405;
1.89167;2.70871;3.6132;
1.89177;2.70903;3.61405;
1.89187;2.70936;3.6132;
1.89197;2.70969;3.61405;
1.89207;2.71002;3.6132;
1.89217;2.71034;3.61405;
1.89227;2.71067;3.6132;
1.89237;2.711;3.61405;
1.89247;2.71132;3.6132;
1.89257;2.71165;3.61405;
1.89267;2.71198;3.6132;
1.89277;2.7123;3.61405;
1.89287;2.71263;3.6132;
1.89297;2.71296;3.61405;
1.89307;2.71328;3.6132;
1.89317;2.71361;3.61405;
1.89327;2.71394;3.6132;
1.89337;2.71426;3.61405;
1.89347;2.71459;3.6132;
1.89357;2.71492;3.61405;
1.89367;2.71524;3.6132;
1.89377;2.71557;3.61405;
1.89387;2.7159;3.6132;
1.89397;2.71622;3.61405;
1.89407;2.71655;3.6132;
1.89417;2.71688;3.61405;
1.89427;2.7172;3.6132;
1.89437;2.71753;3.61405;
1.89447;2.71785;3.6132;
1.89457;2.71818;3.61405;
1.89467;2.71851;3.6132;
1.89477;2.71883;3.61405;
1.89487;2.71916;3.6132;
1.89497;2.71948;3.61405;
1.89507;2.71981;3.6132;
1.89517;2.72013;3.61405;
1.89527;2.72046;3.6132;
1.89537;2.72079;3.61405;
1.89547;2.72111;3.6132;
1.89557;2.72144;3.61405;
1.89567;2.72176;3.6132;
1.89577;2.72209;3.61405;
1.89587;2.72241;3.6132;
1.89597;2.72274;3.61405;
1.89607;2.72306;3.6132;
1.89617;2.72339;3.61405;
1.89627;2.72371;3.6132;
1.89637;2.72404;3.61405;
1.89647;2.72436;3.6132;
1.89657;2.72469;3.61405;
1.89667;2.72501;3.6132;
1.89677;2.72534;3.61405;
1.89687;2.72566;3.6132;
1.89697;2.72599;3.61405;
1.89707;2.72631;3.6132;
1.89717;2.72664;3.61405;
1.89727;2.72696;3.6132;
1.89737;2.72729;3.61405;
1.89747;2.72761;3.6132;
1.89757;2.72794;3.61405;
1.89767;2.72826;3.6132;
1.89777;2.72859;3.61405;
1.89787;2.72891;3.6132;
1.89797;2.72924;3.61405;
1.89807;2.72956;3.6132;
1.89817;2.72988;3.61405;
1.89827;2.73021;3.6132;
1.89837;2.73053;3.61405;
1.89847;2.73086;3.6132;
1.89857;2.73118;3.61405;
1.89867;2.73151;3.6132;
1.89877;2.73183;3.61405;
1.89887;2.73215;3.6132;
1.89897;2.73248;3.61405;
1.89907;2.7328;3.6132;
1.89917;2.73313;3.61405;
1.89927;2.73345;3.6132;
1.89937;2.73377;3.61405;
1.89947;2.7341;3.6132;
1.89957;2.73442;3.61405;
1.89967;2.73474;3.6132;
1.89977;2.73507;3.61405;
1.89987;2.73539;3.6132;
1.89997;2.73571;3.61405;
1.90007;2.73604;3.6132;
1.90017;2.73636;3.61405;
1.90027;2.73668;3.6132;
1.90037;2.73701;3.61405;
1.90047;2.73733;3.6132;
1.90057;2.73765;3.61405;
1.90067;2.73798;3.6132;
1.90077;2.7383;3.61405;
1.90087;2.73862;3.6132;
1.90097;2.73895;3.61405;
1.90107;2.73927;3.6132;
1.90117;2.73959;3.61405;
1.90127;2.73992;3.6132;
1.90137;2.74024;3.61405;
1.90147;2.74056;3.6132;
1.90157;2.74088;3.61405;
1.90167;2.74121;3.6132;
1.90177;2.74153;3.61405;
1.90187;2.74185;3.6132;
1.90197;2.74217;3.61405;
1.90207;2.7425;3.6132;
1.90217;2.74282;3.61405;
1.90227;2.74314;3.6132;
1.90237;2.74346;3.61405;
1.90247;2.74379;3.6132;
1.90257;2.74411;3.61405;
1.90267;2.74443;3.6132;
1.90277;2.74475;3.61405;
1.90287;2.74508;3.6132;
1.90297;2.7454;3.61405;
1.90307;2.74572;3.6132;
1.90317;2.74604;3.61405;
1.90327;2.74636;3.6132;
1.90337;2.74669;3.61405;
1.90347;2.74701;3.6132;
1.90357;2.74733;3.61405;
1.90367;2.74765;3.6132;
1.90377;2.74797;3.61405;
1.90387;2.74829;3.6132;
1.90397;2.74862;3.61405;
1.90407;2.74894;3.6132;
1.90417;2.74926;3.61405;
1.90427;2.74958;3.6132;
1.90437;2.7499;3.61405;
1.90447;2.75022;3.6132;
1.90457;2.75054;3.61405;
1.90467;2.75087;3.6132;
1.90477;2.75119;3.61405;
1.90487;2.75151;3.6132;
1.90497;2.75183;3.61405;
1.90507;2.75215;3.6132;
1.90517;2.75247;3.61405;
1.90527;2.75279;3.6132;
1.90537;2.75311;3.61405;
1.90547;2.75343;3.6132;
1.90557;2.75376;3.61405;
1.90567;2.75408;3.6132;
1.90577;2.7544;3.61405;
1.90587;2.75472;3.6132;
1.90597;2.75504;3.61405;
1.90607;2.75536;3.6132;
1.90617;2.75568;3.61405;
1.90627;2.756;3.6132;
1.90637;2.75632;3.61405;
1.90647;2.75664;3.6132;
1.90657;2.75696;3.61405;
1.90667;2.75728;3.6132;
1.90677;2.7576;3.61405;
1.90687;2.75792;3.6132;
1.90697;2.75824;3.61405;
1.90707;2.75856;3.6132;
1.90717;2.75888;3.61405;
1.90727;2.7592;3.6132;
1.90737;2.75952;3.61405;
1.90747;2.75984;3.6132;
1.90757;2.76016;3.61405;
1.90767;2.76048;3.6132;
1.90777;2.7608;3.61405;
1.90787;2.76112;3.6132;
1.90797;2.76144;3.61405;
1.90807;2.76176;3.6132;
1.90817;2.76208;3.61405;
1.90827;2.7624;3.6132;
1.90837;2.76272;3.61405;
1.90847;2.76304;3.6132;
1.90857;2.76336;3.61405;
1.90867;2.76368;3.6132;
1.90877;2.764;3.61405;
1.90887;2.76432;3.6132;
1.90897;2.76464;3.61405;
1.90907;2.76496;3.6132;
1.90917;2.76528;3.61405;
1.90927;2.7656;3.6132;
1.90937;2.76592;3.61405;
1.90947;2.76624;3.6132;
1.90957;2.76655;3.61405;
1.90967;2.76687;3.6132;
1.90977;2.76719;3.61405;
1.90987;2.76751;3.6132;
1.90997;2.76783;3.61405;
1.91007;2.76815;3.6132;
1.91017;2.76847;3.61405;
1.91027;2.76879;3.6132;
1.91037;2.76911;3.61405;
1.91047;2.76942;3.6132;
1.91057;2.76974;3.61405;
1.91067;2.77006;3.6132;
1.91077;2.77038;3.61405;
1.91087;2.7707;3.6132;
1.91097;2.77102;3.61405;
1.91107;2.77134;3.6132;
1.91117;2.77165;3.61405;
1.91127;2.77197;3.6132;
1.91137;2.77229;3.61405;
1.91147;2.77261;3.6132;
1.91157;2.77293;3.61405;
1.91167;2.77324;3.6132;
1.91177;2.77356;3.61405;
1.91187;2.77388;3.6132;
1.91197;2.7742;3.61405;
1.91207;2.77452;3.6132;
1.91217;2.77483;3.61405;
1.91227;2.77515;3.6132;
1.91237;2.77547;3.61405;
1.91247;2.77579;3.6132;
1.91257;2.77611;3.61405;
1.91267;2.77642;3.6132;
1.91277;2.77674;3.61405;
1.91287;2.77706;3.6132;
1.91297;2.77738;3.61405;
1.91307;2.77769;3.6132;
1.91317;2.77801;3.61405;
1.91327;2.77833;3.6132;
1.91337;2.77865;3.61405;
1.91347;2.77896;3.6132;
1.91357;2.77928;3.61405;
1.91367;2.7796;3.6132;
1.91377;2.77991;3.61405;
1.91387;2.78023;3.6132;
1.91397;2.78055;3.61405;
1.91407;2.78087;3.6132;
1.91417;2.78118;3.61405;
1.91427;2.7815;3.6132;
1.91437;2.78182;3.61405;
1.91447;2.78213;3.6132;
1.91457;2.78245;3.61405;
1.91467;2.78277;3.6132;
1.91477;2.78308;3.61405;
1.91487;2.7834;3.6132;
1.91497;2.78372;3.61405;
1.91507;2.78403;3.6132;
1.91517;2.78435;3.61405;
1.91527;2.78467;3.6132;
1.91537;2.78498;3.61405;
1.91547;2.7853;3.6132;
1.91557;2.78562;3.61405;
1.91567;2.78593;3.6132;
1.91577;2.78625;3.61405;
1.91587;2.78657;3.6132;
1.91597;2.78688;3.61405;
1.91607;2.7872;3.6132;
1.91617;2.78751;3.61405;
1.91627;2.78783;3.6132;
1.91637;2.78815;3.61405;
1.91647;2.78846;3.6132;
1.91657;2.78878;3.61405;
1.91667;2.78909;3.6132;
1.91677;2.78941;3.61405;
1.91687;2.78972;3.6132;
1.91697;2.79004;3.61405;
1.91707;2.79036;3.6132;
1.91717;2.79067;3.61405;
1.91727;2.79099;3.6132;
1.91737;2.7913;3.61405;
1.91747;2.79162;3.6132;
1.91757;2.79193;3.61405;
1.91767;2.79225;3.6132;
1.91777;2.79256;3.61405;
1.91787;2.79288;3.6132;
1.91797;2.7932;3.61405;
1.91807;2.79351;3.6132;
1.91817;2.79383;3.61405;
1.91827;2.79414;3.6132;
1.91837;2.79446;3.61405;
1.91847;2.79477;3.6132;
1.91857;2.79509;3.61405;
1.91867;2.7954;3.6132;
1.91877;2.79572;3.61405;
1.91887;2.79603;3.6132;
1.91897;2.79635;3.61405;
1.91907;2.79666;3.6132;
1.91917;2.79697;3.61405;
1.91927;2.79729;3.6132;
1.91937;2.7976;3.61404;
1.91947;2.79792;3.6132;
1.91957;2.79823;3.61404;
1.91967;2.79855;3.6132;
1.91977;2.79886;3.61404;
1.91987;2.79918;3.6132;
1.91997;2.79949;3.61404;
1.92007;2.79981;3.6132;
1.92017;2.80012;3.61404;
1.92027;2.80043;3.6132;
1.92037;2.80075;3.61404;
1.92047;2.80106;3.6132;
1.92057;2.80138;3.61404;
1.92067;2.80169;3.6132;
1.92077;2.802;3.61404;
1.92087;2.80232;3.6132;
1.92097;2.80263;3.61404;
1.92107;2.80295;3.6132;
1.92117;2.80326;3.61404;
1.92127;2.80357;3.6132;
1.92137;2.80389;3.61404;
1.92147;2.8042;3.6132;
1.92157;2.80452;3.61404;
1.92167;2.80483;3.6132;
1.92177;2.80514;3.61404;
1.92187;2.80546;3.6132;
1.92197;2.80577;3.61404;
1.92207;2.80608;3.6132;
1.92217;2.8064;3.61404;
1.92227;2.80671;3.6132;
1.92237;2.80702;3.61404;
1.92247;2.80734;3.6132;
1.92257;2.80765;3.61404;
1.92267;2.80796;3.6132;
1.92277;2.80828;3.61404;
1.92287;2.80859;3.6132;
1.92297;2.8089;3.61404;
1.92307;2.80921;3.6132;
1.92317;2.80953;3.61404;
1.92327;2.80984;3.6132;
1.92337;2.81015;3.61404;
1.92347;2.81047;3.6132;
1.92357;2.81078;3.61404;
1.92367;2.81109;3.6132;
1.92377;2.8114;3.61404;
1.92387;2.81172;3.6132;
1.92397;2.81203;3.61404;
1.92407;2.81234;3.6132;
1.92417;2.81265;3.61404;
1.92427;2.81297;3.6132;
1.92437;2.81328;3.61404;
1.92447;2.81359;3.6132;
1.92457;2.8139;3.61404;
1.92467;2.81422;3.6132;
1.92477;2.81453;3.61404;
1.92487;2.81484;3.6132;
1.92497;2.81515;3.61404;
1.92507;2.81546;3.6132;
1.92517;2.81578;3.61404;
1.92527;2.81609;3.6132;
1.92537;2.8164;3.61404;
1.92547;2.81671;3.6132;
1.92557;2.81702;3.61404;
1.92567;2.81734;3.6132;
1.92577;2.81765;3.61404;
1.92587;2.81796;3.6132;
1.92597;2.81827;3.61404;
1.92607;2.81858;3.6132;
1.92617;2.81889;3.61404;
1.92627;2.81921;3.6132;
1.92637;2.81952;3.61404;
1.92647;2.81983;3.6132;
1.92657;2.82014;3.61404;
1.92667;2.82045;3.6132;
1.92677;2.82076;3.61404;
1.92687;2.82107;3.6132;
1.92697;2.82139;3.61404;
1.92707;2.8217;3.6132;
1.92717;2.82201;3.61404;
1.92727;2.82232;3.6132;
1.92737;2.82263;3.61404;
1.92747;2.82294;3.6132;
1.92757;2.82325;3.61404;
1.92767;2.82356;3.6132;
1.92777;2.82387;3.61404;
1.92787;2.82419;3.6132;
1.92797;2.8245;3.61404;
1.92807;2.82481;3.6132;
1.92817;2.82512;3.61404;
1.92827;2.82543;3.6132;
1.92837;2.82574;3.61404;
1.92847;2.82605;3.6132;
1.92857;2.82636;3.61404;
1.92867;2.82667;3.6132;
1.92877;2.82698;3.61404;
1.92887;2.82729;3.6132;
1.92897;2.8276;3.61404;
1.92907;2.82791;3.6132;
1.92917;2.82822;3.61404;
1.92927;2.82853;3.6132;
1.92937;2.82884;3.61404;
1.92947;2.82915;3.6132;
1.92957;2.82946;3.61404;
1.92967;2.82977;3.6132;
1.92977;2.83008;3.61404;
1.92987;2.83039;3.6132;
1.92997;2.8307;3.61404;
1.93007;2.83101;3.6132;
1.93017;2.83132;3.61404;
1.93027;2.83163;3.6132;
1.93037;2.83194;3.61404;
1.93047;2.83225;3.6132;
1.93057;2.83256;3.61404;
1.93067;2.83287;3.6132;
1.93077;2.83318;3.61404;
1.93087;2.83349;3.6132;
1.93097;2.8338;3.61404;
1.93107;2.83411;3.6132;
1.93117;2.83442;3.61404;
1.93127;2.83473;3.6132;
1.93137;2.83504;3.61404;
1.93147;2.83535;3.6132;
1.93157;2.83566;3.61404;
1.93167;2.83596;3.6132;
1.93177;2.83627;3.61404;
1.93187;2.83658;3.6132;
1.93197;2.83689;3.61404;
1.93207;2.8372;3.6132;
1.93217;2.83751;3.61404;
1.93227;2.83782;3.6132;
1.93237;2.83813;3.61404;
1.93247;2.83844;3.6132;
1.93257;2.83874;3.61404;
1.93267;2.83905;3.6132;
1.93277;2.83936;3.61404;
1.93287;2.83967;3.6132;
1.93297;2.83998;3.61404;
1.93307;2.84029;3.6132;
1.93317;2.8406;3.61404;
1.93327;2.8409;3.6132;
1.93337;2.84121;3.61404;
1.93347;2.84152;3.6132;
1.93357;2.84183;3.61404;
1.93367;2.84214;3.6132;
1.93377;2.84245;3.61404;
1.93387;2.84275;3.6132;
1.93397;2.84306;3.61404;
1.93407;2.84337;3.6132;
1.93417;2.84368;3.61404;
1.93427;2.84399;3.6132;
1.93437;2.84429;3.61404;
1.93447;2.8446;3.6132;
1.93457;2.84491;3.61404;
1.93467;2.84522;3.6132;
1.93477;2.84553;3.61404;
1.93487;2.84583;3.61321;
1.93497;2.84614;3.61404;
1.93507;2.84645;3.61321;
1.93517;2.84676;3.61404;
1.93527;2.84706;3.61321;
1.93537;2.84737;3.61404;
1.93547;2.84768;3.61321;
1.93557;2.84799;3.61404;
1.93567;2.84829;3.61321;
1.93577;2.8486;3.61404;
1.93587;2.84891;3.61321;
1.93597;2.84922;3.61404;
1.93607;2.84952;3.61321;
1.93617;2.84983;3.61404;
1.93627;2.85014;3.61321;
1.93637;2.85044;3.61404;
1.93647;2.85075;3.61321;
1.93657;2.85106;3.61404;
1.93667;2.85137;3.61321;
1.93677;2.85167;3.61404;
1.93687;2.85198;3.61321;
1.93697;2.85229;3.61404;
1.93707;2.85259;3.61321;
1.93717;2.8529;3.61404;
1.93727;2.85321;3.61321;
1.93737;2.85351;3.61404;
1.93747;2.85382;3.61321;
1.93757;2.85413;3.61404;
1.93767;2.85443;3.61321;
1.93777;2.85474;3.61404;
1.93787;2.85505;3.61321;
1.93797;2.85535;3.61404;
1.93807;2.85566;3.61321;
1.93817;2.85597;3.61404;
1.93827;2.85627;3.61321;
1.93837;2.85658;3.61404;
1.93847;2.85688;3.61321;
1.93857;2.85719;3.61404;
1.93867;2.8575;3.61321;
1.93877;2.8578;3.61404;
1.93887;2.85811;3.61321;
1.93897;2.85841;3.61404;
1.93907;2.85872;3.61321;
1.93917;2.85903;3.61404;
1.93927;2.85933;3.61321;
1.93937;2.85964;3.61404;
1.93947;2.85994;3.61321;
1.93957;2.86025;3.61404;
1.93967;2.86055;3.61321;
1.93977;2.86086;3.61404;
1.93987;2.86117;3.61321;
1.93997;2.86147;3.61404;
1.94007;2.86178;3.61321;
1.94017;2.86208;3.61404;
1.94027;2.86239;3.61321;
1.94037;2.86269;3.61404;
1.94047;2.863;3.61321;
1.94057;2.8633;3.61404;
1.94067;2.86361;3.61321;
1.94077;2.86391;3.61404;
1.94087;2.86422;3.61321;
1.94097;2.86452;3.61404;
1.94107;2.86483;3.61321;
1.94117;2.86513;3.61404;
1.94127;2.86544;3.61321;
1.94137;2.86574;3.61404;
1.94147;2.86605;3.61321;
1.94157;2.86635;3.61404;
1.94167;2.86666;3.61321;
1.94177;2.86696;3.61404;
1.94187;2.86727;3.61321;
1.94197;2.86757;3.61404;
1.94207;2.86788;3.61321;
1.94217;2.86818;3.61404;
1.94227;2.86849;3.61321;
1.94237;2.86879;3.61404;
1.94247;2.86909;3.61321;
1.94257;2.8694;3.61404;
1.94267;2.8697;3.61321;
1.94277;2.87001;3.61404;
1.94287;2.87031;3.61321;
1.94297;2.87062;3.61404;
1.94307;2.87092;3.61321;
1.94317;2.87122;3.61404;
1.94327;2.87153;3.61321;
1.94337;2.87183;3.61404;
1.94347;2.87214;3.61321;
1.94357;2.87244;3.61404;
1.94367;2.87274;3.61321;
1.94377;2.87305;3.61404;
1.94387;2.87335;3.61321;
1.94397;2.87366;3.61404;
1.94407;2.87396;3.61321;
1.94417;2.87426;3.61404;
1.94427;2.87457;3.61321;
1.94437;2.87487;3.61404;
1.94447;2.87517;3.61321;
1.94457;2.87548;3.61404;
1.94467;2.87578;3.61321;
1.94477;2.87608;3.61404;
1.94487;2.87639;3.61321;
1.94497;2.87669;3.61404;
1.94507;2.87699;3.61321;
1.94517;2.8773;3.61404;
1.94527;2.8776;3.61321;
1.94537;2.8779;3.61404;
1.94547;2.87821;3.61321;
1.94557;2.87851;3.61404;
1.94567;2.87881;3.61321;
1.94577;2.87912;3.61404;
1.94587;2.87942;3.61321;
1.94597;2.87972;3.61404;
1.94607;2.88002;3.61321;
1.94617;2.88033;3.61404;
1.94627;2.88063;3.61321;
1.94637;2.88093;3.61404;
1.94647;2.88124;3.61321;
1.94657;2.88154;3.61404;
1.94667;2.88184;3.61321;
1.94677;2.88214;3.61404;
1.94687;2.88245;3.61321;
1.94697;2.88275;3.61404;
1.94707;2.88305;3.61321;
1.94717;2.88335;3.61404;
1.94727;2.88366;3.61321;
1.94737;2.88396;3.61404;
1.94747;2.88426;3.61321;
1.94757;2.88456;3.61404;
1.94767;2.88486;3.61321;
1.94777;2.88517;3.61404;
1.94787;2.88547;3.61321;
1.94797;2.88577;3.61404;
1.94807;2.88607;3.61321;
1.94817;2.88637;3.61404;
1.94827;2.88668;3.61321;
1.94837;2.88698;3.61404;
1.94847;2.88728;3.61321;
1.94857;2.88758;3.61404;
1.94867;2.88788;3.61321;
1.94877;2.88819;3.61404;
1.94887;2.88849;3.61321;
1.94897;2.88879;3.61404;
1.94907;2.88909;3.61321;
1.94917;2.88939;3.61404;
1.94927;2.88969;3.61321;
1.94937;2.88999;3.61404;
1.94947;2.8903;3.61321;
1.94957;2.8906;3.61404;
1.94967;2.8909;3.61321;
1.94977;2.8912;3.61404;
1.94987;2.8915;3.61321;
1.94997;2.8918;3.61404;
1.95007;2.8921;3.61321;
1.95017;2.8924;3.61404;
1.95027;2.89271;3.61321;
1.95037;2.89301;3.61404;
1.95047;2.89331;3.61321;
1.95057;2.89361;3.61404;
1.95067;2.89391;3.61321;
1.95077;2.89421;3.61404;
1.95087;2.89451;3.61321;
1.95097;2.89481;3.61404;
1.95107;2.89511;3.61321;
1.95117;2.89541;3.61404;
1.95127;2.89571;3.61321;
1.95137;2.89601;3.61404;
1.95147;2.89631;3.61321;
1.95157;2.89662;3.61404;
1.95167;2.89692;3.61321;
1.95177;2.89722;3.61404;
1.95187;2.89752;3.61321;
1.95197;2.89782;3.61404;
1.95207;2.89812;3.61321;
1.95217;2.89842;3.61404;
1.95227;2.89872;3.61321;
1.95237;2.89902;3.61404;
1.95247;2.89932;3.61321;
1.95257;2.89962;3.61404;
1.95267;2.89992;3.61321;
1.95277;2.90022;3.61404;
1.95287;2.90052;3.61321;
1.95297;2.90082;3.61404;
1.95307;2.90112;3.61321;
1.95317;2.90142;3.61404;
1.95327;2.90172;3.61321;
1.95337;2.90202;3.61404;
1.95347;2.90232;3.61321;
1.95357;2.90262;3.61404;
1.95367;2.90292;3.61321;
1.95377;2.90322;3.61404;
1.95387;2.90351;3.61321;
1.95397;2.90381;3.61404;
1.95407;2.90411;3.61321;
1.95417;2.90441;3.61404;
1.95427;2.90471;3.61321;
1.95437;2.90501;3.61404;
1.95447;2.90531;3.61321;
1.95457;2.90561;3.61404;
1.95467;2.90591;3.61321;
1.95477;2.90621;3.61404;
1.95487;2.90651;3.61321;
1.95497;2.90681;3.61404;
1.95507;2.90711;3.61321;
1.95517;2.9074;3.61404;
1.95527;2.9077;3.61321;
1.95537;2.908;3.61404;
1.95547;2.9083;3.61321;
1.95557;2.9086;3.61404;
1.95567;2.9089;3.61321;
1.95577;2.9092;3.61404;
1.95587;2.9095;3.61321;
1.95597;2.90979;3.61404;
1.95607;2.91009;3.61321;
1.95617;2.91039;3.61404;
1.95627;2.91069;3.61321;
1.95637;2.91099;3.61404;
1.95647;2.91129;3.61321;
1.95657;2.91159;3.61404;
1.95667;2.91188;3.61321;
1.95677;2.91218;3.61404;
1.95687;2.91248;3.61321;
1.95697;2.91278;3.61404;
1.95707;2.91308;3.61321;
1.95717;2.91337;3.61404;
1.95727;2.91367;3.61321;
1.95737;2.91397;3.61404;
1.95747;2.91427;3.61321;
1.95757;2.91457;3.61404;
1.95767;2.91486;3.61321;
1.95777;2.91516;3.61404;
1.95787;2.91546;3.61321;
1.95797;2.91576;3.61404;
1.95807;2.91606;3.61321;
1.95817;2.91635;3.61404;
1.95827;2.91665;3.61321;
1.95837;2.91695;3.61404;
1.95847;2.91725;3.61321;
1.95857;2.91754;3.61404;
1.95867;2.91784;3.61321;
1.95877;2.91814;3.61404;
1.95887;2.91844;3.61321;
1.95897;2.91873;3.61404;
1.95907;2.91903;3.61321;
1.95917;2.91933;3.61404;
1.95927;2.91962;3.61321;
1.95937;2.91992;3.61404;
1.95947;2.92022;3.61321;
1.95957;2.92052;3.61404;
1.95967;2.92081;3.61321;
1.95977;2.92111;3.61404;
1.95987;2.92141;3.61321;
1.95997;2.9217;3.61404;
1.96007;2.922;3.61321;
1.96017;2.9223;3.61404;
1.96027;2.92259;3.61321;
1.96037;2.92289;3.61404;
1.96047;2.92319;3.61321;
1.96057;2.92348;3.61404;
1.96067;2.92378;3.61321;
1.96077;2.92408;3.61404;
1.96087;2.92437;3.61321;
1.96097;2.92467;3.61404;
1.96107;2.92497;3.61321;
1.96117;2.92526;3.61404;
1.96127;2.92556;3.61321;
1.96137;2.92586;3.61404;
1.96147;2.92615;3.61321;
1.96157;2.92645;3.61404;
1.96167;2.92674;3.61321;
1.96177;2.92704;3.61404;
1.96187;2.92734;3.61321;
1.96197;2.92763;3.61404;
1.96207;2.92793;3.61321;
1.96217;2.92822;3.61404;
1.96227;2.92852;3.61321;
1.96237;2.92882;3.61404;
1.96247;2.92911;3.61321;
1.96257;2.92941;3.61404;
1.96267;2.9297;3.61321;
1.96277;2.93;3.61404;
1.96287;2.93029;3.61321;
1.96297;2.93059;3.61404;
1.96307;2.93089;3.61321;
1.96317;2.93118;3.61404;
1.96327;2.93148;3.61321;
1.96337;2.93177;3.61404;
1.96347;2.93207;3.61321;
1.96357;2.93236;3.61404;
1.96367;2.93266;3.61321;
1.96377;2.93295;3.61404;
1.96387;2.93325;3.61321;
1.96397;2.93354;3.61404;
1.96407;2.93384;3.61321;
1.96417;2.93413;3.61404;
1.96427;2.93443;3.61321;
1.96437;2.93472;3.61404;
1.96447;2.93502;3.61321;
1.96457;2.93531;3.61404;
1.96467;2.93561;3.61321;
1.96477;2.9359;3.61404;
1.96487;2.9362;3.61321;
1.96497;2.93649;3.61404;
1.96507;2.93679;3.61321;
1.96517;2.93708;3.61404;
1.96527;2.93738;3.61321;
1.96537;2.93767;3.61404;
1.96547;2.93797;3.61321;
1.96557;2.93826;3.61404;
1.96567;2.93856;3.61321;
1.96577;2.93885;3.61404;
1.96587;2.93915;3.61321;
1.96597;2.93944;3.61404;
1.96607;2.93973;3.61321;
1.96617;2.94003;3.61404;
1.96627;2.94032;3.61321;
1.96637;2.94062;3.61404;
1.96647;2.94091;3.61321;
1.96657;2.9412;3.61404;
1.96667;2.9415;3.61321;
1.96677;2.94179;3.61404;
1.96687;2.94209;3.61321;
1.96697;2.94238;3.61404;
1.96707;2.94267;3.61321;
1.96717;2.94297;3.61404;
1.96727;2.94326;3.61321;
1.96737;2.94356;3.61404;
1.96747;2.94385;3.61321;
1.96757;2.94414;3.61404;
1.96767;2.94444;3.61321;
1.96777;2.94473;3.61404;
1.96787;2.94502;3.61321;
1.96797;2.94532;3.61404;
1.96807;2.94561;3.61321;
1.96817;2.9459;3.61404;
1.96827;2.9462;3.61321;
1.96837;2.94649;3.61404;
1.96847;2.94678;3.61321;
1.96857;2.94708;3.61404;
1.96867;2.94737;3.61321;
1.96877;2.94766;3.61404;
1.96887;2.94796;3.61321;
1.96897;2.94825;3.61404;
1.96907;2.94854;3.61321;
1.96917;2.94884;3.61404;
1.96927;2.94913;3.61321;
1.96937;2.94942;3.61404;
1.96947;2.94972;3.61321;
1.96957;2.95001;3.61404;
1.96967;2.9503;3.61321;
1.96977;2.95059;3.61404;
1.96987;2.95089;3.61321;
1.96997;2.95118;3.61404;
1.97007;2.95147;3.61321;
1.97017;2.95176;3.61404;
1.97027;2.95206;3.61321;
1.97037;2.95235;3.61404;
1.97047;2.95264;3.61321;
1.97057;2.95293;3.61404;
1.97067;2.95323;3.61321;
1.97077;2.95352;3.61404;
1.97087;2.95381;3.61321;
1.97097;2.9541;3.61404;
1.97107;2.9544;3.61321;
1.97117;2.95469;3.61404;
1.97127;2.95498;3.61321;
1.97137;2.95527;3.61404;
1.97147;2.95556;3.61321;
1.97157;2.95586;3.61404;
1.97167;2.95615;3.61321;
1.97177;2.95644;3.61404;
1.97187;2.95673;3.61321;
1.97197;2.95702;3.61404;
1.97207;2.95732;3.61321;
1.97217;2.95761;3.61404;
1.97227;2.9579;3.61321;
1.97237;2.95819;3.61404;
1.97247;2.95848;3.61321;
1.97257;2.95877;3.61404;
1.97267;2.95907;3.61321;
1.97277;2.95936;3.61404;
1.97287;2.95965;3.61321;
1.97297;2.95994;3.61404;
1.97307;2.96023;3.61321;
1.97317;2.96052;3.61404;
1.97327;2.96081;3.61321;
1.97337;2.96111;3.61404;
1.97347;2.9614;3.61321;
1.97357;2.96169;3.61404;
1.97367;2.96198;3.61321;
1.97377;2.96227;3.61404;
1.97387;2.96256;3.61321;
1.97397;2.96285;3.61404;
1.97407;2.96314;3.61321;
1.97417;2.96343;3.61404;
1.97427;2.96373;3.61321;
1.97437;2.96402;3.61404;
1.97447;2.96431;3.61321;
1.97457;2.9646;3.61404;
1.97467;2.96489;3.61321;
1.97477;2.96518;3.61404;
1.97487;2.96547;3.61321;
1.97497;2.96576;3.61404;
1.97507;2.96605;3.61321;
1.97517;2.96634;3.61404;
1.97527;2.96663;3.61321;
1.97537;2.96692;3.61404;
1.97547;2.96721;3.61321;
1.97557;2.9675;3.61404;
1.97567;2.96779;3.61321;
1.97577;2.96808;3.61404;
1.97587;2.96837;3.61321;
1.97597;2.96866;3.61404;
1.97607;2.96895;3.61321;
1.97617;2.96924;3.61404;
1.97627;2.96953;3.61321;
1.97637;2.96982;3.61404;
1.97647;2.97011;3.61321;
1.97657;2.9704;3.61404;
1.97667;2.97069;3.61321;
1.97677;2.97098;3.61404;
1.97687;2.97127;3.61321;
1.97697;2.97156;3.61404;
1.97707;2.97185;3.61321;
1.97717;2.97214;3.61404;
1.97727;2.97243;3.61321;
1.97737;2.97272;3.61404;
1.97747;2.97301;3.61321;
1.97757;2.9733;3.61404;
1.97767;2.97359;3.61321;
1.97777;2.97388;3.61404;
1.97787;2.97417;3.61321;
1.97797;2.97446;3.61404;
1.97807;2.97475;3.61321;
1.97817;2.97504;3.61404;
1.97827;2.97533;3.61321;
1.97837;2.97562;3.61404;
1.97847;2.9759;3.61321;
1.97857;2.97619;3.61404;
1.97867;2.97648;3.61321;
1.97877;2.97677;3.61404;
1.97887;2.97706;3.61321;
1.97897;2.97735;3.61404;
1.97907;2.97764;3.61321;
1.97917;2.97793;3.61404;
1.97927;2.97822;3.61321;
1.97937;2.97851;3.61404;
1.97947;2.97879;3.61321;
1.97957;2.97908;3.61404;
1.97967;2.97937;3.61321;
1.97977;2.97966;3.61404;
1.97987;2.97995;3.61321;
1.97997;2.98024;3.61404;
1.98007;2.98053;3.61321;
1.98017;2.98081;3.61404;
1.98027;2.9811;3.61321;
1.98037;2.98139;3.61404;
1.98047;2.98168;3.61321;
1.98057;2.98197;3.61404;
1.98067;2.98226;3.61321;
1.98077;2.98254;3.61404;
1.98087;2.98283;3.61321;
1.98097;2.98312;3.61404;
1.98107;2.98341;3.61321;
1.98117;2.9837;3.61404;
1.98127;2.98398;3.61321;
1.98137;2.98427;3.61404;
1.98147;2.98456;3.61321;
1.98157;2.98485;3.61404;
1.98167;2.98514;3.61321;
1.98177;2.98542;3.61404;
1.98187;2.98571;3.61321;
1.98197;2.986;3.61404;
1.98207;2.98629;3.61321;
1.98217;2.98657;3.61404;
1.98227;2.98686;3.61321;
1.98237;2.98715;3.61404;
1.98247;2.98744;3.61321;
1.98257;2.98772;3.61404;
1.98267;2.98801;3.61321;
1.98277;2.9883;3.61404;
1.98287;2.98859;3.61321;
1.98297;2.98887;3.61404;
1.98307;2.98916;3.61321;
1.98317;2.98945;3.61404;
1.98327;2.98974;3.61321;
1.98337;2.99002;3.61404;
1.98347;2.99031;3.61321;
1.98357;2.9906;3.61404;
1.98367;2.99088;3.61321;
1.98377;2.99117;3.61404;
1.98387;2.99146;3.61321;
1.98397;2.99174;3.61404;
1.98407;2.99203;3.61321;
1.98417;2.99232;3.61404;
1.98427;2.9926;3.61321;
1.98437;2.99289;3.61404;
1.98447;2.99318;3.61321;
1.98457;2.99346;3.61404;
1.98467;2.99375;3.61321;
1.98477;2.99404;3.61404;
1.98487;2.99432;3.61321;
1.98497;2.99461;3.61404;
1.98507;2.9949;3.61321;
1.98517;2.99518;3.61404;
1.98527;2.99547;3.61321;
1.98537;2.99576;3.61404;
1.98547;2.99604;3.61321;
1.98557;2.99633;3.61404;
1.98567;2.99661;3.61321;
1.98577;2.9969;3.61404;
1.98587;2.99719;3.61321;
1.98597;2.99747;3.61404;
1.98607;2.99776;3.61321;
1.98617;2.99804;3.61404;
1.98627;2.99833;3.61321;
1.98637;2.99862;3.61404;
1.98647;2.9989;3.61321;
1.98657;2.99919;3.61404;
1.98667;2.99947;3.61321;
1.98677;2.99976;3.61404;
1.98687;3.00005;3.61321;
1.98697;3.00033;3.61404;
1.98707;3.00062;3.61321;
1.98717;3.0009;3.61404;
1.98727;3.00119;3.61321;
1.98737;3.00147;3.61404;
1.98747;3.00176;3.61321;
1.98757;3.00204;3.61404;
1.98767;3.00233;3.61321;
1.98777;3.00261;3.61404;
1.98787;3.0029;3.61321;
1.98797;3.00319;3.61404;
1.98807;3.00347;3.61321;
1.98817;3.00376;3.61404;
1.98827;3.00404;3.61321;
1.98837;3.00433;3.61404;
1.98847;3.00461;3.61321;
1.98857;3.0049;3.61404;
1.98867;3.00518;3.61321;
1.98877;3.00547;3.61404;
1.98887;3.00575;3.61321;
1.98897;3.00604;3.61404;
1.98907;3.00632;3.61321;
1.98917;3.0066;3.61404;
1.98927;3.00689;3.61321;
1.98937;3.00717;3.61404;
1.98947;3.00746;3.61321;
1.98957;3.00774;3.61404;
1.98967;3.00803;3.61321;
1.98977;3.00831;3.61404;
1.98987;3.0086;3.61321;
1.98997;3.00888;3.61404;
1.99007;3.00917;3.61321;
1.99017;3.00945;3.61404;
1.99027;3.00973;3.61321;
1.99037;3.01002;3.61404;
1.99047;3.0103;3.61321;
1.99057;3.01059;3.61404;
1.99067;3.01087;3.61321;
1.99077;3.01116;3.61404;
1.99087;3.01144;3.61321;
1.99097;3.01172;3.61403;
1.99107;3.01201;3.61321;
1.99117;3.01229;3.61403;
1.99127;3.01258;3.61321;
1.99137;3.01286;3.61403;
1.99147;3.01314;3.61321;
1.99157;3.01343;3.61403;
1.99167;3.01371;3.61321;
1.99177;3.01399;3.61403;
1.99187;3.01428;3.61321;
1.99197;3.01456;3.61403;
1.99207;3.01484;3.61321;
1.99217;3.01513;3.61403;
1.99227;3.01541;3.61321;
1.99237;3.0157;3.61403;
1.99247;3.01598;3.61321;
1.99257;3.01626;3.61403;
1.99267;3.01655;3.61321;
1.99277;3.01683;3.61403;
1.99287;3.01711;3.61321;
1.99297;3.0174;3.61403;
1.99307;3.01768;3.61321;
1.99317;3.01796;3.61403;
1.99327;3.01824;3.61321;
1.99337;3.01853;3.61403;
1.99347;3.01881;3.61321;
1.99357;3.01909;3.61403;
1.99367;3.01938;3.61321;
1.99377;3.01966;3.61403;
1.99387;3.01994;3.61321;
1.99397;3.02022;3.61403;
1.99407;3.02051;3.61321;
1.99417;3.02079;3.61403;
1.99427;3.02107;3.61321;
1.99437;3.02136;3.61403;
1.99447;3.02164;3.61321;
1.99457;3.02192;3.61403;
1.99467;3.0222;3.61321;
1.99477;3.02249;3.61403;
1.99487;3.02277;3.61321;
1.99497;3.02305;3.61403;
1.99507;3.02333;3.61321;
1.99517;3.02362;3.61403;
1.99527;3.0239;3.61321;
1.99537;3.02418;3.61403;
1.99547;3.02446;3.61321;
1.99557;3.02474;3.61403;
1.99567;3.02503;3.61321;
1.99577;3.02531;3.61403;
1.99587;3.02559;3.61321;
1.99597;3.02587;3.61403;
1.99607;3.02615;3.61321;
1.99617;3.02644;3.61403;
1.99627;3.02672;3.61321;
1.99637;3.027;3.61403;
1.99647;3.02728;3.61321;
1.99657;3.02756;3.61403;
1.99667;3.02785;3.61321;
1.99677;3.02813;3.61403;
1.99687;3.02841;3.61321;
1.99697;3.02869;3.61403;
1.99707;3.02897;3.61321;
1.99717;3.02925;3.61403;
1.99727;3.02953;3.61321;
1.99737;3.02982;3.61403;
1.99747;3.0301;3.61321;
1.99757;3.03038;3.61403;
1.99767;3.03066;3.61321;
1.99777;3.03094;3.61403;
1.99787;3.03122;3.61321;
1.99797;3.0315;3.61403;
1.99807;3.03178;3.61321;
1.99817;3.03207;3.61403;
1.99827;3.03235;3.61321;
1.99837;3.03263;3.61403;
1.99847;3.03291;3.61321;
1.99857;3.03319;3.61403;
1.99867;3.03347;3.61321;
1.99877;3.03375;3.61403;
1.99887;3.03403;3.61321;
1.99897;3.03431;3.61403;
1.99907;3.03459;3.61321;
1.99917;3.03487;3.61403;
1.99927;3.03516;3.61321;
1.99937;3.03544;3.61403;
1.99947;3.03572;3.61321;
1.99957;3.036;3.61403;
1.99967;3.03628;3.61321;
1.99977;3.03656;3.61403;
1.99987;3.03684;3.61321;
1.99994;3.03702;3.61403;
2;3.03719;3.61321;
