time;V(/VCAP);V(/VOUT);
0;1.85418;2.66701;
1e-06;1.85418;2.66702;
2e-06;1.85418;2.66702;
4e-06;1.85418;2.66701;
8e-06;1.85418;2.66701;
1.6e-05;1.85418;2.66701;
3.2e-05;1.85418;2.66701;
6.4e-05;1.85418;2.66701;
0.000128;1.85418;2.667;
0.000228;1.85418;2.66688;
0.000328;1.85417;2.66603;
0.000428;1.85409;2.65824;
0.000528;1.85312;2.45308;
0.000601641;1.85179;1.62417;
0.000669766;1.85054;0.484926;
0.000670744;1.85053;0.00760216;
0.000672698;1.85049;0.00772906;
0.000673719;1.85047;0.00760432;
0.000674708;1.85045;0.00772639;
0.000676463;1.85042;0.00760229;
0.000678225;1.85039;0.00772557;
0.000679729;1.85036;0.00759758;
0.000680575;1.85034;0.00772591;
0.000681228;1.85033;0.00760479;
0.000681747;1.85032;0.00771317;
0.00068224;1.85031;0.00762307;
0.000682582;1.85031;0.00769642;
0.000682825;1.8503;0.00762399;
0.000683115;1.8503;0.00769908;
0.000683331;1.85029;0.00763986;
0.000683599;1.85029;0.00768069;
0.000683779;1.85029;0.00763675;
0.00068402;1.85028;0.00768449;
0.000684271;1.85028;0.00765063;
0.000684528;1.85027;0.00767442;
0.0006848;1.85027;0.00764363;
0.000685061;1.85026;0.00767838;
0.000685323;1.85026;0.00765514;
0.000685636;1.85025;0.00766907;
0.000685924;1.85025;0.00764937;
0.000686189;1.85024;0.00767498;
0.000686447;1.85024;0.00765753;
0.000686739;1.85023;0.00766461;
0.000686958;1.85023;0.00765336;
0.000687231;1.85022;0.00767092;
0.000687479;1.85022;0.0076608;
0.000687768;1.85021;0.0076616;
0.000687997;1.85021;0.00765649;
0.000688276;1.8502;0.0076677;
0.000688534;1.8502;0.00766304;
0.000688833;1.85019;0.00765878;
0.000689066;1.85019;0.00765952;
0.000689354;1.85018;0.00766505;
0.000689605;1.85018;0.00766491;
0.000689912;1.85017;0.00765602;
0.000690144;1.85017;0.00766245;
0.000690434;1.85016;0.00766247;
0.000690678;1.85016;0.00766672;
0.000690989;1.85015;0.00765339;
0.000691244;1.85015;0.00766562;
0.000691524;1.85014;0.00765989;
0.000691776;1.85014;0.00766817;
0.000692081;1.85013;0.00765059;
0.000692354;1.85013;0.00766908;
0.000692631;1.85012;0.00765707;
0.000692903;1.85012;0.00766939;
0.000693209;1.85011;0.00764765;
0.000693495;1.85011;0.00767316;
0.000693791;1.8501;0.00765357;
0.000694121;1.8501;0.00766977;
0.000694456;1.85009;0.0076464;
0.000694798;1.85008;0.0076772;
0.000695104;1.85008;0.0076489;
0.000695452;1.85007;0.0076688;
0.000695727;1.85007;0.00764935;
0.000696031;1.85006;0.0076766;
0.000696327;1.85006;0.00764677;
0.000696644;1.85005;0.00766792;
0.000696971;1.85004;0.00765313;
0.000697296;1.85004;0.00767336;
0.000697652;1.85003;0.00764366;
0.000697913;1.85003;0.00767069;
0.000698214;1.85002;0.00765358;
0.000698458;1.85002;0.00767267;
0.000698757;1.85001;0.00764095;
0.000699021;1.85001;0.00767324;
0.000699264;1.85;0.00765228;
0.000699487;1.85;0.00767444;
0.000699756;1.84999;0.00763917;
0.000699983;1.84999;0.00766934;
0.000700215;1.84998;0.00765389;
0.000700418;1.84998;0.00767511;
0.000700695;1.84998;0.00764326;
0.000700912;1.84997;0.00765778;
0.00070114;1.84997;0.00765721;
0.000701368;1.84996;0.00767297;
0.000701578;1.84996;0.00765174;
0.000701807;1.84996;0.00765254;
0.000701956;1.84995;0.00761863;
0.000702173;1.84995;0.00769669;
0.000702378;1.84994;0.00763962;
0.000702549;1.84994;0.00768906;
0.000702741;1.84994;0.00761581;
0.000702789;1.84994;0.00762241;
0.000702801;1.84994;0.00761363;
0.000702825;1.84994;0.00759089;
0.000702873;1.84994;0.00745197;
0.000702916;1.84994;0.403912;
0.000702949;1.84994;2.49018;
0.00070298;1.84994;3.45784;
0.000703003;1.84994;3.39217;
0.000703019;1.84994;3.49703;
0.000703033;1.84994;3.53426;
0.000703047;1.84994;3.55499;
0.000703061;1.84994;3.58032;
0.000703076;1.84994;3.5858;
0.000703095;1.84994;3.60222;
0.000703117;1.84994;3.60258;
0.000703144;1.84994;3.61259;
0.000703176;1.84994;3.60947;
0.000703216;1.84994;3.61566;
0.000703268;1.84994;3.61113;
0.000703344;1.84994;3.61599;
0.000703457;1.84994;3.61132;
0.000703637;1.84995;3.61593;
0.000703921;1.84995;3.61136;
0.000704439;1.84996;3.61591;
0.000705198;1.84997;3.61137;
0.000706714;1.84999;3.61586;
0.000709747;1.85004;3.61139;
0.000715813;1.85014;3.61585;
0.000727945;1.85033;3.61135;
0.000752208;1.85071;3.61585;
0.000800736;1.85147;3.61135;
0.00089779;1.853;3.61585;
0.00099779;1.85458;3.61135;
0.00109779;1.85615;3.61585;
0.00119779;1.85772;3.61135;
0.00129779;1.85929;3.61585;
0.00139779;1.86086;3.61135;
0.00149779;1.86243;3.61585;
0.00159779;1.864;3.61135;
0.00169779;1.86557;3.61585;
0.00179779;1.86713;3.61135;
0.00189779;1.8687;3.61585;
0.00199779;1.87026;3.61135;
0.00209779;1.87183;3.61585;
0.00219779;1.87339;3.61135;
0.00229779;1.87496;3.61585;
0.00239779;1.87652;3.61135;
0.00249779;1.87808;3.61585;
0.00259779;1.87964;3.61135;
0.00269779;1.8812;3.61585;
0.00279779;1.88276;3.61135;
0.00289779;1.88432;3.61585;
0.00299779;1.88587;3.61135;
0.00309779;1.88743;3.61585;
0.00319779;1.88899;3.61135;
0.00329779;1.89054;3.61589;
0.00339779;1.8921;3.61135;
0.00349779;1.89365;3.61589;
0.00359779;1.8952;3.61139;
0.00369779;1.89675;3.61589;
0.00379779;1.89831;3.61139;
0.00389779;1.89986;3.61585;
0.00399779;1.90141;3.61135;
0.00409779;1.90296;3.61585;
0.00419779;1.9045;3.61135;
0.00429779;1.90605;3.61585;
0.00439779;1.9076;3.61135;
0.00449779;1.90914;3.61585;
0.00459779;1.91069;3.61135;
0.00469779;1.91223;3.61585;
0.00479779;1.91378;3.61135;
0.00489779;1.91532;3.61585;
0.00499779;1.91686;3.61135;
0.00509779;1.9184;3.61585;
0.00519779;1.91994;3.61135;
0.00529779;1.92148;3.61585;
0.00539779;1.92302;3.61135;
0.00549779;1.92456;3.61585;
0.00559779;1.9261;3.61135;
0.00569779;1.92763;3.61585;
0.00579779;1.92917;3.61135;
0.00589779;1.9307;3.61585;
0.00599779;1.93224;3.61135;
0.00609779;1.93377;3.61585;
0.00619779;1.9353;3.61135;
0.00629779;1.93684;3.61585;
0.00639779;1.93837;3.61135;
0.00649779;1.9399;3.61585;
0.00659779;1.94143;3.61135;
0.00669779;1.94296;3.61585;
0.00679779;1.94448;3.61135;
0.00689779;1.94601;3.61585;
0.00699779;1.94754;3.61135;
0.00709779;1.94906;3.61585;
0.00719779;1.95059;3.61135;
0.00729779;1.95211;3.61585;
0.00739779;1.95364;3.61135;
0.00749779;1.95516;3.61585;
0.00759779;1.95668;3.61135;
0.00769779;1.9582;3.61585;
0.00779779;1.95972;3.61135;
0.00789779;1.96124;3.61585;
0.00799779;1.96276;3.61135;
0.00809779;1.96428;3.61585;
0.00819779;1.9658;3.61135;
0.00829779;1.96731;3.61585;
0.00839779;1.96883;3.61135;
0.00849779;1.97035;3.61584;
0.00859779;1.97186;3.61135;
0.00869779;1.97337;3.61584;
0.00879779;1.97489;3.61135;
0.00889779;1.9764;3.61584;
0.00899779;1.97791;3.61135;
0.00909779;1.97942;3.61584;
0.00919779;1.98093;3.61135;
0.00929779;1.98244;3.61584;
0.00939779;1.98395;3.61135;
0.00949779;1.98546;3.61584;
0.00959779;1.98696;3.61135;
0.00969779;1.98847;3.61584;
0.00979779;1.98997;3.61135;
0.00989779;1.99148;3.61584;
0.00999779;1.99298;3.61135;
0.0100978;1.99449;3.61584;
0.0101978;1.99599;3.61135;
0.0102978;1.99749;3.61584;
0.0103978;1.99899;3.61135;
0.0104978;2.00049;3.61584;
0.0105978;2.00199;3.61135;
0.0106978;2.00349;3.61584;
0.0107978;2.00499;3.61135;
0.0108978;2.00648;3.61584;
0.0109978;2.00798;3.61135;
0.0110978;2.00947;3.61584;
0.0111978;2.01097;3.61135;
0.0112978;2.01246;3.61584;
0.0113978;2.01396;3.61135;
0.0114978;2.01545;3.61584;
0.0115978;2.01694;3.61135;
0.0116978;2.01843;3.61584;
0.0117978;2.01992;3.61135;
0.0118978;2.02141;3.61584;
0.0119978;2.0229;3.61135;
0.0120978;2.02439;3.61584;
0.0121978;2.02588;3.61135;
0.0122978;2.02736;3.61584;
0.0123978;2.02885;3.61135;
0.0124978;2.03033;3.61584;
0.0125978;2.03182;3.61135;
0.0126978;2.0333;3.61584;
0.0127978;2.03479;3.61135;
0.0128978;2.03627;3.61584;
0.0129978;2.03775;3.61135;
0.0130978;2.03923;3.61584;
0.0131978;2.04071;3.61135;
0.0132978;2.04219;3.61584;
0.0133978;2.04367;3.61135;
0.0134978;2.04514;3.61584;
0.0135978;2.04662;3.61135;
0.0136978;2.0481;3.61584;
0.0137978;2.04957;3.61135;
0.0138978;2.05105;3.61584;
0.0139978;2.05252;3.61135;
0.0140978;2.054;3.61584;
0.0141978;2.05547;3.61135;
0.0142978;2.05694;3.61584;
0.0143978;2.05841;3.61135;
0.0144978;2.05988;3.61584;
0.0145978;2.06135;3.61135;
0.0146978;2.06282;3.61584;
0.0147978;2.06429;3.61135;
0.0148978;2.06576;3.61584;
0.0149978;2.06722;3.61135;
0.0150978;2.06869;3.61584;
0.0151978;2.07015;3.61135;
0.0152978;2.07162;3.61584;
0.0153978;2.07308;3.61135;
0.0154978;2.07454;3.61584;
0.0155978;2.07601;3.61135;
0.0156978;2.07747;3.61584;
0.0157978;2.07893;3.61135;
0.0158978;2.08039;3.61584;
0.0159978;2.08185;3.61135;
0.0160978;2.08331;3.61584;
0.0161978;2.08477;3.61135;
0.0162978;2.08622;3.61584;
0.0163978;2.08768;3.61135;
0.0164978;2.08913;3.61584;
0.0165978;2.09059;3.61135;
0.0166978;2.09204;3.61584;
0.0167978;2.0935;3.61135;
0.0168978;2.09495;3.61584;
0.0169978;2.0964;3.61135;
0.0170978;2.09785;3.61584;
0.0171978;2.0993;3.61135;
0.0172978;2.10075;3.61584;
0.0173978;2.1022;3.61135;
0.0174978;2.10365;3.61584;
0.0175978;2.1051;3.61135;
0.0176978;2.10655;3.61584;
0.0177978;2.10799;3.61135;
0.0178978;2.10944;3.61584;
0.0179978;2.11088;3.61135;
0.0180978;2.11233;3.61584;
0.0181978;2.11377;3.61135;
0.0182978;2.11521;3.61584;
0.0183978;2.11666;3.61135;
0.0184978;2.1181;3.61584;
0.0185978;2.11954;3.61135;
0.0186978;2.12098;3.61584;
0.0187978;2.12242;3.61135;
0.0188978;2.12385;3.61584;
0.0189978;2.12529;3.61135;
0.0190978;2.12673;3.61584;
0.0191978;2.12817;3.61135;
0.0192978;2.1296;3.61584;
0.0193978;2.13104;3.61135;
0.0194978;2.13247;3.61584;
0.0195978;2.1339;3.61135;
0.0196978;2.13534;3.61584;
0.0197978;2.13677;3.61135;
0.0198978;2.1382;3.61584;
0.0199978;2.13963;3.61135;
0.0200978;2.14106;3.61584;
0.0201978;2.14249;3.61135;
0.0202978;2.14392;3.61584;
0.0203978;2.14534;3.61135;
0.0204978;2.14677;3.61584;
0.0205978;2.1482;3.61135;
0.0206978;2.14962;3.61584;
0.0207978;2.15105;3.61135;
0.0208978;2.15247;3.61584;
0.0209978;2.15389;3.61135;
0.0210978;2.15532;3.61584;
0.0211978;2.15674;3.61136;
0.0212978;2.15816;3.61584;
0.0213978;2.15958;3.61136;
0.0214978;2.161;3.61584;
0.0215978;2.16242;3.61136;
0.0216978;2.16384;3.61584;
0.0217978;2.16526;3.61136;
0.0218978;2.16667;3.61584;
0.0219978;2.16809;3.61136;
0.0220978;2.1695;3.61584;
0.0221978;2.17092;3.61136;
0.0222978;2.17233;3.61584;
0.0223978;2.17375;3.61136;
0.0224978;2.17516;3.61584;
0.0225978;2.17657;3.61136;
0.0226978;2.17798;3.61584;
0.0227978;2.17939;3.61136;
0.0228978;2.1808;3.61584;
0.0229978;2.18221;3.61136;
0.0230978;2.18362;3.61584;
0.0231978;2.18503;3.61136;
0.0232978;2.18644;3.61584;
0.0233978;2.18784;3.61136;
0.0234978;2.18925;3.61584;
0.0235978;2.19065;3.61136;
0.0236978;2.19206;3.61584;
0.0237978;2.19346;3.61136;
0.0238978;2.19486;3.61584;
0.0239978;2.19627;3.61136;
0.0240978;2.19767;3.61584;
0.0241978;2.19907;3.61136;
0.0242978;2.20047;3.61584;
0.0243978;2.20187;3.61136;
0.0244978;2.20327;3.61584;
0.0245978;2.20466;3.61136;
0.0246978;2.20606;3.61584;
0.0247978;2.20746;3.61136;
0.0248978;2.20885;3.61584;
0.0249978;2.21025;3.61136;
0.0250978;2.21164;3.61584;
0.0251978;2.21304;3.61136;
0.0252978;2.21443;3.61584;
0.0253978;2.21582;3.61136;
0.0254978;2.21721;3.61584;
0.0255978;2.2186;3.61136;
0.0256978;2.22;3.61584;
0.0257978;2.22138;3.61136;
0.0258978;2.22277;3.61584;
0.0259978;2.22416;3.61136;
0.0260978;2.22555;3.61584;
0.0261978;2.22694;3.61136;
0.0262978;2.22832;3.61584;
0.0263978;2.22971;3.61136;
0.0264978;2.23109;3.61584;
0.0265978;2.23248;3.61136;
0.0266978;2.23386;3.61584;
0.0267978;2.23524;3.61136;
0.0268978;2.23662;3.61584;
0.0269978;2.23801;3.61136;
0.0270978;2.23939;3.61584;
0.0271978;2.24077;3.61136;
0.0272978;2.24215;3.61584;
0.0273978;2.24352;3.61136;
0.0274978;2.2449;3.61584;
0.0275978;2.24628;3.61136;
0.0276978;2.24766;3.61584;
0.0277978;2.24903;3.61136;
0.0278978;2.25041;3.61584;
0.0279978;2.25178;3.61136;
0.0280978;2.25315;3.61584;
0.0281978;2.25453;3.61136;
0.0282978;2.2559;3.61584;
0.0283978;2.25727;3.61136;
0.0284978;2.25864;3.61584;
0.0285978;2.26001;3.61136;
0.0286978;2.26138;3.61584;
0.0287978;2.26275;3.61136;
0.0288978;2.26412;3.61584;
0.0289978;2.26549;3.61136;
0.0290978;2.26685;3.61584;
0.0291978;2.26822;3.61136;
0.0292978;2.26959;3.61584;
0.0293978;2.27095;3.61136;
0.0294978;2.27231;3.61584;
0.0295978;2.27368;3.61136;
0.0296978;2.27504;3.61584;
0.0297978;2.2764;3.61136;
0.0298978;2.27776;3.61584;
0.0299978;2.27912;3.61136;
0.0300978;2.28048;3.61584;
0.0301978;2.28184;3.61136;
0.0302978;2.2832;3.61584;
0.0303978;2.28456;3.61136;
0.0304978;2.28592;3.61584;
0.0305978;2.28727;3.61136;
0.0306978;2.28863;3.61584;
0.0307978;2.28999;3.61136;
0.0308978;2.29134;3.61584;
0.0309978;2.29269;3.61136;
0.0310978;2.29405;3.61584;
0.0311978;2.2954;3.61136;
0.0312978;2.29675;3.61584;
0.0313978;2.2981;3.61136;
0.0314978;2.29945;3.61584;
0.0315978;2.3008;3.61136;
0.0316978;2.30215;3.61584;
0.0317978;2.3035;3.61136;
0.0318978;2.30485;3.61584;
0.0319978;2.3062;3.61136;
0.0320978;2.30754;3.61584;
0.0321978;2.30889;3.61136;
0.0322978;2.31023;3.61584;
0.0323978;2.31158;3.61136;
0.0324978;2.31292;3.61584;
0.0325978;2.31426;3.61136;
0.0326978;2.31561;3.61584;
0.0327978;2.31695;3.61136;
0.0328978;2.31829;3.61584;
0.0329978;2.31963;3.61136;
0.0330978;2.32097;3.61584;
0.0331978;2.32231;3.61136;
0.0332978;2.32365;3.61584;
0.0333978;2.32499;3.61136;
0.0334978;2.32632;3.61584;
0.0335978;2.32766;3.61136;
0.0336978;2.329;3.61584;
0.0337978;2.33033;3.61136;
0.0338978;2.33166;3.61584;
0.0339978;2.333;3.61136;
0.0340978;2.33433;3.61584;
0.0341978;2.33566;3.61136;
0.0342978;2.337;3.61584;
0.0343978;2.33833;3.61136;
0.0344978;2.33966;3.61584;
0.0345978;2.34099;3.61136;
0.0346978;2.34232;3.61584;
0.0347978;2.34364;3.61136;
0.0348978;2.34497;3.61584;
0.0349978;2.3463;3.61136;
0.0350978;2.34763;3.61584;
0.0351978;2.34895;3.61136;
0.0352978;2.35028;3.61584;
0.0353978;2.3516;3.61136;
0.0354978;2.35293;3.61584;
0.0355978;2.35425;3.61136;
0.0356978;2.35557;3.61584;
0.0357978;2.35689;3.61136;
0.0358978;2.35821;3.61584;
0.0359978;2.35953;3.61136;
0.0360978;2.36085;3.61584;
0.0361978;2.36217;3.61136;
0.0362978;2.36349;3.61584;
0.0363978;2.36481;3.61136;
0.0364978;2.36613;3.61584;
0.0365978;2.36744;3.61136;
0.0366978;2.36876;3.61584;
0.0367978;2.37007;3.61136;
0.0368978;2.37139;3.61584;
0.0369978;2.3727;3.61136;
0.0370978;2.37402;3.61584;
0.0371978;2.37533;3.61136;
0.0372978;2.37664;3.61584;
0.0373978;2.37795;3.61136;
0.0374978;2.37926;3.61584;
0.0375978;2.38057;3.61136;
0.0376978;2.38188;3.61584;
0.0377978;2.38319;3.61136;
0.0378978;2.3845;3.61584;
0.0379978;2.38581;3.61136;
0.0380978;2.38711;3.61584;
0.0381978;2.38842;3.61136;
0.0382978;2.38972;3.61584;
0.0383978;2.39103;3.61136;
0.0384978;2.39233;3.61584;
0.0385978;2.39364;3.61136;
0.0386978;2.39494;3.61584;
0.0387978;2.39624;3.61136;
0.0388978;2.39754;3.61584;
0.0389978;2.39884;3.61136;
0.0390978;2.40014;3.61584;
0.0391978;2.40144;3.61136;
0.0392978;2.40274;3.61583;
0.0393978;2.40404;3.61136;
0.0394978;2.40534;3.61583;
0.0395978;2.40663;3.61136;
0.0396978;2.40793;3.61583;
0.0397978;2.40923;3.61136;
0.0398978;2.41052;3.61583;
0.0399978;2.41182;3.61136;
0.0400978;2.41311;3.61583;
0.0401978;2.4144;3.61136;
0.0402978;2.4157;3.61583;
0.0403978;2.41699;3.61136;
0.0404978;2.41828;3.61583;
0.0405978;2.41957;3.61136;
0.0406978;2.42086;3.61583;
0.0407978;2.42215;3.61136;
0.0408978;2.42344;3.61583;
0.0409978;2.42472;3.61136;
0.0410978;2.42601;3.61583;
0.0411978;2.4273;3.61136;
0.0412978;2.42858;3.61583;
0.0413978;2.42987;3.61136;
0.0414978;2.43115;3.61583;
0.0415978;2.43244;3.61136;
0.0416978;2.43372;3.61583;
0.0417978;2.435;3.61136;
0.0418978;2.43629;3.61583;
0.0419978;2.43757;3.61136;
0.0420978;2.43885;3.61583;
0.0421978;2.44013;3.61136;
0.0422978;2.44141;3.61583;
0.0423978;2.44269;3.61136;
0.0424978;2.44397;3.61583;
0.0425978;2.44524;3.61136;
0.0426978;2.44652;3.61583;
0.0427978;2.4478;3.61136;
0.0428978;2.44907;3.61583;
0.0429978;2.45035;3.61136;
0.0430978;2.45162;3.61583;
0.0431978;2.4529;3.61136;
0.0432978;2.45417;3.61583;
0.0433978;2.45544;3.61136;
0.0434978;2.45671;3.61583;
0.0435978;2.45798;3.61136;
0.0436978;2.45925;3.61583;
0.0437978;2.46052;3.61136;
0.0438978;2.46179;3.61583;
0.0439978;2.46306;3.61136;
0.0440978;2.46433;3.61583;
0.0441978;2.4656;3.61136;
0.0442978;2.46687;3.61583;
0.0443978;2.46813;3.61136;
0.0444978;2.4694;3.61583;
0.0445978;2.47066;3.61136;
0.0446978;2.47193;3.61583;
0.0447978;2.47319;3.61136;
0.0448978;2.47445;3.61583;
0.0449978;2.47572;3.61136;
0.0450978;2.47698;3.61583;
0.0451978;2.47824;3.61136;
0.0452978;2.4795;3.61583;
0.0453978;2.48076;3.61136;
0.0454978;2.48202;3.61583;
0.0455978;2.48328;3.61136;
0.0456978;2.48453;3.61583;
0.0457978;2.48579;3.61136;
0.0458978;2.48705;3.61583;
0.0459978;2.4883;3.61136;
0.0460978;2.48956;3.61583;
0.0461978;2.49081;3.61136;
0.0462978;2.49207;3.61583;
0.0463978;2.49332;3.61136;
0.0464978;2.49458;3.61583;
0.0465978;2.49583;3.61136;
0.0466978;2.49708;3.61583;
0.0467978;2.49833;3.61136;
0.0468978;2.49958;3.61583;
0.0469978;2.50083;3.61136;
0.0470978;2.50208;3.61583;
0.0471978;2.50333;3.61136;
0.0472978;2.50458;3.61583;
0.0473978;2.50582;3.61136;
0.0474978;2.50707;3.61583;
0.0475978;2.50832;3.61136;
0.0476978;2.50956;3.61583;
0.0477978;2.51081;3.61136;
0.0478978;2.51205;3.61583;
0.0479978;2.5133;3.61136;
0.0480978;2.51454;3.61583;
0.0481978;2.51578;3.61136;
0.0482978;2.51702;3.61583;
0.0483978;2.51826;3.61136;
0.0484978;2.5195;3.61583;
0.0485978;2.52074;3.61136;
0.0486978;2.52198;3.61583;
0.0487978;2.52322;3.61136;
0.0488978;2.52446;3.61583;
0.0489978;2.5257;3.61136;
0.0490978;2.52693;3.61583;
0.0491978;2.52817;3.61136;
0.0492978;2.52941;3.61583;
0.0493978;2.53064;3.61137;
0.0494978;2.53187;3.61583;
0.0495978;2.53311;3.61137;
0.0496978;2.53434;3.61583;
0.0497978;2.53557;3.61137;
0.0498978;2.53681;3.61583;
0.0499978;2.53804;3.61137;
0.0500978;2.53927;3.61583;
0.0501978;2.5405;3.61137;
0.0502978;2.54173;3.61583;
0.0503978;2.54296;3.61137;
0.0504978;2.54418;3.61583;
0.0505978;2.54541;3.61137;
0.0506978;2.54664;3.61583;
0.0507978;2.54786;3.61137;
0.0508978;2.54909;3.61583;
0.0509978;2.55032;3.61137;
0.0510978;2.55154;3.61583;
0.0511978;2.55276;3.61137;
0.0512978;2.55399;3.61583;
0.0513978;2.55521;3.61137;
0.0514978;2.55643;3.61583;
0.0515978;2.55765;3.61137;
0.0516978;2.55887;3.61583;
0.0517978;2.56009;3.61137;
0.0518978;2.56131;3.61583;
0.0519978;2.56253;3.61137;
0.0520978;2.56375;3.61583;
0.0521978;2.56497;3.61137;
0.0522978;2.56619;3.61583;
0.0523978;2.5674;3.61137;
0.0524978;2.56862;3.61583;
0.0525978;2.56983;3.61137;
0.0526978;2.57105;3.61583;
0.0527978;2.57226;3.61137;
0.0528978;2.57348;3.61583;
0.0529978;2.57469;3.61137;
0.0530978;2.5759;3.61583;
0.0531978;2.57711;3.61137;
0.0532978;2.57832;3.61583;
0.0533978;2.57953;3.61137;
0.0534978;2.58074;3.61583;
0.0535978;2.58195;3.61137;
0.0536978;2.58316;3.61583;
0.0537978;2.58437;3.61137;
0.0538978;2.58558;3.61583;
0.0539978;2.58678;3.61137;
0.0540978;2.58799;3.61583;
0.0541978;2.5892;3.61137;
0.0542978;2.5904;3.61583;
0.0543978;2.59161;3.61137;
0.0544978;2.59281;3.61583;
0.0545978;2.59401;3.61137;
0.0546978;2.59522;3.61583;
0.0547978;2.59642;3.61137;
0.0548978;2.59762;3.61583;
0.0549978;2.59882;3.61137;
0.0550978;2.60002;3.61583;
0.0551978;2.60122;3.61137;
0.0552978;2.60242;3.61583;
0.0553978;2.60362;3.61137;
0.0554978;2.60481;3.61583;
0.0555978;2.60601;3.61137;
0.0556978;2.60721;3.61583;
0.0557978;2.6084;3.61137;
0.0558978;2.6096;3.61583;
0.0559978;2.6108;3.61137;
0.0560978;2.61199;3.61583;
0.0561978;2.61318;3.61137;
0.0562978;2.61438;3.61583;
0.0563978;2.61557;3.61137;
0.0564978;2.61676;3.61583;
0.0565978;2.61795;3.61137;
0.0566978;2.61914;3.61583;
0.0567978;2.62033;3.61137;
0.0568978;2.62152;3.61583;
0.0569978;2.62271;3.61137;
0.0570978;2.6239;3.61583;
0.0571978;2.62509;3.61137;
0.0572978;2.62627;3.61583;
0.0573978;2.62746;3.61137;
0.0574978;2.62865;3.61583;
0.0575978;2.62983;3.61137;
0.0576978;2.63102;3.61583;
0.0577978;2.6322;3.61137;
0.0578978;2.63338;3.61583;
0.0579978;2.63457;3.61137;
0.0580978;2.63575;3.61583;
0.0581978;2.63693;3.61137;
0.0582978;2.63811;3.61583;
0.0583978;2.63929;3.61137;
0.0584978;2.64047;3.61583;
0.0585978;2.64165;3.61137;
0.0586978;2.64283;3.61583;
0.0587978;2.64401;3.61137;
0.0588978;2.64519;3.61583;
0.0589978;2.64636;3.61137;
0.0590978;2.64754;3.61583;
0.0591978;2.64872;3.61137;
0.0592978;2.64989;3.61583;
0.0593978;2.65107;3.61137;
0.0594978;2.65224;3.61583;
0.0595978;2.65341;3.61137;
0.0596978;2.65459;3.61583;
0.0597978;2.65576;3.61137;
0.0598978;2.65693;3.61583;
0.0599978;2.6581;3.61137;
0.0600978;2.65927;3.61583;
0.0601978;2.66044;3.61137;
0.0602978;2.66161;3.61583;
0.0603978;2.66278;3.61137;
0.0604978;2.66395;3.61583;
0.0605978;2.66512;3.61137;
0.0606978;2.66628;3.61583;
0.0607978;2.66745;3.61137;
0.0608978;2.66862;3.61583;
0.0609978;2.66978;3.61137;
0.0610978;2.67095;3.61583;
0.0611978;2.67211;3.61137;
0.0612978;2.67327;3.61583;
0.0613978;2.67444;3.61137;
0.0614978;2.6756;3.61583;
0.0615978;2.67676;3.61137;
0.0616978;2.67792;3.61583;
0.0617978;2.67908;3.61137;
0.0618978;2.68024;3.61583;
0.0619978;2.6814;3.61137;
0.0620978;2.68256;3.61583;
0.0621978;2.68372;3.61137;
0.0622978;2.68488;3.61583;
0.0623978;2.68604;3.61137;
0.0624978;2.68719;3.61583;
0.0625978;2.68835;3.61137;
0.0626978;2.6895;3.61583;
0.0627978;2.69066;3.61137;
0.0628978;2.69181;3.61583;
0.0629978;2.69297;3.61137;
0.0630978;2.69412;3.61583;
0.0631978;2.69527;3.61137;
0.0632978;2.69642;3.61583;
0.0633978;2.69758;3.61137;
0.0634978;2.69873;3.61583;
0.0635978;2.69988;3.61137;
0.0636978;2.70103;3.61583;
0.0637978;2.70218;3.61137;
0.0638978;2.70332;3.61583;
0.0639978;2.70447;3.61137;
0.0640978;2.70562;3.61583;
0.0641978;2.70677;3.61137;
0.0642978;2.70791;3.61583;
0.0643978;2.70906;3.61137;
0.0644978;2.7102;3.61583;
0.0645978;2.71135;3.61137;
0.0646978;2.71249;3.61583;
0.0647978;2.71364;3.61137;
0.0648978;2.71478;3.61583;
0.0649978;2.71592;3.61137;
0.0650978;2.71706;3.61583;
0.0651978;2.7182;3.61137;
0.0652978;2.71934;3.61583;
0.0653978;2.72048;3.61137;
0.0654978;2.72162;3.61583;
0.0655978;2.72276;3.61137;
0.0656978;2.7239;3.61583;
0.0657978;2.72504;3.61137;
0.0658978;2.72618;3.61583;
0.0659978;2.72731;3.61137;
0.0660978;2.72845;3.61583;
0.0661978;2.72958;3.61137;
0.0662978;2.73072;3.61583;
0.0663978;2.73185;3.61137;
0.0664978;2.73299;3.61583;
0.0665978;2.73412;3.61137;
0.0666978;2.73525;3.61583;
0.0667978;2.73638;3.61137;
0.0668978;2.73752;3.61583;
0.0669978;2.73865;3.61137;
0.0670978;2.73978;3.61583;
0.0671978;2.74091;3.61137;
0.0672978;2.74204;3.61583;
0.0673978;2.74316;3.61137;
0.0674978;2.74429;3.61583;
0.0675978;2.74542;3.61137;
0.0676978;2.74655;3.61583;
0.0677978;2.74767;3.61137;
0.0678978;2.7488;3.61583;
0.0679978;2.74992;3.61137;
0.0680978;2.75105;3.61582;
0.0681978;2.75217;3.61137;
0.0682978;2.7533;3.61582;
0.0683978;2.75442;3.61137;
0.0684978;2.75554;3.61582;
0.0685978;2.75666;3.61137;
0.0686978;2.75779;3.61582;
0.0687978;2.75891;3.61137;
0.0688978;2.76003;3.61582;
0.0689978;2.76115;3.61137;
0.0690978;2.76226;3.61582;
0.0691978;2.76338;3.61137;
0.0692978;2.7645;3.61582;
0.0693978;2.76562;3.61137;
0.0694978;2.76674;3.61582;
0.0695978;2.76785;3.61137;
0.0696978;2.76897;3.61582;
0.0697978;2.77008;3.61137;
0.0698978;2.7712;3.61582;
0.0699978;2.77231;3.61137;
0.0700978;2.77343;3.61582;
0.0701978;2.77454;3.61137;
0.0702978;2.77565;3.61582;
0.0703978;2.77676;3.61137;
0.0704978;2.77787;3.61582;
0.0705978;2.77898;3.61137;
0.0706978;2.78009;3.61582;
0.0707978;2.7812;3.61137;
0.0708978;2.78231;3.61582;
0.0709978;2.78342;3.61137;
0.0710978;2.78453;3.61582;
0.0711978;2.78564;3.61137;
0.0712978;2.78674;3.61582;
0.0713978;2.78785;3.61137;
0.0714978;2.78896;3.61582;
0.0715978;2.79006;3.61137;
0.0716978;2.79117;3.61582;
0.0717978;2.79227;3.61137;
0.0718978;2.79337;3.61582;
0.0719978;2.79448;3.61137;
0.0720978;2.79558;3.61582;
0.0721978;2.79668;3.61137;
0.0722978;2.79778;3.61582;
0.0723978;2.79888;3.61137;
0.0724978;2.79998;3.61582;
0.0725978;2.80108;3.61137;
0.0726978;2.80218;3.61582;
0.0727978;2.80328;3.61137;
0.0728978;2.80438;3.61582;
0.0729978;2.80548;3.61137;
0.0730978;2.80657;3.61582;
0.0731978;2.80767;3.61137;
0.0732978;2.80876;3.61582;
0.0733978;2.80986;3.61137;
0.0734978;2.81095;3.61582;
0.0735978;2.81205;3.61137;
0.0736978;2.81314;3.61582;
0.0737978;2.81424;3.61137;
0.0738978;2.81533;3.61582;
0.0739978;2.81642;3.61137;
0.0740978;2.81751;3.61582;
0.0741978;2.8186;3.61137;
0.0742978;2.81969;3.61582;
0.0743978;2.82078;3.61137;
0.0744978;2.82187;3.61582;
0.0745978;2.82296;3.61137;
0.0746978;2.82405;3.61582;
0.0747978;2.82514;3.61137;
0.0748978;2.82622;3.61582;
0.0749978;2.82731;3.61137;
0.0750978;2.8284;3.61582;
0.0751978;2.82948;3.61137;
0.0752978;2.83057;3.61582;
0.0753978;2.83165;3.61137;
0.0754978;2.83273;3.61582;
0.0755978;2.83382;3.61137;
0.0756978;2.8349;3.61582;
0.0757978;2.83598;3.61137;
0.0758978;2.83706;3.61582;
0.0759978;2.83815;3.61137;
0.0760978;2.83923;3.61582;
0.0761978;2.84031;3.61138;
0.0762978;2.84139;3.61582;
0.0763978;2.84246;3.61138;
0.0764978;2.84354;3.61582;
0.0765978;2.84462;3.61138;
0.0766978;2.8457;3.61582;
0.0767978;2.84678;3.61138;
0.0768978;2.84785;3.61582;
0.0769978;2.84893;3.61138;
0.0770978;2.85;3.61582;
0.0771978;2.85108;3.61138;
0.0772978;2.85215;3.61582;
0.0773978;2.85322;3.61138;
0.0774978;2.8543;3.61582;
0.0775978;2.85537;3.61138;
0.0776978;2.85644;3.61582;
0.0777978;2.85751;3.61138;
0.0778978;2.85858;3.61582;
0.0779978;2.85966;3.61138;
0.0780978;2.86073;3.61582;
0.0781978;2.86179;3.61138;
0.0782978;2.86286;3.61582;
0.0783978;2.86393;3.61138;
0.0784978;2.865;3.61582;
0.0785978;2.86607;3.61138;
0.0786978;2.86713;3.61582;
0.0787978;2.8682;3.61138;
0.0788978;2.86926;3.61582;
0.0789978;2.87033;3.61138;
0.0790978;2.87139;3.61582;
0.0791978;2.87246;3.61138;
0.0792978;2.87352;3.61582;
0.0793978;2.87458;3.61138;
0.0794978;2.87565;3.61582;
0.0795978;2.87671;3.61138;
0.0796978;2.87777;3.61582;
0.0797978;2.87883;3.61138;
0.0798978;2.87989;3.61582;
0.0799978;2.88095;3.61138;
0.0800978;2.88201;3.61582;
0.0801978;2.88307;3.61138;
0.0802978;2.88413;3.61582;
0.0803978;2.88518;3.61138;
0.0804978;2.88624;3.61582;
0.0805978;2.8873;3.61138;
0.0806978;2.88835;3.61582;
0.0807978;2.88941;3.61138;
0.0808978;2.89046;3.61582;
0.0809978;2.89152;3.61138;
0.0810978;2.89257;3.61582;
0.0811978;2.89363;3.61138;
0.0812978;2.89468;3.61582;
0.0813978;2.89573;3.61138;
0.0814978;2.89678;3.61582;
0.0815978;2.89783;3.61138;
0.0816978;2.89888;3.61582;
0.0817978;2.89994;3.61138;
0.0818978;2.90098;3.61582;
0.0819978;2.90203;3.61138;
0.0820978;2.90308;3.61582;
0.0821978;2.90413;3.61138;
0.0822978;2.90518;3.61582;
0.0823978;2.90623;3.61138;
0.0824978;2.90727;3.61582;
0.0825978;2.90832;3.61138;
0.0826978;2.90936;3.61582;
0.0827978;2.91041;3.61138;
0.0828978;2.91145;3.61582;
0.0829978;2.9125;3.61138;
0.0830978;2.91354;3.61582;
0.0831978;2.91458;3.61138;
0.0832978;2.91563;3.61582;
0.0833978;2.91667;3.61138;
0.0834978;2.91771;3.61582;
0.0835978;2.91875;3.61138;
0.0836978;2.91979;3.61582;
0.0837978;2.92083;3.61138;
0.0838978;2.92187;3.61582;
0.0839978;2.92291;3.61138;
0.0840978;2.92395;3.61582;
0.0841978;2.92498;3.61138;
0.0842978;2.92602;3.61582;
0.0843978;2.92706;3.61138;
0.0844978;2.92809;3.61582;
0.0845978;2.92913;3.61138;
0.0846978;2.93016;3.61582;
0.0847978;2.9312;3.61138;
0.0848978;2.93223;3.61582;
0.0849978;2.93327;3.61138;
0.0850978;2.9343;3.61582;
0.0851978;2.93533;3.61138;
0.0852978;2.93636;3.61582;
0.0853978;2.9374;3.61138;
0.0854978;2.93843;3.61582;
0.0855978;2.93946;3.61138;
0.0856978;2.94049;3.61582;
0.0857978;2.94152;3.61138;
0.0858978;2.94255;3.61582;
0.0859978;2.94357;3.61138;
0.0860978;2.9446;3.61582;
0.0861978;2.94563;3.61138;
0.0862978;2.94666;3.61582;
0.0863978;2.94768;3.61138;
0.0864978;2.94871;3.61582;
0.0865978;2.94973;3.61138;
0.0866978;2.95076;3.61582;
0.0867978;2.95178;3.61138;
0.0868978;2.95281;3.61582;
0.0869978;2.95383;3.61138;
0.0870978;2.95485;3.61582;
0.0871978;2.95587;3.61138;
0.0872978;2.9569;3.61582;
0.0873978;2.95792;3.61138;
0.0874978;2.95894;3.61582;
0.0875978;2.95996;3.61138;
0.0876978;2.96098;3.61582;
0.0877978;2.962;3.61138;
0.0878978;2.96302;3.61582;
0.0879978;2.96403;3.61138;
0.0880978;2.96505;3.61582;
0.0881978;2.96607;3.61138;
0.0882978;2.96708;3.61582;
0.0883978;2.9681;3.61138;
0.0884978;2.96912;3.61582;
0.0885978;2.97013;3.61138;
0.0886978;2.97115;3.61582;
0.0887978;2.97216;3.61138;
0.0888978;2.97317;3.61582;
0.0889978;2.97419;3.61138;
0.0890978;2.9752;3.61582;
0.0891978;2.97621;3.61138;
0.0892978;2.97722;3.61582;
0.0893978;2.97823;3.61138;
0.0894978;2.97924;3.61582;
0.0895978;2.98025;3.61138;
0.0896978;2.98126;3.61582;
0.0897978;2.98227;3.61138;
0.0898978;2.98328;3.61582;
0.0899978;2.98429;3.61138;
0.0900978;2.9853;3.61582;
0.0901978;2.9863;3.61138;
0.0902978;2.98731;3.61582;
0.0903978;2.98832;3.61138;
0.0904978;2.98932;3.61582;
0.0905978;2.99033;3.61138;
0.0906978;2.99133;3.61582;
0.0907978;2.99234;3.61138;
0.0908978;2.99334;3.61582;
0.0909978;2.99434;3.61138;
0.0910978;2.99534;3.61582;
0.0911978;2.99635;3.61138;
0.0912978;2.99735;3.61582;
0.0913978;2.99835;3.61138;
0.0914978;2.99935;3.61582;
0.0915978;3.00035;3.61138;
0.0916978;3.00135;3.61582;
0.0917978;3.00235;3.61138;
0.0918978;3.00335;3.61582;
0.0919978;3.00434;3.61138;
0.0920978;3.00534;3.61582;
0.0921978;3.00634;3.61138;
0.0922978;3.00734;3.61582;
0.0923978;3.00833;3.61138;
0.0924978;3.00933;3.61582;
0.0925978;3.01032;3.61138;
0.0926978;3.01132;3.61582;
0.0927978;3.01231;3.61138;
0.0928978;3.0133;3.61582;
0.0929978;3.0143;3.61138;
0.0930978;3.01529;3.61582;
0.0931978;3.01628;3.61138;
0.0932978;3.01727;3.61582;
0.0933978;3.01826;3.61138;
0.0934978;3.01925;3.61582;
0.0935978;3.02024;3.61138;
0.0936978;3.02123;3.61582;
0.0937978;3.02222;3.61138;
0.0938978;3.02321;3.61582;
0.0939978;3.0242;3.61138;
0.0940978;3.02519;3.61582;
0.0941978;3.02617;3.61138;
0.0942978;3.02716;3.61582;
0.0943978;3.02815;3.61138;
0.0944978;3.02913;3.61582;
0.0945978;3.03012;3.61138;
0.0946978;3.0311;3.61582;
0.0947978;3.03209;3.61138;
0.0948978;3.03307;3.61582;
0.0949978;3.03405;3.61138;
0.0950978;3.03504;3.61582;
0.0951978;3.03602;3.61138;
0.0952978;3.037;3.61582;
0.0953978;3.03798;3.61138;
0.0954978;3.03896;3.61582;
0.0955978;3.03994;3.61138;
0.0956978;3.04092;3.61581;
0.0957978;3.0419;3.61138;
0.0958978;3.04288;3.61581;
0.0959978;3.04386;3.61138;
0.0960978;3.04484;3.61581;
0.0961978;3.04581;3.61138;
0.0962978;3.04679;3.61581;
0.0963978;3.04777;3.61138;
0.0964978;3.04874;3.61581;
0.0965978;3.04972;3.61138;
0.0966978;3.05069;3.61581;
0.0967978;3.05167;3.61138;
0.0968978;3.05264;3.61581;
0.0969978;3.05361;3.61138;
0.0970978;3.05459;3.61581;
0.0971978;3.05556;3.61138;
0.0972978;3.05653;3.61581;
0.0973978;3.0575;3.61138;
0.0974978;3.05847;3.61581;
0.0975978;3.05944;3.61138;
0.0976978;3.06041;3.61581;
0.0977978;3.06138;3.61138;
0.0978978;3.06235;3.61581;
0.0979978;3.06332;3.61138;
0.0980978;3.06429;3.61581;
0.0981978;3.06525;3.61138;
0.0982978;3.06622;3.61581;
0.0983978;3.06719;3.61138;
0.0984978;3.06815;3.61581;
0.0985978;3.06912;3.61138;
0.0986978;3.07008;3.61581;
0.0987978;3.07105;3.61138;
0.0988978;3.07201;3.61581;
0.0989978;3.07298;3.61138;
0.0990978;3.07394;3.61581;
0.0991978;3.0749;3.61138;
0.0992978;3.07586;3.61581;
0.0993978;3.07683;3.61138;
0.0994978;3.07779;3.61581;
0.0995978;3.07875;3.61138;
0.0996978;3.07971;3.61581;
0.0997978;3.08067;3.61138;
0.0998978;3.08163;3.61581;
0.0999978;3.08259;3.61138;
0.100098;3.08355;3.61581;
0.100198;3.0845;3.61138;
0.100298;3.08546;3.61581;
0.100398;3.08642;3.61138;
0.100498;3.08737;3.61581;
0.100598;3.08833;3.61138;
0.100698;3.08928;3.61581;
0.100798;3.09024;3.61138;
0.100898;3.09119;3.61581;
0.100998;3.09215;3.61138;
0.101098;3.0931;3.61581;
0.101198;3.09406;3.61138;
0.101298;3.09501;3.61581;
0.101398;3.09596;3.61138;
0.101498;3.09691;3.61581;
0.101598;3.09786;3.61138;
0.101698;3.09881;3.61581;
0.101798;3.09976;3.61138;
0.101898;3.10071;3.61581;
0.101998;3.10166;3.61138;
0.102098;3.10261;3.61581;
0.102198;3.10356;3.61139;
0.102298;3.10451;3.61581;
0.102398;3.10545;3.61139;
0.102498;3.1064;3.61581;
0.102598;3.10735;3.61139;
0.102698;3.10829;3.61581;
0.102798;3.10924;3.61139;
0.102898;3.11018;3.61581;
0.102998;3.11113;3.61139;
0.103098;3.11207;3.61581;
0.103198;3.11302;3.61139;
0.103298;3.11396;3.61581;
0.103398;3.1149;3.61139;
0.103498;3.11584;3.61581;
0.103598;3.11679;3.61139;
0.103698;3.11773;3.61581;
0.103798;3.11867;3.61139;
0.103898;3.11961;3.61581;
0.103998;3.12055;3.61139;
0.104098;3.12149;3.61581;
0.104198;3.12243;3.61139;
0.104298;3.12336;3.61581;
0.104398;3.1243;3.61139;
0.104498;3.12524;3.61581;
0.104598;3.12618;3.61139;
0.104698;3.12711;3.61581;
0.104798;3.12805;3.61139;
0.104898;3.12899;3.61581;
0.104998;3.12992;3.61139;
0.105098;3.13086;3.61581;
0.105198;3.13179;3.61139;
0.105298;3.13272;3.61581;
0.105398;3.13366;3.61139;
0.105498;3.13459;3.61581;
0.105598;3.13552;3.61139;
0.105698;3.13645;3.61581;
0.105798;3.13738;3.61139;
0.105898;3.13832;3.61581;
0.105998;3.13925;3.61139;
0.106098;3.14018;3.61581;
0.106198;3.14111;3.61139;
0.106298;3.14203;3.61581;
0.106398;3.14296;3.61139;
0.106498;3.14389;3.61581;
0.106598;3.14482;3.61139;
0.106698;3.14575;3.61581;
0.106798;3.14667;3.61139;
0.106898;3.1476;3.61581;
0.106998;3.14852;3.61139;
0.107098;3.14945;3.61581;
0.107198;3.15037;3.61139;
0.107298;3.1513;3.61581;
0.107398;3.15222;3.61139;
0.107498;3.15315;3.61581;
0.107598;3.15407;3.61139;
0.107698;3.15499;3.61581;
0.107798;3.15591;3.61139;
0.107898;3.15684;3.61581;
0.107998;3.15776;3.61139;
0.108098;3.15868;3.61581;
0.108198;3.1596;3.61139;
0.108298;3.16052;3.61581;
0.108398;3.16144;3.61139;
0.108498;3.16236;3.61581;
0.108598;3.16327;3.61139;
0.108698;3.16419;3.61581;
0.108798;3.16511;3.61139;
0.108898;3.16603;3.61581;
0.108998;3.16694;3.61139;
0.109098;3.16786;3.61581;
0.109198;3.16877;3.61139;
0.109298;3.16969;3.61581;
0.109398;3.1706;3.61139;
0.109498;3.17152;3.61581;
0.109598;3.17243;3.61139;
0.109698;3.17335;3.61581;
0.109798;3.17426;3.61139;
0.109898;3.17517;3.61581;
0.109998;3.17608;3.61139;
0.110098;3.177;3.61581;
0.110198;3.17791;3.61139;
0.110298;3.17882;3.61581;
0.110398;3.17973;3.61139;
0.110498;3.18064;3.61581;
0.110598;3.18155;3.61139;
0.110698;3.18245;3.61581;
0.110798;3.18336;3.61139;
0.110898;3.18427;3.61581;
0.110998;3.18518;3.61139;
0.111098;3.18609;3.61581;
0.111198;3.18699;3.61139;
0.111298;3.1879;3.61581;
0.111398;3.1888;3.61139;
0.111498;3.18971;3.61581;
0.111598;3.19061;3.61139;
0.111698;3.19152;3.61581;
0.111798;3.19242;3.61139;
0.111898;3.19332;3.61581;
0.111998;3.19423;3.61139;
0.112098;3.19513;3.61581;
0.112198;3.19603;3.61139;
0.112298;3.19693;3.61581;
0.112398;3.19783;3.61139;
0.112498;3.19873;3.61581;
0.112598;3.19964;3.61139;
0.112698;3.20053;3.61581;
0.112798;3.20143;3.61139;
0.112898;3.20233;3.61581;
0.112998;3.20323;3.61139;
0.113098;3.20413;3.61581;
0.113198;3.20503;3.61139;
0.113298;3.20592;3.61581;
0.113398;3.20682;3.61139;
0.113498;3.20772;3.61581;
0.113598;3.20861;3.61139;
0.113698;3.20951;3.61581;
0.113798;3.2104;3.61139;
0.113898;3.2113;3.61581;
0.113998;3.21219;3.61139;
0.114098;3.21308;3.61581;
0.114198;3.21398;3.61139;
0.114298;3.21487;3.61581;
0.114398;3.21576;3.61139;
0.114498;3.21665;3.61581;
0.114598;3.21754;3.61139;
0.114698;3.21843;3.61581;
0.114798;3.21932;3.61139;
0.114898;3.22021;3.61581;
0.114998;3.2211;3.61139;
0.115098;3.22199;3.61581;
0.115198;3.22288;3.61139;
0.115298;3.22377;3.61581;
0.115398;3.22466;3.61139;
0.115498;3.22554;3.61581;
0.115598;3.22643;3.61139;
0.115698;3.22732;3.61581;
0.115798;3.2282;3.61139;
0.115898;3.22909;3.61581;
0.115998;3.22997;3.61139;
0.116098;3.23086;3.61581;
0.116198;3.23174;3.61139;
0.116298;3.23263;3.61581;
0.116398;3.23351;3.61139;
0.116498;3.23439;3.61581;
0.116598;3.23527;3.61139;
0.116698;3.23616;3.61581;
0.116798;3.23704;3.61139;
0.116898;3.23792;3.61581;
0.116998;3.2388;3.61139;
0.117098;3.23968;3.61581;
0.117198;3.24056;3.61139;
0.117298;3.24144;3.61581;
0.117398;3.24232;3.61139;
0.117498;3.24319;3.61581;
0.117598;3.24407;3.61139;
0.117698;3.24495;3.61581;
0.117798;3.24583;3.61139;
0.117898;3.2467;3.61581;
0.117998;3.24758;3.61139;
0.118098;3.24845;3.61581;
0.118198;3.24933;3.61139;
0.118298;3.2502;3.61581;
0.118398;3.25108;3.61139;
0.118498;3.25195;3.61581;
0.118598;3.25283;3.61139;
0.118698;3.2537;3.61581;
0.118798;3.25457;3.61139;
0.118898;3.25544;3.61581;
0.118998;3.25632;3.61139;
0.119098;3.25719;3.61581;
0.119198;3.25806;3.61139;
0.119298;3.25893;3.61581;
0.119398;3.2598;3.61139;
0.119498;3.26067;3.61581;
0.119598;3.26154;3.61139;
0.119698;3.2624;3.61581;
0.119798;3.26327;3.61139;
0.119898;3.26414;3.61581;
0.119998;3.26501;3.61139;
0.120098;3.26588;3.61581;
0.120198;3.26674;3.61139;
0.120298;3.26761;3.61581;
0.120398;3.26847;3.61139;
0.120498;3.26934;3.61581;
0.120598;3.2702;3.61139;
0.120698;3.27107;3.61581;
0.120798;3.27193;3.61139;
0.120898;3.27279;3.61581;
0.120998;3.27366;3.61139;
0.121098;3.27452;3.61581;
0.121198;3.27538;3.61139;
0.121298;3.27624;3.61581;
0.121398;3.2771;3.61139;
0.121498;3.27797;3.61581;
0.121598;3.27883;3.61139;
0.121698;3.27969;3.61581;
0.121798;3.28055;3.61139;
0.121898;3.2814;3.61581;
0.121998;3.28226;3.61139;
0.122098;3.28312;3.61581;
0.122198;3.28398;3.61139;
0.122298;3.28484;3.61581;
0.122398;3.28569;3.61139;
0.122498;3.28655;3.61581;
0.122598;3.28741;3.61139;
0.122698;3.28826;3.6158;
0.122798;3.28912;3.61139;
0.122898;3.28997;3.6158;
0.122998;3.29083;3.61139;
0.123098;3.29168;3.6158;
0.123198;3.29253;3.61139;
0.123298;3.29339;3.6158;
0.123398;3.29424;3.61139;
0.123498;3.29509;3.6158;
0.123598;3.29594;3.61139;
0.123698;3.29679;3.6158;
0.123798;3.29765;3.61139;
0.123898;3.2985;3.6158;
0.123998;3.29935;3.61139;
0.124098;3.3002;3.6158;
0.124198;3.30104;3.61139;
0.124298;3.30189;3.6158;
0.124398;3.30274;3.61139;
0.124498;3.30359;3.6158;
0.124598;3.30444;3.61139;
0.124698;3.30528;3.6158;
0.124798;3.30613;3.61139;
0.124898;3.30698;3.6158;
0.124998;3.30782;3.61139;
0.125098;3.30867;3.6158;
0.125198;3.30951;3.61139;
0.125298;3.31036;3.6158;
0.125398;3.3112;3.61139;
0.125498;3.31204;3.6158;
0.125598;3.31289;3.61139;
0.125698;3.31373;3.6158;
0.125798;3.31457;3.61139;
0.125898;3.31541;3.6158;
0.125998;3.31626;3.61139;
0.126098;3.3171;3.6158;
0.126198;3.31794;3.61139;
0.126298;3.31878;3.6158;
0.126398;3.31962;3.61139;
0.126498;3.32046;3.6158;
0.126598;3.3213;3.61139;
0.126698;3.32214;3.6158;
0.126798;3.32297;3.61139;
0.126898;3.32381;3.6158;
0.126998;3.32465;3.61139;
0.127098;3.32549;3.6158;
0.127198;3.32632;3.61139;
0.127298;3.32716;3.6158;
0.127398;3.32799;3.61139;
0.127498;3.32883;3.6158;
0.127598;3.32966;3.61139;
0.127698;3.3305;3.6158;
0.127798;3.33133;3.6114;
0.127898;3.33216;3.6158;
0.127998;3.333;3.6114;
0.128098;3.33383;3.6158;
0.128198;3.33466;3.6114;
0.128298;3.33549;3.6158;
0.128398;3.33633;3.6114;
0.128498;3.33716;3.6158;
0.128598;3.33799;3.6114;
0.128698;3.33882;3.6158;
0.128798;3.33965;3.6114;
0.128898;3.34048;3.6158;
0.128998;3.34131;3.6114;
0.129098;3.34213;3.6158;
0.129198;3.34296;3.6114;
0.129298;3.34379;3.6158;
0.129398;3.34462;3.6114;
0.129498;3.34544;3.6158;
0.129598;3.34627;3.6114;
0.129698;3.3471;3.6158;
0.129798;3.34792;3.6114;
0.129898;3.34875;3.6158;
0.129998;3.34957;3.6114;
0.130098;3.3504;3.6158;
0.130198;3.35122;3.6114;
0.130298;3.35204;3.6158;
0.130398;3.35287;3.6114;
0.130498;3.35369;3.6158;
0.130598;3.35451;3.6114;
0.130698;3.35533;3.6158;
0.130798;3.35615;3.6114;
0.130898;3.35697;3.6158;
0.130998;3.3578;3.61144;
0.131098;3.35862;3.61584;
0.131198;3.35943;3.61144;
0.131298;3.36025;3.61584;
0.131398;3.36107;3.61144;
0.131498;3.36189;3.61584;
0.131598;3.36271;3.61144;
0.131698;3.36353;3.61584;
0.131798;3.36434;3.61144;
0.131898;3.36516;3.61584;
0.131998;3.36598;3.61144;
0.132098;3.36679;3.61584;
0.132198;3.36761;3.61144;
0.132298;3.36842;3.61584;
0.132398;3.36924;3.61144;
0.132498;3.37005;3.61584;
0.132598;3.37087;3.61144;
0.132698;3.37168;3.61584;
0.132798;3.37249;3.61144;
0.132898;3.37331;3.61584;
0.132998;3.37412;3.61144;
0.133098;3.37493;3.61584;
0.133198;3.37574;3.61144;
0.133298;3.37655;3.61584;
0.133398;3.37736;3.61144;
0.133498;3.37817;3.61584;
0.133598;3.37898;3.61144;
0.133698;3.37979;3.61584;
0.133798;3.3806;3.61144;
0.133898;3.38141;3.61584;
0.133998;3.38222;3.61144;
0.134098;3.38303;3.61584;
0.134198;3.38175;0.00668326;
0.134298;3.37838;0.00875069;
0.134398;3.37502;0.00668134;
0.134498;3.37166;0.00875075;
0.134598;3.36831;0.00668108;
0.134698;3.36496;0.00875072;
0.134798;3.36161;0.00668104;
0.134898;3.35827;0.00875069;
0.134998;3.35493;0.00668101;
0.135098;3.35159;0.00875065;
0.135198;3.34826;0.00668099;
0.135298;3.34493;0.00875061;
0.135398;3.3416;0.00668097;
0.135498;3.33827;0.00875058;
0.135598;3.33495;0.00668095;
0.135698;3.33164;0.00875054;
0.135798;3.32832;0.00668093;
0.135898;3.32501;0.00875051;
0.135998;3.32171;0.00668091;
0.136098;3.3184;0.00875047;
0.136198;3.3151;0.00668089;
0.136298;3.3118;0.00875043;
0.136398;3.30851;0.00668087;
0.136498;3.30522;0.0087504;
0.136598;3.30193;0.00668085;
0.136698;3.29865;0.00875036;
0.136798;3.29537;0.00668083;
0.136898;3.29209;0.00875033;
0.136998;3.28881;0.00668081;
0.137098;3.28554;0.00875029;
0.137198;3.28228;0.00668079;
0.137298;3.27901;0.00875025;
0.137398;3.27575;0.00668077;
0.137498;3.27249;0.00875022;
0.137598;3.26924;0.00668075;
0.137698;3.26599;0.00875018;
0.137798;3.26274;0.00668073;
0.137898;3.25949;0.00875015;
0.137998;3.25625;0.00668071;
0.138098;3.25301;0.00875011;
0.138198;3.24978;0.0066807;
0.138298;3.24655;0.00875007;
0.138398;3.24332;0.00668068;
0.138498;3.24009;0.00875004;
0.138598;3.23687;0.00668066;
0.138698;3.23365;0.00875;
0.138798;3.23043;0.00668064;
0.138898;3.22722;0.00874996;
0.138998;3.22401;0.00668062;
0.139098;3.22081;0.00874993;
0.139198;3.2176;0.0066806;
0.139298;3.2144;0.00874989;
0.139398;3.21121;0.00668058;
0.139498;3.20801;0.00874985;
0.139598;3.20482;0.00668056;
0.139698;3.20164;0.00874982;
0.139798;3.19845;0.00668055;
0.139898;3.19527;0.00874978;
0.139998;3.1921;0.00668053;
0.140098;3.18892;0.00874974;
0.140198;3.18575;0.00668051;
0.140298;3.18258;0.00874971;
0.140398;3.17942;0.00668049;
0.140498;3.17626;0.00874967;
0.140598;3.1731;0.00668047;
0.140698;3.16994;0.00874963;
0.140798;3.16679;0.00668046;
0.140898;3.16364;0.0087496;
0.140998;3.1605;0.00668044;
0.141098;3.15735;0.00874956;
0.141198;3.15421;0.00668042;
0.141298;3.15108;0.00874952;
0.141398;3.14794;0.0066804;
0.141498;3.14481;0.00874949;
0.141598;3.14169;0.00668039;
0.141698;3.13856;0.00874945;
0.141798;3.13544;0.00668037;
0.141898;3.13233;0.00874941;
0.141998;3.12921;0.00668035;
0.142098;3.1261;0.00874938;
0.142198;3.12299;0.00668034;
0.142298;3.11989;0.00874934;
0.142398;3.11678;0.00668032;
0.142498;3.11369;0.0087493;
0.142598;3.11059;0.0066803;
0.142698;3.1075;0.00874927;
0.142798;3.10441;0.00668029;
0.142898;3.10132;0.00874923;
0.142998;3.09824;0.00668027;
0.143098;3.09516;0.00874919;
0.143198;3.09208;0.00668025;
0.143298;3.08901;0.00874916;
0.143398;3.08593;0.00668024;
0.143498;3.08287;0.00874912;
0.143598;3.0798;0.00668022;
0.143698;3.07674;0.00874908;
0.143798;3.07368;0.0066802;
0.143898;3.07062;0.00874904;
0.143998;3.06757;0.00668019;
0.144098;3.06452;0.00874901;
0.144198;3.06147;0.00668017;
0.144298;3.05843;0.00874897;
0.144398;3.05539;0.00668016;
0.144498;3.05235;0.00874893;
0.144598;3.04932;0.00668014;
0.144698;3.04629;0.0087489;
0.144798;3.04326;0.00668013;
0.144898;3.04023;0.00874886;
0.144998;3.03721;0.00668011;
0.145098;3.03419;0.00874882;
0.145198;3.03117;0.00668009;
0.145298;3.02816;0.00874878;
0.145398;3.02515;0.00668008;
0.145498;3.02214;0.00874875;
0.145598;3.01914;0.00668006;
0.145698;3.01614;0.00874871;
0.145798;3.01314;0.00668005;
0.145898;3.01014;0.00874867;
0.145998;3.00715;0.00668003;
0.146098;3.00416;0.00874864;
0.146198;3.00118;0.00668002;
0.146298;2.99819;0.0087486;
0.146398;2.99521;0.00668;
0.146498;2.99223;0.00874856;
0.146598;2.98926;0.00667999;
0.146698;2.98629;0.00874852;
0.146798;2.98332;0.00667998;
0.146898;2.98035;0.00874849;
0.146998;2.97739;0.00667996;
0.147098;2.97443;0.00874845;
0.147198;2.97147;0.00667995;
0.147298;2.96852;0.00874841;
0.147398;2.96557;0.00667993;
0.147498;2.96262;0.00874837;
0.147598;2.95968;0.00667992;
0.147698;2.95674;0.00874834;
0.147798;2.9538;0.0066799;
0.147898;2.95086;0.0087483;
0.147998;2.94793;0.00667989;
0.148098;2.945;0.00874826;
0.148198;2.94207;0.00667988;
0.148298;2.93914;0.00874822;
0.148398;2.93622;0.00667986;
0.148498;2.9333;0.00874819;
0.148598;2.93039;0.00667985;
0.148698;2.92748;0.00874815;
0.148798;2.92457;0.00667984;
0.148898;2.92166;0.00874811;
0.148998;2.91876;0.00667982;
0.149098;2.91585;0.00874807;
0.149198;2.91296;0.00667981;
0.149298;2.91006;0.00874803;
0.149398;2.90717;0.0066798;
0.149498;2.90428;0.008748;
0.149598;2.90139;0.00667978;
0.149698;2.89851;0.00874796;
0.149798;2.89563;0.00667977;
0.149898;2.89275;0.00874792;
0.149998;2.88987;0.00667976;
0.150098;2.887;0.00874788;
0.150198;2.88413;0.00667974;
0.150298;2.88127;0.00874785;
0.150398;2.8784;0.00667973;
0.150498;2.87554;0.00874781;
0.150598;2.87268;0.00667972;
0.150698;2.86983;0.00874777;
0.150798;2.86698;0.00667971;
0.150898;2.86413;0.00874773;
0.150998;2.86128;0.00667969;
0.151098;2.85844;0.00874769;
0.151198;2.8556;0.00667968;
0.151298;2.85276;0.00874766;
0.151398;2.84992;0.00667967;
0.151498;2.84709;0.00874762;
0.151598;2.84426;0.00667966;
0.151698;2.84143;0.00874758;
0.151798;2.83861;0.00667964;
0.151898;2.83579;0.00874754;
0.151998;2.83297;0.00667963;
0.152098;2.83015;0.0087475;
0.152198;2.82734;0.00667962;
0.152298;2.82453;0.00874747;
0.152398;2.82172;0.00667961;
0.152498;2.81892;0.00874743;
0.152598;2.81612;0.0066796;
0.152698;2.81332;0.00874739;
0.152798;2.81052;0.00667959;
0.152898;2.80773;0.00874735;
0.152998;2.80494;0.00667957;
0.153098;2.80215;0.00874731;
0.153198;2.79937;0.00667956;
0.153298;2.79659;0.00874728;
0.153398;2.79381;0.00667955;
0.153498;2.79103;0.00874724;
0.153598;2.78826;0.00667954;
0.153698;2.78549;0.0087472;
0.153798;2.78272;0.00667953;
0.153898;2.77995;0.00874716;
0.153998;2.77719;0.00667952;
0.154098;2.77443;0.00874712;
0.154198;2.77167;0.00667951;
0.154298;2.76892;0.00874708;
0.154398;2.76617;0.0066795;
0.154498;2.76342;0.00874705;
0.154598;2.76067;0.00667949;
0.154698;2.75793;0.00874701;
0.154798;2.75519;0.00667947;
0.154898;2.75245;0.00874697;
0.154998;2.74972;0.00667946;
0.155098;2.74698;0.00874693;
0.155198;2.74425;0.00667945;
0.155298;2.74153;0.00874689;
0.155398;2.7388;0.00667944;
0.155498;2.73608;0.00874685;
0.155598;2.73336;0.00667943;
0.155698;2.73065;0.00874682;
0.155798;2.72793;0.00667942;
0.155898;2.72522;0.00874678;
0.155998;2.72252;0.00667941;
0.156098;2.71981;0.00874674;
0.156198;2.71711;0.0066794;
0.156298;2.71441;0.0087467;
0.156398;2.71171;0.00667939;
0.156498;2.70902;0.00874666;
0.156598;2.70632;0.00667938;
0.156698;2.70364;0.00874662;
0.156798;2.70095;0.00667937;
0.156898;2.69827;0.00874659;
0.156998;2.69558;0.00667936;
0.157098;2.69291;0.00874655;
0.157198;2.69023;0.00667936;
0.157298;2.68756;0.00874651;
0.157398;2.68489;0.00667935;
0.157498;2.68222;0.00874647;
0.157598;2.67956;0.00667934;
0.157698;2.67689;0.00874643;
0.157798;2.67423;0.00667933;
0.157898;2.67158;0.00874639;
0.157998;2.66892;0.00667932;
0.158098;2.66627;0.00874635;
0.158198;2.66362;0.00667931;
0.158298;2.66097;0.00874631;
0.158398;2.65833;0.0066793;
0.158498;2.65569;0.00874628;
0.158598;2.65305;0.00667929;
0.158698;2.65042;0.00874624;
0.158798;2.64778;0.00667928;
0.158898;2.64515;0.0087462;
0.158998;2.64252;0.00667927;
0.159098;2.6399;0.00874616;
0.159198;2.63728;0.00667927;
0.159298;2.63466;0.00874612;
0.159398;2.63204;0.00667926;
0.159498;2.62942;0.00874608;
0.159598;2.62681;0.00667925;
0.159698;2.6242;0.00874604;
0.159798;2.62159;0.00667924;
0.159898;2.61899;0.008746;
0.159998;2.61639;0.00667923;
0.160098;2.61379;0.00874597;
0.160198;2.61119;0.00667922;
0.160298;2.6086;0.00874593;
0.160398;2.60601;0.00667922;
0.160498;2.60342;0.00874589;
0.160598;2.60083;0.00667921;
0.160698;2.59825;0.00874585;
0.160798;2.59567;0.0066792;
0.160898;2.59309;0.00874581;
0.160998;2.59051;0.00667919;
0.161098;2.58794;0.00874577;
0.161198;2.58537;0.00667918;
0.161298;2.5828;0.00874573;
0.161398;2.58023;0.00667918;
0.161498;2.57767;0.00874569;
0.161598;2.57511;0.00667917;
0.161698;2.57255;0.00874565;
0.161798;2.57;0.00667916;
0.161898;2.56744;0.00874561;
0.161998;2.56489;0.00667916;
0.162098;2.56235;0.00874558;
0.162198;2.5598;0.00667915;
0.162298;2.55726;0.00874554;
0.162398;2.55472;0.00667914;
0.162498;2.55218;0.0087455;
0.162598;2.54964;0.00667913;
0.162698;2.54711;0.00874546;
0.162798;2.54458;0.00667913;
0.162898;2.54205;0.00874542;
0.162998;2.53953;0.00667912;
0.163098;2.53701;0.00874538;
0.163198;2.53449;0.00667911;
0.163298;2.53197;0.00874534;
0.163398;2.52945;0.00667911;
0.163498;2.52694;0.0087453;
0.163598;2.52443;0.0066791;
0.163698;2.52192;0.00874526;
0.163798;2.51942;0.00667909;
0.163898;2.51692;0.00874522;
0.163998;2.51442;0.00667909;
0.164098;2.51192;0.00874518;
0.164198;2.50942;0.00667908;
0.164298;2.50693;0.00874514;
0.164398;2.50444;0.00667907;
0.164498;2.50195;0.0087451;
0.164598;2.49947;0.00667907;
0.164698;2.49699;0.00874507;
0.164798;2.49451;0.00667906;
0.164898;2.49203;0.00874503;
0.164998;2.48955;0.00667906;
0.165098;2.48708;0.00874499;
0.165198;2.48461;0.00667905;
0.165298;2.48214;0.00874495;
0.165398;2.47968;0.00667904;
0.165498;2.47722;0.00874491;
0.165598;2.47476;0.00667904;
0.165698;2.4723;0.00874487;
0.165798;2.46984;0.00667903;
0.165898;2.46739;0.00874483;
0.165998;2.46494;0.00667903;
0.166098;2.46249;0.00874479;
0.166198;2.46005;0.00667902;
0.166298;2.4576;0.00874475;
0.166398;2.45516;0.00667902;
0.166498;2.45272;0.00874471;
0.166598;2.45029;0.00667901;
0.166698;2.44785;0.00874467;
0.166798;2.44542;0.00667901;
0.166898;2.44299;0.00874463;
0.166998;2.44057;0.006679;
0.167098;2.43815;0.00874459;
0.167198;2.43572;0.006679;
0.167298;2.4333;0.00874455;
0.167398;2.43089;0.00667899;
0.167498;2.42847;0.00874451;
0.167598;2.42606;0.00667899;
0.167698;2.42365;0.00874447;
0.167798;2.42125;0.00667898;
0.167898;2.41884;0.00874443;
0.167998;2.41644;0.00667898;
0.168098;2.41404;0.00874439;
0.168198;2.41164;0.00667897;
0.168298;2.40925;0.00874435;
0.168398;2.40686;0.00667897;
0.168498;2.40447;0.00874431;
0.168598;2.40208;0.00667896;
0.168698;2.39969;0.00874427;
0.168798;2.39731;0.00667896;
0.168898;2.39493;0.00874423;
0.168998;2.39255;0.00667896;
0.169098;2.39018;0.00874419;
0.169198;2.3878;0.00667895;
0.169298;2.38543;0.00874416;
0.169398;2.38306;0.00667895;
0.169498;2.3807;0.00874412;
0.169598;2.37833;0.00667894;
0.169698;2.37597;0.00874408;
0.169798;2.37361;0.00667894;
0.169898;2.37126;0.00874404;
0.169998;2.3689;0.00667894;
0.170098;2.36655;0.008744;
0.170198;2.3642;0.00667893;
0.170298;2.36185;0.00874396;
0.170398;2.35951;0.00667893;
0.170498;2.35716;0.00874392;
0.170598;2.35482;0.00667892;
0.170698;2.35248;0.00874388;
0.170798;2.35015;0.00667892;
0.170898;2.34782;0.00874384;
0.170998;2.34548;0.00667892;
0.171098;2.34316;0.0087438;
0.171198;2.34083;0.00667891;
0.171298;2.33851;0.00874376;
0.171398;2.33618;0.00667891;
0.171498;2.33386;0.00874372;
0.171598;2.33155;0.00667891;
0.171698;2.32923;0.00874368;
0.171798;2.32692;0.0066789;
0.171898;2.32461;0.00874364;
0.171998;2.3223;0.0066789;
0.172098;2.32;0.0087436;
0.172198;2.31769;0.0066789;
0.172298;2.31539;0.00874356;
0.172398;2.31309;0.0066789;
0.172498;2.3108;0.00874352;
0.172598;2.3085;0.00667889;
0.172698;2.30621;0.00874348;
0.172798;2.30392;0.00667889;
0.172898;2.30163;0.00874344;
0.172998;2.29935;0.00667889;
0.173098;2.29707;0.0087434;
0.173198;2.29478;0.00667889;
0.173298;2.29251;0.00874336;
0.173398;2.29023;0.00667888;
0.173498;2.28796;0.00874332;
0.173598;2.28569;0.00667888;
0.173698;2.28342;0.00874328;
0.173798;2.28115;0.00667888;
0.173898;2.27889;0.00874324;
0.173998;2.27662;0.00667888;
0.174098;2.27436;0.0087432;
0.174198;2.27211;0.00667887;
0.174298;2.26985;0.00874315;
0.174398;2.2676;0.00667887;
0.174498;2.26535;0.00874311;
0.174598;2.2631;0.00667887;
0.174698;2.26085;0.00874307;
0.174798;2.25861;0.00667887;
0.174898;2.25636;0.00874303;
0.174998;2.25412;0.00667887;
0.175098;2.25189;0.00874299;
0.175198;2.24965;0.00667886;
0.175298;2.24742;0.00874295;
0.175398;2.24519;0.00667886;
0.175498;2.24296;0.00874291;
0.175598;2.24073;0.00667886;
0.175698;2.23851;0.00874287;
0.175798;2.23629;0.00667886;
0.175898;2.23407;0.00874283;
0.175998;2.23185;0.00667886;
0.176098;2.22963;0.00874279;
0.176198;2.22742;0.00667886;
0.176298;2.22521;0.00874275;
0.176398;2.223;0.00667886;
0.176498;2.22079;0.00874271;
0.176598;2.21859;0.00667885;
0.176698;2.21639;0.00874267;
0.176798;2.21419;0.00667885;
0.176898;2.21199;0.00874263;
0.176998;2.2098;0.00667885;
0.177098;2.2076;0.00874259;
0.177198;2.20541;0.00667885;
0.177298;2.20322;0.00874255;
0.177398;2.20103;0.00667885;
0.177498;2.19885;0.00874251;
0.177598;2.19667;0.00667885;
0.177698;2.19449;0.00874247;
0.177798;2.19231;0.00667885;
0.177898;2.19013;0.00874243;
0.177998;2.18796;0.00667885;
0.178098;2.18579;0.00874239;
0.178198;2.18362;0.00667885;
0.178298;2.18145;0.00874235;
0.178398;2.17929;0.00667885;
0.178498;2.17712;0.00874231;
0.178598;2.17496;0.00667885;
0.178698;2.17281;0.00874227;
0.178798;2.17065;0.00667885;
0.178898;2.16849;0.00874223;
0.178998;2.16634;0.00667885;
0.179098;2.16419;0.00874218;
0.179198;2.16204;0.00667885;
0.179298;2.1599;0.00874214;
0.179398;2.15776;0.00667885;
0.179498;2.15561;0.0087421;
0.179598;2.15348;0.00667885;
0.179698;2.15134;0.00874206;
0.179798;2.1492;0.00667885;
0.179898;2.14707;0.00874202;
0.179998;2.14494;0.00667885;
0.180098;2.14281;0.00874198;
0.180198;2.14068;0.00667885;
0.180298;2.13856;0.00874194;
0.180398;2.13644;0.00667885;
0.180498;2.13432;0.0087419;
0.180598;2.1322;0.00667885;
0.180698;2.13008;0.00874186;
0.180798;2.12797;0.00667885;
0.180898;2.12586;0.00874182;
0.180998;2.12375;0.00667885;
0.181098;2.12164;0.00874178;
0.181198;2.11954;0.00667885;
0.181298;2.11743;0.00874174;
0.181398;2.11533;0.00667885;
0.181498;2.11323;0.0087417;
0.181598;2.11114;0.00667885;
0.181698;2.10904;0.00874166;
0.181798;2.10695;0.00667885;
0.181898;2.10486;0.00874161;
0.181998;2.10277;0.00667885;
0.182098;2.10068;0.00874157;
0.182198;2.0986;0.00667885;
0.182298;2.09652;0.00874153;
0.182398;2.09444;0.00667885;
0.182498;2.09236;0.00874149;
0.182598;2.09028;0.00667885;
0.182698;2.08821;0.00874145;
0.182798;2.08614;0.00667886;
0.182898;2.08407;0.00874141;
0.182998;2.082;0.00667886;
0.183098;2.07993;0.00874137;
0.183198;2.07787;0.00667886;
0.183298;2.07581;0.00874133;
0.183398;2.07375;0.00667886;
0.183498;2.07169;0.00874129;
0.183598;2.06964;0.00667886;
0.183698;2.06758;0.00874125;
0.183798;2.06553;0.00667886;
0.183898;2.06348;0.00874121;
0.183998;2.06143;0.00667886;
0.184098;2.05939;0.00874116;
0.184198;2.05735;0.00667887;
0.184298;2.05531;0.00874112;
0.184398;2.05327;0.00667887;
0.184498;2.05123;0.00874108;
0.184598;2.04919;0.00667887;
0.184698;2.04716;0.00874104;
0.184798;2.04513;0.00667887;
0.184898;2.0431;0.008741;
0.184998;2.04107;0.00667887;
0.185098;2.03905;0.00874096;
0.185198;2.03703;0.00667888;
0.185298;2.03501;0.00874092;
0.185398;2.03299;0.00667888;
0.185498;2.03097;0.00874088;
0.185598;2.02896;0.00667888;
0.185698;2.02694;0.00874084;
0.185798;2.02493;0.00667888;
0.185898;2.02292;0.00874079;
0.185998;2.02092;0.00667888;
0.186098;2.01891;0.00874075;
0.186198;2.01691;0.00667889;
0.186298;2.01491;0.00874071;
0.186398;2.01291;0.00667889;
0.186498;2.01091;0.00874067;
0.186598;2.00892;0.00667889;
0.186698;2.00693;0.00874063;
0.186798;2.00494;0.0066789;
0.186898;2.00295;0.00874059;
0.186998;2.00096;0.0066789;
0.187098;1.99897;0.00874055;
0.187198;1.99699;0.0066789;
0.187298;1.99501;0.00874051;
0.187398;1.99303;0.0066789;
0.187498;1.99106;0.00874047;
0.187598;1.98908;0.00667891;
0.187698;1.98711;0.00874042;
0.187798;1.98514;0.00667891;
0.187898;1.98317;0.00874038;
0.187998;1.9812;0.00667891;
0.188098;1.97924;0.00874034;
0.188198;1.97727;0.00667892;
0.188298;1.97531;0.0087403;
0.188398;1.97335;0.00667892;
0.188498;1.9714;0.00874026;
0.188598;1.96944;0.00667892;
0.188698;1.96749;0.00874022;
0.188798;1.96554;0.00667893;
0.188898;1.96359;0.00874018;
0.188998;1.96164;0.00667893;
0.189098;1.95969;0.00874013;
0.189198;1.95775;0.00667893;
0.189298;1.95581;0.00874009;
0.189398;1.95387;0.00667894;
0.189498;1.95193;0.00874005;
0.189598;1.94999;0.00667894;
0.189698;1.94806;0.00874001;
0.189798;1.94613;0.00667894;
0.189898;1.9442;0.00873997;
0.189998;1.94227;0.00667895;
0.190098;1.94034;0.00873993;
0.190198;1.93842;0.00667895;
0.190298;1.9365;0.00873989;
0.190398;1.93458;0.00667895;
0.190498;1.93266;0.00873984;
0.190598;1.93074;0.00667896;
0.190698;1.92883;0.0087398;
0.190798;1.92692;0.00667896;
0.190898;1.925;0.00873976;
0.190998;1.9231;0.00667897;
0.191098;1.92119;0.00873972;
0.191198;1.91928;0.00667897;
0.191298;1.91738;0.00873968;
0.191398;1.91548;0.00667897;
0.191498;1.91358;0.00873964;
0.191598;1.91168;0.00667897;
0.191698;1.90979;0.0087396;
0.191798;1.90789;0.00667896;
0.191898;1.906;0.00873957;
0.191998;1.90411;0.00667892;
0.192098;1.90222;0.00873954;
0.192198;1.90034;0.00667885;
0.192298;1.89845;0.00873953;
0.192398;1.89657;0.00667869;
0.192498;1.89469;0.00873955;
0.192598;1.89281;0.00667844;
0.192698;1.89094;0.00873961;
0.192798;1.88906;0.00667805;
0.192898;1.88719;0.00873971;
0.192998;1.88532;0.0066775;
0.193098;1.88345;0.00873985;
0.193198;1.88158;0.00667678;
0.193298;1.87971;0.00874006;
0.193398;1.87785;0.00667584;
0.193498;1.87599;0.00874035;
0.193598;1.87413;0.00667458;
0.193698;1.87227;0.00874075;
0.193798;1.87041;0.00667285;
0.193898;1.86856;0.00874134;
0.193998;1.86671;0.00667021;
0.194098;1.86486;0.00874234;
0.194198;1.86301;0.00666524;
0.194298;1.86116;0.0087449;
0.194398;1.85932;0.00664783;
0.194498;1.85747;0.0087546;
0.194598;1.85563;0.00661261;
0.194698;1.85379;0.00876837;
0.194798;1.85196;0.00657724;
0.194898;1.85012;0.00878941;
0.19491;1.84989;0.0076498;
0.194929;1.84955;0.00763707;
0.194941;1.84933;0.00762007;
0.194953;1.84912;0.00762368;
0.194954;1.8491;0.00762519;
0.194956;1.84906;0.00763337;
0.194956;1.84906;0.00762298;
0.194956;1.84906;0.00762273;
0.194956;1.84906;0.00762228;
0.194956;1.84906;0.00762132;
0.194956;1.84906;0.00761919;
0.194956;1.84906;0.0076136;
0.194956;1.84906;0.00758985;
0.194956;1.84906;0.00757763;
0.194956;1.84906;0.00753912;
0.194956;1.84906;0.0074458;
0.194956;1.84906;0.0213916;
0.194956;1.84906;1.23718;
0.194956;1.84906;2.33818;
0.194956;1.84906;2.75216;
0.194956;1.84906;3.05528;
0.194956;1.84906;3.24975;
0.194956;1.84906;3.38003;
0.194956;1.84906;3.49506;
0.194956;1.84906;3.54249;
0.194956;1.84906;3.58844;
0.194956;1.84906;3.59704;
0.194956;1.84906;3.61482;
0.194956;1.84906;3.61024;
0.194956;1.84906;3.61672;
0.194957;1.84906;3.61065;
0.194957;1.84907;3.6166;
0.194957;1.84907;3.61072;
0.194957;1.84908;3.61655;
0.194958;1.84908;3.61075;
0.194959;1.8491;3.61654;
0.194961;1.84913;3.61069;
0.194965;1.84919;3.61647;
0.194973;1.84932;3.61069;
0.194989;1.84957;3.61647;
0.19502;1.85007;3.61069;
0.195084;1.85106;3.61647;
0.195184;1.85264;3.61069;
0.195284;1.85421;3.61647;
0.195384;1.85579;3.61069;
0.195484;1.85736;3.61647;
0.195584;1.85893;3.6107;
0.195684;1.8605;3.61647;
0.195784;1.86207;3.6107;
0.195884;1.86364;3.61647;
0.195984;1.8652;3.6107;
0.196084;1.86677;3.61647;
0.196184;1.86834;3.6107;
0.196284;1.8699;3.61647;
0.196384;1.87147;3.6107;
0.196484;1.87303;3.61647;
0.196584;1.87459;3.6107;
0.196684;1.87616;3.61647;
0.196784;1.87772;3.6107;
0.196884;1.87928;3.61647;
0.196984;1.88084;3.6107;
0.197084;1.8824;3.61647;
0.197184;1.88396;3.6107;
0.197284;1.88551;3.61647;
0.197384;1.88707;3.6107;
0.197484;1.88863;3.61647;
0.197584;1.89018;3.6107;
0.197684;1.89174;3.61653;
0.197784;1.89329;3.61069;
0.197884;1.89484;3.61653;
0.197984;1.8964;3.61069;
0.198084;1.89795;3.61647;
0.198184;1.8995;3.6107;
0.198284;1.90105;3.61647;
0.198384;1.9026;3.6107;
0.198484;1.90415;3.61647;
0.198584;1.90569;3.6107;
0.198684;1.90724;3.61647;
0.198784;1.90879;3.6107;
0.198884;1.91033;3.61647;
0.198984;1.91188;3.6107;
0.199084;1.91342;3.61647;
0.199184;1.91496;3.6107;
0.199284;1.9165;3.61653;
0.199384;1.91805;3.61069;
0.199484;1.91959;3.61653;
0.199584;1.92113;3.61069;
0.199684;1.92267;3.61647;
0.199784;1.9242;3.6107;
0.199884;1.92574;3.61647;
0.199984;1.92728;3.6107;
0.200084;1.92881;3.61647;
0.200184;1.93035;3.6107;
0.200284;1.93188;3.61647;
0.200384;1.93342;3.6107;
0.200484;1.93495;3.61647;
0.200584;1.93648;3.6107;
0.200684;1.93801;3.61647;
0.200784;1.93954;3.6107;
0.200884;1.94107;3.61647;
0.200984;1.9426;3.6107;
0.201084;1.94413;3.61647;
0.201184;1.94566;3.6107;
0.201284;1.94719;3.61647;
0.201384;1.94871;3.6107;
0.201484;1.95024;3.61647;
0.201584;1.95176;3.6107;
0.201684;1.95329;3.61647;
0.201784;1.95481;3.6107;
0.201884;1.95633;3.61647;
0.201984;1.95785;3.6107;
0.202084;1.95937;3.61647;
0.202184;1.96089;3.6107;
0.202284;1.96241;3.61647;
0.202384;1.96393;3.6107;
0.202484;1.96545;3.61647;
0.202584;1.96696;3.6107;
0.202684;1.96848;3.61647;
0.202784;1.97;3.6107;
0.202884;1.97151;3.61647;
0.202984;1.97302;3.6107;
0.203084;1.97454;3.61647;
0.203184;1.97605;3.6107;
0.203284;1.97756;3.61647;
0.203384;1.97907;3.6107;
0.203484;1.98058;3.61647;
0.203584;1.98209;3.6107;
0.203684;1.9836;3.61647;
0.203784;1.98511;3.6107;
0.203884;1.98661;3.61647;
0.203984;1.98812;3.6107;
0.204084;1.98963;3.61646;
0.204184;1.99113;3.6107;
0.204284;1.99264;3.61646;
0.204384;1.99414;3.6107;
0.204484;1.99564;3.61646;
0.204584;1.99714;3.6107;
0.204684;1.99864;3.61646;
0.204784;2.00014;3.6107;
0.204884;2.00164;3.61646;
0.204984;2.00314;3.6107;
0.205084;2.00464;3.61646;
0.205184;2.00614;3.6107;
0.205284;2.00763;3.61646;
0.205384;2.00913;3.6107;
0.205484;2.01062;3.61646;
0.205584;2.01212;3.6107;
0.205684;2.01361;3.61646;
0.205784;2.01511;3.6107;
0.205884;2.0166;3.61646;
0.205984;2.01809;3.6107;
0.206084;2.01958;3.61646;
0.206184;2.02107;3.6107;
0.206284;2.02256;3.61646;
0.206384;2.02405;3.6107;
0.206484;2.02553;3.61646;
0.206584;2.02702;3.6107;
0.206684;2.02851;3.61646;
0.206784;2.02999;3.6107;
0.206884;2.03148;3.61646;
0.206984;2.03296;3.6107;
0.207084;2.03444;3.61646;
0.207184;2.03593;3.6107;
0.207284;2.03741;3.61646;
0.207384;2.03889;3.6107;
0.207484;2.04037;3.61646;
0.207584;2.04185;3.6107;
0.207684;2.04333;3.61646;
0.207784;2.0448;3.6107;
0.207884;2.04628;3.61646;
0.207984;2.04776;3.6107;
0.208084;2.04923;3.61646;
0.208184;2.05071;3.6107;
0.208284;2.05218;3.61646;
0.208384;2.05366;3.6107;
0.208484;2.05513;3.61646;
0.208584;2.0566;3.6107;
0.208684;2.05807;3.61646;
0.208784;2.05954;3.6107;
0.208884;2.06101;3.61646;
0.208984;2.06248;3.6107;
0.209084;2.06395;3.61646;
0.209184;2.06542;3.61071;
0.209284;2.06688;3.61646;
0.209384;2.06835;3.61071;
0.209484;2.06982;3.61646;
0.209584;2.07128;3.61071;
0.209684;2.07274;3.61646;
0.209784;2.07421;3.61071;
0.209884;2.07567;3.61646;
0.209984;2.07713;3.61071;
0.210084;2.07859;3.61646;
0.210184;2.08005;3.61071;
0.210284;2.08151;3.61646;
0.210384;2.08297;3.61071;
0.210484;2.08443;3.61646;
0.210584;2.08589;3.61071;
0.210684;2.08734;3.61646;
0.210784;2.0888;3.61071;
0.210884;2.09025;3.61646;
0.210984;2.09171;3.61071;
0.211084;2.09316;3.61646;
0.211184;2.09462;3.61071;
0.211284;2.09607;3.61646;
0.211384;2.09752;3.61071;
0.211484;2.09897;3.61646;
0.211584;2.10042;3.61071;
0.211684;2.10187;3.61646;
0.211784;2.10332;3.61071;
0.211884;2.10477;3.61646;
0.211984;2.10621;3.61071;
0.212084;2.10766;3.61646;
0.212184;2.10911;3.61071;
0.212284;2.11055;3.61646;
0.212384;2.11199;3.61071;
0.212484;2.11344;3.61646;
0.212584;2.11488;3.61071;
0.212684;2.11632;3.61646;
0.212784;2.11776;3.61071;
0.212884;2.11921;3.61646;
0.212984;2.12065;3.61071;
0.213084;2.12208;3.61646;
0.213184;2.12352;3.61071;
0.213284;2.12496;3.61646;
0.213384;2.1264;3.61071;
0.213484;2.12783;3.61646;
0.213584;2.12927;3.61071;
0.213684;2.1307;3.61646;
0.213784;2.13214;3.61071;
0.213884;2.13357;3.61646;
0.213984;2.13501;3.61071;
0.214084;2.13644;3.61646;
0.214184;2.13787;3.61071;
0.214284;2.1393;3.61646;
0.214384;2.14073;3.61071;
0.214484;2.14216;3.61646;
0.214584;2.14359;3.61071;
0.214684;2.14501;3.61646;
0.214784;2.14644;3.61071;
0.214884;2.14787;3.61646;
0.214984;2.14929;3.61071;
0.215084;2.15072;3.61646;
0.215184;2.15214;3.61071;
0.215284;2.15357;3.61646;
0.215384;2.15499;3.61071;
0.215484;2.15641;3.61646;
0.215584;2.15783;3.61071;
0.215684;2.15925;3.61646;
0.215784;2.16067;3.61071;
0.215884;2.16209;3.61646;
0.215984;2.16351;3.61071;
0.216084;2.16493;3.61646;
0.216184;2.16635;3.61071;
0.216284;2.16776;3.61646;
0.216384;2.16918;3.61071;
0.216484;2.17059;3.61646;
0.216584;2.17201;3.61071;
0.216684;2.17342;3.61646;
0.216784;2.17483;3.61071;
0.216884;2.17625;3.61645;
0.216984;2.17766;3.61071;
0.217084;2.17907;3.61645;
0.217184;2.18048;3.61071;
0.217284;2.18189;3.61645;
0.217384;2.1833;3.61071;
0.217484;2.1847;3.61645;
0.217584;2.18611;3.61071;
0.217684;2.18752;3.61645;
0.217784;2.18892;3.61071;
0.217884;2.19033;3.61645;
0.217984;2.19173;3.61071;
0.218084;2.19314;3.61645;
0.218184;2.19454;3.61071;
0.218284;2.19594;3.61645;
0.218384;2.19734;3.61071;
0.218484;2.19874;3.61645;
0.218584;2.20014;3.61071;
0.218684;2.20154;3.61645;
0.218784;2.20294;3.61071;
0.218884;2.20434;3.61645;
0.218984;2.20574;3.61071;
0.219084;2.20714;3.61645;
0.219184;2.20853;3.61071;
0.219284;2.20993;3.61645;
0.219384;2.21132;3.61071;
0.219484;2.21272;3.61645;
0.219584;2.21411;3.61071;
0.219684;2.2155;3.61645;
0.219784;2.21689;3.61071;
0.219884;2.21828;3.61645;
0.219984;2.21967;3.61071;
0.220084;2.22106;3.61645;
0.220184;2.22245;3.61071;
0.220284;2.22384;3.61645;
0.220384;2.22523;3.61071;
0.220484;2.22662;3.61645;
0.220584;2.228;3.61071;
0.220684;2.22939;3.61645;
0.220784;2.23077;3.61071;
0.220884;2.23216;3.61645;
0.220984;2.23354;3.61071;
0.221084;2.23492;3.61645;
0.221184;2.23631;3.61071;
0.221284;2.23769;3.61645;
0.221384;2.23907;3.61071;
0.221484;2.24045;3.61645;
0.221584;2.24183;3.61071;
0.221684;2.24321;3.61645;
0.221784;2.24458;3.61071;
0.221884;2.24596;3.61645;
0.221984;2.24734;3.61072;
0.222084;2.24871;3.61645;
0.222184;2.25009;3.61072;
0.222284;2.25146;3.61645;
0.222384;2.25284;3.61072;
0.222484;2.25421;3.61645;
0.222584;2.25558;3.61072;
0.222684;2.25695;3.61645;
0.222784;2.25833;3.61072;
0.222884;2.2597;3.61645;
0.222984;2.26107;3.61072;
0.223084;2.26243;3.61645;
0.223184;2.2638;3.61072;
0.223284;2.26517;3.61645;
0.223384;2.26654;3.61072;
0.223484;2.2679;3.61645;
0.223584;2.26927;3.61072;
0.223684;2.27063;3.61645;
0.223784;2.272;3.61072;
0.223884;2.27336;3.61645;
0.223984;2.27473;3.61072;
0.224084;2.27609;3.61645;
0.224184;2.27745;3.61072;
0.224284;2.27881;3.61645;
0.224384;2.28017;3.61072;
0.224484;2.28153;3.61645;
0.224584;2.28289;3.61072;
0.224684;2.28425;3.61645;
0.224784;2.2856;3.61072;
0.224884;2.28696;3.61645;
0.224984;2.28832;3.61072;
0.225084;2.28967;3.61645;
0.225184;2.29103;3.61072;
0.225284;2.29238;3.61645;
0.225384;2.29373;3.61072;
0.225484;2.29509;3.61645;
0.225584;2.29644;3.61072;
0.225684;2.29779;3.61645;
0.225784;2.29914;3.61072;
0.225884;2.30049;3.61645;
0.225984;2.30184;3.61072;
0.226084;2.30319;3.61645;
0.226184;2.30454;3.61072;
0.226284;2.30589;3.61645;
0.226384;2.30723;3.61072;
0.226484;2.30858;3.61645;
0.226584;2.30992;3.61072;
0.226684;2.31127;3.61645;
0.226784;2.31261;3.61072;
0.226884;2.31395;3.61645;
0.226984;2.3153;3.61072;
0.227084;2.31664;3.61645;
0.227184;2.31798;3.61072;
0.227284;2.31932;3.61645;
0.227384;2.32066;3.61072;
0.227484;2.322;3.61645;
0.227584;2.32334;3.61072;
0.227684;2.32468;3.61645;
0.227784;2.32601;3.61072;
0.227884;2.32735;3.61645;
0.227984;2.32869;3.61072;
0.228084;2.33002;3.61645;
0.228184;2.33136;3.61072;
0.228284;2.33269;3.61645;
0.228384;2.33402;3.61072;
0.228484;2.33536;3.61645;
0.228584;2.33669;3.61072;
0.228684;2.33802;3.61645;
0.228784;2.33935;3.61072;
0.228884;2.34068;3.61645;
0.228984;2.34201;3.61072;
0.229084;2.34334;3.61645;
0.229184;2.34467;3.61072;
0.229284;2.34599;3.61645;
0.229384;2.34732;3.61072;
0.229484;2.34865;3.61645;
0.229584;2.34997;3.61072;
0.229684;2.3513;3.61645;
0.229784;2.35262;3.61072;
0.229884;2.35394;3.61645;
0.229984;2.35527;3.61072;
0.230084;2.35659;3.61645;
0.230184;2.35791;3.61072;
0.230284;2.35923;3.61645;
0.230384;2.36055;3.61072;
0.230484;2.36187;3.61644;
0.230584;2.36319;3.61072;
0.230684;2.36451;3.61644;
0.230784;2.36582;3.61072;
0.230884;2.36714;3.61644;
0.230984;2.36846;3.61072;
0.231084;2.36977;3.61644;
0.231184;2.37109;3.61072;
0.231284;2.3724;3.61644;
0.231384;2.37371;3.61072;
0.231484;2.37503;3.61644;
0.231584;2.37634;3.61072;
0.231684;2.37765;3.61644;
0.231784;2.37896;3.61072;
0.231884;2.38027;3.61644;
0.231984;2.38158;3.61072;
0.232084;2.38289;3.61644;
0.232184;2.3842;3.61072;
0.232284;2.3855;3.61644;
0.232384;2.38681;3.61072;
0.232484;2.38812;3.61644;
0.232584;2.38942;3.61072;
0.232684;2.39073;3.61644;
0.232784;2.39203;3.61072;
0.232884;2.39334;3.61644;
0.232984;2.39464;3.61072;
0.233084;2.39594;3.61644;
0.233184;2.39724;3.61072;
0.233284;2.39854;3.61644;
0.233384;2.39984;3.61072;
0.233484;2.40114;3.61644;
0.233584;2.40244;3.61072;
0.233684;2.40374;3.61644;
0.233784;2.40504;3.61072;
0.233884;2.40634;3.61644;
0.233984;2.40763;3.61072;
0.234084;2.40893;3.61644;
0.234184;2.41022;3.61072;
0.234284;2.41152;3.61644;
0.234384;2.41281;3.61072;
0.234484;2.4141;3.61644;
0.234584;2.4154;3.61072;
0.234684;2.41669;3.61644;
0.234784;2.41798;3.61072;
0.234884;2.41927;3.61644;
0.234984;2.42056;3.61072;
0.235084;2.42185;3.61644;
0.235184;2.42314;3.61072;
0.235284;2.42443;3.61644;
0.235384;2.42571;3.61073;
0.235484;2.427;3.61644;
0.235584;2.42829;3.61073;
0.235684;2.42957;3.61644;
0.235784;2.43086;3.61073;
0.235884;2.43214;3.61644;
0.235984;2.43343;3.61073;
0.236084;2.43471;3.61644;
0.236184;2.43599;3.61073;
0.236284;2.43727;3.61644;
0.236384;2.43855;3.61073;
0.236484;2.43983;3.61644;
0.236584;2.44111;3.61073;
0.236684;2.44239;3.61644;
0.236784;2.44367;3.61073;
0.236884;2.44495;3.61644;
0.236984;2.44623;3.61073;
0.237084;2.4475;3.61644;
0.237184;2.44878;3.61073;
0.237284;2.45005;3.61644;
0.237384;2.45133;3.61073;
0.237484;2.4526;3.61644;
0.237584;2.45387;3.61073;
0.237684;2.45515;3.61644;
0.237784;2.45642;3.61073;
0.237884;2.45769;3.61644;
0.237984;2.45896;3.61073;
0.238084;2.46023;3.61644;
0.238184;2.4615;3.61073;
0.238284;2.46277;3.61644;
0.238384;2.46404;3.61073;
0.238484;2.46531;3.61644;
0.238584;2.46657;3.61073;
0.238684;2.46784;3.61644;
0.238784;2.46911;3.61073;
0.238884;2.47037;3.61644;
0.238984;2.47163;3.61073;
0.239084;2.4729;3.61644;
0.239184;2.47416;3.61073;
0.239284;2.47542;3.61644;
0.239384;2.47669;3.61073;
0.239484;2.47795;3.61644;
0.239584;2.47921;3.61073;
0.239684;2.48047;3.61644;
0.239784;2.48173;3.61073;
0.239884;2.48299;3.61644;
0.239984;2.48424;3.61073;
0.240084;2.4855;3.61644;
0.240184;2.48676;3.61073;
0.240284;2.48801;3.61644;
0.240384;2.48927;3.61073;
0.240484;2.49053;3.61644;
0.240584;2.49178;3.61073;
0.240684;2.49303;3.61644;
0.240784;2.49429;3.61073;
0.240884;2.49554;3.61644;
0.240984;2.49679;3.61073;
0.241084;2.49804;3.61644;
0.241184;2.49929;3.61073;
0.241284;2.50054;3.61644;
0.241384;2.50179;3.61073;
0.241484;2.50304;3.61644;
0.241584;2.50429;3.61073;
0.241684;2.50554;3.61644;
0.241784;2.50678;3.61073;
0.241884;2.50803;3.61644;
0.241984;2.50928;3.61073;
0.242084;2.51052;3.61644;
0.242184;2.51176;3.61073;
0.242284;2.51301;3.61644;
0.242384;2.51425;3.61073;
0.242484;2.51549;3.61644;
0.242584;2.51674;3.61073;
0.242684;2.51798;3.61644;
0.242784;2.51922;3.61073;
0.242884;2.52046;3.61644;
0.242984;2.5217;3.61073;
0.243084;2.52294;3.61644;
0.243184;2.52417;3.61073;
0.243284;2.52541;3.61644;
0.243384;2.52665;3.61073;
0.243484;2.52788;3.61644;
0.243584;2.52912;3.61073;
0.243684;2.53036;3.61644;
0.243784;2.53159;3.61073;
0.243884;2.53282;3.61644;
0.243984;2.53406;3.61073;
0.244084;2.53529;3.61644;
0.244184;2.53652;3.61073;
0.244284;2.53775;3.61644;
0.244384;2.53898;3.61073;
0.244484;2.54021;3.61644;
0.244584;2.54144;3.61073;
0.244684;2.54267;3.61644;
0.244784;2.5439;3.61073;
0.244884;2.54513;3.61643;
0.244984;2.54636;3.61073;
0.245084;2.54758;3.61643;
0.245184;2.54881;3.61073;
0.245284;2.55003;3.61643;
0.245384;2.55126;3.61073;
0.245484;2.55248;3.61643;
0.245584;2.5537;3.61073;
0.245684;2.55493;3.61643;
0.245784;2.55615;3.61073;
0.245884;2.55737;3.61643;
0.245984;2.55859;3.61073;
0.246084;2.55981;3.61643;
0.246184;2.56103;3.61073;
0.246284;2.56225;3.61643;
0.246384;2.56347;3.61073;
0.246484;2.56469;3.61643;
0.246584;2.56591;3.61073;
0.246684;2.56712;3.61643;
0.246784;2.56834;3.61073;
0.246884;2.56955;3.61643;
0.246984;2.57077;3.61073;
0.247084;2.57198;3.61643;
0.247184;2.5732;3.61073;
0.247284;2.57441;3.61643;
0.247384;2.57562;3.61073;
0.247484;2.57683;3.61643;
0.247584;2.57804;3.61073;
0.247684;2.57926;3.61643;
0.247784;2.58047;3.61073;
0.247884;2.58167;3.61643;
0.247984;2.58288;3.61073;
0.248084;2.58409;3.61643;
0.248184;2.5853;3.61073;
0.248284;2.58651;3.61643;
0.248384;2.58771;3.61073;
0.248484;2.58892;3.61643;
0.248584;2.59012;3.61073;
0.248684;2.59133;3.61643;
0.248784;2.59253;3.61073;
0.248884;2.59374;3.61643;
0.248984;2.59494;3.61073;
0.249084;2.59614;3.61643;
0.249184;2.59734;3.61073;
0.249284;2.59854;3.61643;
0.249384;2.59974;3.61074;
0.249484;2.60094;3.61643;
0.249584;2.60214;3.61074;
0.249684;2.60334;3.61643;
0.249784;2.60454;3.61074;
0.249884;2.60574;3.61643;
0.249984;2.60693;3.61074;
0.250084;2.60813;3.61643;
0.250184;2.60932;3.61074;
0.250284;2.61052;3.61643;
0.250384;2.61171;3.61074;
0.250484;2.61291;3.61643;
0.250584;2.6141;3.61074;
0.250684;2.61529;3.61643;
0.250784;2.61649;3.61074;
0.250884;2.61768;3.61643;
0.250984;2.61887;3.61074;
0.251084;2.62006;3.61643;
0.251184;2.62125;3.61074;
0.251284;2.62244;3.61643;
0.251384;2.62362;3.61074;
0.251484;2.62481;3.61643;
0.251584;2.626;3.61074;
0.251684;2.62719;3.61643;
0.251784;2.62837;3.61074;
0.251884;2.62956;3.61643;
0.251984;2.63074;3.61074;
0.252084;2.63193;3.61643;
0.252184;2.63311;3.61074;
0.252284;2.63429;3.61643;
0.252384;2.63548;3.61074;
0.252484;2.63666;3.61643;
0.252584;2.63784;3.61074;
0.252684;2.63902;3.61643;
0.252784;2.6402;3.61074;
0.252884;2.64138;3.61643;
0.252984;2.64256;3.61074;
0.253084;2.64374;3.61643;
0.253184;2.64492;3.61074;
0.253284;2.64609;3.61643;
0.253384;2.64727;3.61074;
0.253484;2.64844;3.61643;
0.253584;2.64962;3.61074;
0.253684;2.6508;3.61643;
0.253784;2.65197;3.61074;
0.253884;2.65314;3.61643;
0.253984;2.65432;3.61074;
0.254084;2.65549;3.61643;
0.254184;2.65666;3.61074;
0.254284;2.65783;3.61643;
0.254384;2.659;3.61074;
0.254484;2.66017;3.61643;
0.254584;2.66134;3.61074;
0.254684;2.66251;3.61643;
0.254784;2.66368;3.61074;
0.254884;2.66485;3.61643;
0.254984;2.66601;3.61074;
0.255084;2.66718;3.61643;
0.255184;2.66835;3.61074;
0.255284;2.66951;3.61643;
0.255384;2.67068;3.61074;
0.255484;2.67184;3.61643;
0.255584;2.67301;3.61074;
0.255684;2.67417;3.61643;
0.255784;2.67533;3.61074;
0.255884;2.67649;3.61643;
0.255984;2.67765;3.61074;
0.256084;2.67882;3.61643;
0.256184;2.67998;3.61074;
0.256284;2.68114;3.61643;
0.256384;2.68229;3.61074;
0.256484;2.68345;3.61643;
0.256584;2.68461;3.61074;
0.256684;2.68577;3.61643;
0.256784;2.68693;3.61074;
0.256884;2.68808;3.61643;
0.256984;2.68924;3.61074;
0.257084;2.69039;3.61643;
0.257184;2.69155;3.61074;
0.257284;2.6927;3.61643;
0.257384;2.69385;3.61074;
0.257484;2.69501;3.61643;
0.257584;2.69616;3.61074;
0.257684;2.69731;3.61643;
0.257784;2.69846;3.61074;
0.257884;2.69961;3.61643;
0.257984;2.70076;3.61074;
0.258084;2.70191;3.61643;
0.258184;2.70306;3.61074;
0.258284;2.70421;3.61643;
0.258384;2.70535;3.61074;
0.258484;2.7065;3.61643;
0.258584;2.70765;3.61074;
0.258684;2.70879;3.61643;
0.258784;2.70994;3.61074;
0.258884;2.71108;3.61643;
0.258984;2.71223;3.61074;
0.259084;2.71337;3.61643;
0.259184;2.71451;3.61074;
0.259284;2.71566;3.61643;
0.259384;2.7168;3.61074;
0.259484;2.71794;3.61643;
0.259584;2.71908;3.61074;
0.259684;2.72022;3.61643;
0.259784;2.72136;3.61074;
0.259884;2.7225;3.61642;
0.259984;2.72364;3.61074;
0.260084;2.72478;3.61642;
0.260184;2.72591;3.61074;
0.260284;2.72705;3.61642;
0.260384;2.72819;3.61074;
0.260484;2.72932;3.61642;
0.260584;2.73046;3.61074;
0.260684;2.73159;3.61642;
0.260784;2.73272;3.61074;
0.260884;2.73386;3.61642;
0.260984;2.73499;3.61074;
0.261084;2.73612;3.61642;
0.261184;2.73725;3.61074;
0.261284;2.73839;3.61642;
0.261384;2.73952;3.61074;
0.261484;2.74065;3.61642;
0.261584;2.74178;3.61074;
0.261684;2.7429;3.61642;
0.261784;2.74403;3.61074;
0.261884;2.74516;3.61642;
0.261984;2.74629;3.61074;
0.262084;2.74741;3.61642;
0.262184;2.74854;3.61074;
0.262284;2.74966;3.61642;
0.262384;2.75079;3.61074;
0.262484;2.75191;3.61642;
0.262584;2.75304;3.61074;
0.262684;2.75416;3.61642;
0.262784;2.75528;3.61074;
0.262884;2.75641;3.61642;
0.262984;2.75753;3.61074;
0.263084;2.75865;3.61642;
0.263184;2.75977;3.61074;
0.263284;2.76089;3.61642;
0.263384;2.76201;3.61074;
0.263484;2.76313;3.61642;
0.263584;2.76424;3.61074;
0.263684;2.76536;3.61642;
0.263784;2.76648;3.61074;
0.263884;2.76759;3.61642;
0.263984;2.76871;3.61075;
0.264084;2.76983;3.61642;
0.264184;2.77094;3.61075;
0.264284;2.77205;3.61642;
0.264384;2.77317;3.61075;
0.264484;2.77428;3.61642;
0.264584;2.77539;3.61075;
0.264684;2.77651;3.61642;
0.264784;2.77762;3.61075;
0.264884;2.77873;3.61642;
0.264984;2.77984;3.61075;
0.265084;2.78095;3.61642;
0.265184;2.78206;3.61075;
0.265284;2.78317;3.61642;
0.265384;2.78427;3.61075;
0.265484;2.78538;3.61642;
0.265584;2.78649;3.61075;
0.265684;2.78759;3.61642;
0.265784;2.7887;3.61075;
0.265884;2.78981;3.61642;
0.265984;2.79091;3.61075;
0.266084;2.79201;3.61642;
0.266184;2.79312;3.61075;
0.266284;2.79422;3.61642;
0.266384;2.79532;3.61075;
0.266484;2.79643;3.61642;
0.266584;2.79753;3.61075;
0.266684;2.79863;3.61642;
0.266784;2.79973;3.61075;
0.266884;2.80083;3.61642;
0.266984;2.80193;3.61075;
0.267084;2.80303;3.61642;
0.267184;2.80412;3.61075;
0.267284;2.80522;3.61642;
0.267384;2.80632;3.61075;
0.267484;2.80742;3.61642;
0.267584;2.80851;3.61075;
0.267684;2.80961;3.61642;
0.267784;2.8107;3.61075;
0.267884;2.8118;3.61642;
0.267984;2.81289;3.61075;
0.268084;2.81398;3.61642;
0.268184;2.81508;3.61075;
0.268284;2.81617;3.61642;
0.268384;2.81726;3.61075;
0.268484;2.81835;3.61642;
0.268584;2.81944;3.61075;
0.268684;2.82053;3.61642;
0.268784;2.82162;3.61075;
0.268884;2.82271;3.61642;
0.268984;2.8238;3.61075;
0.269084;2.82489;3.61642;
0.269184;2.82597;3.61075;
0.269284;2.82706;3.61642;
0.269384;2.82815;3.61075;
0.269484;2.82923;3.61642;
0.269584;2.83032;3.61075;
0.269684;2.8314;3.61642;
0.269784;2.83248;3.61075;
0.269884;2.83357;3.61642;
0.269984;2.83465;3.61075;
0.270084;2.83573;3.61642;
0.270184;2.83682;3.61075;
0.270284;2.8379;3.61642;
0.270384;2.83898;3.61075;
0.270484;2.84006;3.61642;
0.270584;2.84114;3.61075;
0.270684;2.84222;3.61642;
0.270784;2.84329;3.61075;
0.270884;2.84437;3.61642;
0.270984;2.84545;3.61075;
0.271084;2.84653;3.61642;
0.271184;2.8476;3.61075;
0.271284;2.84868;3.61642;
0.271384;2.84975;3.61075;
0.271484;2.85083;3.61642;
0.271584;2.8519;3.61075;
0.271684;2.85298;3.61642;
0.271784;2.85405;3.61075;
0.271884;2.85512;3.61642;
0.271984;2.8562;3.61075;
0.272084;2.85727;3.61642;
0.272184;2.85834;3.61075;
0.272284;2.85941;3.61642;
0.272384;2.86048;3.61075;
0.272484;2.86155;3.61642;
0.272584;2.86262;3.61075;
0.272684;2.86368;3.61642;
0.272784;2.86475;3.61075;
0.272884;2.86582;3.61642;
0.272984;2.86689;3.61075;
0.273084;2.86795;3.61642;
0.273184;2.86902;3.61075;
0.273284;2.87008;3.61642;
0.273384;2.87115;3.61075;
0.273484;2.87221;3.61642;
0.273584;2.87328;3.61075;
0.273684;2.87434;3.61642;
0.273784;2.8754;3.61075;
0.273884;2.87646;3.61642;
0.273984;2.87752;3.61075;
0.274084;2.87859;3.61642;
0.274184;2.87965;3.61075;
0.274284;2.88071;3.61642;
0.274384;2.88177;3.61075;
0.274484;2.88282;3.61642;
0.274584;2.88388;3.61075;
0.274684;2.88494;3.61642;
0.274784;2.886;3.61075;
0.274884;2.88705;3.61642;
0.274984;2.88811;3.61075;
0.275084;2.88917;3.61642;
0.275184;2.89022;3.61075;
0.275284;2.89128;3.61642;
0.275384;2.89233;3.61075;
0.275484;2.89338;3.61642;
0.275584;2.89444;3.61075;
0.275684;2.89549;3.61641;
0.275784;2.89654;3.61075;
0.275884;2.89759;3.61641;
0.275984;2.89864;3.61075;
0.276084;2.89969;3.61641;
0.276184;2.90074;3.61075;
0.276284;2.90179;3.61641;
0.276384;2.90284;3.61075;
0.276484;2.90389;3.61641;
0.276584;2.90494;3.61075;
0.276684;2.90598;3.61641;
0.276784;2.90703;3.61075;
0.276884;2.90808;3.61641;
0.276984;2.90912;3.61075;
0.277084;2.91017;3.61641;
0.277184;2.91121;3.61075;
0.277284;2.91226;3.61641;
0.277384;2.9133;3.61075;
0.277484;2.91434;3.61641;
0.277584;2.91539;3.61075;
0.277684;2.91643;3.61641;
0.277784;2.91747;3.61075;
0.277884;2.91851;3.61641;
0.277984;2.91955;3.61075;
0.278084;2.92059;3.61641;
0.278184;2.92163;3.61075;
0.278284;2.92267;3.61641;
0.278384;2.92371;3.61075;
0.278484;2.92474;3.61641;
0.278584;2.92578;3.61075;
0.278684;2.92682;3.61641;
0.278784;2.92785;3.61075;
0.278884;2.92889;3.61641;
0.278984;2.92993;3.61075;
0.279084;2.93096;3.61641;
0.279184;2.93199;3.61076;
0.279284;2.93303;3.61641;
0.279384;2.93406;3.61076;
0.279484;2.93509;3.61641;
0.279584;2.93613;3.61076;
0.279684;2.93716;3.61641;
0.279784;2.93819;3.61076;
0.279884;2.93922;3.61641;
0.279984;2.94025;3.61076;
0.280084;2.94128;3.61641;
0.280184;2.94231;3.61076;
0.280284;2.94334;3.61641;
0.280384;2.94436;3.61076;
0.280484;2.94539;3.61641;
0.280584;2.94642;3.61076;
0.280684;2.94745;3.61641;
0.280784;2.94847;3.61076;
0.280884;2.9495;3.61641;
0.280984;2.95052;3.61076;
0.281084;2.95155;3.61641;
0.281184;2.95257;3.61076;
0.281284;2.95359;3.61641;
0.281384;2.95462;3.61076;
0.281484;2.95564;3.61641;
0.281584;2.95666;3.61076;
0.281684;2.95768;3.61641;
0.281784;2.9587;3.61076;
0.281884;2.95972;3.61641;
0.281984;2.96074;3.61076;
0.282084;2.96176;3.61641;
0.282184;2.96278;3.61076;
0.282284;2.9638;3.61641;
0.282384;2.96482;3.61076;
0.282484;2.96583;3.61641;
0.282584;2.96685;3.61076;
0.282684;2.96787;3.61641;
0.282784;2.96888;3.61076;
0.282884;2.9699;3.61641;
0.282984;2.97091;3.61076;
0.283084;2.97193;3.61641;
0.283184;2.97294;3.61076;
0.283284;2.97395;3.61641;
0.283384;2.97497;3.61076;
0.283484;2.97598;3.61641;
0.283584;2.97699;3.61076;
0.283684;2.978;3.61641;
0.283784;2.97901;3.61076;
0.283884;2.98002;3.61641;
0.283984;2.98103;3.61076;
0.284084;2.98204;3.61641;
0.284184;2.98305;3.61076;
0.284284;2.98406;3.61641;
0.284384;2.98507;3.61076;
0.284484;2.98607;3.61641;
0.284584;2.98708;3.61076;
0.284684;2.98808;3.61641;
0.284784;2.98909;3.61076;
0.284884;2.9901;3.61641;
0.284984;2.9911;3.61076;
0.285084;2.9921;3.61641;
0.285184;2.99311;3.61076;
0.285284;2.99411;3.61641;
0.285384;2.99511;3.61076;
0.285484;2.99612;3.61641;
0.285584;2.99712;3.61076;
0.285684;2.99812;3.61641;
0.285784;2.99912;3.61076;
0.285884;3.00012;3.61641;
0.285984;3.00112;3.61076;
0.286084;3.00212;3.61641;
0.286184;3.00312;3.61076;
0.286284;3.00411;3.61641;
0.286384;3.00511;3.61076;
0.286484;3.00611;3.61641;
0.286584;3.00711;3.61076;
0.286684;3.0081;3.61641;
0.286784;3.0091;3.61076;
0.286884;3.01009;3.61641;
0.286984;3.01109;3.61076;
0.287084;3.01208;3.61641;
0.287184;3.01307;3.61076;
0.287284;3.01407;3.61641;
0.287384;3.01506;3.61076;
0.287484;3.01605;3.61641;
0.287584;3.01704;3.61076;
0.287684;3.01804;3.61641;
0.287784;3.01903;3.61076;
0.287884;3.02002;3.61641;
0.287984;3.02101;3.61076;
0.288084;3.022;3.61641;
0.288184;3.02298;3.61076;
0.288284;3.02397;3.61641;
0.288384;3.02496;3.61076;
0.288484;3.02595;3.61641;
0.288584;3.02693;3.61076;
0.288684;3.02792;3.61641;
0.288784;3.02891;3.61076;
0.288884;3.02989;3.61641;
0.288984;3.03088;3.61076;
0.289084;3.03186;3.61641;
0.289184;3.03284;3.61076;
0.289284;3.03383;3.61641;
0.289384;3.03481;3.61076;
0.289484;3.03579;3.61641;
0.289584;3.03677;3.61076;
0.289684;3.03775;3.61641;
0.289784;3.03874;3.61076;
0.289884;3.03972;3.61641;
0.289984;3.0407;3.61076;
0.290084;3.04167;3.61641;
0.290184;3.04265;3.61076;
0.290284;3.04363;3.61641;
0.290384;3.04461;3.61076;
0.290484;3.04559;3.61641;
0.290584;3.04656;3.61076;
0.290684;3.04754;3.61641;
0.290784;3.04852;3.61076;
0.290884;3.04949;3.61641;
0.290984;3.05047;3.61076;
0.291084;3.05144;3.61641;
0.291184;3.05241;3.61076;
0.291284;3.05339;3.61641;
0.291384;3.05436;3.61076;
0.291484;3.05533;3.61641;
0.291584;3.05631;3.61076;
0.291684;3.05728;3.61641;
0.291784;3.05825;3.61076;
0.291884;3.05922;3.61641;
0.291984;3.06019;3.61076;
0.292084;3.06116;3.6164;
0.292184;3.06213;3.61076;
0.292284;3.0631;3.6164;
0.292384;3.06406;3.61076;
0.292484;3.06503;3.6164;
0.292584;3.066;3.61076;
0.292684;3.06696;3.6164;
0.292784;3.06793;3.61076;
0.292884;3.0689;3.6164;
0.292984;3.06986;3.61076;
0.293084;3.07083;3.6164;
0.293184;3.07179;3.61076;
0.293284;3.07275;3.6164;
0.293384;3.07372;3.61076;
0.293484;3.07468;3.6164;
0.293584;3.07564;3.61076;
0.293684;3.0766;3.6164;
0.293784;3.07757;3.61076;
0.293884;3.07853;3.6164;
0.293984;3.07949;3.61076;
0.294084;3.08045;3.6164;
0.294184;3.08141;3.61076;
0.294284;3.08237;3.6164;
0.294384;3.08332;3.61076;
0.294484;3.08428;3.6164;
0.294584;3.08524;3.61076;
0.294684;3.0862;3.6164;
0.294784;3.08715;3.61076;
0.294884;3.08811;3.6164;
0.294984;3.08906;3.61077;
0.295084;3.09002;3.6164;
0.295184;3.09097;3.61077;
0.295284;3.09193;3.6164;
0.295384;3.09288;3.61077;
0.295484;3.09384;3.6164;
0.295584;3.09479;3.61077;
0.295684;3.09574;3.6164;
0.295784;3.09669;3.61077;
0.295884;3.09764;3.6164;
0.295984;3.09859;3.61077;
0.296084;3.09954;3.6164;
0.296184;3.10049;3.61077;
0.296284;3.10144;3.6164;
0.296384;3.10239;3.61077;
0.296484;3.10334;3.6164;
0.296584;3.10429;3.61077;
0.296684;3.10524;3.6164;
0.296784;3.10618;3.61077;
0.296884;3.10713;3.6164;
0.296984;3.10808;3.61077;
0.297084;3.10902;3.6164;
0.297184;3.10997;3.61077;
0.297284;3.11091;3.6164;
0.297384;3.11186;3.61077;
0.297484;3.1128;3.6164;
0.297584;3.11374;3.61077;
0.297684;3.11468;3.6164;
0.297784;3.11563;3.61077;
0.297884;3.11657;3.6164;
0.297984;3.11751;3.61077;
0.298084;3.11845;3.6164;
0.298184;3.11939;3.61077;
0.298284;3.12033;3.6164;
0.298384;3.12127;3.61077;
0.298484;3.12221;3.6164;
0.298584;3.12315;3.61077;
0.298684;3.12409;3.6164;
0.298784;3.12502;3.61077;
0.298884;3.12596;3.6164;
0.298984;3.1269;3.61077;
0.299084;3.12783;3.6164;
0.299184;3.12877;3.61077;
0.299284;3.1297;3.6164;
0.299384;3.13064;3.61077;
0.299484;3.13157;3.6164;
0.299584;3.13251;3.61077;
0.299684;3.13344;3.6164;
0.299784;3.13437;3.61077;
0.299884;3.13531;3.6164;
0.299984;3.13624;3.61077;
0.300084;3.13717;3.6164;
0.300184;3.1381;3.61077;
0.300284;3.13903;3.6164;
0.300384;3.13996;3.61077;
0.300484;3.14089;3.6164;
0.300584;3.14182;3.61077;
0.300684;3.14275;3.6164;
0.300784;3.14368;3.61077;
0.300884;3.1446;3.6164;
0.300984;3.14553;3.61077;
0.301084;3.14646;3.6164;
0.301184;3.14739;3.61077;
0.301284;3.14831;3.6164;
0.301384;3.14924;3.61077;
0.301484;3.15016;3.6164;
0.301584;3.15109;3.61077;
0.301684;3.15201;3.6164;
0.301784;3.15293;3.61077;
0.301884;3.15386;3.6164;
0.301984;3.15478;3.61077;
0.302084;3.1557;3.6164;
0.302184;3.15662;3.61077;
0.302284;3.15754;3.6164;
0.302384;3.15847;3.61077;
0.302484;3.15939;3.6164;
0.302584;3.16031;3.61077;
0.302684;3.16122;3.6164;
0.302784;3.16214;3.61077;
0.302884;3.16306;3.6164;
0.302984;3.16398;3.61077;
0.303084;3.1649;3.6164;
0.303184;3.16582;3.61077;
0.303284;3.16673;3.6164;
0.303384;3.16765;3.61077;
0.303484;3.16856;3.6164;
0.303584;3.16948;3.61077;
0.303684;3.17039;3.6164;
0.303784;3.17131;3.61077;
0.303884;3.17222;3.6164;
0.303984;3.17314;3.61077;
0.304084;3.17405;3.6164;
0.304184;3.17496;3.61077;
0.304284;3.17587;3.6164;
0.304384;3.17678;3.61077;
0.304484;3.1777;3.6164;
0.304584;3.17861;3.61077;
0.304684;3.17952;3.6164;
0.304784;3.18043;3.61077;
0.304884;3.18134;3.6164;
0.304984;3.18224;3.61077;
0.305084;3.18315;3.6164;
0.305184;3.18406;3.61077;
0.305284;3.18497;3.6164;
0.305384;3.18588;3.61077;
0.305484;3.18678;3.6164;
0.305584;3.18769;3.61077;
0.305684;3.18859;3.6164;
0.305784;3.1895;3.61077;
0.305884;3.1904;3.6164;
0.305984;3.19131;3.61077;
0.306084;3.19221;3.6164;
0.306184;3.19312;3.61077;
0.306284;3.19402;3.6164;
0.306384;3.19492;3.61077;
0.306484;3.19582;3.6164;
0.306584;3.19673;3.61077;
0.306684;3.19763;3.6164;
0.306784;3.19853;3.61077;
0.306884;3.19943;3.6164;
0.306984;3.20033;3.61077;
0.307084;3.20123;3.6164;
0.307184;3.20213;3.61077;
0.307284;3.20302;3.6164;
0.307384;3.20392;3.61077;
0.307484;3.20482;3.6164;
0.307584;3.20572;3.61077;
0.307684;3.20661;3.6164;
0.307784;3.20751;3.61077;
0.307884;3.20841;3.6164;
0.307984;3.2093;3.61077;
0.308084;3.2102;3.6164;
0.308184;3.21109;3.61077;
0.308284;3.21198;3.6164;
0.308384;3.21288;3.61077;
0.308484;3.21377;3.6164;
0.308584;3.21466;3.61077;
0.308684;3.21556;3.6164;
0.308784;3.21645;3.61077;
0.308884;3.21734;3.61639;
0.308984;3.21823;3.61077;
0.309084;3.21912;3.61639;
0.309184;3.22001;3.61077;
0.309284;3.2209;3.61639;
0.309384;3.22179;3.61077;
0.309484;3.22268;3.61639;
0.309584;3.22356;3.61077;
0.309684;3.22445;3.61639;
0.309784;3.22534;3.61077;
0.309884;3.22623;3.61639;
0.309984;3.22711;3.61077;
0.310084;3.228;3.61639;
0.310184;3.22888;3.61077;
0.310284;3.22977;3.61639;
0.310384;3.23065;3.61077;
0.310484;3.23154;3.61639;
0.310584;3.23242;3.61077;
0.310684;3.2333;3.61639;
0.310784;3.23419;3.61077;
0.310884;3.23507;3.61639;
0.310984;3.23595;3.61077;
0.311084;3.23683;3.61639;
0.311184;3.23771;3.61078;
0.311284;3.23859;3.61639;
0.311384;3.23948;3.61078;
0.311484;3.24035;3.61639;
0.311584;3.24123;3.61078;
0.311684;3.24211;3.61639;
0.311784;3.24299;3.61078;
0.311884;3.24387;3.61639;
0.311984;3.24475;3.61078;
0.312084;3.24562;3.61639;
0.312184;3.2465;3.61078;
0.312284;3.24738;3.61639;
0.312384;3.24825;3.61078;
0.312484;3.24913;3.61639;
0.312584;3.25;3.61078;
0.312684;3.25088;3.61639;
0.312784;3.25175;3.61078;
0.312884;3.25262;3.61639;
0.312984;3.2535;3.61078;
0.313084;3.25437;3.61639;
0.313184;3.25524;3.61078;
0.313284;3.25611;3.61639;
0.313384;3.25699;3.61078;
0.313484;3.25786;3.61639;
0.313584;3.25873;3.61078;
0.313684;3.2596;3.61639;
0.313784;3.26047;3.61078;
0.313884;3.26134;3.61639;
0.313984;3.2622;3.61078;
0.314084;3.26307;3.61639;
0.314184;3.26394;3.61078;
0.314284;3.26481;3.61639;
0.314384;3.26568;3.61078;
0.314484;3.26654;3.61639;
0.314584;3.26741;3.61078;
0.314684;3.26827;3.61639;
0.314784;3.26914;3.61078;
0.314884;3.27;3.61639;
0.314984;3.27087;3.61078;
0.315084;3.27173;3.61639;
0.315184;3.2726;3.61078;
0.315284;3.27346;3.61639;
0.315384;3.27432;3.61078;
0.315484;3.27518;3.61639;
0.315584;3.27604;3.61078;
0.315684;3.27691;3.61639;
0.315784;3.27777;3.61078;
0.315884;3.27863;3.61639;
0.315984;3.27949;3.61078;
0.316084;3.28035;3.61639;
0.316184;3.28121;3.61078;
0.316284;3.28207;3.61639;
0.316384;3.28292;3.61078;
0.316484;3.28378;3.61639;
0.316584;3.28464;3.61078;
0.316684;3.2855;3.61639;
0.316784;3.28635;3.61078;
0.316884;3.28721;3.61639;
0.316984;3.28806;3.61078;
0.317084;3.28892;3.61639;
0.317184;3.28977;3.61078;
0.317284;3.29063;3.61639;
0.317384;3.29148;3.61078;
0.317484;3.29234;3.61639;
0.317584;3.29319;3.61078;
0.317684;3.29404;3.61639;
0.317784;3.29489;3.61078;
0.317884;3.29575;3.61639;
0.317984;3.2966;3.61078;
0.318084;3.29745;3.61639;
0.318184;3.2983;3.61078;
0.318284;3.29915;3.61639;
0.318384;3.3;3.61078;
0.318484;3.30085;3.61639;
0.318584;3.3017;3.61078;
0.318684;3.30255;3.61639;
0.318784;3.30339;3.61078;
0.318884;3.30424;3.61639;
0.318984;3.30509;3.61078;
0.319084;3.30594;3.61639;
0.319184;3.30678;3.61078;
0.319284;3.30763;3.61639;
0.319384;3.30847;3.61078;
0.319484;3.30932;3.61639;
0.319584;3.31016;3.61078;
0.319684;3.31101;3.61639;
0.319784;3.31185;3.61078;
0.319884;3.31269;3.61639;
0.319984;3.31354;3.61078;
0.320084;3.31438;3.61639;
0.320184;3.31522;3.61078;
0.320284;3.31606;3.61639;
0.320384;3.3169;3.61078;
0.320484;3.31774;3.61639;
0.320584;3.31858;3.61078;
0.320684;3.31942;3.61639;
0.320784;3.32026;3.61078;
0.320884;3.3211;3.61639;
0.320984;3.32194;3.61078;
0.321084;3.32278;3.61639;
0.321184;3.32362;3.61078;
0.321284;3.32446;3.61639;
0.321384;3.32529;3.61078;
0.321484;3.32613;3.61639;
0.321584;3.32696;3.61078;
0.321684;3.3278;3.61639;
0.321784;3.32864;3.61078;
0.321884;3.32947;3.61639;
0.321984;3.3303;3.61078;
0.322084;3.33114;3.61639;
0.322184;3.33197;3.61078;
0.322284;3.33281;3.61639;
0.322384;3.33364;3.61078;
0.322484;3.33447;3.61639;
0.322584;3.3353;3.61078;
0.322684;3.33613;3.61639;
0.322784;3.33697;3.61078;
0.322884;3.3378;3.61639;
0.322984;3.33863;3.61078;
0.323084;3.33946;3.61639;
0.323184;3.34029;3.61078;
0.323284;3.34111;3.61639;
0.323384;3.34194;3.61078;
0.323484;3.34277;3.61639;
0.323584;3.3436;3.61078;
0.323684;3.34443;3.61639;
0.323784;3.34525;3.61078;
0.323884;3.34608;3.61639;
0.323984;3.34691;3.61078;
0.324084;3.34773;3.61639;
0.324184;3.34856;3.61078;
0.324284;3.34938;3.61639;
0.324384;3.35021;3.61078;
0.324484;3.35103;3.61639;
0.324584;3.35185;3.61078;
0.324684;3.35268;3.61639;
0.324784;3.3535;3.61078;
0.324884;3.35432;3.61639;
0.324984;3.35514;3.61078;
0.325084;3.35596;3.61639;
0.325184;3.35679;3.61078;
0.325284;3.35761;3.61645;
0.325384;3.35843;3.61084;
0.325484;3.35925;3.61645;
0.325584;3.36007;3.61084;
0.325684;3.36088;3.61645;
0.325784;3.3617;3.61084;
0.325884;3.36252;3.61645;
0.325984;3.36334;3.61084;
0.326084;3.36416;3.61645;
0.326184;3.36497;3.61084;
0.326284;3.36579;3.61645;
0.326384;3.36661;3.61084;
0.326484;3.36742;3.61645;
0.326584;3.36824;3.61084;
0.326684;3.36905;3.61645;
0.326784;3.36987;3.61084;
0.326884;3.37068;3.61645;
0.326984;3.37149;3.61084;
0.327084;3.37231;3.61645;
0.327184;3.37312;3.61084;
0.327284;3.37393;3.61645;
0.327384;3.37474;3.61084;
0.327484;3.37556;3.61645;
0.327584;3.37637;3.61084;
0.327684;3.37718;3.61645;
0.327784;3.37799;3.61084;
0.327884;3.3788;3.61645;
0.327984;3.37961;3.61084;
0.328084;3.38042;3.61645;
0.328184;3.38122;3.61084;
0.328284;3.38203;3.61645;
0.328384;3.38284;3.61084;
0.32845;3.38199;0.00909975;
0.328484;3.38085;0.00629156;
0.328517;3.37974;0.0091003;
0.328551;3.37859;0.00629066;
0.32862;3.37628;0.00910052;
0.32872;3.37292;0.0062899;
0.32882;3.36956;0.00910066;
0.32892;3.36621;0.00628972;
0.32902;3.36286;0.00910068;
0.32912;3.35952;0.00628966;
0.32922;3.35618;0.00910069;
0.32932;3.35284;0.0062896;
0.32942;3.3495;0.0091007;
0.32952;3.34617;0.00628955;
0.32962;3.34284;0.00910071;
0.32972;3.33952;0.0062895;
0.32982;3.3362;0.00910072;
0.32992;3.33288;0.00628945;
0.33002;3.32956;0.00910073;
0.33012;3.32625;0.00628939;
0.33022;3.32294;0.00910073;
0.33032;3.31964;0.00628934;
0.33042;3.31633;0.00910074;
0.33052;3.31304;0.00628929;
0.33062;3.30974;0.00910075;
0.33072;3.30645;0.00628924;
0.33082;3.30316;0.00910076;
0.33092;3.29988;0.00628918;
0.33102;3.29659;0.00910077;
0.33112;3.29331;0.00628913;
0.33122;3.29004;0.00910077;
0.33132;3.28677;0.00628908;
0.33142;3.2835;0.00910078;
0.33152;3.28023;0.00628903;
0.33162;3.27697;0.00910079;
0.33172;3.27371;0.00628898;
0.33182;3.27045;0.0091008;
0.33192;3.2672;0.00628893;
0.33202;3.26395;0.0091008;
0.33212;3.26071;0.00628887;
0.33222;3.25746;0.00910081;
0.33232;3.25422;0.00628882;
0.33242;3.25099;0.00910082;
0.33252;3.24775;0.00628877;
0.33262;3.24452;0.00910083;
0.33272;3.2413;0.00628872;
0.33282;3.23807;0.00910083;
0.33292;3.23485;0.00628867;
0.33302;3.23164;0.00910084;
0.33312;3.22842;0.00628862;
0.33322;3.22521;0.00910085;
0.33332;3.22201;0.00628857;
0.33342;3.2188;0.00910086;
0.33352;3.2156;0.00628852;
0.33362;3.2124;0.00910086;
0.33372;3.20921;0.00628847;
0.33382;3.20602;0.00910087;
0.33392;3.20283;0.00628842;
0.33402;3.19964;0.00910088;
0.33412;3.19646;0.00628837;
0.33422;3.19328;0.00910088;
0.33432;3.19011;0.00628832;
0.33442;3.18694;0.00910089;
0.33452;3.18377;0.00628827;
0.33462;3.1806;0.0091009;
0.33472;3.17744;0.00628823;
0.33482;3.17428;0.0091009;
0.33492;3.17112;0.00628818;
0.33502;3.16797;0.00910091;
0.33512;3.16482;0.00628813;
0.33522;3.16167;0.00910092;
0.33532;3.15853;0.00628808;
0.33542;3.15539;0.00910092;
0.33552;3.15225;0.00628803;
0.33562;3.14912;0.00910093;
0.33572;3.14598;0.00628798;
0.33582;3.14286;0.00910094;
0.33592;3.13973;0.00628793;
0.33602;3.13661;0.00910094;
0.33612;3.13349;0.00628789;
0.33622;3.13038;0.00910095;
0.33632;3.12726;0.00628784;
0.33642;3.12415;0.00910095;
0.33652;3.12105;0.00628779;
0.33662;3.11794;0.00910096;
0.33672;3.11484;0.00628774;
0.33682;3.11175;0.00910097;
0.33692;3.10865;0.0062877;
0.33702;3.10556;0.00910097;
0.33712;3.10247;0.00628765;
0.33722;3.09939;0.00910098;
0.33732;3.09631;0.0062876;
0.33742;3.09323;0.00910098;
0.33752;3.09015;0.00628755;
0.33762;3.08708;0.00910099;
0.33772;3.08401;0.00628751;
0.33782;3.08095;0.009101;
0.33792;3.07788;0.00628746;
0.33802;3.07482;0.009101;
0.33812;3.07177;0.00628741;
0.33822;3.06871;0.00910101;
0.33832;3.06566;0.00628737;
0.33842;3.06261;0.00910101;
0.33852;3.05957;0.00628732;
0.33862;3.05653;0.00910102;
0.33872;3.05349;0.00628727;
0.33882;3.05045;0.00910102;
0.33892;3.04742;0.00628723;
0.33902;3.04439;0.00910103;
0.33912;3.04136;0.00628718;
0.33922;3.03834;0.00910103;
0.33932;3.03532;0.00628714;
0.33942;3.0323;0.00910104;
0.33952;3.02929;0.00628709;
0.33962;3.02628;0.00910104;
0.33972;3.02327;0.00628705;
0.33982;3.02026;0.00910105;
0.33992;3.01726;0.006287;
0.34002;3.01426;0.00910105;
0.34012;3.01126;0.00628696;
0.34022;3.00827;0.00910106;
0.34032;3.00528;0.00628691;
0.34042;3.00229;0.00910106;
0.34052;2.99931;0.00628687;
0.34062;2.99633;0.00910107;
0.34072;2.99335;0.00628682;
0.34082;2.99037;0.00910107;
0.34092;2.9874;0.00628678;
0.34102;2.98443;0.00910108;
0.34112;2.98146;0.00628673;
0.34122;2.9785;0.00910108;
0.34132;2.97554;0.00628669;
0.34142;2.97258;0.00910109;
0.34152;2.96962;0.00628664;
0.34162;2.96667;0.00910109;
0.34172;2.96372;0.0062866;
0.34182;2.96078;0.0091011;
0.34192;2.95783;0.00628656;
0.34202;2.95489;0.0091011;
0.34212;2.95196;0.00628651;
0.34222;2.94902;0.00910111;
0.34232;2.94609;0.00628647;
0.34242;2.94316;0.00910111;
0.34252;2.94024;0.00628643;
0.34262;2.93731;0.00910111;
0.34272;2.93439;0.00628638;
0.34282;2.93148;0.00910112;
0.34292;2.92856;0.00628634;
0.34302;2.92565;0.00910112;
0.34312;2.92275;0.0062863;
0.34322;2.91984;0.00910113;
0.34332;2.91694;0.00628625;
0.34342;2.91404;0.00910113;
0.34352;2.91114;0.00628621;
0.34362;2.90825;0.00910114;
0.34372;2.90536;0.00628617;
0.34382;2.90247;0.00910114;
0.34392;2.89959;0.00628613;
0.34402;2.8967;0.00910114;
0.34412;2.89382;0.00628608;
0.34422;2.89095;0.00910115;
0.34432;2.88807;0.00628604;
0.34442;2.8852;0.00910115;
0.34452;2.88234;0.006286;
0.34462;2.87947;0.00910115;
0.34472;2.87661;0.00628596;
0.34482;2.87375;0.00910116;
0.34492;2.87089;0.00628592;
0.34502;2.86804;0.00910116;
0.34512;2.86519;0.00628587;
0.34522;2.86234;0.00910116;
0.34532;2.8595;0.00628583;
0.34542;2.85666;0.00910117;
0.34552;2.85382;0.00628579;
0.34562;2.85098;0.00910117;
0.34572;2.84815;0.00628575;
0.34582;2.84532;0.00910118;
0.34592;2.84249;0.00628571;
0.34602;2.83966;0.00910118;
0.34612;2.83684;0.00628567;
0.34622;2.83402;0.00910118;
0.34632;2.83121;0.00628563;
0.34642;2.82839;0.00910118;
0.34652;2.82558;0.00628559;
0.34662;2.82277;0.00910119;
0.34672;2.81997;0.00628555;
0.34682;2.81716;0.00910119;
0.34692;2.81437;0.00628551;
0.34702;2.81157;0.00910119;
0.34712;2.80877;0.00628547;
0.34722;2.80598;0.0091012;
0.34732;2.80319;0.00628543;
0.34742;2.80041;0.0091012;
0.34752;2.79763;0.00628539;
0.34762;2.79485;0.0091012;
0.34772;2.79207;0.00628535;
0.34782;2.78929;0.00910121;
0.34792;2.78652;0.00628531;
0.34802;2.78375;0.00910121;
0.34812;2.78099;0.00628527;
0.34822;2.77822;0.00910121;
0.34832;2.77546;0.00628523;
0.34842;2.7727;0.00910121;
0.34852;2.76995;0.00628519;
0.34862;2.7672;0.00910122;
0.34872;2.76445;0.00628515;
0.34882;2.7617;0.00910122;
0.34892;2.75895;0.00628511;
0.34902;2.75621;0.00910122;
0.34912;2.75347;0.00628507;
0.34922;2.75074;0.00910122;
0.34932;2.748;0.00628503;
0.34942;2.74527;0.00910123;
0.34952;2.74255;0.006285;
0.34962;2.73982;0.00910123;
0.34972;2.7371;0.00628496;
0.34982;2.73438;0.00910123;
0.34992;2.73166;0.00628492;
0.35002;2.72895;0.00910123;
0.35012;2.72624;0.00628488;
0.35022;2.72353;0.00910123;
0.35032;2.72082;0.00628484;
0.35042;2.71812;0.00910124;
0.35052;2.71542;0.0062848;
0.35062;2.71272;0.00910124;
0.35072;2.71002;0.00628477;
0.35082;2.70733;0.00910124;
0.35092;2.70464;0.00628473;
0.35102;2.70195;0.00910124;
0.35112;2.69927;0.00628469;
0.35122;2.69659;0.00910124;
0.35132;2.69391;0.00628465;
0.35142;2.69123;0.00910125;
0.35152;2.68856;0.00628462;
0.35162;2.68588;0.00910125;
0.35172;2.68322;0.00628458;
0.35182;2.68055;0.00910125;
0.35192;2.67789;0.00628454;
0.35202;2.67523;0.00910125;
0.35212;2.67257;0.00628451;
0.35222;2.66991;0.00910125;
0.35232;2.66726;0.00628447;
0.35242;2.66461;0.00910125;
0.35252;2.66196;0.00628443;
0.35262;2.65932;0.00910125;
0.35272;2.65668;0.0062844;
0.35282;2.65404;0.00910126;
0.35292;2.6514;0.00628436;
0.35302;2.64876;0.00910126;
0.35312;2.64613;0.00628432;
0.35322;2.6435;0.00910126;
0.35332;2.64088;0.00628429;
0.35342;2.63825;0.00910126;
0.35352;2.63563;0.00628425;
0.35362;2.63301;0.00910126;
0.35372;2.6304;0.00628422;
0.35382;2.62779;0.00910126;
0.35392;2.62518;0.00628418;
0.35402;2.62257;0.00910126;
0.35412;2.61996;0.00628415;
0.35422;2.61736;0.00910126;
0.35432;2.61476;0.00628411;
0.35442;2.61216;0.00910126;
0.35452;2.60957;0.00628407;
0.35462;2.60697;0.00910127;
0.35472;2.60438;0.00628404;
0.35482;2.6018;0.00910127;
0.35492;2.59921;0.006284;
0.35502;2.59663;0.00910127;
0.35512;2.59405;0.00628397;
0.35522;2.59147;0.00910127;
0.35532;2.5889;0.00628393;
0.35542;2.58633;0.00910127;
0.35552;2.58376;0.0062839;
0.35562;2.58119;0.00910127;
0.35572;2.57863;0.00628387;
0.35582;2.57607;0.00910127;
0.35592;2.57351;0.00628383;
0.35602;2.57095;0.00910127;
0.35612;2.5684;0.0062838;
0.35622;2.56584;0.00910127;
0.35632;2.5633;0.00628376;
0.35642;2.56075;0.00910127;
0.35652;2.55821;0.00628373;
0.35662;2.55566;0.00910127;
0.35672;2.55313;0.0062837;
0.35682;2.55059;0.00910127;
0.35692;2.54806;0.00628366;
0.35702;2.54553;0.00910127;
0.35712;2.543;0.00628363;
0.35722;2.54047;0.00910127;
0.35732;2.53795;0.00628359;
0.35742;2.53543;0.00910127;
0.35752;2.53291;0.00628356;
0.35762;2.53039;0.00910127;
0.35772;2.52788;0.00628353;
0.35782;2.52537;0.00910127;
0.35792;2.52286;0.00628349;
0.35802;2.52035;0.00910127;
0.35812;2.51785;0.00628346;
0.35822;2.51535;0.00910127;
0.35832;2.51285;0.00628343;
0.35842;2.51036;0.00910127;
0.35852;2.50786;0.0062834;
0.35862;2.50537;0.00910127;
0.35872;2.50288;0.00628336;
0.35882;2.5004;0.00910127;
0.35892;2.49791;0.00628333;
0.35902;2.49543;0.00910127;
0.35912;2.49295;0.0062833;
0.35922;2.49048;0.00910127;
0.35932;2.488;0.00628327;
0.35942;2.48553;0.00910127;
0.35952;2.48306;0.00628323;
0.35962;2.4806;0.00910127;
0.35972;2.47813;0.0062832;
0.35982;2.47567;0.00910127;
0.35992;2.47321;0.00628317;
0.36002;2.47076;0.00910127;
0.36012;2.4683;0.00628314;
0.36022;2.46585;0.00910127;
0.36032;2.4634;0.00628311;
0.36042;2.46096;0.00910127;
0.36052;2.45851;0.00628308;
0.36062;2.45607;0.00910127;
0.36072;2.45363;0.00628304;
0.36082;2.4512;0.00910127;
0.36092;2.44876;0.00628301;
0.36102;2.44633;0.00910126;
0.36112;2.4439;0.00628298;
0.36122;2.44147;0.00910126;
0.36132;2.43905;0.00628295;
0.36142;2.43663;0.00910126;
0.36152;2.43421;0.00628292;
0.36162;2.43179;0.00910126;
0.36172;2.42937;0.00628289;
0.36182;2.42696;0.00910126;
0.36192;2.42455;0.00628286;
0.36202;2.42214;0.00910126;
0.36212;2.41974;0.00628283;
0.36222;2.41734;0.00910126;
0.36232;2.41494;0.0062828;
0.36242;2.41254;0.00910126;
0.36252;2.41014;0.00628277;
0.36262;2.40775;0.00910126;
0.36272;2.40536;0.00628274;
0.36282;2.40297;0.00910125;
0.36292;2.40058;0.00628271;
0.36302;2.3982;0.00910125;
0.36312;2.39582;0.00628268;
0.36322;2.39344;0.00910125;
0.36332;2.39106;0.00628265;
0.36342;2.38869;0.00910125;
0.36352;2.38632;0.00628262;
0.36362;2.38395;0.00910125;
0.36372;2.38158;0.00628259;
0.36382;2.37921;0.00910125;
0.36392;2.37685;0.00628256;
0.36402;2.37449;0.00910124;
0.36412;2.37213;0.00628253;
0.36422;2.36978;0.00910124;
0.36432;2.36743;0.0062825;
0.36442;2.36507;0.00910124;
0.36452;2.36273;0.00628247;
0.36462;2.36038;0.00910124;
0.36472;2.35804;0.00628244;
0.36482;2.3557;0.00910124;
0.36492;2.35336;0.00628241;
0.36502;2.35102;0.00910124;
0.36512;2.34869;0.00628239;
0.36522;2.34635;0.00910123;
0.36532;2.34402;0.00628236;
0.36542;2.3417;0.00910123;
0.36552;2.33937;0.00628233;
0.36562;2.33705;0.00910123;
0.36572;2.33473;0.0062823;
0.36582;2.33241;0.00910123;
0.36592;2.33009;0.00628227;
0.36602;2.32778;0.00910123;
0.36612;2.32547;0.00628224;
0.36622;2.32316;0.00910122;
0.36632;2.32085;0.00628222;
0.36642;2.31855;0.00910122;
0.36652;2.31625;0.00628219;
0.36662;2.31395;0.00910122;
0.36672;2.31165;0.00628216;
0.36682;2.30936;0.00910122;
0.36692;2.30706;0.00628213;
0.36702;2.30477;0.00910121;
0.36712;2.30249;0.00628211;
0.36722;2.3002;0.00910121;
0.36732;2.29792;0.00628208;
0.36742;2.29563;0.00910121;
0.36752;2.29336;0.00628205;
0.36762;2.29108;0.00910121;
0.36772;2.2888;0.00628202;
0.36782;2.28653;0.0091012;
0.36792;2.28426;0.006282;
0.36802;2.282;0.0091012;
0.36812;2.27973;0.00628197;
0.36822;2.27747;0.0091012;
0.36832;2.27521;0.00628194;
0.36842;2.27295;0.0091012;
0.36852;2.27069;0.00628192;
0.36862;2.26844;0.00910119;
0.36872;2.26618;0.00628189;
0.36882;2.26394;0.00910119;
0.36892;2.26169;0.00628186;
0.36902;2.25944;0.00910119;
0.36912;2.2572;0.00628184;
0.36922;2.25496;0.00910118;
0.36932;2.25272;0.00628181;
0.36942;2.25048;0.00910118;
0.36952;2.24825;0.00628178;
0.36962;2.24602;0.00910118;
0.36972;2.24379;0.00628176;
0.36982;2.24156;0.00910117;
0.36992;2.23934;0.00628173;
0.37002;2.23711;0.00910117;
0.37012;2.23489;0.00628171;
0.37022;2.23268;0.00910117;
0.37032;2.23046;0.00628168;
0.37042;2.22825;0.00910116;
0.37052;2.22603;0.00628166;
0.37062;2.22382;0.00910116;
0.37072;2.22162;0.00628163;
0.37082;2.21941;0.00910116;
0.37092;2.21721;0.0062816;
0.37102;2.21501;0.00910115;
0.37112;2.21281;0.00628158;
0.37122;2.21061;0.00910115;
0.37132;2.20842;0.00628155;
0.37142;2.20623;0.00910115;
0.37152;2.20404;0.00628153;
0.37162;2.20185;0.00910114;
0.37172;2.19966;0.0062815;
0.37182;2.19748;0.00910114;
0.37192;2.1953;0.00628148;
0.37202;2.19312;0.00910114;
0.37212;2.19094;0.00628146;
0.37222;2.18877;0.00910113;
0.37232;2.1866;0.00628143;
0.37242;2.18443;0.00910113;
0.37252;2.18226;0.00628141;
0.37262;2.18009;0.00910113;
0.37272;2.17793;0.00628138;
0.37282;2.17577;0.00910112;
0.37292;2.17361;0.00628136;
0.37302;2.17145;0.00910112;
0.37312;2.1693;0.00628133;
0.37322;2.16714;0.00910111;
0.37332;2.16499;0.00628131;
0.37342;2.16285;0.00910111;
0.37352;2.1607;0.00628129;
0.37362;2.15855;0.00910111;
0.37372;2.15641;0.00628126;
0.37382;2.15427;0.0091011;
0.37392;2.15213;0.00628124;
0.37402;2.15;0.0091011;
0.37412;2.14786;0.00628122;
0.37422;2.14573;0.00910109;
0.37432;2.1436;0.00628119;
0.37442;2.14148;0.00910109;
0.37452;2.13935;0.00628117;
0.37462;2.13723;0.00910108;
0.37472;2.13511;0.00628115;
0.37482;2.13299;0.00910108;
0.37492;2.13087;0.00628112;
0.37502;2.12876;0.00910108;
0.37512;2.12665;0.0062811;
0.37522;2.12454;0.00910107;
0.37532;2.12243;0.00628108;
0.37542;2.12032;0.00910107;
0.37552;2.11822;0.00628105;
0.37562;2.11612;0.00910106;
0.37572;2.11402;0.00628103;
0.37582;2.11192;0.00910106;
0.37592;2.10982;0.00628101;
0.37602;2.10773;0.00910105;
0.37612;2.10564;0.00628099;
0.37622;2.10355;0.00910105;
0.37632;2.10146;0.00628096;
0.37642;2.09938;0.00910104;
0.37652;2.09729;0.00628094;
0.37662;2.09521;0.00910104;
0.37672;2.09313;0.00628092;
0.37682;2.09106;0.00910103;
0.37692;2.08898;0.0062809;
0.37702;2.08691;0.00910103;
0.37712;2.08484;0.00628088;
0.37722;2.08277;0.00910102;
0.37732;2.0807;0.00628085;
0.37742;2.07864;0.00910102;
0.37752;2.07658;0.00628083;
0.37762;2.07452;0.00910101;
0.37772;2.07246;0.00628081;
0.37782;2.0704;0.00910101;
0.37792;2.06835;0.00628079;
0.37802;2.0663;0.009101;
0.37812;2.06424;0.00628077;
0.37822;2.0622;0.009101;
0.37832;2.06015;0.00628075;
0.37842;2.05811;0.00910099;
0.37852;2.05607;0.00628073;
0.37862;2.05403;0.00910099;
0.37872;2.05199;0.0062807;
0.37882;2.04995;0.00910098;
0.37892;2.04792;0.00628068;
0.37902;2.04589;0.00910098;
0.37912;2.04386;0.00628066;
0.37922;2.04183;0.00910097;
0.37932;2.0398;0.00628064;
0.37942;2.03778;0.00910097;
0.37952;2.03576;0.00628062;
0.37962;2.03374;0.00910096;
0.37972;2.03172;0.0062806;
0.37982;2.02971;0.00910095;
0.37992;2.02769;0.00628058;
0.38002;2.02568;0.00910095;
0.38012;2.02367;0.00628056;
0.38022;2.02166;0.00910094;
0.38032;2.01966;0.00628054;
0.38042;2.01766;0.00910094;
0.38052;2.01565;0.00628052;
0.38062;2.01365;0.00910093;
0.38072;2.01166;0.0062805;
0.38082;2.00966;0.00910093;
0.38092;2.00767;0.00628048;
0.38102;2.00568;0.00910092;
0.38112;2.00369;0.00628046;
0.38122;2.0017;0.00910091;
0.38132;1.99971;0.00628044;
0.38142;1.99773;0.00910091;
0.38152;1.99575;0.00628042;
0.38162;1.99377;0.0091009;
0.38172;1.99179;0.0062804;
0.38182;1.98982;0.0091009;
0.38192;1.98784;0.00628038;
0.38202;1.98587;0.00910089;
0.38212;1.9839;0.00628036;
0.38222;1.98193;0.00910088;
0.38232;1.97997;0.00628035;
0.38242;1.978;0.00910088;
0.38252;1.97604;0.00628033;
0.38262;1.97408;0.00910087;
0.38272;1.97212;0.00628031;
0.38282;1.97017;0.00910087;
0.38292;1.96821;0.00628029;
0.38302;1.96626;0.00910086;
0.38312;1.96431;0.00628027;
0.38322;1.96236;0.00910085;
0.38332;1.96042;0.00628025;
0.38342;1.95847;0.00910085;
0.38352;1.95653;0.00628023;
0.38362;1.95459;0.00910084;
0.38372;1.95265;0.00628021;
0.38382;1.95072;0.00910083;
0.38392;1.94878;0.0062802;
0.38402;1.94685;0.00910083;
0.38412;1.94492;0.00628018;
0.38422;1.94299;0.00910082;
0.38432;1.94106;0.00628016;
0.38442;1.93914;0.00910081;
0.38452;1.93721;0.00628014;
0.38462;1.93529;0.00910081;
0.38472;1.93337;0.00628012;
0.38482;1.93146;0.0091008;
0.38492;1.92954;0.00628011;
0.38502;1.92763;0.00910079;
0.38512;1.92572;0.00628009;
0.38522;1.92381;0.00910079;
0.38532;1.9219;0.00628007;
0.38542;1.91999;0.00910078;
0.38552;1.91809;0.00628005;
0.38562;1.91619;0.00910077;
0.38572;1.91429;0.00628003;
0.38582;1.91239;0.00910077;
0.38592;1.91049;0.00628;
0.38602;1.9086;0.00910077;
0.38612;1.90671;0.00627996;
0.38622;1.90481;0.00910078;
0.38632;1.90293;0.00627988;
0.38642;1.90104;0.0091008;
0.38652;1.89915;0.00627975;
0.38662;1.89727;0.00910085;
0.38672;1.89539;0.00627951;
0.38682;1.89351;0.00910095;
0.38692;1.89163;0.00627914;
0.38702;1.88976;0.0091011;
0.38712;1.88788;0.00627861;
0.38722;1.88601;0.00910131;
0.38732;1.88414;0.00627788;
0.38742;1.88227;0.0091016;
0.38752;1.88041;0.00627694;
0.38762;1.87854;0.00910198;
0.38772;1.87668;0.0062757;
0.38782;1.87482;0.00910249;
0.38792;1.87296;0.00627406;
0.38802;1.87111;0.00910318;
0.38812;1.86925;0.00627175;
0.38822;1.8674;0.00910422;
0.38832;1.86555;0.00626809;
0.38842;1.8637;0.00910607;
0.38852;1.86185;0.00626013;
0.38862;1.86;0.00911182;
0.38872;1.85816;0.00623035;
0.38882;1.85632;0.0091284;
0.38892;1.85448;0.00618814;
0.38902;1.85264;0.00914748;
0.38912;1.8508;0.00614168;
0.389132;1.85057;0.00766332;
0.389157;1.85012;0.00766002;
0.389158;1.85011;0.00759652;
0.389159;1.85009;0.00766644;
0.389159;1.85008;0.00767053;
0.38916;1.85007;0.00767053;
0.38916;1.85006;0.00768233;
0.389161;1.85005;0.00768016;
0.389162;1.85004;0.00769205;
0.389163;1.85002;0.00768535;
0.389164;1.85;0.00769584;
0.389165;1.84998;0.00768982;
0.389166;1.84996;0.00768996;
0.389168;1.84993;0.0076921;
0.38917;1.84988;0.00766893;
0.389174;1.84981;0.00769139;
0.38918;1.8497;0.00762243;
0.389182;1.84967;0.00764137;
0.389183;1.84964;0.00763737;
0.389185;1.84962;0.00763802;
0.389186;1.84959;0.00763284;
0.389189;1.84953;0.00763253;
0.389193;1.84946;0.00762465;
0.3892;1.84933;0.00762401;
0.389214;1.84909;0.00762516;
0.389214;1.84908;0.00762958;
0.389215;1.84906;0.00763234;
0.389215;1.84906;0.00763478;
0.389216;1.84905;0.00763985;
0.389216;1.84905;0.00763999;
0.389216;1.84905;0.00764025;
0.389216;1.84905;0.00764062;
0.389216;1.84905;0.0076394;
0.389216;1.84905;0.00763832;
0.389216;1.84905;0.00763499;
0.389216;1.84905;0.00763361;
0.389216;1.84904;0.00763019;
0.389216;1.84904;0.00761671;
0.389216;1.84904;0.459979;
0.389216;1.84904;2.69345;
0.389216;1.84904;3.48407;
0.389216;1.84904;3.42277;
0.389216;1.84904;3.52889;
0.389216;1.84904;3.55354;
0.389216;1.84904;3.57473;
0.389216;1.84904;3.59275;
0.389216;1.84905;3.59686;
0.389216;1.84905;3.60818;
0.389216;1.84905;3.60727;
0.389216;1.84905;3.61398;
0.389216;1.84905;3.61089;
0.389216;1.84905;3.61541;
0.389216;1.84905;3.61171;
0.389216;1.84905;3.61549;
0.389217;1.84905;3.61181;
0.389217;1.84906;3.61545;
0.389217;1.84906;3.61183;
0.389218;1.84907;3.61544;
0.389219;1.84909;3.61184;
0.389221;1.84912;3.61543;
0.389225;1.84918;3.61184;
0.389233;1.84931;3.61543;
0.389249;1.84956;3.61184;
0.389281;1.85007;3.6154;
0.389346;1.85109;3.61181;
0.389446;1.85267;3.6154;
0.389546;1.85424;3.61181;
0.389646;1.85581;3.6154;
0.389746;1.85738;3.61181;
0.389846;1.85895;3.6154;
0.389946;1.86052;3.61181;
0.390046;1.86209;3.6154;
0.390146;1.86366;3.61181;
0.390246;1.86523;3.6154;
0.390346;1.8668;3.61181;
0.390446;1.86836;3.6154;
0.390546;1.86993;3.61181;
0.390646;1.87149;3.6154;
0.390746;1.87306;3.61181;
0.390846;1.87462;3.6154;
0.390946;1.87618;3.61181;
0.391046;1.87774;3.6154;
0.391146;1.87931;3.61181;
0.391246;1.88087;3.6154;
0.391346;1.88242;3.61181;
0.391446;1.88398;3.6154;
0.391546;1.88554;3.61181;
0.391646;1.8871;3.61543;
0.391746;1.88865;3.61181;
0.391846;1.89021;3.61543;
0.391946;1.89176;3.61185;
0.392046;1.89332;3.61543;
0.392146;1.89487;3.61185;
0.392246;1.89642;3.61543;
0.392346;1.89797;3.61185;
0.392446;1.89952;3.61543;
0.392546;1.90107;3.61185;
0.392646;1.90262;3.6154;
0.392746;1.90417;3.61181;
0.392846;1.90572;3.6154;
0.392946;1.90727;3.61181;
0.393046;1.90881;3.6154;
0.393146;1.91036;3.61181;
0.393246;1.9119;3.6154;
0.393346;1.91345;3.61181;
0.393446;1.91499;3.6154;
0.393546;1.91653;3.61181;
0.393646;1.91807;3.6154;
0.393746;1.91961;3.61181;
0.393846;1.92115;3.6154;
0.393946;1.92269;3.61181;
0.394046;1.92423;3.6154;
0.394146;1.92577;3.61181;
0.394246;1.9273;3.6154;
0.394346;1.92884;3.61181;
0.394446;1.93038;3.61539;
0.394546;1.93191;3.61181;
0.394646;1.93344;3.61539;
0.394746;1.93498;3.61181;
0.394846;1.93651;3.61539;
0.394946;1.93804;3.61181;
0.395046;1.93957;3.61539;
0.395146;1.9411;3.61181;
0.395246;1.94263;3.61539;
0.395346;1.94416;3.61181;
0.395446;1.94568;3.61539;
0.395546;1.94721;3.61181;
0.395646;1.94874;3.61539;
0.395746;1.95026;3.61181;
0.395846;1.95179;3.61539;
0.395946;1.95331;3.61181;
0.396046;1.95483;3.61539;
0.396146;1.95636;3.61181;
0.396246;1.95788;3.61539;
0.396346;1.9594;3.61181;
0.396446;1.96092;3.61539;
0.396546;1.96244;3.61181;
0.396646;1.96396;3.61539;
0.396746;1.96547;3.61181;
0.396846;1.96699;3.61539;
0.396946;1.96851;3.61181;
0.397046;1.97002;3.61539;
0.397146;1.97154;3.61181;
0.397246;1.97305;3.61539;
0.397346;1.97456;3.61181;
0.397446;1.97607;3.61539;
0.397546;1.97759;3.61181;
0.397646;1.9791;3.61539;
0.397746;1.98061;3.61181;
0.397846;1.98212;3.61539;
0.397946;1.98362;3.61181;
0.398046;1.98513;3.61539;
0.398146;1.98664;3.61181;
0.398246;1.98815;3.61539;
0.398346;1.98965;3.61181;
0.398446;1.99116;3.61539;
0.398546;1.99266;3.61181;
0.398646;1.99416;3.61539;
0.398746;1.99567;3.61181;
0.398846;1.99717;3.61539;
0.398946;1.99867;3.61182;
0.399046;2.00017;3.61539;
0.399146;2.00167;3.61182;
0.399246;2.00317;3.61539;
0.399346;2.00466;3.61182;
0.399446;2.00616;3.61539;
0.399546;2.00766;3.61182;
0.399646;2.00915;3.61539;
0.399746;2.01065;3.61182;
0.399846;2.01214;3.61539;
0.399946;2.01364;3.61182;
0.400046;2.01513;3.61539;
0.400146;2.01662;3.61182;
0.400246;2.01811;3.61539;
0.400346;2.0196;3.61182;
0.400446;2.02109;3.61539;
0.400546;2.02258;3.61182;
0.400646;2.02407;3.61539;
0.400746;2.02556;3.61182;
0.400846;2.02705;3.61539;
0.400946;2.02853;3.61182;
0.401046;2.03002;3.61539;
0.401146;2.0315;3.61182;
0.401246;2.03298;3.61539;
0.401346;2.03447;3.61182;
0.401446;2.03595;3.61539;
0.401546;2.03743;3.61182;
0.401646;2.03891;3.61539;
0.401746;2.04039;3.61182;
0.401846;2.04187;3.61539;
0.401946;2.04335;3.61182;
0.402046;2.04483;3.61539;
0.402146;2.04631;3.61182;
0.402246;2.04778;3.61539;
0.402346;2.04926;3.61182;
0.402446;2.05073;3.61539;
0.402546;2.05221;3.61182;
0.402646;2.05368;3.61539;
0.402746;2.05515;3.61182;
0.402846;2.05663;3.61539;
0.402946;2.0581;3.61182;
0.403046;2.05957;3.61539;
0.403146;2.06104;3.61182;
0.403246;2.06251;3.61539;
0.403346;2.06397;3.61182;
0.403446;2.06544;3.61539;
0.403546;2.06691;3.61182;
0.403646;2.06837;3.61539;
0.403746;2.06984;3.61182;
0.403846;2.0713;3.61539;
0.403946;2.07277;3.61182;
0.404046;2.07423;3.61539;
0.404146;2.07569;3.61182;
0.404246;2.07716;3.61539;
0.404346;2.07862;3.61182;
0.404446;2.08008;3.61539;
0.404546;2.08154;3.61182;
0.404646;2.083;3.61539;
0.404746;2.08445;3.61182;
0.404846;2.08591;3.61539;
0.404946;2.08737;3.61182;
0.405046;2.08882;3.61539;
0.405146;2.09028;3.61182;
0.405246;2.09173;3.61539;
0.405346;2.09319;3.61182;
0.405446;2.09464;3.61539;
0.405546;2.09609;3.61182;
0.405646;2.09754;3.61539;
0.405746;2.09899;3.61182;
0.405846;2.10044;3.61539;
0.405946;2.10189;3.61182;
0.406046;2.10334;3.61539;
0.406146;2.10479;3.61182;
0.406246;2.10624;3.61539;
0.406346;2.10768;3.61182;
0.406446;2.10913;3.61539;
0.406546;2.11057;3.61182;
0.406646;2.11202;3.61539;
0.406746;2.11346;3.61182;
0.406846;2.1149;3.61539;
0.406946;2.11635;3.61182;
0.407046;2.11779;3.61539;
0.407146;2.11923;3.61182;
0.407246;2.12067;3.61539;
0.407346;2.12211;3.61182;
0.407446;2.12355;3.61539;
0.407546;2.12498;3.61182;
0.407646;2.12642;3.61539;
0.407746;2.12786;3.61182;
0.407846;2.12929;3.61539;
0.407946;2.13073;3.61182;
0.408046;2.13216;3.61539;
0.408146;2.1336;3.61182;
0.408246;2.13503;3.61539;
0.408346;2.13646;3.61182;
0.408446;2.13789;3.61539;
0.408546;2.13932;3.61182;
0.408646;2.14075;3.61539;
0.408746;2.14218;3.61182;
0.408846;2.14361;3.61539;
0.408946;2.14504;3.61182;
0.409046;2.14647;3.61539;
0.409146;2.14789;3.61182;
0.409246;2.14932;3.61539;
0.409346;2.15074;3.61182;
0.409446;2.15217;3.61539;
0.409546;2.15359;3.61182;
0.409646;2.15501;3.61539;
0.409746;2.15643;3.61182;
0.409846;2.15786;3.61539;
0.409946;2.15928;3.61182;
0.410046;2.1607;3.61539;
0.410146;2.16212;3.61182;
0.410246;2.16353;3.61539;
0.410346;2.16495;3.61182;
0.410446;2.16637;3.61539;
0.410546;2.16779;3.61182;
0.410646;2.1692;3.61539;
0.410746;2.17062;3.61182;
0.410846;2.17203;3.61539;
0.410946;2.17344;3.61182;
0.411046;2.17486;3.61539;
0.411146;2.17627;3.61182;
0.411246;2.17768;3.61539;
0.411346;2.17909;3.61182;
0.411446;2.1805;3.61539;
0.411546;2.18191;3.61182;
0.411646;2.18332;3.61539;
0.411746;2.18473;3.61182;
0.411846;2.18613;3.61539;
0.411946;2.18754;3.61182;
0.412046;2.18895;3.61539;
0.412146;2.19035;3.61182;
0.412246;2.19176;3.61539;
0.412346;2.19316;3.61182;
0.412446;2.19456;3.61539;
0.412546;2.19597;3.61182;
0.412646;2.19737;3.61539;
0.412746;2.19877;3.61182;
0.412846;2.20017;3.61539;
0.412946;2.20157;3.61182;
0.413046;2.20297;3.61539;
0.413146;2.20436;3.61182;
0.413246;2.20576;3.61539;
0.413346;2.20716;3.61182;
0.413446;2.20855;3.61539;
0.413546;2.20995;3.61182;
0.413646;2.21134;3.61539;
0.413746;2.21274;3.61182;
0.413846;2.21413;3.61539;
0.413946;2.21552;3.61182;
0.414046;2.21692;3.61539;
0.414146;2.21831;3.61182;
0.414246;2.2197;3.61539;
0.414346;2.22109;3.61182;
0.414446;2.22248;3.61539;
0.414546;2.22386;3.61182;
0.414646;2.22525;3.61539;
0.414746;2.22664;3.61182;
0.414846;2.22803;3.61539;
0.414946;2.22941;3.61182;
0.415046;2.2308;3.61539;
0.415146;2.23218;3.61182;
0.415246;2.23356;3.61539;
0.415346;2.23495;3.61182;
0.415446;2.23633;3.61539;
0.415546;2.23771;3.61182;
0.415646;2.23909;3.61539;
0.415746;2.24047;3.61182;
0.415846;2.24185;3.61539;
0.415946;2.24323;3.61182;
0.416046;2.24461;3.61539;
0.416146;2.24598;3.61182;
0.416246;2.24736;3.61539;
0.416346;2.24874;3.61182;
0.416446;2.25011;3.61539;
0.416546;2.25149;3.61182;
0.416646;2.25286;3.61539;
0.416746;2.25423;3.61182;
0.416846;2.25561;3.61539;
0.416946;2.25698;3.61182;
0.417046;2.25835;3.61539;
0.417146;2.25972;3.61182;
0.417246;2.26109;3.61539;
0.417346;2.26246;3.61182;
0.417446;2.26383;3.61539;
0.417546;2.26519;3.61182;
0.417646;2.26656;3.61539;
0.417746;2.26793;3.61182;
0.417846;2.26929;3.61539;
0.417946;2.27066;3.61182;
0.418046;2.27202;3.61539;
0.418146;2.27339;3.61182;
0.418246;2.27475;3.61539;
0.418346;2.27611;3.61182;
0.418446;2.27747;3.61539;
0.418546;2.27883;3.61182;
0.418646;2.28019;3.61539;
0.418746;2.28155;3.61182;
0.418846;2.28291;3.61539;
0.418946;2.28427;3.61182;
0.419046;2.28563;3.61539;
0.419146;2.28698;3.61182;
0.419246;2.28834;3.61539;
0.419346;2.2897;3.61182;
0.419446;2.29105;3.61539;
0.419546;2.2924;3.61182;
0.419646;2.29376;3.61539;
0.419746;2.29511;3.61182;
0.419846;2.29646;3.61539;
0.419946;2.29781;3.61182;
0.420046;2.29916;3.61539;
0.420146;2.30051;3.61182;
0.420246;2.30186;3.61539;
0.420346;2.30321;3.61182;
0.420446;2.30456;3.61539;
0.420546;2.30591;3.61182;
0.420646;2.30725;3.61539;
0.420746;2.3086;3.61182;
0.420846;2.30995;3.61539;
0.420946;2.31129;3.61182;
0.421046;2.31263;3.61539;
0.421146;2.31398;3.61182;
0.421246;2.31532;3.61539;
0.421346;2.31666;3.61182;
0.421446;2.318;3.61539;
0.421546;2.31934;3.61182;
0.421646;2.32068;3.61539;
0.421746;2.32202;3.61182;
0.421846;2.32336;3.61538;
0.421946;2.3247;3.61182;
0.422046;2.32604;3.61538;
0.422146;2.32737;3.61182;
0.422246;2.32871;3.61538;
0.422346;2.33004;3.61182;
0.422446;2.33138;3.61538;
0.422546;2.33271;3.61182;
0.422646;2.33405;3.61538;
0.422746;2.33538;3.61182;
0.422846;2.33671;3.61538;
0.422946;2.33804;3.61182;
0.423046;2.33937;3.61538;
0.423146;2.3407;3.61182;
0.423246;2.34203;3.61538;
0.423346;2.34336;3.61182;
0.423446;2.34469;3.61538;
0.423546;2.34602;3.61182;
0.423646;2.34734;3.61538;
0.423746;2.34867;3.61182;
0.423846;2.34999;3.61538;
0.423946;2.35132;3.61182;
0.424046;2.35264;3.61538;
0.424146;2.35396;3.61182;
0.424246;2.35529;3.61538;
0.424346;2.35661;3.61182;
0.424446;2.35793;3.61538;
0.424546;2.35925;3.61182;
0.424646;2.36057;3.61538;
0.424746;2.36189;3.61182;
0.424846;2.36321;3.61538;
0.424946;2.36453;3.61182;
0.425046;2.36584;3.61538;
0.425146;2.36716;3.61182;
0.425246;2.36848;3.61538;
0.425346;2.36979;3.61183;
0.425446;2.37111;3.61538;
0.425546;2.37242;3.61183;
0.425646;2.37373;3.61538;
0.425746;2.37505;3.61183;
0.425846;2.37636;3.61538;
0.425946;2.37767;3.61183;
0.426046;2.37898;3.61538;
0.426146;2.38029;3.61183;
0.426246;2.3816;3.61538;
0.426346;2.38291;3.61183;
0.426446;2.38422;3.61538;
0.426546;2.38553;3.61183;
0.426646;2.38683;3.61538;
0.426746;2.38814;3.61183;
0.426846;2.38944;3.61538;
0.426946;2.39075;3.61183;
0.427046;2.39205;3.61538;
0.427146;2.39336;3.61183;
0.427246;2.39466;3.61538;
0.427346;2.39596;3.61183;
0.427446;2.39726;3.61538;
0.427546;2.39857;3.61183;
0.427646;2.39987;3.61538;
0.427746;2.40117;3.61183;
0.427846;2.40246;3.61538;
0.427946;2.40376;3.61183;
0.428046;2.40506;3.61538;
0.428146;2.40636;3.61183;
0.428246;2.40765;3.61538;
0.428346;2.40895;3.61183;
0.428446;2.41024;3.61538;
0.428546;2.41154;3.61183;
0.428646;2.41283;3.61538;
0.428746;2.41413;3.61183;
0.428846;2.41542;3.61538;
0.428946;2.41671;3.61183;
0.429046;2.418;3.61538;
0.429146;2.41929;3.61183;
0.429246;2.42058;3.61538;
0.429346;2.42187;3.61183;
0.429446;2.42316;3.61538;
0.429546;2.42445;3.61183;
0.429646;2.42574;3.61538;
0.429746;2.42702;3.61183;
0.429846;2.42831;3.61538;
0.429946;2.42959;3.61183;
0.430046;2.43088;3.61538;
0.430146;2.43216;3.61183;
0.430246;2.43345;3.61538;
0.430346;2.43473;3.61183;
0.430446;2.43601;3.61538;
0.430546;2.43729;3.61183;
0.430646;2.43857;3.61538;
0.430746;2.43985;3.61183;
0.430846;2.44113;3.61538;
0.430946;2.44241;3.61183;
0.431046;2.44369;3.61538;
0.431146;2.44497;3.61183;
0.431246;2.44625;3.61538;
0.431346;2.44752;3.61183;
0.431446;2.4488;3.61538;
0.431546;2.45007;3.61183;
0.431646;2.45135;3.61538;
0.431746;2.45262;3.61183;
0.431846;2.4539;3.61538;
0.431946;2.45517;3.61183;
0.432046;2.45644;3.61538;
0.432146;2.45771;3.61183;
0.432246;2.45898;3.61538;
0.432346;2.46025;3.61183;
0.432446;2.46152;3.61538;
0.432546;2.46279;3.61183;
0.432646;2.46406;3.61538;
0.432746;2.46533;3.61183;
0.432846;2.46659;3.61538;
0.432946;2.46786;3.61183;
0.433046;2.46913;3.61538;
0.433146;2.47039;3.61183;
0.433246;2.47166;3.61538;
0.433346;2.47292;3.61183;
0.433446;2.47418;3.61538;
0.433546;2.47545;3.61183;
0.433646;2.47671;3.61538;
0.433746;2.47797;3.61183;
0.433846;2.47923;3.61538;
0.433946;2.48049;3.61183;
0.434046;2.48175;3.61538;
0.434146;2.48301;3.61183;
0.434246;2.48427;3.61538;
0.434346;2.48552;3.61183;
0.434446;2.48678;3.61538;
0.434546;2.48804;3.61183;
0.434646;2.48929;3.61538;
0.434746;2.49055;3.61183;
0.434846;2.4918;3.61538;
0.434946;2.49305;3.61183;
0.435046;2.49431;3.61538;
0.435146;2.49556;3.61183;
0.435246;2.49681;3.61538;
0.435346;2.49806;3.61183;
0.435446;2.49931;3.61538;
0.435546;2.50056;3.61183;
0.435646;2.50181;3.61538;
0.435746;2.50306;3.61183;
0.435846;2.50431;3.61538;
0.435946;2.50556;3.61183;
0.436046;2.5068;3.61538;
0.436146;2.50805;3.61183;
0.436246;2.5093;3.61538;
0.436346;2.51054;3.61183;
0.436446;2.51179;3.61538;
0.436546;2.51303;3.61183;
0.436646;2.51427;3.61538;
0.436746;2.51551;3.61183;
0.436846;2.51676;3.61538;
0.436946;2.518;3.61183;
0.437046;2.51924;3.61538;
0.437146;2.52048;3.61183;
0.437246;2.52172;3.61538;
0.437346;2.52296;3.61183;
0.437446;2.52419;3.61538;
0.437546;2.52543;3.61183;
0.437646;2.52667;3.61538;
0.437746;2.52791;3.61183;
0.437846;2.52914;3.61538;
0.437946;2.53038;3.61183;
0.438046;2.53161;3.61538;
0.438146;2.53284;3.61183;
0.438246;2.53408;3.61538;
0.438346;2.53531;3.61183;
0.438446;2.53654;3.61538;
0.438546;2.53777;3.61183;
0.438646;2.539;3.61538;
0.438746;2.54023;3.61183;
0.438846;2.54146;3.61538;
0.438946;2.54269;3.61183;
0.439046;2.54392;3.61538;
0.439146;2.54515;3.61183;
0.439246;2.54638;3.61538;
0.439346;2.5476;3.61183;
0.439446;2.54883;3.61538;
0.439546;2.55005;3.61183;
0.439646;2.55128;3.61538;
0.439746;2.5525;3.61183;
0.439846;2.55373;3.61538;
0.439946;2.55495;3.61183;
0.440046;2.55617;3.61538;
0.440146;2.55739;3.61183;
0.440246;2.55861;3.61538;
0.440346;2.55983;3.61183;
0.440446;2.56105;3.61538;
0.440546;2.56227;3.61183;
0.440646;2.56349;3.61538;
0.440746;2.56471;3.61183;
0.440846;2.56593;3.61538;
0.440946;2.56714;3.61183;
0.441046;2.56836;3.61538;
0.441146;2.56957;3.61183;
0.441246;2.57079;3.61538;
0.441346;2.572;3.61183;
0.441446;2.57322;3.61538;
0.441546;2.57443;3.61183;
0.441646;2.57564;3.61538;
0.441746;2.57685;3.61183;
0.441846;2.57806;3.61538;
0.441946;2.57928;3.61183;
0.442046;2.58049;3.61538;
0.442146;2.58169;3.61183;
0.442246;2.5829;3.61538;
0.442346;2.58411;3.61183;
0.442446;2.58532;3.61538;
0.442546;2.58653;3.61183;
0.442646;2.58773;3.61538;
0.442746;2.58894;3.61183;
0.442846;2.59014;3.61538;
0.442946;2.59135;3.61183;
0.443046;2.59255;3.61538;
0.443146;2.59376;3.61183;
0.443246;2.59496;3.61538;
0.443346;2.59616;3.61183;
0.443446;2.59736;3.61538;
0.443546;2.59856;3.61183;
0.443646;2.59976;3.61538;
0.443746;2.60096;3.61183;
0.443846;2.60216;3.61538;
0.443946;2.60336;3.61183;
0.444046;2.60456;3.61538;
0.444146;2.60576;3.61183;
0.444246;2.60695;3.61538;
0.444346;2.60815;3.61183;
0.444446;2.60934;3.61538;
0.444546;2.61054;3.61183;
0.444646;2.61173;3.61538;
0.444746;2.61293;3.61183;
0.444846;2.61412;3.61538;
0.444946;2.61531;3.61183;
0.445046;2.61651;3.61538;
0.445146;2.6177;3.61183;
0.445246;2.61889;3.61538;
0.445346;2.62008;3.61183;
0.445446;2.62127;3.61538;
0.445546;2.62246;3.61183;
0.445646;2.62364;3.61538;
0.445746;2.62483;3.61183;
0.445846;2.62602;3.61538;
0.445946;2.62721;3.61183;
0.446046;2.62839;3.61538;
0.446146;2.62958;3.61183;
0.446246;2.63076;3.61538;
0.446346;2.63195;3.61183;
0.446446;2.63313;3.61538;
0.446546;2.63431;3.61183;
0.446646;2.6355;3.61538;
0.446746;2.63668;3.61183;
0.446846;2.63786;3.61538;
0.446946;2.63904;3.61183;
0.447046;2.64022;3.61538;
0.447146;2.6414;3.61183;
0.447246;2.64258;3.61538;
0.447346;2.64376;3.61183;
0.447446;2.64493;3.61538;
0.447546;2.64611;3.61183;
0.447646;2.64729;3.61538;
0.447746;2.64846;3.61183;
0.447846;2.64964;3.61538;
0.447946;2.65081;3.61183;
0.448046;2.65199;3.61538;
0.448146;2.65316;3.61183;
0.448246;2.65434;3.61538;
0.448346;2.65551;3.61183;
0.448446;2.65668;3.61538;
0.448546;2.65785;3.61183;
0.448646;2.65902;3.61538;
0.448746;2.66019;3.61183;
0.448846;2.66136;3.61538;
0.448946;2.66253;3.61183;
0.449046;2.6637;3.61538;
0.449146;2.66487;3.61183;
0.449246;2.66603;3.61538;
0.449346;2.6672;3.61183;
0.449446;2.66837;3.61538;
0.449546;2.66953;3.61183;
0.449646;2.6707;3.61538;
0.449746;2.67186;3.61183;
0.449846;2.67303;3.61538;
0.449946;2.67419;3.61183;
0.450046;2.67535;3.61538;
0.450146;2.67651;3.61183;
0.450246;2.67767;3.61538;
0.450346;2.67883;3.61183;
0.450446;2.68;3.61537;
0.450546;2.68115;3.61183;
0.450646;2.68231;3.61537;
0.450746;2.68347;3.61183;
0.450846;2.68463;3.61537;
0.450946;2.68579;3.61183;
0.451046;2.68694;3.61537;
0.451146;2.6881;3.61183;
0.451246;2.68926;3.61537;
0.451346;2.69041;3.61183;
0.451446;2.69157;3.61537;
0.451546;2.69272;3.61183;
0.451646;2.69387;3.61537;
0.451746;2.69503;3.61183;
0.451846;2.69618;3.61537;
0.451946;2.69733;3.61183;
0.452046;2.69848;3.61537;
0.452146;2.69963;3.61183;
0.452246;2.70078;3.61537;
0.452346;2.70193;3.61183;
0.452446;2.70308;3.61537;
0.452546;2.70423;3.61183;
0.452646;2.70537;3.61537;
0.452746;2.70652;3.61183;
0.452846;2.70767;3.61537;
0.452946;2.70881;3.61184;
0.453046;2.70996;3.61537;
0.453146;2.7111;3.61184;
0.453246;2.71225;3.61537;
0.453346;2.71339;3.61184;
0.453446;2.71453;3.61537;
0.453546;2.71568;3.61184;
0.453646;2.71682;3.61537;
0.453746;2.71796;3.61184;
0.453846;2.7191;3.61537;
0.453946;2.72024;3.61184;
0.454046;2.72138;3.61537;
0.454146;2.72252;3.61184;
0.454246;2.72366;3.61537;
0.454346;2.72479;3.61184;
0.454446;2.72593;3.61537;
0.454546;2.72707;3.61184;
0.454646;2.7282;3.61537;
0.454746;2.72934;3.61184;
0.454846;2.73048;3.61537;
0.454946;2.73161;3.61184;
0.455046;2.73274;3.61537;
0.455146;2.73388;3.61184;
0.455246;2.73501;3.61537;
0.455346;2.73614;3.61184;
0.455446;2.73727;3.61537;
0.455546;2.7384;3.61184;
0.455646;2.73953;3.61537;
0.455746;2.74066;3.61184;
0.455846;2.74179;3.61537;
0.455946;2.74292;3.61184;
0.456046;2.74405;3.61537;
0.456146;2.74518;3.61184;
0.456246;2.74631;3.61537;
0.456346;2.74743;3.61184;
0.456446;2.74856;3.61537;
0.456546;2.74968;3.61184;
0.456646;2.75081;3.61537;
0.456746;2.75193;3.61184;
0.456846;2.75306;3.61537;
0.456946;2.75418;3.61184;
0.457046;2.7553;3.61537;
0.457146;2.75642;3.61184;
0.457246;2.75755;3.61537;
0.457346;2.75867;3.61184;
0.457446;2.75979;3.61537;
0.457546;2.76091;3.61184;
0.457646;2.76203;3.61537;
0.457746;2.76314;3.61184;
0.457846;2.76426;3.61537;
0.457946;2.76538;3.61184;
0.458046;2.7665;3.61537;
0.458146;2.76761;3.61184;
0.458246;2.76873;3.61537;
0.458346;2.76984;3.61184;
0.458446;2.77096;3.61537;
0.458546;2.77207;3.61184;
0.458646;2.77319;3.61537;
0.458746;2.7743;3.61184;
0.458846;2.77541;3.61537;
0.458946;2.77652;3.61184;
0.459046;2.77764;3.61537;
0.459146;2.77875;3.61184;
0.459246;2.77986;3.61537;
0.459346;2.78097;3.61184;
0.459446;2.78208;3.61537;
0.459546;2.78318;3.61184;
0.459646;2.78429;3.61537;
0.459746;2.7854;3.61184;
0.459846;2.78651;3.61537;
0.459946;2.78761;3.61184;
0.460046;2.78872;3.61537;
0.460146;2.78982;3.61184;
0.460246;2.79093;3.61537;
0.460346;2.79203;3.61184;
0.460446;2.79314;3.61537;
0.460546;2.79424;3.61184;
0.460646;2.79534;3.61537;
0.460746;2.79644;3.61184;
0.460846;2.79755;3.61537;
0.460946;2.79865;3.61184;
0.461046;2.79975;3.61537;
0.461146;2.80085;3.61184;
0.461246;2.80195;3.61537;
0.461346;2.80304;3.61184;
0.461446;2.80414;3.61537;
0.461546;2.80524;3.61184;
0.461646;2.80634;3.61537;
0.461746;2.80743;3.61184;
0.461846;2.80853;3.61537;
0.461946;2.80963;3.61184;
0.462046;2.81072;3.61537;
0.462146;2.81181;3.61184;
0.462246;2.81291;3.61537;
0.462346;2.814;3.61184;
0.462446;2.81509;3.61537;
0.462546;2.81619;3.61184;
0.462646;2.81728;3.61537;
0.462746;2.81837;3.61184;
0.462846;2.81946;3.61537;
0.462946;2.82055;3.61184;
0.463046;2.82164;3.61537;
0.463146;2.82273;3.61184;
0.463246;2.82382;3.61537;
0.463346;2.8249;3.61184;
0.463446;2.82599;3.61537;
0.463546;2.82708;3.61184;
0.463646;2.82816;3.61537;
0.463746;2.82925;3.61184;
0.463846;2.83033;3.61537;
0.463946;2.83142;3.61184;
0.464046;2.8325;3.61537;
0.464146;2.83359;3.61184;
0.464246;2.83467;3.61537;
0.464346;2.83575;3.61184;
0.464446;2.83683;3.61537;
0.464546;2.83791;3.61184;
0.464646;2.839;3.61537;
0.464746;2.84008;3.61184;
0.464846;2.84115;3.61537;
0.464946;2.84223;3.61184;
0.465046;2.84331;3.61537;
0.465146;2.84439;3.61184;
0.465246;2.84547;3.61537;
0.465346;2.84654;3.61184;
0.465446;2.84762;3.61537;
0.465546;2.8487;3.61184;
0.465646;2.84977;3.61537;
0.465746;2.85085;3.61184;
0.465846;2.85192;3.61537;
0.465946;2.853;3.61184;
0.466046;2.85407;3.61537;
0.466146;2.85514;3.61184;
0.466246;2.85621;3.61537;
0.466346;2.85728;3.61184;
0.466446;2.85836;3.61537;
0.466546;2.85943;3.61184;
0.466646;2.8605;3.61537;
0.466746;2.86157;3.61184;
0.466846;2.86263;3.61537;
0.466946;2.8637;3.61184;
0.467046;2.86477;3.61537;
0.467146;2.86584;3.61184;
0.467246;2.8669;3.61537;
0.467346;2.86797;3.61184;
0.467446;2.86904;3.61537;
0.467546;2.8701;3.61184;
0.467646;2.87117;3.61537;
0.467746;2.87223;3.61184;
0.467846;2.87329;3.61537;
0.467946;2.87436;3.61184;
0.468046;2.87542;3.61537;
0.468146;2.87648;3.61184;
0.468246;2.87754;3.61537;
0.468346;2.8786;3.61184;
0.468446;2.87966;3.61537;
0.468546;2.88072;3.61184;
0.468646;2.88178;3.61537;
0.468746;2.88284;3.61184;
0.468846;2.8839;3.61537;
0.468946;2.88496;3.61184;
0.469046;2.88601;3.61537;
0.469146;2.88707;3.61184;
0.469246;2.88813;3.61537;
0.469346;2.88918;3.61184;
0.469446;2.89024;3.61537;
0.469546;2.89129;3.61184;
0.469646;2.89235;3.61537;
0.469746;2.8934;3.61184;
0.469846;2.89445;3.61537;
0.469946;2.89551;3.61184;
0.470046;2.89656;3.61537;
0.470146;2.89761;3.61184;
0.470246;2.89866;3.61537;
0.470346;2.89971;3.61184;
0.470446;2.90076;3.61537;
0.470546;2.90181;3.61184;
0.470646;2.90286;3.61537;
0.470746;2.90391;3.61184;
0.470846;2.90495;3.61537;
0.470946;2.906;3.61184;
0.471046;2.90705;3.61537;
0.471146;2.90809;3.61184;
0.471246;2.90914;3.61537;
0.471346;2.91018;3.61184;
0.471446;2.91123;3.61537;
0.471546;2.91227;3.61184;
0.471646;2.91332;3.61537;
0.471746;2.91436;3.61184;
0.471846;2.9154;3.61537;
0.471946;2.91644;3.61184;
0.472046;2.91749;3.61537;
0.472146;2.91853;3.61184;
0.472246;2.91957;3.61537;
0.472346;2.92061;3.61184;
0.472446;2.92165;3.61537;
0.472546;2.92269;3.61184;
0.472646;2.92372;3.61537;
0.472746;2.92476;3.61184;
0.472846;2.9258;3.61537;
0.472946;2.92684;3.61184;
0.473046;2.92787;3.61537;
0.473146;2.92891;3.61184;
0.473246;2.92994;3.61537;
0.473346;2.93098;3.61184;
0.473446;2.93201;3.61537;
0.473546;2.93305;3.61184;
0.473646;2.93408;3.61537;
0.473746;2.93511;3.61184;
0.473846;2.93614;3.61537;
0.473946;2.93717;3.61184;
0.474046;2.93821;3.61537;
0.474146;2.93924;3.61184;
0.474246;2.94027;3.61537;
0.474346;2.9413;3.61184;
0.474446;2.94232;3.61537;
0.474546;2.94335;3.61184;
0.474646;2.94438;3.61537;
0.474746;2.94541;3.61184;
0.474846;2.94644;3.61537;
0.474946;2.94746;3.61184;
0.475046;2.94849;3.61537;
0.475146;2.94951;3.61184;
0.475246;2.95054;3.61537;
0.475346;2.95156;3.61184;
0.475446;2.95259;3.61537;
0.475546;2.95361;3.61184;
0.475646;2.95463;3.61537;
0.475746;2.95566;3.61184;
0.475846;2.95668;3.61537;
0.475946;2.9577;3.61184;
0.476046;2.95872;3.61537;
0.476146;2.95974;3.61184;
0.476246;2.96076;3.61537;
0.476346;2.96178;3.61184;
0.476446;2.9628;3.61537;
0.476546;2.96382;3.61184;
0.476646;2.96483;3.61537;
0.476746;2.96585;3.61184;
0.476846;2.96687;3.61537;
0.476946;2.96788;3.61184;
0.477046;2.9689;3.61537;
0.477146;2.96991;3.61184;
0.477246;2.97093;3.61537;
0.477346;2.97194;3.61184;
0.477446;2.97296;3.61537;
0.477546;2.97397;3.61184;
0.477646;2.97498;3.61537;
0.477746;2.976;3.61184;
0.477846;2.97701;3.61537;
0.477946;2.97802;3.61184;
0.478046;2.97903;3.61537;
0.478146;2.98004;3.61184;
0.478246;2.98105;3.61537;
0.478346;2.98206;3.61184;
0.478446;2.98307;3.61537;
0.478546;2.98407;3.61184;
0.478646;2.98508;3.61537;
0.478746;2.98609;3.61184;
0.478846;2.9871;3.61537;
0.478946;2.9881;3.61184;
0.479046;2.98911;3.61537;
0.479146;2.99011;3.61184;
0.479246;2.99112;3.61537;
0.479346;2.99212;3.61184;
0.479446;2.99312;3.61537;
0.479546;2.99413;3.61184;
0.479646;2.99513;3.61537;
0.479746;2.99613;3.61184;
0.479846;2.99713;3.61537;
0.479946;2.99814;3.61184;
0.480046;2.99914;3.61536;
0.480146;3.00014;3.61184;
0.480246;3.00114;3.61536;
0.480346;3.00213;3.61184;
0.480446;3.00313;3.61536;
0.480546;3.00413;3.61184;
0.480646;3.00513;3.61536;
0.480746;3.00613;3.61184;
0.480846;3.00712;3.61536;
0.480946;3.00812;3.61184;
0.481046;3.00911;3.61536;
0.481146;3.01011;3.61184;
0.481246;3.0111;3.61536;
0.481346;3.0121;3.61185;
0.481446;3.01309;3.61536;
0.481546;3.01408;3.61185;
0.481646;3.01508;3.61536;
0.481746;3.01607;3.61185;
0.481846;3.01706;3.61536;
0.481946;3.01805;3.61185;
0.482046;3.01904;3.61536;
0.482146;3.02003;3.61185;
0.482246;3.02102;3.61536;
0.482346;3.02201;3.61185;
0.482446;3.023;3.61536;
0.482546;3.02399;3.61185;
0.482646;3.02498;3.61536;
0.482746;3.02596;3.61185;
0.482846;3.02695;3.61536;
0.482946;3.02794;3.61185;
0.483046;3.02892;3.61536;
0.483146;3.02991;3.61185;
0.483246;3.03089;3.61536;
0.483346;3.03188;3.61185;
0.483446;3.03286;3.61536;
0.483546;3.03384;3.61185;
0.483646;3.03483;3.61536;
0.483746;3.03581;3.61185;
0.483846;3.03679;3.61536;
0.483946;3.03777;3.61185;
0.484046;3.03875;3.61536;
0.484146;3.03973;3.61185;
0.484246;3.04071;3.61536;
0.484346;3.04169;3.61185;
0.484446;3.04267;3.61536;
0.484546;3.04365;3.61185;
0.484646;3.04463;3.61536;
0.484746;3.0456;3.61185;
0.484846;3.04658;3.61536;
0.484946;3.04756;3.61185;
0.485046;3.04853;3.61536;
0.485146;3.04951;3.61185;
0.485246;3.05048;3.61536;
0.485346;3.05146;3.61185;
0.485446;3.05243;3.61536;
0.485546;3.0534;3.61185;
0.485646;3.05438;3.61536;
0.485746;3.05535;3.61185;
0.485846;3.05632;3.61536;
0.485946;3.05729;3.61185;
0.486046;3.05826;3.61536;
0.486146;3.05923;3.61185;
0.486246;3.0602;3.61536;
0.486346;3.06117;3.61185;
0.486446;3.06214;3.61536;
0.486546;3.06311;3.61185;
0.486646;3.06408;3.61536;
0.486746;3.06505;3.61185;
0.486846;3.06601;3.61536;
0.486946;3.06698;3.61185;
0.487046;3.06795;3.61536;
0.487146;3.06891;3.61185;
0.487246;3.06988;3.61536;
0.487346;3.07084;3.61185;
0.487446;3.07181;3.61536;
0.487546;3.07277;3.61185;
0.487646;3.07373;3.61536;
0.487746;3.0747;3.61185;
0.487846;3.07566;3.61536;
0.487946;3.07662;3.61185;
0.488046;3.07758;3.61536;
0.488146;3.07854;3.61185;
0.488246;3.0795;3.61536;
0.488346;3.08046;3.61185;
0.488446;3.08142;3.61536;
0.488546;3.08238;3.61185;
0.488646;3.08334;3.61536;
0.488746;3.0843;3.61185;
0.488846;3.08526;3.61536;
0.488946;3.08621;3.61185;
0.489046;3.08717;3.61536;
0.489146;3.08812;3.61185;
0.489246;3.08908;3.61536;
0.489346;3.09004;3.61185;
0.489446;3.09099;3.61536;
0.489546;3.09194;3.61185;
0.489646;3.0929;3.61536;
0.489746;3.09385;3.61185;
0.489846;3.0948;3.61536;
0.489946;3.09576;3.61185;
0.490046;3.09671;3.61536;
0.490146;3.09766;3.61185;
0.490246;3.09861;3.61536;
0.490346;3.09956;3.61185;
0.490446;3.10051;3.61536;
0.490546;3.10146;3.61185;
0.490646;3.10241;3.61536;
0.490746;3.10336;3.61185;
0.490846;3.1043;3.61536;
0.490946;3.10525;3.61185;
0.491046;3.1062;3.61536;
0.491146;3.10715;3.61185;
0.491246;3.10809;3.61536;
0.491346;3.10904;3.61185;
0.491446;3.10998;3.61536;
0.491546;3.11093;3.61185;
0.491646;3.11187;3.61536;
0.491746;3.11281;3.61185;
0.491846;3.11376;3.61536;
0.491946;3.1147;3.61185;
0.492046;3.11564;3.61536;
0.492146;3.11658;3.61185;
0.492246;3.11753;3.61536;
0.492346;3.11847;3.61185;
0.492446;3.11941;3.61536;
0.492546;3.12035;3.61185;
0.492646;3.12129;3.61536;
0.492746;3.12223;3.61185;
0.492846;3.12316;3.61536;
0.492946;3.1241;3.61185;
0.493046;3.12504;3.61536;
0.493146;3.12598;3.61185;
0.493246;3.12691;3.61536;
0.493346;3.12785;3.61185;
0.493446;3.12879;3.61536;
0.493546;3.12972;3.61185;
0.493646;3.13066;3.61536;
0.493746;3.13159;3.61185;
0.493846;3.13252;3.61536;
0.493946;3.13346;3.61185;
0.494046;3.13439;3.61536;
0.494146;3.13532;3.61185;
0.494246;3.13625;3.61536;
0.494346;3.13719;3.61185;
0.494446;3.13812;3.61536;
0.494546;3.13905;3.61185;
0.494646;3.13998;3.61536;
0.494746;3.14091;3.61185;
0.494846;3.14184;3.61536;
0.494946;3.14276;3.61185;
0.495046;3.14369;3.61536;
0.495146;3.14462;3.61185;
0.495246;3.14555;3.61536;
0.495346;3.14647;3.61185;
0.495446;3.1474;3.61536;
0.495546;3.14833;3.61185;
0.495646;3.14925;3.61536;
0.495746;3.15018;3.61185;
0.495846;3.1511;3.61536;
0.495946;3.15203;3.61185;
0.496046;3.15295;3.61536;
0.496146;3.15387;3.61185;
0.496246;3.15479;3.61536;
0.496346;3.15572;3.61185;
0.496446;3.15664;3.61536;
0.496546;3.15756;3.61185;
0.496646;3.15848;3.61536;
0.496746;3.1594;3.61185;
0.496846;3.16032;3.61536;
0.496946;3.16124;3.61185;
0.497046;3.16216;3.61536;
0.497146;3.16308;3.61185;
0.497246;3.164;3.61536;
0.497346;3.16491;3.61185;
0.497446;3.16583;3.61536;
0.497546;3.16675;3.61185;
0.497646;3.16766;3.61536;
0.497746;3.16858;3.61185;
0.497846;3.16949;3.61536;
0.497946;3.17041;3.61185;
0.498046;3.17132;3.61536;
0.498146;3.17224;3.61185;
0.498246;3.17315;3.61536;
0.498346;3.17406;3.61185;
0.498446;3.17498;3.61536;
0.498546;3.17589;3.61185;
0.498646;3.1768;3.61536;
0.498746;3.17771;3.61185;
0.498846;3.17862;3.61536;
0.498946;3.17953;3.61185;
0.499046;3.18044;3.61536;
0.499146;3.18135;3.61185;
0.499246;3.18226;3.61536;
0.499346;3.18317;3.61185;
0.499446;3.18408;3.61536;
0.499546;3.18498;3.61185;
0.499646;3.18589;3.61536;
0.499746;3.1868;3.61185;
0.499846;3.1877;3.61536;
0.499946;3.18861;3.61185;
0.500046;3.18951;3.61536;
0.500146;3.19042;3.61185;
0.500246;3.19132;3.61536;
0.500346;3.19223;3.61185;
0.500446;3.19313;3.61536;
0.500546;3.19403;3.61185;
0.500646;3.19494;3.61536;
0.500746;3.19584;3.61185;
0.500846;3.19674;3.61536;
0.500946;3.19764;3.61185;
0.501046;3.19854;3.61536;
0.501146;3.19944;3.61185;
0.501246;3.20034;3.61536;
0.501346;3.20124;3.61185;
0.501446;3.20214;3.61536;
0.501546;3.20304;3.61185;
0.501646;3.20394;3.61536;
0.501746;3.20483;3.61185;
0.501846;3.20573;3.61536;
0.501946;3.20663;3.61185;
0.502046;3.20752;3.61536;
0.502146;3.20842;3.61185;
0.502246;3.20932;3.61536;
0.502346;3.21021;3.61185;
0.502446;3.2111;3.61536;
0.502546;3.212;3.61185;
0.502646;3.21289;3.61536;
0.502746;3.21379;3.61185;
0.502846;3.21468;3.61536;
0.502946;3.21557;3.61185;
0.503046;3.21646;3.61536;
0.503146;3.21735;3.61185;
0.503246;3.21824;3.61536;
0.503346;3.21913;3.61185;
0.503446;3.22002;3.61536;
0.503546;3.22091;3.61185;
0.503646;3.2218;3.61536;
0.503746;3.22269;3.61185;
0.503846;3.22358;3.61536;
0.503946;3.22447;3.61185;
0.504046;3.22535;3.61536;
0.504146;3.22624;3.61185;
0.504246;3.22713;3.61536;
0.504346;3.22801;3.61185;
0.504446;3.2289;3.61536;
0.504546;3.22978;3.61185;
0.504646;3.23067;3.61536;
0.504746;3.23155;3.61185;
0.504846;3.23244;3.61536;
0.504946;3.23332;3.61185;
0.505046;3.2342;3.61536;
0.505146;3.23508;3.61185;
0.505246;3.23597;3.61536;
0.505346;3.23685;3.61185;
0.505446;3.23773;3.61536;
0.505546;3.23861;3.61185;
0.505646;3.23949;3.61536;
0.505746;3.24037;3.61185;
0.505846;3.24125;3.61536;
0.505946;3.24213;3.61185;
0.506046;3.24301;3.61536;
0.506146;3.24388;3.61185;
0.506246;3.24476;3.61536;
0.506346;3.24564;3.61185;
0.506446;3.24652;3.61536;
0.506546;3.24739;3.61185;
0.506646;3.24827;3.61536;
0.506746;3.24914;3.61185;
0.506846;3.25002;3.61536;
0.506946;3.25089;3.61185;
0.507046;3.25177;3.61536;
0.507146;3.25264;3.61185;
0.507246;3.25351;3.61536;
0.507346;3.25438;3.61185;
0.507446;3.25526;3.61536;
0.507546;3.25613;3.61185;
0.507646;3.257;3.61536;
0.507746;3.25787;3.61185;
0.507846;3.25874;3.61536;
0.507946;3.25961;3.61185;
0.508046;3.26048;3.61536;
0.508146;3.26135;3.61185;
0.508246;3.26222;3.61536;
0.508346;3.26309;3.61185;
0.508446;3.26396;3.61536;
0.508546;3.26482;3.61185;
0.508646;3.26569;3.61536;
0.508746;3.26656;3.61185;
0.508846;3.26742;3.61536;
0.508946;3.26829;3.61185;
0.509046;3.26915;3.61536;
0.509146;3.27002;3.61185;
0.509246;3.27088;3.61536;
0.509346;3.27175;3.61185;
0.509446;3.27261;3.61536;
0.509546;3.27347;3.61185;
0.509646;3.27434;3.61536;
0.509746;3.2752;3.61185;
0.509846;3.27606;3.61536;
0.509946;3.27692;3.61185;
0.510046;3.27778;3.61536;
0.510146;3.27864;3.61186;
0.510246;3.2795;3.61536;
0.510346;3.28036;3.61186;
0.510446;3.28122;3.61535;
0.510546;3.28208;3.61186;
0.510646;3.28294;3.61535;
0.510746;3.2838;3.61186;
0.510846;3.28465;3.61535;
0.510946;3.28551;3.61186;
0.511046;3.28637;3.61535;
0.511146;3.28722;3.61186;
0.511246;3.28808;3.61535;
0.511346;3.28893;3.61186;
0.511446;3.28979;3.61535;
0.511546;3.29064;3.61186;
0.511646;3.2915;3.61535;
0.511746;3.29235;3.61186;
0.511846;3.2932;3.61535;
0.511946;3.29406;3.61186;
0.512046;3.29491;3.61535;
0.512146;3.29576;3.61186;
0.512246;3.29661;3.61535;
0.512346;3.29746;3.61186;
0.512446;3.29831;3.61535;
0.512546;3.29916;3.61186;
0.512646;3.30001;3.61535;
0.512746;3.30086;3.61186;
0.512846;3.30171;3.61535;
0.512946;3.30256;3.61186;
0.513046;3.30341;3.61535;
0.513146;3.30426;3.61186;
0.513246;3.3051;3.61535;
0.513346;3.30595;3.61186;
0.513446;3.3068;3.61535;
0.513546;3.30764;3.61186;
0.513646;3.30849;3.61535;
0.513746;3.30933;3.61186;
0.513846;3.31018;3.61535;
0.513946;3.31102;3.61186;
0.514046;3.31186;3.61535;
0.514146;3.31271;3.61186;
0.514246;3.31355;3.61535;
0.514346;3.31439;3.61186;
0.514446;3.31523;3.61535;
0.514546;3.31608;3.61186;
0.514646;3.31692;3.61535;
0.514746;3.31776;3.61186;
0.514846;3.3186;3.61535;
0.514946;3.31944;3.61186;
0.515046;3.32028;3.61535;
0.515146;3.32112;3.61186;
0.515246;3.32196;3.61535;
0.515346;3.32279;3.61186;
0.515446;3.32363;3.61535;
0.515546;3.32447;3.61186;
0.515646;3.32531;3.61535;
0.515746;3.32614;3.61186;
0.515846;3.32698;3.61535;
0.515946;3.32781;3.61186;
0.516046;3.32865;3.61535;
0.516146;3.32948;3.61186;
0.516246;3.33032;3.61535;
0.516346;3.33115;3.61186;
0.516446;3.33199;3.61535;
0.516546;3.33282;3.61186;
0.516646;3.33365;3.61535;
0.516746;3.33448;3.61186;
0.516846;3.33532;3.61535;
0.516946;3.33615;3.61186;
0.517046;3.33698;3.61535;
0.517146;3.33781;3.61186;
0.517246;3.33864;3.61535;
0.517346;3.33947;3.61186;
0.517446;3.3403;3.61535;
0.517546;3.34113;3.61186;
0.517646;3.34196;3.61535;
0.517746;3.34278;3.61186;
0.517846;3.34361;3.61535;
0.517946;3.34444;3.61186;
0.518046;3.34527;3.61535;
0.518146;3.34609;3.61186;
0.518246;3.34692;3.61535;
0.518346;3.34774;3.61186;
0.518446;3.34857;3.61535;
0.518546;3.34939;3.61186;
0.518646;3.35022;3.61535;
0.518746;3.35104;3.61186;
0.518846;3.35187;3.61535;
0.518946;3.35269;3.61186;
0.519046;3.35351;3.61535;
0.519146;3.35433;3.61186;
0.519246;3.35516;3.61535;
0.519346;3.35598;3.61186;
0.519446;3.3568;3.61535;
0.519546;3.35762;3.61186;
0.519646;3.35844;3.61539;
0.519746;3.35926;3.61189;
0.519846;3.36008;3.61539;
0.519946;3.3609;3.61189;
0.520046;3.36172;3.61539;
0.520146;3.36253;3.61189;
0.520246;3.36335;3.61539;
0.520346;3.36417;3.61189;
0.520446;3.36499;3.61539;
0.520546;3.3658;3.61189;
0.520646;3.36662;3.61539;
0.520746;3.36743;3.61189;
0.520846;3.36825;3.61539;
0.520946;3.36906;3.61189;
0.521046;3.36988;3.61539;
0.521146;3.37069;3.61189;
0.521246;3.37151;3.61539;
0.521346;3.37232;3.61189;
0.521446;3.37313;3.61539;
0.521546;3.37395;3.61189;
0.521646;3.37476;3.61539;
0.521746;3.37557;3.61189;
0.521846;3.37638;3.61539;
0.521946;3.37719;3.61189;
0.522046;3.378;3.61539;
0.522146;3.37881;3.61189;
0.522246;3.37962;3.61539;
0.522346;3.38043;3.61189;
0.522446;3.38124;3.61539;
0.522546;3.38205;3.61189;
0.522646;3.38285;3.61539;
0.522659;3.38296;3.61363;
0.522679;3.38312;3.61363;
0.522692;3.38323;3.61363;
0.522705;3.38333;3.61363;
0.522705;3.38333;3.61482;
0.522705;3.38333;3.61494;
0.522705;3.38333;3.61529;
0.522705;3.38333;3.61679;
0.522705;3.38333;3.62537;
0.522705;3.38333;3.67324;
0.522705;3.38333;3.73624;
0.522705;3.38333;2.6254;
0.522705;3.38333;1.80209;
0.522705;3.38333;1.19377;
0.522705;3.38333;0.676125;
0.522705;3.38333;0.283625;
0.522705;3.38333;0.0505991;
0.522705;3.38333;0.00983915;
0.522705;3.38333;0.0097799;
0.522705;3.38333;0.00725651;
0.522705;3.38333;0.00853881;
0.522705;3.38333;0.00714604;
0.522705;3.38333;0.00820342;
0.522705;3.38333;0.00702798;
0.522705;3.38332;0.00829121;
0.522705;3.38332;0.00716454;
0.522705;3.38332;0.00822761;
0.522706;3.38332;0.00720432;
0.522706;3.38331;0.00820584;
0.522706;3.3833;0.00721553;
0.522707;3.38328;0.00820004;
0.522708;3.38324;0.00721853;
0.52271;3.38316;0.00819856;
0.522715;3.383;0.00721912;
0.522724;3.38269;0.00819684;
0.522743;3.38206;0.00721679;
0.52278;3.38081;0.0081967;
0.522855;3.3783;0.00721584;
0.522955;3.37494;0.00819663;
0.523055;3.37158;0.00721544;
0.523155;3.36822;0.00819659;
0.523255;3.36487;0.00721688;
0.523355;3.36153;0.00819798;
0.523455;3.35818;0.00721697;
0.523555;3.35484;0.00819795;
0.523655;3.35151;0.00721696;
0.523755;3.34817;0.00819793;
0.523855;3.34484;0.00721695;
0.523955;3.34151;0.0081979;
0.524055;3.33819;0.00721694;
0.524155;3.33487;0.00819788;
0.524255;3.33155;0.00721693;
0.524355;3.32824;0.00819785;
0.524455;3.32493;0.00721692;
0.524555;3.32162;0.00819783;
0.524655;3.31832;0.00721691;
0.524755;3.31502;0.0081978;
0.524855;3.31172;0.0072169;
0.524955;3.30843;0.00819778;
0.525055;3.30513;0.00721689;
0.525155;3.30185;0.00819775;
0.525255;3.29856;0.00721688;
0.525355;3.29528;0.00819773;
0.525455;3.292;0.00721687;
0.525555;3.28873;0.0081977;
0.525655;3.28546;0.00721686;
0.525755;3.28219;0.00819768;
0.525855;3.27893;0.00721685;
0.525955;3.27567;0.00819765;
0.526055;3.27241;0.00721684;
0.526155;3.26915;0.00819763;
0.526255;3.2659;0.00721683;
0.526355;3.26265;0.0081976;
0.526455;3.25941;0.00721682;
0.526555;3.25617;0.00819758;
0.526655;3.25293;0.00721681;
0.526755;3.2497;0.00819755;
0.526855;3.24646;0.0072168;
0.526955;3.24323;0.00819753;
0.527055;3.24001;0.00721679;
0.527155;3.23679;0.0081975;
0.527255;3.23357;0.00721678;
0.527355;3.23035;0.00819748;
0.527455;3.22714;0.00721677;
0.527555;3.22393;0.00819745;
0.527655;3.22072;0.00721676;
0.527755;3.21752;0.00819743;
0.527855;3.21432;0.00721675;
0.527955;3.21113;0.0081974;
0.528055;3.20793;0.00721674;
0.528155;3.20474;0.00819738;
0.528255;3.20156;0.00721673;
0.528355;3.19837;0.00819735;
0.528455;3.19519;0.00721672;
0.528555;3.19201;0.00819733;
0.528655;3.18884;0.00721671;
0.528755;3.18567;0.0081973;
0.528855;3.1825;0.0072167;
0.528955;3.17934;0.00819728;
0.529055;3.17618;0.00721669;
0.529155;3.17302;0.00819725;
0.529255;3.16986;0.00721668;
0.529355;3.16671;0.00819723;
0.529455;3.16356;0.00721667;
0.529555;3.16042;0.0081972;
0.529655;3.15727;0.00721667;
0.529755;3.15413;0.00819718;
0.529855;3.151;0.00721666;
0.529955;3.14786;0.00819715;
0.530055;3.14473;0.00721665;
0.530155;3.14161;0.00819713;
0.530255;3.13848;0.00721664;
0.530355;3.13536;0.0081971;
0.530455;3.13225;0.00721663;
0.530555;3.12913;0.00819708;
0.530655;3.12602;0.00721662;
0.530755;3.12291;0.00819705;
0.530855;3.11981;0.00721661;
0.530955;3.1167;0.00819703;
0.531055;3.11361;0.0072166;
0.531155;3.11051;0.008197;
0.531255;3.10742;0.00721659;
0.531355;3.10433;0.00819698;
0.531455;3.10124;0.00721659;
0.531555;3.09816;0.00819695;
0.531655;3.09508;0.00721658;
0.531755;3.092;0.00819693;
0.531855;3.08893;0.00721657;
0.531955;3.08585;0.0081969;
0.532055;3.08279;0.00721656;
0.532155;3.07972;0.00819688;
0.532255;3.07666;0.00721655;
0.532355;3.0736;0.00819685;
0.532455;3.07055;0.00721654;
0.532555;3.06749;0.00819683;
0.532655;3.06444;0.00721654;
0.532755;3.0614;0.0081968;
0.532855;3.05835;0.00721653;
0.532955;3.05531;0.00819678;
0.533055;3.05227;0.00721652;
0.533155;3.04924;0.00819675;
0.533255;3.04621;0.00721651;
0.533355;3.04318;0.00819673;
0.533455;3.04015;0.0072165;
0.533555;3.03713;0.00819671;
0.533655;3.03411;0.0072165;
0.533755;3.0311;0.00819668;
0.533855;3.02808;0.00721649;
0.533955;3.02507;0.00819666;
0.534055;3.02207;0.00721648;
0.534155;3.01906;0.00819663;
0.534255;3.01606;0.00721647;
0.534355;3.01306;0.00819661;
0.534455;3.01007;0.00721647;
0.534555;3.00707;0.00819658;
0.534655;3.00408;0.00721646;
0.534755;3.0011;0.00819656;
0.534855;2.99811;0.00721645;
0.534955;2.99513;0.00819653;
0.535055;2.99216;0.00721644;
0.535155;2.98918;0.00819651;
0.535255;2.98621;0.00721643;
0.535355;2.98324;0.00819648;
0.535455;2.98028;0.00721643;
0.535555;2.97731;0.00819646;
0.535655;2.97435;0.00721642;
0.535755;2.9714;0.00819643;
0.535855;2.96844;0.00721641;
0.535955;2.96549;0.00819641;
0.536055;2.96255;0.00721641;
0.536155;2.9596;0.00819638;
0.536255;2.95666;0.0072164;
0.536355;2.95372;0.00819636;
0.536455;2.95078;0.00721639;
0.536555;2.94785;0.00819634;
0.536655;2.94492;0.00721638;
0.536755;2.94199;0.00819631;
0.536855;2.93907;0.00721638;
0.536955;2.93615;0.00819629;
0.537055;2.93323;0.00721637;
0.537155;2.93031;0.00819626;
0.537255;2.9274;0.00721636;
0.537355;2.92449;0.00819624;
0.537455;2.92158;0.00721636;
0.537555;2.91868;0.00819621;
0.537655;2.91578;0.00721635;
0.537755;2.91288;0.00819619;
0.537855;2.90999;0.00721634;
0.537955;2.90709;0.00819616;
0.538055;2.9042;0.00721634;
0.538155;2.90132;0.00819614;
0.538255;2.89843;0.00721633;
0.538355;2.89555;0.00819611;
0.538455;2.89267;0.00721632;
0.538555;2.8898;0.00819609;
0.538655;2.88693;0.00721632;
0.538755;2.88406;0.00819607;
0.538855;2.88119;0.00721631;
0.538955;2.87833;0.00819604;
0.539055;2.87547;0.0072163;
0.539155;2.87261;0.00819602;
0.539255;2.86975;0.0072163;
0.539355;2.8669;0.00819599;
0.539455;2.86405;0.00721629;
0.539555;2.86121;0.00819597;
0.539655;2.85836;0.00721628;
0.539755;2.85552;0.00819594;
0.539855;2.85268;0.00721628;
0.539955;2.84985;0.00819592;
0.540055;2.84702;0.00721627;
0.540155;2.84419;0.00819589;
0.540255;2.84136;0.00721627;
0.540355;2.83854;0.00819587;
0.540455;2.83571;0.00721626;
0.540555;2.8329;0.00819585;
0.540655;2.83008;0.00721625;
0.540755;2.82727;0.00819582;
0.540855;2.82446;0.00721625;
0.540955;2.82165;0.0081958;
0.541055;2.81885;0.00721624;
0.541155;2.81605;0.00819577;
0.541255;2.81325;0.00721624;
0.541355;2.81045;0.00819575;
0.541455;2.80766;0.00721623;
0.541555;2.80487;0.00819572;
0.541655;2.80208;0.00721622;
0.541755;2.7993;0.0081957;
0.541855;2.79651;0.00721622;
0.541955;2.79374;0.00819567;
0.542055;2.79096;0.00721621;
0.542155;2.78819;0.00819565;
0.542255;2.78541;0.00721621;
0.542355;2.78265;0.00819563;
0.542455;2.77988;0.0072162;
0.542555;2.77712;0.0081956;
0.542655;2.77436;0.0072162;
0.542755;2.7716;0.00819558;
0.542855;2.76885;0.00721619;
0.542955;2.7661;0.00819555;
0.543055;2.76335;0.00721618;
0.543155;2.7606;0.00819553;
0.543255;2.75786;0.00721618;
0.543355;2.75512;0.0081955;
0.543455;2.75238;0.00721617;
0.543555;2.74965;0.00819548;
0.543655;2.74691;0.00721617;
0.543755;2.74418;0.00819546;
0.543855;2.74146;0.00721616;
0.543955;2.73873;0.00819543;
0.544055;2.73601;0.00721616;
0.544155;2.73329;0.00819541;
0.544255;2.73058;0.00721615;
0.544355;2.72786;0.00819538;
0.544455;2.72515;0.00721615;
0.544555;2.72244;0.00819536;
0.544655;2.71974;0.00721614;
0.544755;2.71704;0.00819533;
0.544855;2.71434;0.00721614;
0.544955;2.71164;0.00819531;
0.545055;2.70895;0.00721613;
0.545155;2.70625;0.00819529;
0.545255;2.70357;0.00721613;
0.545355;2.70088;0.00819526;
0.545455;2.6982;0.00721612;
0.545555;2.69551;0.00819524;
0.545655;2.69284;0.00721612;
0.545755;2.69016;0.00819521;
0.545855;2.68749;0.00721611;
0.545955;2.68482;0.00819519;
0.546055;2.68215;0.00721611;
0.546155;2.67949;0.00819517;
0.546255;2.67682;0.0072161;
0.546355;2.67416;0.00819514;
0.546455;2.67151;0.0072161;
0.546555;2.66885;0.00819512;
0.546655;2.6662;0.0072161;
0.546755;2.66355;0.00819509;
0.546855;2.66091;0.00721609;
0.546955;2.65826;0.00819507;
0.547055;2.65562;0.00721609;
0.547155;2.65298;0.00819504;
0.547255;2.65035;0.00721608;
0.547355;2.64771;0.00819502;
0.547455;2.64508;0.00721608;
0.547555;2.64245;0.008195;
0.547655;2.63983;0.00721607;
0.547755;2.63721;0.00819497;
0.547855;2.63459;0.00721607;
0.547955;2.63197;0.00819495;
0.548055;2.62935;0.00721606;
0.548155;2.62674;0.00819492;
0.548255;2.62413;0.00721606;
0.548355;2.62153;0.0081949;
0.548455;2.61892;0.00721606;
0.548555;2.61632;0.00819488;
0.548655;2.61372;0.00721605;
0.548755;2.61112;0.00819485;
0.548855;2.60853;0.00721605;
0.548955;2.60594;0.00819483;
0.549055;2.60335;0.00721604;
0.549155;2.60076;0.0081948;
0.549255;2.59818;0.00721604;
0.549355;2.5956;0.00819478;
0.549455;2.59302;0.00721604;
0.549555;2.59044;0.00819476;
0.549655;2.58787;0.00721603;
0.549755;2.5853;0.00819473;
0.549855;2.58273;0.00721603;
0.549955;2.58017;0.00819471;
0.550055;2.5776;0.00721603;
0.550155;2.57504;0.00819468;
0.550255;2.57248;0.00721602;
0.550355;2.56993;0.00819466;
0.550455;2.56738;0.00721602;
0.550555;2.56483;0.00819464;
0.550655;2.56228;0.00721601;
0.550755;2.55973;0.00819461;
0.550855;2.55719;0.00721601;
0.550955;2.55465;0.00819459;
0.551055;2.55211;0.00721601;
0.551155;2.54958;0.00819456;
0.551255;2.54704;0.007216;
0.551355;2.54451;0.00819454;
0.551455;2.54199;0.007216;
0.551555;2.53946;0.00819452;
0.551655;2.53694;0.007216;
0.551755;2.53442;0.00819449;
0.551855;2.5319;0.00721599;
0.551955;2.52939;0.00819447;
0.552055;2.52688;0.00721599;
0.552155;2.52437;0.00819444;
0.552255;2.52186;0.00721599;
0.552355;2.51935;0.00819442;
0.552455;2.51685;0.00721598;
0.552555;2.51435;0.0081944;
0.552655;2.51185;0.00721598;
0.552755;2.50936;0.00819437;
0.552855;2.50687;0.00721598;
0.552955;2.50438;0.00819435;
0.553055;2.50189;0.00721597;
0.553155;2.4994;0.00819432;
0.553255;2.49692;0.00721597;
0.553355;2.49444;0.0081943;
0.553455;2.49196;0.00721597;
0.553555;2.48949;0.00819428;
0.553655;2.48702;0.00721597;
0.553755;2.48455;0.00819425;
0.553855;2.48208;0.00721596;
0.553955;2.47961;0.00819423;
0.554055;2.47715;0.00721596;
0.554155;2.47469;0.00819421;
0.554255;2.47223;0.00721596;
0.554355;2.46978;0.00819418;
0.554455;2.46732;0.00721595;
0.554555;2.46487;0.00819416;
0.554655;2.46243;0.00721595;
0.554755;2.45998;0.00819413;
0.554855;2.45754;0.00721595;
0.554955;2.4551;0.00819411;
0.555055;2.45266;0.00721595;
0.555155;2.45022;0.00819409;
0.555255;2.44779;0.00721594;
0.555355;2.44536;0.00819406;
0.555455;2.44293;0.00721594;
0.555555;2.4405;0.00819404;
0.555655;2.43808;0.00721594;
0.555755;2.43566;0.00819402;
0.555855;2.43324;0.00721594;
0.555955;2.43082;0.00819399;
0.556055;2.42841;0.00721593;
0.556155;2.426;0.00819397;
0.556255;2.42359;0.00721593;
0.556355;2.42118;0.00819394;
0.556455;2.41878;0.00721593;
0.556555;2.41638;0.00819392;
0.556655;2.41398;0.00721593;
0.556755;2.41158;0.0081939;
0.556855;2.40918;0.00721593;
0.556955;2.40679;0.00819387;
0.557055;2.4044;0.00721592;
0.557155;2.40201;0.00819385;
0.557255;2.39963;0.00721592;
0.557355;2.39725;0.00819383;
0.557455;2.39487;0.00721592;
0.557555;2.39249;0.0081938;
0.557655;2.39011;0.00721592;
0.557755;2.38774;0.00819378;
0.557855;2.38537;0.00721592;
0.557955;2.383;0.00819375;
0.558055;2.38063;0.00721591;
0.558155;2.37827;0.00819373;
0.558255;2.37591;0.00721591;
0.558355;2.37355;0.00819371;
0.558455;2.37119;0.00721591;
0.558555;2.36884;0.00819368;
0.558655;2.36649;0.00721591;
0.558755;2.36414;0.00819366;
0.558855;2.36179;0.00721591;
0.558955;2.35944;0.00819364;
0.559055;2.3571;0.0072159;
0.559155;2.35476;0.00819361;
0.559255;2.35242;0.0072159;
0.559355;2.35009;0.00819359;
0.559455;2.34775;0.0072159;
0.559555;2.34542;0.00819357;
0.559655;2.34309;0.0072159;
0.559755;2.34077;0.00819354;
0.559855;2.33844;0.0072159;
0.559955;2.33612;0.00819352;
0.560055;2.3338;0.0072159;
0.560155;2.33148;0.00819349;
0.560255;2.32917;0.00721589;
0.560355;2.32686;0.00819347;
0.560455;2.32455;0.00721589;
0.560555;2.32224;0.00819345;
0.560655;2.31993;0.00721589;
0.560755;2.31763;0.00819342;
0.560855;2.31533;0.00721589;
0.560955;2.31303;0.0081934;
0.561055;2.31073;0.00721589;
0.561155;2.30844;0.00819338;
0.561255;2.30615;0.00721589;
0.561355;2.30386;0.00819335;
0.561455;2.30157;0.00721589;
0.561555;2.29929;0.00819333;
0.561655;2.297;0.00721589;
0.561755;2.29472;0.00819331;
0.561855;2.29245;0.00721588;
0.561955;2.29017;0.00819328;
0.562055;2.2879;0.00721588;
0.562155;2.28563;0.00819326;
0.562255;2.28336;0.00721588;
0.562355;2.28109;0.00819324;
0.562455;2.27882;0.00721588;
0.562555;2.27656;0.00819321;
0.562655;2.2743;0.00721588;
0.562755;2.27204;0.00819319;
0.562855;2.26979;0.00721588;
0.562955;2.26754;0.00819316;
0.563055;2.26529;0.00721588;
0.563155;2.26304;0.00819314;
0.563255;2.26079;0.00721588;
0.563355;2.25855;0.00819312;
0.563455;2.2563;0.00721588;
0.563555;2.25406;0.00819309;
0.563655;2.25183;0.00721588;
0.563755;2.24959;0.00819307;
0.563855;2.24736;0.00721588;
0.563955;2.24513;0.00819305;
0.564055;2.2429;0.00721588;
0.564155;2.24067;0.00819302;
0.564255;2.23845;0.00721587;
0.564355;2.23623;0.008193;
0.564455;2.23401;0.00721587;
0.564555;2.23179;0.00819298;
0.564655;2.22957;0.00721587;
0.564755;2.22736;0.00819295;
0.564855;2.22515;0.00721587;
0.564955;2.22294;0.00819293;
0.565055;2.22074;0.00721587;
0.565155;2.21853;0.00819291;
0.565255;2.21633;0.00721587;
0.565355;2.21413;0.00819288;
0.565455;2.21193;0.00721587;
0.565555;2.20974;0.00819286;
0.565655;2.20754;0.00721587;
0.565755;2.20535;0.00819284;
0.565855;2.20316;0.00721587;
0.565955;2.20098;0.00819281;
0.566055;2.19879;0.00721587;
0.566155;2.19661;0.00819279;
0.566255;2.19443;0.00721587;
0.566355;2.19225;0.00819277;
0.566455;2.19008;0.00721587;
0.566555;2.1879;0.00819274;
0.566655;2.18573;0.00721587;
0.566755;2.18356;0.00819272;
0.566855;2.18139;0.00721587;
0.566955;2.17923;0.0081927;
0.567055;2.17707;0.00721587;
0.567155;2.17491;0.00819267;
0.567255;2.17275;0.00721587;
0.567355;2.17059;0.00819265;
0.567455;2.16844;0.00721587;
0.567555;2.16628;0.00819263;
0.567655;2.16413;0.00721587;
0.567755;2.16199;0.0081926;
0.567855;2.15984;0.00721587;
0.567955;2.1577;0.00819258;
0.568055;2.15556;0.00721587;
0.568155;2.15342;0.00819256;
0.568255;2.15128;0.00721587;
0.568355;2.14915;0.00819253;
0.568455;2.14701;0.00721587;
0.568555;2.14488;0.00819251;
0.568655;2.14275;0.00721587;
0.568755;2.14063;0.00819249;
0.568855;2.1385;0.00721587;
0.568955;2.13638;0.00819246;
0.569055;2.13426;0.00721587;
0.569155;2.13214;0.00819244;
0.569255;2.13003;0.00721587;
0.569355;2.12791;0.00819242;
0.569455;2.1258;0.00721587;
0.569555;2.12369;0.00819239;
0.569655;2.12159;0.00721587;
0.569755;2.11948;0.00819237;
0.569855;2.11738;0.00721587;
0.569955;2.11528;0.00819235;
0.570055;2.11318;0.00721587;
0.570155;2.11108;0.00819232;
0.570255;2.10899;0.00721588;
0.570355;2.10689;0.0081923;
0.570455;2.1048;0.00721588;
0.570555;2.10271;0.00819228;
0.570655;2.10063;0.00721588;
0.570755;2.09854;0.00819225;
0.570855;2.09646;0.00721588;
0.570955;2.09438;0.00819223;
0.571055;2.0923;0.00721588;
0.571155;2.09023;0.00819221;
0.571255;2.08815;0.00721588;
0.571355;2.08608;0.00819218;
0.571455;2.08401;0.00721588;
0.571555;2.08194;0.00819216;
0.571655;2.07988;0.00721588;
0.571755;2.07781;0.00819214;
0.571855;2.07575;0.00721588;
0.571955;2.07369;0.00819212;
0.572055;2.07164;0.00721588;
0.572155;2.06958;0.00819209;
0.572255;2.06753;0.00721588;
0.572355;2.06548;0.00819207;
0.572455;2.06343;0.00721588;
0.572555;2.06138;0.00819205;
0.572655;2.05933;0.00721589;
0.572755;2.05729;0.00819202;
0.572855;2.05525;0.00721589;
0.572955;2.05321;0.008192;
0.573055;2.05117;0.00721589;
0.573155;2.04914;0.00819198;
0.573255;2.04711;0.00721589;
0.573355;2.04507;0.00819195;
0.573455;2.04305;0.00721589;
0.573555;2.04102;0.00819193;
0.573655;2.03899;0.00721589;
0.573755;2.03697;0.00819191;
0.573855;2.03495;0.00721589;
0.573955;2.03293;0.00819188;
0.574055;2.03092;0.00721589;
0.574155;2.0289;0.00819186;
0.574255;2.02689;0.00721589;
0.574355;2.02488;0.00819184;
0.574455;2.02287;0.0072159;
0.574555;2.02086;0.00819181;
0.574655;2.01886;0.0072159;
0.574755;2.01685;0.00819179;
0.574855;2.01485;0.0072159;
0.574955;2.01286;0.00819177;
0.575055;2.01086;0.0072159;
0.575155;2.00886;0.00819175;
0.575255;2.00687;0.0072159;
0.575355;2.00488;0.00819172;
0.575455;2.00289;0.0072159;
0.575555;2.00091;0.0081917;
0.575655;1.99892;0.00721591;
0.575755;1.99694;0.00819168;
0.575855;1.99496;0.00721591;
0.575955;1.99298;0.00819165;
0.576055;1.991;0.00721591;
0.576155;1.98903;0.00819163;
0.576255;1.98705;0.00721591;
0.576355;1.98508;0.00819161;
0.576455;1.98311;0.00721591;
0.576555;1.98115;0.00819158;
0.576655;1.97918;0.00721591;
0.576755;1.97722;0.00819156;
0.576855;1.97526;0.00721592;
0.576955;1.9733;0.00819154;
0.577055;1.97134;0.00721592;
0.577155;1.96939;0.00819152;
0.577255;1.96743;0.00721592;
0.577355;1.96548;0.00819149;
0.577455;1.96353;0.00721592;
0.577555;1.96159;0.00819147;
0.577655;1.95964;0.00721592;
0.577755;1.9577;0.00819145;
0.577855;1.95575;0.00721593;
0.577955;1.95381;0.00819142;
0.578055;1.95188;0.00721593;
0.578155;1.94994;0.0081914;
0.578255;1.94801;0.00721593;
0.578355;1.94608;0.00819138;
0.578455;1.94415;0.00721593;
0.578555;1.94222;0.00819135;
0.578655;1.94029;0.00721593;
0.578755;1.93837;0.00819133;
0.578855;1.93645;0.00721594;
0.578955;1.93452;0.00819131;
0.579055;1.93261;0.00721594;
0.579155;1.93069;0.00819129;
0.579255;1.92878;0.00721594;
0.579355;1.92686;0.00819126;
0.579455;1.92495;0.00721594;
0.579555;1.92304;0.00819124;
0.579655;1.92114;0.00721594;
0.579755;1.91923;0.00819122;
0.579855;1.91733;0.00721595;
0.579955;1.91543;0.00819119;
0.580055;1.91353;0.00721595;
0.580155;1.91163;0.00819117;
0.580255;1.90973;0.00721594;
0.580355;1.90784;0.00819114;
0.580455;1.90595;0.00721594;
0.580555;1.90406;0.00819111;
0.580655;1.90217;0.00721591;
0.580755;1.90029;0.00819107;
0.580855;1.8984;0.00721586;
0.580955;1.89652;0.0081895;
0.581055;1.89464;0.00721393;
0.581155;1.89276;0.00818947;
0.581255;1.89088;0.0072137;
0.581355;1.88901;0.00818943;
0.581455;1.88714;0.00721338;
0.581555;1.88526;0.00818939;
0.581655;1.8834;0.00721295;
0.581755;1.88153;0.00818934;
0.581855;1.87966;0.00721238;
0.581955;1.8778;0.00818929;
0.582055;1.87594;0.00721163;
0.582155;1.87408;0.00818923;
0.582255;1.87222;0.00721063;
0.582355;1.87036;0.00818915;
0.582455;1.86851;0.00720919;
0.582555;1.86666;0.00818906;
0.582655;1.86481;0.00720683;
0.582755;1.86296;0.00818891;
0.582855;1.86111;0.00720117;
0.582955;1.85927;0.00818866;
0.583055;1.85742;0.00718136;
0.583155;1.85558;0.00818911;
0.583255;1.85374;0.00715761;
0.583355;1.85191;0.00819085;
0.583455;1.85007;0.00712607;
0.583467;1.84984;0.0076567;
0.583492;1.84938;0.00764578;
0.583498;1.84927;0.00763842;
0.583499;1.84926;0.00763899;
0.583499;1.84926;0.00763823;
0.583499;1.84926;0.00763813;
0.583499;1.84926;0.00763789;
0.583499;1.84926;0.00763717;
0.583499;1.84925;0.00763349;
0.583499;1.84925;0.00763146;
0.583499;1.84925;0.00762524;
0.583499;1.84925;0.00762268;
0.583499;1.84925;0.00761586;
0.583499;1.84925;0.0075816;
0.583499;1.84925;0.400185;
0.583499;1.84925;2.54414;
0.5835;1.84925;3.42156;
0.5835;1.84925;3.38231;
0.5835;1.84925;3.49028;
0.5835;1.84925;3.52988;
0.5835;1.84925;3.55402;
0.5835;1.84925;3.57927;
0.5835;1.84925;3.58633;
0.5835;1.84925;3.60234;
0.5835;1.84925;3.60341;
0.5835;1.84925;3.61271;
0.5835;1.84925;3.60997;
0.5835;1.84925;3.61552;
0.5835;1.84926;3.61141;
0.5835;1.84926;3.61576;
0.5835;1.84926;3.61154;
0.5835;1.84926;3.61572;
0.583501;1.84927;3.61157;
0.583501;1.84928;3.61565;
0.583502;1.84929;3.6116;
0.583504;1.84932;3.61563;
0.583508;1.84939;3.61161;
0.583516;1.84951;3.61563;
0.583532;1.84976;3.61157;
0.583563;1.85025;3.61563;
0.583626;1.85124;3.61157;
0.583726;1.85282;3.61563;
0.583826;1.85439;3.61157;
0.583926;1.85596;3.61563;
0.584026;1.85754;3.61157;
0.584126;1.85911;3.61563;
0.584226;1.86068;3.61157;
0.584326;1.86225;3.61563;
0.584426;1.86381;3.61157;
0.584526;1.86538;3.61563;
0.584626;1.86695;3.61157;
0.584726;1.86852;3.61563;
0.584826;1.87008;3.61157;
0.584926;1.87165;3.61563;
0.585026;1.87321;3.61157;
0.585126;1.87477;3.61563;
0.585226;1.87633;3.61157;
0.585326;1.8779;3.61563;
0.585426;1.87946;3.61157;
0.585526;1.88102;3.61563;
0.585626;1.88258;3.61157;
0.585726;1.88413;3.61563;
0.585826;1.88569;3.61157;
0.585926;1.88725;3.61563;
0.586026;1.8888;3.61157;
0.586126;1.89036;3.61567;
0.586226;1.89191;3.61161;
0.586326;1.89347;3.61567;
0.586426;1.89502;3.61161;
0.586526;1.89657;3.61567;
0.586626;1.89812;3.61161;
0.586726;1.89968;3.61563;
0.586826;1.90122;3.61157;
0.586926;1.90277;3.61563;
0.587026;1.90432;3.61157;
0.587126;1.90587;3.61563;
0.587226;1.90742;3.61157;
0.587326;1.90896;3.61563;
0.587426;1.91051;3.61157;
0.587526;1.91205;3.61563;
0.587626;1.9136;3.61157;
0.587726;1.91514;3.61563;
0.587826;1.91668;3.61157;
0.587926;1.91822;3.61563;
0.588026;1.91976;3.61157;
0.588126;1.9213;3.61563;
0.588226;1.92284;3.61157;
0.588326;1.92438;3.61563;
0.588426;1.92592;3.61157;
0.588526;1.92745;3.61563;
0.588626;1.92899;3.61157;
0.588726;1.93052;3.61563;
0.588826;1.93206;3.61157;
0.588926;1.93359;3.61563;
0.589026;1.93512;3.61157;
0.589126;1.93666;3.61563;
0.589226;1.93819;3.61157;
0.589326;1.93972;3.61563;
0.589426;1.94125;3.61157;
0.589526;1.94278;3.61563;
0.589626;1.94431;3.61157;
0.589726;1.94583;3.61563;
0.589826;1.94736;3.61157;
0.589926;1.94889;3.61563;
0.590026;1.95041;3.61157;
0.590126;1.95193;3.61563;
0.590226;1.95346;3.61157;
0.590326;1.95498;3.61563;
0.590426;1.9565;3.61157;
0.590526;1.95802;3.61563;
0.590626;1.95955;3.61157;
0.590726;1.96107;3.61563;
0.590826;1.96258;3.61157;
0.590926;1.9641;3.61563;
0.591026;1.96562;3.61157;
0.591126;1.96714;3.61563;
0.591226;1.96865;3.61157;
0.591326;1.97017;3.61563;
0.591426;1.97168;3.61157;
0.591526;1.9732;3.61563;
0.591626;1.97471;3.61157;
0.591726;1.97622;3.61563;
0.591826;1.97773;3.61157;
0.591926;1.97924;3.61563;
0.592026;1.98075;3.61157;
0.592126;1.98226;3.61563;
0.592226;1.98377;3.61157;
0.592326;1.98528;3.61563;
0.592426;1.98679;3.61157;
0.592526;1.98829;3.61563;
0.592626;1.9898;3.61157;
0.592726;1.9913;3.61563;
0.592826;1.99281;3.61157;
0.592926;1.99431;3.61563;
0.593026;1.99581;3.61157;
0.593126;1.99731;3.61563;
0.593226;1.99881;3.61157;
0.593326;2.00031;3.61563;
0.593426;2.00181;3.61157;
0.593526;2.00331;3.61563;
0.593626;2.00481;3.61157;
0.593726;2.00631;3.61563;
0.593826;2.0078;3.61157;
0.593926;2.0093;3.61563;
0.594026;2.01079;3.61157;
0.594126;2.01229;3.61563;
0.594226;2.01378;3.61158;
0.594326;2.01527;3.61563;
0.594426;2.01677;3.61158;
0.594526;2.01826;3.61563;
0.594626;2.01975;3.61158;
0.594726;2.02124;3.61563;
0.594826;2.02273;3.61158;
0.594926;2.02422;3.61563;
0.595026;2.0257;3.61158;
0.595126;2.02719;3.61563;
0.595226;2.02868;3.61158;
0.595326;2.03016;3.61563;
0.595426;2.03164;3.61158;
0.595526;2.03313;3.61563;
0.595626;2.03461;3.61158;
0.595726;2.03609;3.61563;
0.595826;2.03758;3.61158;
0.595926;2.03906;3.61563;
0.596026;2.04054;3.61158;
0.596126;2.04202;3.61563;
0.596226;2.04349;3.61158;
0.596326;2.04497;3.61563;
0.596426;2.04645;3.61158;
0.596526;2.04793;3.61563;
0.596626;2.0494;3.61158;
0.596726;2.05088;3.61563;
0.596826;2.05235;3.61158;
0.596926;2.05382;3.61563;
0.597026;2.0553;3.61158;
0.597126;2.05677;3.61563;
0.597226;2.05824;3.61158;
0.597326;2.05971;3.61563;
0.597426;2.06118;3.61158;
0.597526;2.06265;3.61563;
0.597626;2.06412;3.61158;
0.597726;2.06558;3.61563;
0.597826;2.06705;3.61158;
0.597926;2.06852;3.61563;
0.598026;2.06998;3.61158;
0.598126;2.07145;3.61563;
0.598226;2.07291;3.61158;
0.598326;2.07437;3.61563;
0.598426;2.07584;3.61158;
0.598526;2.0773;3.61563;
0.598626;2.07876;3.61158;
0.598726;2.08022;3.61563;
0.598826;2.08168;3.61158;
0.598926;2.08314;3.61563;
0.599026;2.08459;3.61158;
0.599126;2.08605;3.61563;
0.599226;2.08751;3.61158;
0.599326;2.08896;3.61563;
0.599426;2.09042;3.61158;
0.599526;2.09187;3.61563;
0.599626;2.09333;3.61158;
0.599726;2.09478;3.61563;
0.599826;2.09623;3.61158;
0.599926;2.09768;3.61563;
0.600026;2.09913;3.61158;
0.600126;2.10058;3.61563;
0.600226;2.10203;3.61158;
0.600326;2.10348;3.61563;
0.600426;2.10493;3.61158;
0.600526;2.10638;3.61563;
0.600626;2.10782;3.61158;
0.600726;2.10927;3.61563;
0.600826;2.11071;3.61158;
0.600926;2.11216;3.61563;
0.601026;2.1136;3.61158;
0.601126;2.11504;3.61563;
0.601226;2.11649;3.61158;
0.601326;2.11793;3.61563;
0.601426;2.11937;3.61158;
0.601526;2.12081;3.61563;
0.601626;2.12225;3.61158;
0.601726;2.12369;3.61563;
0.601826;2.12512;3.61158;
0.601926;2.12656;3.61562;
0.602026;2.128;3.61158;
0.602126;2.12943;3.61562;
0.602226;2.13087;3.61158;
0.602326;2.1323;3.61562;
0.602426;2.13374;3.61158;
0.602526;2.13517;3.61562;
0.602626;2.1366;3.61158;
0.602726;2.13803;3.61562;
0.602826;2.13946;3.61158;
0.602926;2.14089;3.61562;
0.603026;2.14232;3.61158;
0.603126;2.14375;3.61562;
0.603226;2.14518;3.61158;
0.603326;2.1466;3.61562;
0.603426;2.14803;3.61158;
0.603526;2.14946;3.61562;
0.603626;2.15088;3.61158;
0.603726;2.1523;3.61562;
0.603826;2.15373;3.61158;
0.603926;2.15515;3.61562;
0.604026;2.15657;3.61158;
0.604126;2.15799;3.61562;
0.604226;2.15941;3.61158;
0.604326;2.16083;3.61562;
0.604426;2.16225;3.61158;
0.604526;2.16367;3.61562;
0.604626;2.16509;3.61158;
0.604726;2.16651;3.61562;
0.604826;2.16792;3.61158;
0.604926;2.16934;3.61562;
0.605026;2.17075;3.61158;
0.605126;2.17217;3.61562;
0.605226;2.17358;3.61158;
0.605326;2.17499;3.61562;
0.605426;2.17641;3.61158;
0.605526;2.17782;3.61562;
0.605626;2.17923;3.61158;
0.605726;2.18064;3.61562;
0.605826;2.18205;3.61158;
0.605926;2.18346;3.61562;
0.606026;2.18486;3.61158;
0.606126;2.18627;3.61562;
0.606226;2.18768;3.61158;
0.606326;2.18908;3.61562;
0.606426;2.19049;3.61158;
0.606526;2.19189;3.61562;
0.606626;2.1933;3.61158;
0.606726;2.1947;3.61562;
0.606826;2.1961;3.61158;
0.606926;2.1975;3.61562;
0.607026;2.1989;3.61158;
0.607126;2.2003;3.61562;
0.607226;2.2017;3.61158;
0.607326;2.2031;3.61562;
0.607426;2.2045;3.61158;
0.607526;2.2059;3.61562;
0.607626;2.20729;3.61158;
0.607726;2.20869;3.61562;
0.607826;2.21009;3.61158;
0.607926;2.21148;3.61562;
0.608026;2.21287;3.61158;
0.608126;2.21427;3.61562;
0.608226;2.21566;3.61158;
0.608326;2.21705;3.61562;
0.608426;2.21844;3.61158;
0.608526;2.21983;3.61562;
0.608626;2.22122;3.61158;
0.608726;2.22261;3.61562;
0.608826;2.224;3.61158;
0.608926;2.22539;3.61562;
0.609026;2.22677;3.61158;
0.609126;2.22816;3.61562;
0.609226;2.22955;3.61158;
0.609326;2.23093;3.61562;
0.609426;2.23231;3.61158;
0.609526;2.2337;3.61562;
0.609626;2.23508;3.61158;
0.609726;2.23646;3.61562;
0.609826;2.23784;3.61158;
0.609926;2.23922;3.61562;
0.610026;2.2406;3.61158;
0.610126;2.24198;3.61562;
0.610226;2.24336;3.61158;
0.610326;2.24474;3.61562;
0.610426;2.24612;3.61158;
0.610526;2.24749;3.61562;
0.610626;2.24887;3.61158;
0.610726;2.25025;3.61562;
0.610826;2.25162;3.61158;
0.610926;2.25299;3.61562;
0.611026;2.25437;3.61158;
0.611126;2.25574;3.61562;
0.611226;2.25711;3.61158;
0.611326;2.25848;3.61562;
0.611426;2.25985;3.61158;
0.611526;2.26122;3.61562;
0.611626;2.26259;3.61158;
0.611726;2.26396;3.61562;
0.611826;2.26533;3.61158;
0.611926;2.26669;3.61562;
0.612026;2.26806;3.61158;
0.612126;2.26943;3.61562;
0.612226;2.27079;3.61158;
0.612326;2.27215;3.61562;
0.612426;2.27352;3.61158;
0.612526;2.27488;3.61562;
0.612626;2.27624;3.61158;
0.612726;2.2776;3.61562;
0.612826;2.27896;3.61158;
0.612926;2.28033;3.61562;
0.613026;2.28168;3.61158;
0.613126;2.28304;3.61562;
0.613226;2.2844;3.61158;
0.613326;2.28576;3.61562;
0.613426;2.28712;3.61158;
0.613526;2.28847;3.61562;
0.613626;2.28983;3.61158;
0.613726;2.29118;3.61562;
0.613826;2.29254;3.61158;
0.613926;2.29389;3.61562;
0.614026;2.29524;3.61158;
0.614126;2.29659;3.61562;
0.614226;2.29794;3.61158;
0.614326;2.2993;3.61562;
0.614426;2.30065;3.61158;
0.614526;2.30199;3.61562;
0.614626;2.30334;3.61158;
0.614726;2.30469;3.61562;
0.614826;2.30604;3.61158;
0.614926;2.30738;3.61562;
0.615026;2.30873;3.61158;
0.615126;2.31008;3.61562;
0.615226;2.31142;3.61158;
0.615326;2.31276;3.61562;
0.615426;2.31411;3.61158;
0.615526;2.31545;3.61562;
0.615626;2.31679;3.61158;
0.615726;2.31813;3.61562;
0.615826;2.31947;3.61158;
0.615926;2.32081;3.61562;
0.616026;2.32215;3.61158;
0.616126;2.32349;3.61562;
0.616226;2.32483;3.61158;
0.616326;2.32617;3.61562;
0.616426;2.3275;3.61158;
0.616526;2.32884;3.61562;
0.616626;2.33017;3.61158;
0.616726;2.33151;3.61562;
0.616826;2.33284;3.61158;
0.616926;2.33418;3.61562;
0.617026;2.33551;3.61158;
0.617126;2.33684;3.61562;
0.617226;2.33817;3.61158;
0.617326;2.3395;3.61562;
0.617426;2.34083;3.61158;
0.617526;2.34216;3.61562;
0.617626;2.34349;3.61158;
0.617726;2.34482;3.61562;
0.617826;2.34614;3.61158;
0.617926;2.34747;3.61562;
0.618026;2.3488;3.61158;
0.618126;2.35012;3.61562;
0.618226;2.35145;3.61158;
0.618326;2.35277;3.61562;
0.618426;2.35409;3.61158;
0.618526;2.35542;3.61562;
0.618626;2.35674;3.61158;
0.618726;2.35806;3.61562;
0.618826;2.35938;3.61158;
0.618926;2.3607;3.61562;
0.619026;2.36202;3.61158;
0.619126;2.36334;3.61562;
0.619226;2.36466;3.61158;
0.619326;2.36597;3.61562;
0.619426;2.36729;3.61158;
0.619526;2.36861;3.61562;
0.619626;2.36992;3.61158;
0.619726;2.37124;3.61562;
0.619826;2.37255;3.61158;
0.619926;2.37386;3.61562;
0.620026;2.37518;3.61158;
0.620126;2.37649;3.61562;
0.620226;2.3778;3.61158;
0.620326;2.37911;3.61562;
0.620426;2.38042;3.61158;
0.620526;2.38173;3.61562;
0.620626;2.38304;3.61158;
0.620726;2.38435;3.61562;
0.620826;2.38565;3.61158;
0.620926;2.38696;3.61562;
0.621026;2.38827;3.61158;
0.621126;2.38957;3.61562;
0.621226;2.39088;3.61158;
0.621326;2.39218;3.61562;
0.621426;2.39348;3.61158;
0.621526;2.39479;3.61562;
0.621626;2.39609;3.61158;
0.621726;2.39739;3.61562;
0.621826;2.39869;3.61158;
0.621926;2.39999;3.61562;
0.622026;2.40129;3.61158;
0.622126;2.40259;3.61562;
0.622226;2.40389;3.61158;
0.622326;2.40519;3.61562;
0.622426;2.40648;3.61158;
0.622526;2.40778;3.61562;
0.622626;2.40908;3.61158;
0.622726;2.41037;3.61562;
0.622826;2.41166;3.61158;
0.622926;2.41296;3.61562;
0.623026;2.41425;3.61158;
0.623126;2.41554;3.61562;
0.623226;2.41684;3.61158;
0.623326;2.41813;3.61562;
0.623426;2.41942;3.61158;
0.623526;2.42071;3.61562;
0.623626;2.422;3.61158;
0.623726;2.42329;3.61562;
0.623826;2.42457;3.61158;
0.623926;2.42586;3.61562;
0.624026;2.42715;3.61158;
0.624126;2.42843;3.61562;
0.624226;2.42972;3.61158;
0.624326;2.431;3.61562;
0.624426;2.43229;3.61158;
0.624526;2.43357;3.61562;
0.624626;2.43485;3.61158;
0.624726;2.43614;3.61562;
0.624826;2.43742;3.61158;
0.624926;2.4387;3.61562;
0.625026;2.43998;3.61158;
0.625126;2.44126;3.61562;
0.625226;2.44254;3.61158;
0.625326;2.44382;3.61562;
0.625426;2.44509;3.61158;
0.625526;2.44637;3.61562;
0.625626;2.44765;3.61158;
0.625726;2.44892;3.61562;
0.625826;2.4502;3.61158;
0.625926;2.45147;3.61562;
0.626026;2.45275;3.61158;
0.626126;2.45402;3.61562;
0.626226;2.45529;3.61158;
0.626326;2.45656;3.61562;
0.626426;2.45784;3.61158;
0.626526;2.45911;3.61562;
0.626626;2.46038;3.61158;
0.626726;2.46165;3.61562;
0.626826;2.46291;3.61158;
0.626926;2.46418;3.61562;
0.627026;2.46545;3.61158;
0.627126;2.46672;3.61562;
0.627226;2.46798;3.61158;
0.627326;2.46925;3.61562;
0.627426;2.47051;3.61158;
0.627526;2.47178;3.61562;
0.627626;2.47304;3.61158;
0.627726;2.47431;3.61562;
0.627826;2.47557;3.61158;
0.627926;2.47683;3.61562;
0.628026;2.47809;3.61158;
0.628126;2.47935;3.61562;
0.628226;2.48061;3.61158;
0.628326;2.48187;3.61562;
0.628426;2.48313;3.61158;
0.628526;2.48439;3.61562;
0.628626;2.48564;3.61158;
0.628726;2.4869;3.61562;
0.628826;2.48816;3.61158;
0.628926;2.48941;3.61562;
0.629026;2.49067;3.61158;
0.629126;2.49192;3.61562;
0.629226;2.49318;3.61158;
0.629326;2.49443;3.61562;
0.629426;2.49568;3.61158;
0.629526;2.49693;3.61562;
0.629626;2.49818;3.61158;
0.629726;2.49943;3.61562;
0.629826;2.50068;3.61158;
0.629926;2.50193;3.61562;
0.630026;2.50318;3.61158;
0.630126;2.50443;3.61562;
0.630226;2.50568;3.61158;
0.630326;2.50692;3.61562;
0.630426;2.50817;3.61158;
0.630526;2.50942;3.61562;
0.630626;2.51066;3.61158;
0.630726;2.51191;3.61562;
0.630826;2.51315;3.61158;
0.630926;2.51439;3.61562;
0.631026;2.51564;3.61158;
0.631126;2.51688;3.61562;
0.631226;2.51812;3.61158;
0.631326;2.51936;3.61562;
0.631426;2.5206;3.61158;
0.631526;2.52184;3.61562;
0.631626;2.52308;3.61158;
0.631726;2.52431;3.61562;
0.631826;2.52555;3.61158;
0.631926;2.52679;3.61562;
0.632026;2.52803;3.61158;
0.632126;2.52926;3.61562;
0.632226;2.5305;3.61158;
0.632326;2.53173;3.61562;
0.632426;2.53296;3.61158;
0.632526;2.5342;3.61562;
0.632626;2.53543;3.61158;
0.632726;2.53666;3.61562;
0.632826;2.53789;3.61158;
0.632926;2.53912;3.61562;
0.633026;2.54035;3.61158;
0.633126;2.54158;3.61562;
0.633226;2.54281;3.61158;
0.633326;2.54404;3.61562;
0.633426;2.54527;3.61158;
0.633526;2.54649;3.61562;
0.633626;2.54772;3.61158;
0.633726;2.54895;3.61562;
0.633826;2.55017;3.61158;
0.633926;2.5514;3.61562;
0.634026;2.55262;3.61158;
0.634126;2.55384;3.61562;
0.634226;2.55507;3.61158;
0.634326;2.55629;3.61562;
0.634426;2.55751;3.61158;
0.634526;2.55873;3.61562;
0.634626;2.55995;3.61158;
0.634726;2.56117;3.61562;
0.634826;2.56239;3.61158;
0.634926;2.56361;3.61562;
0.635026;2.56483;3.61158;
0.635126;2.56604;3.61562;
0.635226;2.56726;3.61158;
0.635326;2.56848;3.61562;
0.635426;2.56969;3.61158;
0.635526;2.57091;3.61562;
0.635626;2.57212;3.61158;
0.635726;2.57333;3.61562;
0.635826;2.57455;3.61158;
0.635926;2.57576;3.61562;
0.636026;2.57697;3.61158;
0.636126;2.57818;3.61562;
0.636226;2.57939;3.61158;
0.636326;2.5806;3.61562;
0.636426;2.58181;3.61158;
0.636526;2.58302;3.61562;
0.636626;2.58423;3.61158;
0.636726;2.58544;3.61562;
0.636826;2.58664;3.61158;
0.636926;2.58785;3.61562;
0.637026;2.58906;3.61158;
0.637126;2.59026;3.61562;
0.637226;2.59146;3.61158;
0.637326;2.59267;3.61562;
0.637426;2.59387;3.61158;
0.637526;2.59507;3.61562;
0.637626;2.59628;3.61158;
0.637726;2.59748;3.61562;
0.637826;2.59868;3.61158;
0.637926;2.59988;3.61562;
0.638026;2.60108;3.61158;
0.638126;2.60228;3.61562;
0.638226;2.60348;3.61158;
0.638326;2.60467;3.61562;
0.638426;2.60587;3.61158;
0.638526;2.60707;3.61562;
0.638626;2.60826;3.61158;
0.638726;2.60946;3.61562;
0.638826;2.61066;3.61158;
0.638926;2.61185;3.61562;
0.639026;2.61304;3.61158;
0.639126;2.61424;3.61562;
0.639226;2.61543;3.61158;
0.639326;2.61662;3.61562;
0.639426;2.61781;3.61158;
0.639526;2.619;3.61562;
0.639626;2.62019;3.61158;
0.639726;2.62138;3.61562;
0.639826;2.62257;3.61158;
0.639926;2.62376;3.61562;
0.640026;2.62495;3.61158;
0.640126;2.62613;3.61562;
0.640226;2.62732;3.61158;
0.640326;2.62851;3.61562;
0.640426;2.62969;3.61158;
0.640526;2.63088;3.61562;
0.640626;2.63206;3.61158;
0.640726;2.63325;3.61562;
0.640826;2.63443;3.61158;
0.640926;2.63561;3.61562;
0.641026;2.63679;3.61158;
0.641126;2.63797;3.61562;
0.641226;2.63915;3.61158;
0.641326;2.64033;3.61562;
0.641426;2.64151;3.61158;
0.641526;2.64269;3.61562;
0.641626;2.64387;3.61158;
0.641726;2.64505;3.61562;
0.641826;2.64623;3.61158;
0.641926;2.6474;3.61562;
0.642026;2.64858;3.61158;
0.642126;2.64975;3.61562;
0.642226;2.65093;3.61158;
0.642326;2.6521;3.61562;
0.642426;2.65328;3.61158;
0.642526;2.65445;3.61562;
0.642626;2.65562;3.61158;
0.642726;2.65679;3.61562;
0.642826;2.65796;3.61158;
0.642926;2.65914;3.61562;
0.643026;2.66031;3.61158;
0.643126;2.66148;3.61562;
0.643226;2.66264;3.61158;
0.643326;2.66381;3.61562;
0.643426;2.66498;3.61158;
0.643526;2.66615;3.61562;
0.643626;2.66731;3.61158;
0.643726;2.66848;3.61562;
0.643826;2.66965;3.61158;
0.643926;2.67081;3.61562;
0.644026;2.67197;3.61158;
0.644126;2.67314;3.61562;
0.644226;2.6743;3.61158;
0.644326;2.67546;3.61562;
0.644426;2.67663;3.61158;
0.644526;2.67779;3.61562;
0.644626;2.67895;3.61158;
0.644726;2.68011;3.61562;
0.644826;2.68127;3.61158;
0.644926;2.68243;3.61562;
0.645026;2.68358;3.61158;
0.645126;2.68474;3.61562;
0.645226;2.6859;3.61158;
0.645326;2.68706;3.61562;
0.645426;2.68821;3.61158;
0.645526;2.68937;3.61562;
0.645626;2.69052;3.61158;
0.645726;2.69168;3.61562;
0.645826;2.69283;3.61158;
0.645926;2.69398;3.61562;
0.646026;2.69514;3.61158;
0.646126;2.69629;3.61562;
0.646226;2.69744;3.61158;
0.646326;2.69859;3.61562;
0.646426;2.69974;3.61158;
0.646526;2.70089;3.61562;
0.646626;2.70204;3.61158;
0.646726;2.70319;3.61562;
0.646826;2.70434;3.61158;
0.646926;2.70549;3.61562;
0.647026;2.70663;3.61158;
0.647126;2.70778;3.61562;
0.647226;2.70892;3.61158;
0.647326;2.71007;3.61562;
0.647426;2.71121;3.61158;
0.647526;2.71236;3.61562;
0.647626;2.7135;3.61158;
0.647726;2.71464;3.61562;
0.647826;2.71579;3.61158;
0.647926;2.71693;3.61562;
0.648026;2.71807;3.61158;
0.648126;2.71921;3.61562;
0.648226;2.72035;3.61158;
0.648326;2.72149;3.61562;
0.648426;2.72263;3.61158;
0.648526;2.72377;3.61562;
0.648626;2.7249;3.61158;
0.648726;2.72604;3.61562;
0.648826;2.72718;3.61158;
0.648926;2.72831;3.61562;
0.649026;2.72945;3.61158;
0.649126;2.73059;3.61562;
0.649226;2.73172;3.61158;
0.649326;2.73285;3.61562;
0.649426;2.73399;3.61158;
0.649526;2.73512;3.61562;
0.649626;2.73625;3.61158;
0.649726;2.73738;3.61562;
0.649826;2.73851;3.61158;
0.649926;2.73964;3.61562;
0.650026;2.74077;3.61158;
0.650126;2.7419;3.61562;
0.650226;2.74303;3.61159;
0.650326;2.74416;3.61562;
0.650426;2.74529;3.61159;
0.650526;2.74641;3.61562;
0.650626;2.74754;3.61159;
0.650726;2.74867;3.61562;
0.650826;2.74979;3.61159;
0.650926;2.75092;3.61562;
0.651026;2.75204;3.61159;
0.651126;2.75317;3.61562;
0.651226;2.75429;3.61159;
0.651326;2.75541;3.61562;
0.651426;2.75653;3.61159;
0.651526;2.75765;3.61562;
0.651626;2.75877;3.61159;
0.651726;2.7599;3.61562;
0.651826;2.76101;3.61159;
0.651926;2.76213;3.61562;
0.652026;2.76325;3.61159;
0.652126;2.76437;3.61562;
0.652226;2.76549;3.61159;
0.652326;2.7666;3.61562;
0.652426;2.76772;3.61159;
0.652526;2.76884;3.61562;
0.652626;2.76995;3.61159;
0.652726;2.77107;3.61562;
0.652826;2.77218;3.61159;
0.652926;2.77329;3.61562;
0.653026;2.77441;3.61159;
0.653126;2.77552;3.61562;
0.653226;2.77663;3.61159;
0.653326;2.77774;3.61562;
0.653426;2.77885;3.61159;
0.653526;2.77996;3.61562;
0.653626;2.78107;3.61159;
0.653726;2.78218;3.61562;
0.653826;2.78329;3.61159;
0.653926;2.7844;3.61562;
0.654026;2.78551;3.61159;
0.654126;2.78661;3.61562;
0.654226;2.78772;3.61159;
0.654326;2.78883;3.61562;
0.654426;2.78993;3.61159;
0.654526;2.79104;3.61562;
0.654626;2.79214;3.61159;
0.654726;2.79324;3.61562;
0.654826;2.79435;3.61159;
0.654926;2.79545;3.61562;
0.655026;2.79655;3.61159;
0.655126;2.79765;3.61562;
0.655226;2.79875;3.61159;
0.655326;2.79985;3.61562;
0.655426;2.80095;3.61159;
0.655526;2.80205;3.61562;
0.655626;2.80315;3.61159;
0.655726;2.80425;3.61562;
0.655826;2.80535;3.61159;
0.655926;2.80644;3.61562;
0.656026;2.80754;3.61159;
0.656126;2.80864;3.61562;
0.656226;2.80973;3.61159;
0.656326;2.81083;3.61562;
0.656426;2.81192;3.61159;
0.656526;2.81301;3.61562;
0.656626;2.81411;3.61159;
0.656726;2.8152;3.61562;
0.656826;2.81629;3.61159;
0.656926;2.81738;3.61561;
0.657026;2.81847;3.61159;
0.657126;2.81957;3.61561;
0.657226;2.82066;3.61159;
0.657326;2.82174;3.61561;
0.657426;2.82283;3.61159;
0.657526;2.82392;3.61561;
0.657626;2.82501;3.61159;
0.657726;2.8261;3.61561;
0.657826;2.82718;3.61159;
0.657926;2.82827;3.61561;
0.658026;2.82935;3.61159;
0.658126;2.83044;3.61561;
0.658226;2.83152;3.61159;
0.658326;2.83261;3.61561;
0.658426;2.83369;3.61159;
0.658526;2.83477;3.61561;
0.658626;2.83586;3.61159;
0.658726;2.83694;3.61561;
0.658826;2.83802;3.61159;
0.658926;2.8391;3.61561;
0.659026;2.84018;3.61159;
0.659126;2.84126;3.61561;
0.659226;2.84234;3.61159;
0.659326;2.84342;3.61561;
0.659426;2.8445;3.61159;
0.659526;2.84557;3.61561;
0.659626;2.84665;3.61159;
0.659726;2.84773;3.61561;
0.659826;2.8488;3.61159;
0.659926;2.84988;3.61561;
0.660026;2.85095;3.61159;
0.660126;2.85203;3.61561;
0.660226;2.8531;3.61159;
0.660326;2.85417;3.61561;
0.660426;2.85524;3.61159;
0.660526;2.85632;3.61561;
0.660626;2.85739;3.61159;
0.660726;2.85846;3.61561;
0.660826;2.85953;3.61159;
0.660926;2.8606;3.61561;
0.661026;2.86167;3.61159;
0.661126;2.86274;3.61561;
0.661226;2.86381;3.61159;
0.661326;2.86487;3.61561;
0.661426;2.86594;3.61159;
0.661526;2.86701;3.61561;
0.661626;2.86807;3.61159;
0.661726;2.86914;3.61561;
0.661826;2.8702;3.61159;
0.661926;2.87127;3.61561;
0.662026;2.87233;3.61159;
0.662126;2.8734;3.61561;
0.662226;2.87446;3.61159;
0.662326;2.87552;3.61561;
0.662426;2.87658;3.61159;
0.662526;2.87765;3.61561;
0.662626;2.87871;3.61159;
0.662726;2.87977;3.61561;
0.662826;2.88083;3.61159;
0.662926;2.88189;3.61561;
0.663026;2.88294;3.61159;
0.663126;2.884;3.61561;
0.663226;2.88506;3.61159;
0.663326;2.88612;3.61561;
0.663426;2.88717;3.61159;
0.663526;2.88823;3.61561;
0.663626;2.88929;3.61159;
0.663726;2.89034;3.61561;
0.663826;2.8914;3.61159;
0.663926;2.89245;3.61561;
0.664026;2.8935;3.61159;
0.664126;2.89456;3.61561;
0.664226;2.89561;3.61159;
0.664326;2.89666;3.61561;
0.664426;2.89771;3.61159;
0.664526;2.89876;3.61561;
0.664626;2.89981;3.61159;
0.664726;2.90086;3.61561;
0.664826;2.90191;3.61159;
0.664926;2.90296;3.61561;
0.665026;2.90401;3.61159;
0.665126;2.90506;3.61561;
0.665226;2.9061;3.61159;
0.665326;2.90715;3.61561;
0.665426;2.9082;3.61159;
0.665526;2.90924;3.61561;
0.665626;2.91029;3.61159;
0.665726;2.91133;3.61561;
0.665826;2.91237;3.61159;
0.665926;2.91342;3.61561;
0.666026;2.91446;3.61159;
0.666126;2.9155;3.61561;
0.666226;2.91655;3.61159;
0.666326;2.91759;3.61561;
0.666426;2.91863;3.61159;
0.666526;2.91967;3.61561;
0.666626;2.92071;3.61159;
0.666726;2.92175;3.61561;
0.666826;2.92279;3.61159;
0.666926;2.92382;3.61561;
0.667026;2.92486;3.61159;
0.667126;2.9259;3.61561;
0.667226;2.92694;3.61159;
0.667326;2.92797;3.61561;
0.667426;2.92901;3.61159;
0.667526;2.93004;3.61561;
0.667626;2.93108;3.61159;
0.667726;2.93211;3.61561;
0.667826;2.93315;3.61159;
0.667926;2.93418;3.61561;
0.668026;2.93521;3.61159;
0.668126;2.93624;3.61561;
0.668226;2.93727;3.61159;
0.668326;2.93831;3.61561;
0.668426;2.93934;3.61159;
0.668526;2.94037;3.61561;
0.668626;2.9414;3.61159;
0.668726;2.94242;3.61561;
0.668826;2.94345;3.61159;
0.668926;2.94448;3.61561;
0.669026;2.94551;3.61159;
0.669126;2.94654;3.61561;
0.669226;2.94756;3.61159;
0.669326;2.94859;3.61561;
0.669426;2.94961;3.61159;
0.669526;2.95064;3.61561;
0.669626;2.95166;3.61159;
0.669726;2.95269;3.61561;
0.669826;2.95371;3.61159;
0.669926;2.95473;3.61561;
0.670026;2.95575;3.61159;
0.670126;2.95678;3.61561;
0.670226;2.9578;3.61159;
0.670326;2.95882;3.61561;
0.670426;2.95984;3.61159;
0.670526;2.96086;3.61561;
0.670626;2.96188;3.61159;
0.670726;2.9629;3.61561;
0.670826;2.96391;3.61159;
0.670926;2.96493;3.61561;
0.671026;2.96595;3.61159;
0.671126;2.96697;3.61561;
0.671226;2.96798;3.61159;
0.671326;2.969;3.61561;
0.671426;2.97001;3.61159;
0.671526;2.97103;3.61561;
0.671626;2.97204;3.61159;
0.671726;2.97306;3.61561;
0.671826;2.97407;3.61159;
0.671926;2.97508;3.61561;
0.672026;2.97609;3.61159;
0.672126;2.9771;3.61561;
0.672226;2.97812;3.61159;
0.672326;2.97913;3.61561;
0.672426;2.98014;3.61159;
0.672526;2.98115;3.61561;
0.672626;2.98216;3.61159;
0.672726;2.98316;3.61561;
0.672826;2.98417;3.61159;
0.672926;2.98518;3.61561;
0.673026;2.98619;3.61159;
0.673126;2.98719;3.61561;
0.673226;2.9882;3.61159;
0.673326;2.9892;3.61561;
0.673426;2.99021;3.61159;
0.673526;2.99121;3.61561;
0.673626;2.99222;3.61159;
0.673726;2.99322;3.61561;
0.673826;2.99423;3.61159;
0.673926;2.99523;3.61561;
0.674026;2.99623;3.61159;
0.674126;2.99723;3.61561;
0.674226;2.99823;3.61159;
0.674326;2.99923;3.61561;
0.674426;3.00023;3.61159;
0.674526;3.00123;3.61561;
0.674626;3.00223;3.61159;
0.674726;3.00323;3.61561;
0.674826;3.00423;3.61159;
0.674926;3.00523;3.61561;
0.675026;3.00622;3.61159;
0.675126;3.00722;3.61561;
0.675226;3.00822;3.61159;
0.675326;3.00921;3.61561;
0.675426;3.01021;3.61159;
0.675526;3.0112;3.61561;
0.675626;3.01219;3.61159;
0.675726;3.01319;3.61561;
0.675826;3.01418;3.61159;
0.675926;3.01517;3.61561;
0.676026;3.01617;3.61159;
0.676126;3.01716;3.61561;
0.676226;3.01815;3.61159;
0.676326;3.01914;3.61561;
0.676426;3.02013;3.61159;
0.676526;3.02112;3.61561;
0.676626;3.02211;3.61159;
0.676726;3.0231;3.61561;
0.676826;3.02408;3.61159;
0.676926;3.02507;3.61561;
0.677026;3.02606;3.61159;
0.677126;3.02705;3.61561;
0.677226;3.02803;3.61159;
0.677326;3.02902;3.61561;
0.677426;3.03;3.61159;
0.677526;3.03099;3.61561;
0.677626;3.03197;3.61159;
0.677726;3.03295;3.61561;
0.677826;3.03394;3.61159;
0.677926;3.03492;3.61561;
0.678026;3.0359;3.61159;
0.678126;3.03688;3.61561;
0.678226;3.03787;3.61159;
0.678326;3.03885;3.61561;
0.678426;3.03983;3.61159;
0.678526;3.04081;3.61561;
0.678626;3.04179;3.61159;
0.678726;3.04276;3.61561;
0.678826;3.04374;3.61159;
0.678926;3.04472;3.61561;
0.679026;3.0457;3.61159;
0.679126;3.04667;3.61561;
0.679226;3.04765;3.61159;
0.679326;3.04863;3.61561;
0.679426;3.0496;3.61159;
0.679526;3.05058;3.61561;
0.679626;3.05155;3.61159;
0.679726;3.05253;3.61561;
0.679826;3.0535;3.61159;
0.679926;3.05447;3.61561;
0.680026;3.05544;3.61159;
0.680126;3.05642;3.61561;
0.680226;3.05739;3.61159;
0.680326;3.05836;3.61561;
0.680426;3.05933;3.61159;
0.680526;3.0603;3.61561;
0.680626;3.06127;3.61159;
0.680726;3.06224;3.61561;
0.680826;3.06321;3.61159;
0.680926;3.06417;3.61561;
0.681026;3.06514;3.61159;
0.681126;3.06611;3.61561;
0.681226;3.06707;3.61159;
0.681326;3.06804;3.61561;
0.681426;3.06901;3.61159;
0.681526;3.06997;3.61561;
0.681626;3.07094;3.61159;
0.681726;3.0719;3.61561;
0.681826;3.07286;3.61159;
0.681926;3.07383;3.61561;
0.682026;3.07479;3.61159;
0.682126;3.07575;3.61561;
0.682226;3.07671;3.61159;
0.682326;3.07768;3.61561;
0.682426;3.07864;3.61159;
0.682526;3.0796;3.61561;
0.682626;3.08056;3.61159;
0.682726;3.08152;3.61561;
0.682826;3.08247;3.61159;
0.682926;3.08343;3.61561;
0.683026;3.08439;3.61159;
0.683126;3.08535;3.61561;
0.683226;3.08631;3.61159;
0.683326;3.08726;3.61561;
0.683426;3.08822;3.61159;
0.683526;3.08917;3.61561;
0.683626;3.09013;3.61159;
0.683726;3.09108;3.61561;
0.683826;3.09204;3.61159;
0.683926;3.09299;3.61561;
0.684026;3.09394;3.61159;
0.684126;3.0949;3.61561;
0.684226;3.09585;3.61159;
0.684326;3.0968;3.61561;
0.684426;3.09775;3.61159;
0.684526;3.0987;3.61561;
0.684626;3.09965;3.61159;
0.684726;3.1006;3.61561;
0.684826;3.10155;3.61159;
0.684926;3.1025;3.61561;
0.685026;3.10345;3.61159;
0.685126;3.1044;3.61561;
0.685226;3.10534;3.61159;
0.685326;3.10629;3.61561;
0.685426;3.10724;3.6116;
0.685526;3.10818;3.61561;
0.685626;3.10913;3.6116;
0.685726;3.11007;3.61561;
0.685826;3.11102;3.6116;
0.685926;3.11196;3.61561;
0.686026;3.11291;3.6116;
0.686126;3.11385;3.61561;
0.686226;3.11479;3.6116;
0.686326;3.11573;3.61561;
0.686426;3.11668;3.6116;
0.686526;3.11762;3.61561;
0.686626;3.11856;3.6116;
0.686726;3.1195;3.61561;
0.686826;3.12044;3.6116;
0.686926;3.12138;3.61561;
0.687026;3.12232;3.6116;
0.687126;3.12326;3.61561;
0.687226;3.12419;3.6116;
0.687326;3.12513;3.61561;
0.687426;3.12607;3.6116;
0.687526;3.127;3.61561;
0.687626;3.12794;3.6116;
0.687726;3.12888;3.61561;
0.687826;3.12981;3.6116;
0.687926;3.13075;3.61561;
0.688026;3.13168;3.6116;
0.688126;3.13261;3.61561;
0.688226;3.13355;3.6116;
0.688326;3.13448;3.61561;
0.688426;3.13541;3.6116;
0.688526;3.13634;3.61561;
0.688626;3.13728;3.6116;
0.688726;3.13821;3.61561;
0.688826;3.13914;3.6116;
0.688926;3.14007;3.61561;
0.689026;3.141;3.6116;
0.689126;3.14193;3.61561;
0.689226;3.14285;3.6116;
0.689326;3.14378;3.61561;
0.689426;3.14471;3.6116;
0.689526;3.14564;3.61561;
0.689626;3.14656;3.6116;
0.689726;3.14749;3.61561;
0.689826;3.14842;3.6116;
0.689926;3.14934;3.61561;
0.690026;3.15027;3.6116;
0.690126;3.15119;3.61561;
0.690226;3.15211;3.6116;
0.690326;3.15304;3.61561;
0.690426;3.15396;3.6116;
0.690526;3.15488;3.61561;
0.690626;3.15581;3.6116;
0.690726;3.15673;3.61561;
0.690826;3.15765;3.6116;
0.690926;3.15857;3.61561;
0.691026;3.15949;3.6116;
0.691126;3.16041;3.61561;
0.691226;3.16133;3.6116;
0.691326;3.16225;3.61561;
0.691426;3.16317;3.6116;
0.691526;3.16408;3.61561;
0.691626;3.165;3.6116;
0.691726;3.16592;3.61561;
0.691826;3.16684;3.6116;
0.691926;3.16775;3.61561;
0.692026;3.16867;3.6116;
0.692126;3.16958;3.61561;
0.692226;3.1705;3.6116;
0.692326;3.17141;3.61561;
0.692426;3.17233;3.6116;
0.692526;3.17324;3.61561;
0.692626;3.17415;3.6116;
0.692726;3.17506;3.61561;
0.692826;3.17598;3.6116;
0.692926;3.17689;3.61561;
0.693026;3.1778;3.6116;
0.693126;3.17871;3.6156;
0.693226;3.17962;3.6116;
0.693326;3.18053;3.6156;
0.693426;3.18144;3.6116;
0.693526;3.18235;3.6156;
0.693626;3.18326;3.6116;
0.693726;3.18416;3.6156;
0.693826;3.18507;3.6116;
0.693926;3.18598;3.6156;
0.694026;3.18689;3.6116;
0.694126;3.18779;3.6156;
0.694226;3.1887;3.6116;
0.694326;3.1896;3.6156;
0.694426;3.19051;3.6116;
0.694526;3.19141;3.6156;
0.694626;3.19232;3.6116;
0.694726;3.19322;3.6156;
0.694826;3.19412;3.6116;
0.694926;3.19502;3.6156;
0.695026;3.19593;3.6116;
0.695126;3.19683;3.6156;
0.695226;3.19773;3.6116;
0.695326;3.19863;3.6156;
0.695426;3.19953;3.6116;
0.695526;3.20043;3.6156;
0.695626;3.20133;3.6116;
0.695726;3.20223;3.6156;
0.695826;3.20313;3.6116;
0.695926;3.20402;3.6156;
0.696026;3.20492;3.6116;
0.696126;3.20582;3.6156;
0.696226;3.20672;3.6116;
0.696326;3.20761;3.6156;
0.696426;3.20851;3.6116;
0.696526;3.2094;3.6156;
0.696626;3.2103;3.6116;
0.696726;3.21119;3.6156;
0.696826;3.21209;3.6116;
0.696926;3.21298;3.6156;
0.697026;3.21387;3.6116;
0.697126;3.21476;3.6156;
0.697226;3.21566;3.6116;
0.697326;3.21655;3.6156;
0.697426;3.21744;3.6116;
0.697526;3.21833;3.6156;
0.697626;3.21922;3.6116;
0.697726;3.22011;3.6156;
0.697826;3.221;3.6116;
0.697926;3.22189;3.6156;
0.698026;3.22278;3.6116;
0.698126;3.22367;3.6156;
0.698226;3.22455;3.6116;
0.698326;3.22544;3.6156;
0.698426;3.22633;3.6116;
0.698526;3.22721;3.6156;
0.698626;3.2281;3.6116;
0.698726;3.22898;3.6156;
0.698826;3.22987;3.6116;
0.698926;3.23075;3.6156;
0.699026;3.23164;3.6116;
0.699126;3.23252;3.6156;
0.699226;3.23341;3.6116;
0.699326;3.23429;3.6156;
0.699426;3.23517;3.6116;
0.699526;3.23605;3.6156;
0.699626;3.23693;3.6116;
0.699726;3.23781;3.6156;
0.699826;3.23869;3.6116;
0.699926;3.23958;3.6156;
0.700026;3.24045;3.6116;
0.700126;3.24133;3.6156;
0.700226;3.24221;3.6116;
0.700326;3.24309;3.6156;
0.700426;3.24397;3.6116;
0.700526;3.24485;3.6156;
0.700626;3.24572;3.6116;
0.700726;3.2466;3.6156;
0.700826;3.24748;3.6116;
0.700926;3.24835;3.6156;
0.701026;3.24923;3.6116;
0.701126;3.2501;3.6156;
0.701226;3.25098;3.6116;
0.701326;3.25185;3.6156;
0.701426;3.25272;3.6116;
0.701526;3.2536;3.6156;
0.701626;3.25447;3.6116;
0.701726;3.25534;3.6156;
0.701826;3.25621;3.6116;
0.701926;3.25708;3.6156;
0.702026;3.25796;3.6116;
0.702126;3.25883;3.6156;
0.702226;3.2597;3.6116;
0.702326;3.26057;3.6156;
0.702426;3.26143;3.6116;
0.702526;3.2623;3.6156;
0.702626;3.26317;3.6116;
0.702726;3.26404;3.6156;
0.702826;3.26491;3.6116;
0.702926;3.26577;3.6156;
0.703026;3.26664;3.6116;
0.703126;3.26751;3.6156;
0.703226;3.26837;3.6116;
0.703326;3.26924;3.6156;
0.703426;3.2701;3.6116;
0.703526;3.27097;3.6156;
0.703626;3.27183;3.6116;
0.703726;3.27269;3.6156;
0.703826;3.27356;3.6116;
0.703926;3.27442;3.6156;
0.704026;3.27528;3.6116;
0.704126;3.27614;3.6156;
0.704226;3.277;3.6116;
0.704326;3.27787;3.6156;
0.704426;3.27873;3.6116;
0.704526;3.27959;3.6156;
0.704626;3.28044;3.6116;
0.704726;3.2813;3.6156;
0.704826;3.28216;3.6116;
0.704926;3.28302;3.6156;
0.705026;3.28388;3.6116;
0.705126;3.28474;3.6156;
0.705226;3.28559;3.6116;
0.705326;3.28645;3.6156;
0.705426;3.28731;3.6116;
0.705526;3.28816;3.6156;
0.705626;3.28902;3.6116;
0.705726;3.28987;3.6156;
0.705826;3.29073;3.6116;
0.705926;3.29158;3.6156;
0.706026;3.29243;3.6116;
0.706126;3.29329;3.6156;
0.706226;3.29414;3.6116;
0.706326;3.29499;3.6156;
0.706426;3.29584;3.6116;
0.706526;3.29669;3.6156;
0.706626;3.29755;3.6116;
0.706726;3.2984;3.6156;
0.706826;3.29925;3.6116;
0.706926;3.3001;3.6156;
0.707026;3.30094;3.6116;
0.707126;3.30179;3.6156;
0.707226;3.30264;3.6116;
0.707326;3.30349;3.6156;
0.707426;3.30434;3.6116;
0.707526;3.30518;3.6156;
0.707626;3.30603;3.6116;
0.707726;3.30688;3.6156;
0.707826;3.30772;3.6116;
0.707926;3.30857;3.6156;
0.708026;3.30941;3.6116;
0.708126;3.31026;3.6156;
0.708226;3.3111;3.6116;
0.708326;3.31195;3.6156;
0.708426;3.31279;3.6116;
0.708526;3.31363;3.6156;
0.708626;3.31447;3.6116;
0.708726;3.31532;3.6156;
0.708826;3.31616;3.6116;
0.708926;3.317;3.6156;
0.709026;3.31784;3.6116;
0.709126;3.31868;3.6156;
0.709226;3.31952;3.6116;
0.709326;3.32036;3.6156;
0.709426;3.3212;3.6116;
0.709526;3.32204;3.6156;
0.709626;3.32288;3.6116;
0.709726;3.32371;3.6156;
0.709826;3.32455;3.6116;
0.709926;3.32539;3.6156;
0.710026;3.32622;3.6116;
0.710126;3.32706;3.6156;
0.710226;3.3279;3.6116;
0.710326;3.32873;3.6156;
0.710426;3.32957;3.6116;
0.710526;3.3304;3.6156;
0.710626;3.33123;3.6116;
0.710726;3.33207;3.6156;
0.710826;3.3329;3.6116;
0.710926;3.33373;3.6156;
0.711026;3.33457;3.6116;
0.711126;3.3354;3.6156;
0.711226;3.33623;3.6116;
0.711326;3.33706;3.6156;
0.711426;3.33789;3.6116;
0.711526;3.33872;3.6156;
0.711626;3.33955;3.6116;
0.711726;3.34038;3.6156;
0.711826;3.34121;3.6116;
0.711926;3.34204;3.6156;
0.712026;3.34286;3.6116;
0.712126;3.34369;3.6156;
0.712226;3.34452;3.6116;
0.712326;3.34535;3.6156;
0.712426;3.34617;3.6116;
0.712526;3.347;3.6156;
0.712626;3.34782;3.6116;
0.712726;3.34865;3.6156;
0.712826;3.34947;3.6116;
0.712926;3.3503;3.6156;
0.713026;3.35112;3.6116;
0.713126;3.35195;3.6156;
0.713226;3.35277;3.6116;
0.713326;3.35359;3.6156;
0.713426;3.35441;3.6116;
0.713526;3.35524;3.6156;
0.713626;3.35606;3.6116;
0.713726;3.35688;3.6156;
0.713826;3.3577;3.6116;
0.713926;3.35852;3.61564;
0.714026;3.35934;3.61164;
0.714126;3.36016;3.61564;
0.714226;3.36098;3.61164;
0.714326;3.3618;3.61564;
0.714426;3.36261;3.61164;
0.714526;3.36343;3.61564;
0.714626;3.36425;3.61164;
0.714726;3.36507;3.61564;
0.714826;3.36588;3.61164;
0.714926;3.3667;3.61564;
0.715026;3.36751;3.61164;
0.715126;3.36833;3.61564;
0.715226;3.36914;3.61164;
0.715326;3.36996;3.61564;
0.715426;3.37077;3.61164;
0.715526;3.37159;3.61564;
0.715626;3.3724;3.61164;
0.715726;3.37321;3.61564;
0.715826;3.37402;3.61164;
0.715926;3.37484;3.61564;
0.716026;3.37565;3.61164;
0.716126;3.37646;3.61564;
0.716226;3.37727;3.61164;
0.716326;3.37808;3.61564;
0.716426;3.37889;3.61164;
0.716526;3.3797;3.61564;
0.716626;3.38051;3.61164;
0.716726;3.38132;3.61564;
0.716826;3.38212;3.61164;
0.716926;3.38293;3.61564;
0.716939;3.38303;3.61367;
0.716957;3.38318;3.61358;
0.716969;3.38328;3.61367;
0.716979;3.38336;3.61357;
0.716993;3.38347;3.61367;
0.716993;3.38348;3.61316;
0.716994;3.38348;3.61363;
0.716994;3.38348;3.61358;
0.716994;3.38348;3.61363;
0.716994;3.38348;3.61364;
0.716995;3.38349;3.61363;
0.716996;3.38349;3.61365;
0.716997;3.3835;3.61363;
0.716998;3.38352;3.61366;
0.717;3.3835;0.00786403;
0.717001;3.38346;0.00759518;
0.717002;3.38342;0.00785593;
0.717003;3.38338;0.00759769;
0.717005;3.38332;0.00784976;
0.717007;3.38325;0.00759933;
0.71701;3.38315;0.00784597;
0.717014;3.38301;0.00760023;
0.717021;3.38279;0.00784284;
0.717033;3.3824;0.00760038;
0.717056;3.38161;0.00784212;
0.717103;3.38003;0.00759994;
0.717194;3.37698;0.00784173;
0.717294;3.37362;0.00759955;
0.717394;3.37026;0.00784155;
0.717494;3.36691;0.0075995;
0.717594;3.36356;0.00784145;
0.717694;3.36022;0.00759951;
0.717794;3.35687;0.00784135;
0.717894;3.35354;0.00759953;
0.717994;3.3502;0.00784126;
0.718094;3.34687;0.00759954;
0.718194;3.34354;0.00784117;
0.718294;3.34021;0.00759956;
0.718394;3.33689;0.00784107;
0.718494;3.33357;0.00759957;
0.718594;3.33025;0.00784098;
0.718694;3.32694;0.00759959;
0.718794;3.32363;0.00784088;
0.718894;3.32033;0.00759961;
0.718994;3.31702;0.00784079;
0.719094;3.31373;0.00759963;
0.719194;3.31043;0.0078407;
0.719294;3.30714;0.00759964;
0.719394;3.30385;0.0078406;
0.719494;3.30056;0.00759966;
0.719594;3.29728;0.00784051;
0.719694;3.294;0.00759968;
0.719794;3.29072;0.00784041;
0.719894;3.28745;0.00759969;
0.719994;3.28418;0.00784032;
0.720094;3.28091;0.00759971;
0.720194;3.27765;0.00784023;
0.720294;3.27439;0.00759973;
0.720394;3.27113;0.00784013;
0.720494;3.26788;0.00759975;
0.720594;3.26463;0.00784004;
0.720694;3.26138;0.00759976;
0.720794;3.25814;0.00783995;
0.720894;3.2549;0.00759978;
0.720994;3.25166;0.00783985;
0.721094;3.24843;0.0075998;
0.721194;3.2452;0.00783976;
0.721294;3.24197;0.00759982;
0.721394;3.23875;0.00783967;
0.721494;3.23553;0.00759984;
0.721594;3.23231;0.00783957;
0.721694;3.2291;0.00759985;
0.721794;3.22588;0.00783948;
0.721894;3.22268;0.00759987;
0.721994;3.21947;0.00783939;
0.722094;3.21627;0.00759989;
0.722194;3.21307;0.00783929;
0.722294;3.20988;0.00759991;
0.722394;3.20668;0.0078392;
0.722494;3.2035;0.00759993;
0.722594;3.20031;0.00783911;
0.722694;3.19713;0.00759995;
0.722794;3.19395;0.00783901;
0.722894;3.19077;0.00759996;
0.722994;3.1876;0.00783892;
0.723094;3.18443;0.00759998;
0.723194;3.18126;0.00783883;
0.723294;3.1781;0.0076;
0.723394;3.17494;0.00783873;
0.723494;3.17178;0.00760002;
0.723594;3.16863;0.00783864;
0.723694;3.16548;0.00760004;
0.723794;3.16233;0.00783855;
0.723894;3.15919;0.00760006;
0.723994;3.15604;0.00783845;
0.724094;3.15291;0.00760008;
0.724194;3.14977;0.00783836;
0.724294;3.14664;0.0076001;
0.724394;3.14351;0.00783827;
0.724494;3.14039;0.00760012;
0.724594;3.13726;0.00783818;
0.724694;3.13414;0.00760014;
0.724794;3.13103;0.00783808;
0.724894;3.12791;0.00760016;
0.724994;3.1248;0.00783799;
0.725094;3.1217;0.00760017;
0.725194;3.11859;0.0078379;
0.725294;3.11549;0.00760019;
0.725394;3.11239;0.0078378;
0.725494;3.1093;0.00760021;
0.725594;3.10621;0.00783771;
0.725694;3.10312;0.00760023;
0.725794;3.10004;0.00783762;
0.725894;3.09695;0.00760025;
0.725994;3.09387;0.00783753;
0.726094;3.0908;0.00760027;
0.726194;3.08772;0.00783743;
0.726294;3.08465;0.00760029;
0.726394;3.08159;0.00783734;
0.726494;3.07852;0.00760031;
0.726594;3.07546;0.00783725;
0.726694;3.07241;0.00760033;
0.726794;3.06935;0.00783716;
0.726894;3.0663;0.00760035;
0.726994;3.06325;0.00783706;
0.727094;3.06021;0.00760037;
0.727194;3.05716;0.00783697;
0.727294;3.05412;0.0076004;
0.727394;3.05109;0.00783688;
0.727494;3.04805;0.00760042;
0.727594;3.04502;0.00783679;
0.727694;3.042;0.00760044;
0.727794;3.03897;0.00783669;
0.727894;3.03595;0.00760046;
0.727994;3.03293;0.0078366;
0.728094;3.02992;0.00760048;
0.728194;3.02691;0.00783651;
0.728294;3.0239;0.0076005;
0.728394;3.02089;0.00783642;
0.728494;3.01789;0.00760052;
0.728594;3.01489;0.00783633;
0.728694;3.01189;0.00760054;
0.728794;3.0089;0.00783623;
0.728894;3.00591;0.00760056;
0.728994;3.00292;0.00783614;
0.729094;2.99993;0.00760058;
0.729194;2.99695;0.00783605;
0.729294;2.99397;0.0076006;
0.729394;2.99099;0.00783596;
0.729494;2.98802;0.00760063;
0.729594;2.98505;0.00783587;
0.729694;2.98208;0.00760065;
0.729794;2.97912;0.00783577;
0.729894;2.97616;0.00760067;
0.729994;2.9732;0.00783568;
0.730094;2.97024;0.00760069;
0.730194;2.96729;0.00783559;
0.730294;2.96434;0.00760071;
0.730394;2.96139;0.0078355;
0.730494;2.95845;0.00760073;
0.730594;2.95551;0.00783541;
0.730694;2.95257;0.00760076;
0.730794;2.94964;0.00783532;
0.730894;2.94671;0.00760078;
0.730994;2.94378;0.00783522;
0.731094;2.94085;0.0076008;
0.731194;2.93793;0.00783513;
0.731294;2.93501;0.00760082;
0.731394;2.93209;0.00783504;
0.731494;2.92918;0.00760084;
0.731594;2.92626;0.00783495;
0.731694;2.92336;0.00760087;
0.731794;2.92045;0.00783486;
0.731894;2.91755;0.00760089;
0.731994;2.91465;0.00783477;
0.732094;2.91175;0.00760091;
0.732194;2.90886;0.00783467;
0.732294;2.90596;0.00760093;
0.732394;2.90308;0.00783458;
0.732494;2.90019;0.00760096;
0.732594;2.89731;0.00783449;
0.732694;2.89443;0.00760098;
0.732794;2.89155;0.0078344;
0.732894;2.88868;0.007601;
0.732994;2.88581;0.00783431;
0.733094;2.88294;0.00760102;
0.733194;2.88007;0.00783422;
0.733294;2.87721;0.00760105;
0.733394;2.87435;0.00783413;
0.733494;2.87149;0.00760107;
0.733594;2.86864;0.00783404;
0.733694;2.86579;0.00760109;
0.733794;2.86294;0.00783394;
0.733894;2.86009;0.00760112;
0.733994;2.85725;0.00783385;
0.734094;2.85441;0.00760114;
0.734194;2.85158;0.00783376;
0.734294;2.84874;0.00760116;
0.734394;2.84591;0.00783367;
0.734494;2.84308;0.00760119;
0.734594;2.84026;0.00783358;
0.734694;2.83743;0.00760121;
0.734794;2.83461;0.00783349;
0.734894;2.8318;0.00760123;
0.734994;2.82898;0.0078334;
0.735094;2.82617;0.00760126;
0.735194;2.82336;0.00783331;
0.735294;2.82056;0.00760128;
0.735394;2.81775;0.00783322;
0.735494;2.81495;0.0076013;
0.735594;2.81216;0.00783313;
0.735694;2.80936;0.00760133;
0.735794;2.80657;0.00783303;
0.735894;2.80378;0.00760135;
0.735994;2.80099;0.00783294;
0.736094;2.79821;0.00760137;
0.736194;2.79543;0.00783285;
0.736294;2.79265;0.0076014;
0.736394;2.78988;0.00783276;
0.736494;2.7871;0.00760142;
0.736594;2.78433;0.00783267;
0.736694;2.78157;0.00760145;
0.736794;2.7788;0.00783258;
0.736894;2.77604;0.00760147;
0.736994;2.77328;0.00783249;
0.737094;2.77053;0.00760149;
0.737194;2.76777;0.0078324;
0.737294;2.76502;0.00760152;
0.737394;2.76228;0.00783231;
0.737494;2.75953;0.00760154;
0.737594;2.75679;0.00783222;
0.737694;2.75405;0.00760157;
0.737794;2.75131;0.00783213;
0.737894;2.74858;0.00760159;
0.737994;2.74585;0.00783204;
0.738094;2.74312;0.00760162;
0.738194;2.74039;0.00783195;
0.738294;2.73767;0.00760164;
0.738394;2.73495;0.00783186;
0.738494;2.73223;0.00760167;
0.738594;2.72952;0.00783177;
0.738694;2.72681;0.00760169;
0.738794;2.7241;0.00783168;
0.738894;2.72139;0.00760172;
0.738994;2.71869;0.00783159;
0.739094;2.71598;0.00760174;
0.739194;2.71328;0.0078315;
0.739294;2.71059;0.00760058;
0.739394;2.7079;0.00783138;
0.739494;2.70521;0.00760062;
0.739594;2.70252;0.00783129;
0.739694;2.69983;0.00760064;
0.739794;2.69715;0.0078312;
0.739894;2.69447;0.00760067;
0.739994;2.69179;0.00783111;
0.740094;2.68912;0.0076007;
0.740194;2.68645;0.00783103;
0.740294;2.68378;0.00760073;
0.740394;2.68111;0.00783094;
0.740494;2.67845;0.00760076;
0.740594;2.67579;0.00783085;
0.740694;2.67313;0.00760079;
0.740794;2.67047;0.00783076;
0.740894;2.66782;0.00760082;
0.740994;2.66517;0.00783067;
0.741094;2.66252;0.00760085;
0.741194;2.65987;0.00783058;
0.741294;2.65723;0.00760088;
0.741394;2.65459;0.00783049;
0.741494;2.65195;0.00760091;
0.741594;2.64932;0.00783041;
0.741694;2.64669;0.00760094;
0.741794;2.64406;0.00783032;
0.741894;2.64143;0.00760097;
0.741994;2.63881;0.00783023;
0.742094;2.63618;0.007601;
0.742194;2.63357;0.00783014;
0.742294;2.63095;0.00760103;
0.742394;2.62834;0.00783005;
0.742494;2.62572;0.00760106;
0.742594;2.62312;0.00782996;
0.742694;2.62051;0.00760109;
0.742794;2.61791;0.00782988;
0.742894;2.61531;0.00760112;
0.742994;2.61271;0.00782979;
0.743094;2.61011;0.00760115;
0.743194;2.60752;0.0078297;
0.743294;2.60493;0.00760118;
0.743394;2.60234;0.00782961;
0.743494;2.59976;0.00760121;
0.743594;2.59717;0.00782952;
0.743694;2.59459;0.00760124;
0.743794;2.59202;0.00782944;
0.743894;2.58944;0.00760127;
0.743994;2.58687;0.00782935;
0.744094;2.5843;0.0076013;
0.744194;2.58173;0.00782926;
0.744294;2.57917;0.00760133;
0.744394;2.5766;0.00782917;
0.744494;2.57405;0.00760136;
0.744594;2.57149;0.00782908;
0.744694;2.56893;0.00760139;
0.744794;2.56638;0.007829;
0.744894;2.56383;0.00760142;
0.744994;2.56129;0.00782891;
0.745094;2.55874;0.00760146;
0.745194;2.5562;0.00782882;
0.745294;2.55366;0.00760149;
0.745394;2.55112;0.00782873;
0.745494;2.54859;0.00760152;
0.745594;2.54606;0.00782864;
0.745694;2.54353;0.00760155;
0.745794;2.541;0.00782856;
0.745894;2.53848;0.00760158;
0.745994;2.53596;0.00782847;
0.746094;2.53344;0.00760161;
0.746194;2.53092;0.00782838;
0.746294;2.52841;0.00760164;
0.746394;2.5259;0.00782829;
0.746494;2.52339;0.00760167;
0.746594;2.52088;0.00782821;
0.746694;2.51838;0.0076017;
0.746794;2.51588;0.00782812;
0.746894;2.51338;0.00760173;
0.746994;2.51088;0.00782803;
0.747094;2.50839;0.00760177;
0.747194;2.5059;0.00782794;
0.747294;2.50341;0.0076018;
0.747394;2.50092;0.00782786;
0.747494;2.49844;0.00760183;
0.747594;2.49596;0.00782777;
0.747694;2.49348;0.00760186;
0.747794;2.491;0.00782768;
0.747894;2.48853;0.00760189;
0.747994;2.48605;0.00782759;
0.748094;2.48359;0.00760192;
0.748194;2.48112;0.00782751;
0.748294;2.47865;0.00760195;
0.748394;2.47619;0.00782742;
0.748494;2.47373;0.00760199;
0.748594;2.47128;0.00782733;
0.748694;2.46882;0.00760202;
0.748794;2.46637;0.00782724;
0.748894;2.46392;0.00760205;
0.748994;2.46147;0.00782716;
0.749094;2.45903;0.00760208;
0.749194;2.45659;0.00782707;
0.749294;2.45415;0.00760211;
0.749394;2.45171;0.00782698;
0.749494;2.44928;0.00760214;
0.749594;2.44684;0.0078269;
0.749694;2.44441;0.00760218;
0.749794;2.44199;0.00782681;
0.749894;2.43956;0.00760221;
0.749994;2.43714;0.00782672;
0.750094;2.43472;0.00760224;
0.750194;2.4323;0.00782663;
0.750294;2.42988;0.00760227;
0.750394;2.42747;0.00782655;
0.750494;2.42506;0.0076023;
0.750594;2.42265;0.00782646;
0.750694;2.42025;0.00760234;
0.750794;2.41784;0.00782637;
0.750894;2.41544;0.00760237;
0.750994;2.41304;0.00782629;
0.751094;2.41065;0.0076024;
0.751194;2.40825;0.0078262;
0.751294;2.40586;0.00760243;
0.751394;2.40347;0.00782611;
0.751494;2.40109;0.00760246;
0.751594;2.3987;0.00782603;
0.751694;2.39632;0.0076025;
0.751794;2.39394;0.00782594;
0.751894;2.39156;0.00760253;
0.751994;2.38919;0.00782585;
0.752094;2.38682;0.00760256;
0.752194;2.38445;0.00782576;
0.752294;2.38208;0.00760259;
0.752394;2.37971;0.00782568;
0.752494;2.37735;0.00760263;
0.752594;2.37499;0.00782559;
0.752694;2.37263;0.00760266;
0.752794;2.37028;0.0078255;
0.752894;2.36792;0.00760269;
0.752994;2.36557;0.00782542;
0.753094;2.36322;0.00760272;
0.753194;2.36088;0.00782533;
0.753294;2.35853;0.00760276;
0.753394;2.35619;0.00782524;
0.753494;2.35385;0.00760279;
0.753594;2.35151;0.00782516;
0.753694;2.34918;0.00760282;
0.753794;2.34685;0.00782507;
0.753894;2.34452;0.00760285;
0.753994;2.34219;0.00782499;
0.754094;2.33986;0.00760289;
0.754194;2.33754;0.0078249;
0.754294;2.33522;0.00760292;
0.754394;2.3329;0.00782481;
0.754494;2.33058;0.00760295;
0.754594;2.32827;0.00782473;
0.754694;2.32596;0.00760299;
0.754794;2.32365;0.00782464;
0.754894;2.32134;0.00760302;
0.754994;2.31904;0.00782455;
0.755094;2.31674;0.00760305;
0.755194;2.31444;0.00782447;
0.755294;2.31214;0.00760309;
0.755394;2.30984;0.00782438;
0.755494;2.30755;0.00760312;
0.755594;2.30526;0.00782429;
0.755694;2.30297;0.00760315;
0.755794;2.30068;0.00782421;
0.755894;2.2984;0.00760319;
0.755994;2.29612;0.00782412;
0.756094;2.29384;0.00760322;
0.756194;2.29156;0.00782404;
0.756294;2.28929;0.00760325;
0.756394;2.28701;0.00782395;
0.756494;2.28474;0.00760329;
0.756594;2.28247;0.00782386;
0.756694;2.28021;0.00760332;
0.756794;2.27795;0.00782378;
0.756894;2.27568;0.00760335;
0.756994;2.27342;0.00782369;
0.757094;2.27117;0.00760339;
0.757194;2.26891;0.00782361;
0.757294;2.26666;0.00760342;
0.757394;2.26441;0.00782352;
0.757494;2.26216;0.00760345;
0.757594;2.25992;0.00782343;
0.757694;2.25767;0.00760349;
0.757794;2.25543;0.00782335;
0.757894;2.25319;0.00760352;
0.757994;2.25096;0.00782326;
0.758094;2.24872;0.00760355;
0.758194;2.24649;0.00782318;
0.758294;2.24426;0.00760359;
0.758394;2.24203;0.00782309;
0.758494;2.23981;0.00760362;
0.758594;2.23758;0.007823;
0.758694;2.23536;0.00760366;
0.758794;2.23314;0.00782292;
0.758894;2.23093;0.00760369;
0.758994;2.22871;0.00782283;
0.759094;2.2265;0.00760372;
0.759194;2.22429;0.00782275;
0.759294;2.22208;0.00760376;
0.759394;2.21988;0.00782266;
0.759494;2.21767;0.00760379;
0.759594;2.21547;0.00782258;
0.759694;2.21327;0.00760383;
0.759794;2.21108;0.00782249;
0.759894;2.20888;0.00760386;
0.759994;2.20669;0.0078224;
0.760094;2.2045;0.00760389;
0.760194;2.20231;0.00782232;
0.760294;2.20013;0.00760393;
0.760394;2.19794;0.00782223;
0.760494;2.19576;0.00760396;
0.760594;2.19358;0.00782215;
0.760694;2.19141;0.007604;
0.760794;2.18923;0.00782206;
0.760894;2.18706;0.00760403;
0.760994;2.18489;0.00782198;
0.761094;2.18272;0.00760407;
0.761194;2.18055;0.00782189;
0.761294;2.17839;0.0076041;
0.761394;2.17623;0.00782181;
0.761494;2.17407;0.00760414;
0.761594;2.17191;0.00782172;
0.761694;2.16975;0.00760417;
0.761794;2.1676;0.00782164;
0.761894;2.16545;0.0076042;
0.761994;2.1633;0.00782155;
0.762094;2.16115;0.00760424;
0.762194;2.15901;0.00782147;
0.762294;2.15687;0.00760427;
0.762394;2.15473;0.00782138;
0.762494;2.15259;0.00760431;
0.762594;2.15045;0.0078213;
0.762694;2.14832;0.00760434;
0.762794;2.14619;0.00782121;
0.762894;2.14406;0.00760438;
0.762994;2.14193;0.00782113;
0.763094;2.1398;0.00760441;
0.763194;2.13768;0.00782104;
0.763294;2.13556;0.00760445;
0.763394;2.13344;0.00782096;
0.763494;2.13132;0.00760448;
0.763594;2.12921;0.00782087;
0.763694;2.12709;0.00760452;
0.763794;2.12498;0.00782079;
0.763894;2.12287;0.00760455;
0.763994;2.12077;0.0078207;
0.764094;2.11866;0.00760459;
0.764194;2.11656;0.00782062;
0.764294;2.11446;0.00760462;
0.764394;2.11236;0.00782053;
0.764494;2.11027;0.00760466;
0.764594;2.10817;0.00782045;
0.764694;2.10608;0.00760469;
0.764794;2.10399;0.00782036;
0.764894;2.1019;0.00760473;
0.764994;2.09982;0.00782028;
0.765094;2.09773;0.00760476;
0.765194;2.09565;0.00782019;
0.765294;2.09357;0.0076048;
0.765394;2.0915;0.00782011;
0.765494;2.08942;0.00760483;
0.765594;2.08735;0.00782002;
0.765694;2.08528;0.00760487;
0.765794;2.08321;0.00781994;
0.765894;2.08114;0.0076049;
0.765994;2.07908;0.00781985;
0.766094;2.07701;0.00760494;
0.766194;2.07495;0.00781977;
0.766294;2.07289;0.00760498;
0.766394;2.07084;0.00781969;
0.766494;2.06878;0.00760501;
0.766594;2.06673;0.0078196;
0.766694;2.06468;0.00760505;
0.766794;2.06263;0.00781952;
0.766894;2.06059;0.00760508;
0.766994;2.05854;0.00781943;
0.767094;2.0565;0.00760512;
0.767194;2.05446;0.00781935;
0.767294;2.05242;0.00760515;
0.767394;2.05038;0.00781926;
0.767494;2.04835;0.00760519;
0.767594;2.04632;0.00781918;
0.767694;2.04429;0.00760523;
0.767794;2.04226;0.00781909;
0.767894;2.04023;0.00760526;
0.767994;2.03821;0.00781901;
0.768094;2.03619;0.0076053;
0.768194;2.03417;0.00781893;
0.768294;2.03215;0.00760533;
0.768394;2.03013;0.00781884;
0.768494;2.02812;0.00760537;
0.768594;2.02611;0.00781876;
0.768694;2.0241;0.0076054;
0.768794;2.02209;0.00781867;
0.768894;2.02008;0.00760544;
0.768994;2.01808;0.00781859;
0.769094;2.01608;0.00760548;
0.769194;2.01408;0.00781851;
0.769294;2.01208;0.00760551;
0.769394;2.01008;0.00781842;
0.769494;2.00809;0.00760555;
0.769594;2.0061;0.00781834;
0.769694;2.00411;0.00760559;
0.769794;2.00212;0.00781825;
0.769894;2.00014;0.00760562;
0.769994;1.99815;0.00781817;
0.770094;1.99617;0.00760566;
0.770194;1.99419;0.00781809;
0.770294;1.99221;0.00760569;
0.770394;1.99024;0.007818;
0.770494;1.98826;0.00760573;
0.770594;1.98629;0.00781792;
0.770694;1.98432;0.00760577;
0.770794;1.98235;0.00781783;
0.770894;1.98038;0.0076058;
0.770994;1.97842;0.00781775;
0.771094;1.97646;0.00760584;
0.771194;1.9745;0.00781767;
0.771294;1.97254;0.00760588;
0.771394;1.97058;0.00781758;
0.771494;1.96863;0.00760591;
0.771594;1.96668;0.0078175;
0.771694;1.96473;0.00760595;
0.771794;1.96278;0.00781742;
0.771894;1.96083;0.00760599;
0.771994;1.95889;0.00781733;
0.772094;1.95694;0.00760602;
0.772194;1.955;0.00781725;
0.772294;1.95306;0.00760606;
0.772394;1.95113;0.00781717;
0.772494;1.94919;0.0076061;
0.772594;1.94726;0.00781708;
0.772694;1.94533;0.00760613;
0.772794;1.9434;0.007817;
0.772894;1.94147;0.00760617;
0.772994;1.93955;0.00781692;
0.773094;1.93762;0.00760621;
0.773194;1.9357;0.00781683;
0.773294;1.93378;0.00760624;
0.773394;1.93186;0.00781675;
0.773494;1.92995;0.00760628;
0.773594;1.92803;0.00781667;
0.773694;1.92612;0.00760632;
0.773794;1.92421;0.00781658;
0.773894;1.9223;0.00760635;
0.773994;1.9204;0.0078165;
0.774094;1.91849;0.00760639;
0.774194;1.91659;0.00781642;
0.774294;1.91469;0.00760643;
0.774394;1.91279;0.00781633;
0.774494;1.9109;0.00760646;
0.774594;1.909;0.00781624;
0.774694;1.90711;0.00760649;
0.774794;1.90522;0.00781615;
0.774894;1.90333;0.0076065;
0.774994;1.90144;0.00781606;
0.775094;1.89956;0.0076065;
0.775194;1.89767;0.00781594;
0.775294;1.89579;0.00760646;
0.775394;1.89391;0.0078158;
0.775494;1.89203;0.00760636;
0.775594;1.89016;0.00781564;
0.775694;1.88828;0.00760621;
0.775794;1.88641;0.00781543;
0.775894;1.88454;0.00760599;
0.775994;1.88267;0.00781519;
0.776094;1.88081;0.00760569;
0.776194;1.87894;0.0078149;
0.776294;1.87708;0.00760529;
0.776394;1.87522;0.00781453;
0.776494;1.87336;0.00760475;
0.776594;1.8715;0.00781447;
0.776694;1.86965;0.00760399;
0.776794;1.86779;0.0078138;
0.776894;1.86594;0.00760286;
0.776994;1.86409;0.00781263;
0.777094;1.86224;0.00760078;
0.777194;1.8604;0.00780885;
0.777294;1.85855;0.00759493;
0.777394;1.85671;0.00780199;
0.777494;1.85487;0.00757926;
0.777594;1.85303;0.00779555;
0.777694;1.8512;0.00756422;
0.777706;1.85097;0.443363;
0.777724;1.85064;0.522449;
0.777735;1.85043;0.00794559;
0.777741;1.85033;0.00804943;
0.777747;1.85022;0.00781305;
0.777752;1.85012;0.0078046;
0.777762;1.84995;0.00770236;
0.777776;1.84969;0.00767257;
0.777803;1.84918;0.00761139;
0.77781;1.84906;0.00762656;
0.777811;1.84905;0.00762706;
0.777811;1.84904;0.007628;
0.777812;1.84903;0.00763102;
0.777812;1.84903;0.0076312;
0.777812;1.84903;0.00763162;
0.777812;1.84902;0.00763168;
0.777813;1.84902;0.00763676;
0.777813;1.84902;0.00764264;
0.777813;1.84901;0.00765595;
0.777813;1.84901;0.00765351;
0.777813;1.84901;0.00765365;
0.777813;1.84901;0.00764955;
0.777813;1.84901;0.00761545;
0.777813;1.849;0.00758771;
0.777813;1.849;0.371735;
0.777813;1.849;2.06884;
0.777813;1.849;3.17175;
0.777813;1.849;3.24836;
0.777813;1.849;3.38125;
0.777813;1.849;3.46212;
0.777813;1.84901;3.50222;
0.777813;1.84901;3.54432;
0.777813;1.84901;3.56266;
0.777813;1.84901;3.58912;
0.777813;1.84901;3.59668;
0.777814;1.84901;3.61073;
0.777814;1.84901;3.60924;
0.777814;1.84901;3.61584;
0.777814;1.84901;3.61116;
0.777814;1.84901;3.61606;
0.777814;1.84901;3.61124;
0.777814;1.84902;3.61602;
0.777815;1.84902;3.61127;
0.777815;1.84904;3.61595;
0.777817;1.84906;3.6113;
0.77782;1.84911;3.61594;
0.777827;1.84922;3.61126;
0.77784;1.84942;3.61593;
0.777866;1.84983;3.61126;
0.777918;1.85065;3.61593;
0.778018;1.85222;3.61126;
0.778118;1.85379;3.61593;
0.778218;1.85537;3.61126;
0.778318;1.85694;3.61593;
0.778418;1.85851;3.61126;
0.778518;1.86008;3.61593;
0.778618;1.86165;3.61126;
0.778718;1.86322;3.61593;
0.778818;1.86479;3.61126;
0.778918;1.86635;3.61593;
0.779018;1.86792;3.61126;
0.779118;1.86949;3.61593;
0.779218;1.87105;3.61126;
0.779318;1.87262;3.61593;
0.779418;1.87418;3.61126;
0.779518;1.87574;3.61593;
0.779618;1.8773;3.61126;
0.779718;1.87886;3.61593;
0.779818;1.88042;3.61126;
0.779918;1.88198;3.61593;
0.780018;1.88354;3.61126;
0.780118;1.8851;3.61593;
0.780218;1.88666;3.61126;
0.780318;1.88821;3.61593;
0.780418;1.88977;3.61126;
0.780518;1.89132;3.61598;
0.780618;1.89288;3.6113;
0.780718;1.89443;3.61598;
0.780818;1.89598;3.6113;
0.780918;1.89754;3.61598;
0.781018;1.89909;3.61125;
0.781118;1.90064;3.61593;
0.781218;1.90219;3.61126;
0.781318;1.90373;3.61593;
0.781418;1.90528;3.61126;
0.781518;1.90683;3.61593;
0.781618;1.90838;3.61126;
0.781718;1.90992;3.61593;
0.781818;1.91147;3.61126;
0.781918;1.91301;3.61593;
0.782018;1.91455;3.61126;
0.782118;1.91609;3.61593;
0.782218;1.91764;3.61126;
0.782318;1.91918;3.61593;
0.782418;1.92072;3.61126;
0.782518;1.92226;3.61593;
0.782618;1.92379;3.61126;
0.782718;1.92533;3.61593;
0.782818;1.92687;3.61126;
0.782918;1.92841;3.61593;
0.783018;1.92994;3.61126;
0.783118;1.93148;3.61593;
0.783218;1.93301;3.61126;
0.783318;1.93454;3.61593;
0.783418;1.93608;3.61126;
0.783518;1.93761;3.61593;
0.783618;1.93914;3.61126;
0.783718;1.94067;3.61593;
0.783818;1.9422;3.61126;
0.783918;1.94373;3.61593;
0.784018;1.94525;3.61126;
0.784118;1.94678;3.61593;
0.784218;1.94831;3.61126;
0.784318;1.94983;3.61593;
0.784418;1.95136;3.61126;
0.784518;1.95288;3.61593;
0.784618;1.9544;3.61126;
0.784718;1.95593;3.61593;
0.784818;1.95745;3.61126;
0.784918;1.95897;3.61593;
0.785018;1.96049;3.61126;
0.785118;1.96201;3.61593;
0.785218;1.96353;3.61126;
0.785318;1.96504;3.61593;
0.785418;1.96656;3.61126;
0.785518;1.96808;3.61593;
0.785618;1.96959;3.61126;
0.785718;1.97111;3.61593;
0.785818;1.97262;3.61126;
0.785918;1.97413;3.61593;
0.786018;1.97565;3.61126;
0.786118;1.97716;3.61593;
0.786218;1.97867;3.61126;
0.786318;1.98018;3.61593;
0.786418;1.98169;3.61126;
0.786518;1.9832;3.61593;
0.786618;1.98471;3.61126;
0.786718;1.98621;3.61593;
0.786818;1.98772;3.61126;
0.786918;1.98923;3.61593;
0.787018;1.99073;3.61126;
0.787118;1.99224;3.61593;
0.787218;1.99374;3.61126;
0.787318;1.99524;3.61593;
0.787418;1.99674;3.61126;
0.787518;1.99824;3.61593;
0.787618;1.99974;3.61126;
0.787718;2.00124;3.61593;
0.787818;2.00274;3.61126;
0.787918;2.00424;3.61593;
0.788018;2.00574;3.61126;
0.788118;2.00724;3.61593;
0.788218;2.00873;3.61126;
0.788318;2.01023;3.61593;
0.788418;2.01172;3.61126;
0.788518;2.01322;3.61593;
0.788618;2.01471;3.61126;
0.788718;2.0162;3.61593;
0.788818;2.01769;3.61126;
0.788918;2.01918;3.61593;
0.789018;2.02067;3.61126;
0.789118;2.02216;3.61593;
0.789218;2.02365;3.61126;
0.789318;2.02514;3.61593;
0.789418;2.02662;3.61126;
0.789518;2.02811;3.61593;
0.789618;2.0296;3.61126;
0.789718;2.03108;3.61593;
0.789818;2.03257;3.61126;
0.789918;2.03405;3.61593;
0.790018;2.03553;3.61126;
0.790118;2.03701;3.61593;
0.790218;2.03849;3.61126;
0.790318;2.03997;3.61593;
0.790418;2.04145;3.61126;
0.790518;2.04293;3.61593;
0.790618;2.04441;3.61126;
0.790718;2.04589;3.61593;
0.790818;2.04736;3.61126;
0.790918;2.04884;3.61593;
0.791018;2.05032;3.61126;
0.791118;2.05179;3.61593;
0.791218;2.05326;3.61126;
0.791318;2.05474;3.61593;
0.791418;2.05621;3.61126;
0.791518;2.05768;3.61593;
0.791618;2.05915;3.61126;
0.791718;2.06062;3.61593;
0.791818;2.06209;3.61126;
0.791918;2.06356;3.61593;
0.792018;2.06503;3.61126;
0.792118;2.06649;3.61593;
0.792218;2.06796;3.61126;
0.792318;2.06943;3.61593;
0.792418;2.07089;3.61126;
0.792518;2.07235;3.61593;
0.792618;2.07382;3.61126;
0.792718;2.07528;3.61593;
0.792818;2.07674;3.61126;
0.792918;2.0782;3.61593;
0.793018;2.07966;3.61126;
0.793118;2.08112;3.61593;
0.793218;2.08258;3.61126;
0.793318;2.08404;3.61593;
0.793418;2.0855;3.61126;
0.793518;2.08696;3.61593;
0.793618;2.08841;3.61126;
0.793718;2.08987;3.61593;
0.793818;2.09132;3.61126;
0.793918;2.09278;3.61593;
0.794018;2.09423;3.61126;
0.794118;2.09568;3.61593;
0.794218;2.09713;3.61126;
0.794318;2.09858;3.61593;
0.794418;2.10003;3.61126;
0.794518;2.10148;3.61593;
0.794618;2.10293;3.61126;
0.794718;2.10438;3.61593;
0.794818;2.10583;3.61126;
0.794918;2.10727;3.61593;
0.795018;2.10872;3.61126;
0.795118;2.11017;3.61593;
0.795218;2.11161;3.61126;
0.795318;2.11305;3.61593;
0.795418;2.1145;3.61126;
0.795518;2.11594;3.61593;
0.795618;2.11738;3.61126;
0.795718;2.11882;3.61593;
0.795818;2.12026;3.61126;
0.795918;2.1217;3.61593;
0.796018;2.12314;3.61126;
0.796118;2.12458;3.61593;
0.796218;2.12602;3.61126;
0.796318;2.12745;3.61593;
0.796418;2.12889;3.61126;
0.796518;2.13032;3.61593;
0.796618;2.13176;3.61126;
0.796718;2.13319;3.61593;
0.796818;2.13462;3.61126;
0.796918;2.13606;3.61593;
0.797018;2.13749;3.61126;
0.797118;2.13892;3.61593;
0.797218;2.14035;3.61126;
0.797318;2.14178;3.61593;
0.797418;2.14321;3.61126;
0.797518;2.14463;3.61593;
0.797618;2.14606;3.61126;
0.797718;2.14749;3.61593;
0.797818;2.14891;3.61126;
0.797918;2.15034;3.61593;
0.798018;2.15176;3.61126;
0.798118;2.15319;3.61593;
0.798218;2.15461;3.61126;
0.798318;2.15603;3.61593;
0.798418;2.15745;3.61126;
0.798518;2.15888;3.61593;
0.798618;2.1603;3.61126;
0.798718;2.16171;3.61593;
0.798818;2.16313;3.61126;
0.798918;2.16455;3.61593;
0.799018;2.16597;3.61126;
0.799118;2.16739;3.61593;
0.799218;2.1688;3.61126;
0.799318;2.17022;3.61593;
0.799418;2.17163;3.61126;
0.799518;2.17304;3.61593;
0.799618;2.17446;3.61126;
0.799718;2.17587;3.61593;
0.799818;2.17728;3.61126;
0.799918;2.17869;3.61593;
0.800018;2.1801;3.61126;
0.800118;2.18151;3.61593;
0.800218;2.18292;3.61126;
0.800318;2.18433;3.61593;
0.800418;2.18574;3.61126;
0.800518;2.18714;3.61593;
0.800618;2.18855;3.61126;
0.800718;2.18995;3.61593;
0.800818;2.19136;3.61126;
0.800918;2.19276;3.61593;
0.801018;2.19417;3.61126;
0.801118;2.19557;3.61593;
0.801218;2.19697;3.61126;
0.801318;2.19837;3.61593;
0.801418;2.19977;3.61126;
0.801518;2.20117;3.61593;
0.801618;2.20257;3.61126;
0.801718;2.20397;3.61593;
0.801818;2.20537;3.61126;
0.801918;2.20676;3.61593;
0.802018;2.20816;3.61126;
0.802118;2.20956;3.61593;
0.802218;2.21095;3.61126;
0.802318;2.21234;3.61593;
0.802418;2.21374;3.61126;
0.802518;2.21513;3.61593;
0.802618;2.21652;3.61126;
0.802718;2.21791;3.61593;
0.802818;2.2193;3.61126;
0.802918;2.22069;3.61593;
0.803018;2.22208;3.61126;
0.803118;2.22347;3.61593;
0.803218;2.22486;3.61126;
0.803318;2.22625;3.61593;
0.803418;2.22763;3.61126;
0.803518;2.22902;3.61593;
0.803618;2.2304;3.61126;
0.803718;2.23179;3.61593;
0.803818;2.23317;3.61126;
0.803918;2.23456;3.61593;
0.804018;2.23594;3.61126;
0.804118;2.23732;3.61593;
0.804218;2.2387;3.61126;
0.804318;2.24008;3.61593;
0.804418;2.24146;3.61126;
0.804518;2.24284;3.61593;
0.804618;2.24422;3.61126;
0.804718;2.24559;3.61593;
0.804818;2.24697;3.61126;
0.804918;2.24835;3.61593;
0.805018;2.24972;3.61126;
0.805118;2.2511;3.61593;
0.805218;2.25247;3.61126;
0.805318;2.25385;3.61593;
0.805418;2.25522;3.61126;
0.805518;2.25659;3.61593;
0.805618;2.25796;3.61126;
0.805718;2.25933;3.61593;
0.805818;2.2607;3.61126;
0.805918;2.26207;3.61593;
0.806018;2.26344;3.61126;
0.806118;2.26481;3.61593;
0.806218;2.26617;3.61126;
0.806318;2.26754;3.61593;
0.806418;2.26891;3.61126;
0.806518;2.27027;3.61593;
0.806618;2.27164;3.61126;
0.806718;2.273;3.61593;
0.806818;2.27436;3.61126;
0.806918;2.27573;3.61593;
0.807018;2.27709;3.61126;
0.807118;2.27845;3.61593;
0.807218;2.27981;3.61126;
0.807318;2.28117;3.61593;
0.807418;2.28253;3.61126;
0.807518;2.28389;3.61593;
0.807618;2.28524;3.61126;
0.807718;2.2866;3.61593;
0.807818;2.28796;3.61126;
0.807918;2.28931;3.61593;
0.808018;2.29067;3.61126;
0.808118;2.29202;3.61593;
0.808218;2.29338;3.61126;
0.808318;2.29473;3.61593;
0.808418;2.29608;3.61126;
0.808518;2.29743;3.61593;
0.808618;2.29878;3.61126;
0.808718;2.30013;3.61593;
0.808818;2.30148;3.61126;
0.808918;2.30283;3.61593;
0.809018;2.30418;3.61126;
0.809118;2.30553;3.61593;
0.809218;2.30687;3.61126;
0.809318;2.30822;3.61593;
0.809418;2.30957;3.61126;
0.809518;2.31091;3.61593;
0.809618;2.31225;3.61126;
0.809718;2.3136;3.61593;
0.809818;2.31494;3.61126;
0.809918;2.31628;3.61593;
0.810018;2.31762;3.61126;
0.810118;2.31896;3.61593;
0.810218;2.32031;3.61126;
0.810318;2.32164;3.61593;
0.810418;2.32298;3.61126;
0.810518;2.32432;3.61593;
0.810618;2.32566;3.61126;
0.810718;2.327;3.61593;
0.810818;2.32833;3.61126;
0.810918;2.32967;3.61593;
0.811018;2.331;3.61126;
0.811118;2.33234;3.61593;
0.811218;2.33367;3.61126;
0.811318;2.335;3.61593;
0.811418;2.33633;3.61126;
0.811518;2.33767;3.61593;
0.811618;2.339;3.61127;
0.811718;2.34033;3.61593;
0.811818;2.34166;3.61127;
0.811918;2.34298;3.61593;
0.812018;2.34431;3.61127;
0.812118;2.34564;3.61593;
0.812218;2.34697;3.61127;
0.812318;2.34829;3.61593;
0.812418;2.34962;3.61127;
0.812518;2.35094;3.61593;
0.812618;2.35227;3.61127;
0.812718;2.35359;3.61593;
0.812818;2.35491;3.61127;
0.812918;2.35624;3.61593;
0.813018;2.35756;3.61127;
0.813118;2.35888;3.61593;
0.813218;2.3602;3.61127;
0.813318;2.36152;3.61593;
0.813418;2.36284;3.61127;
0.813518;2.36415;3.61593;
0.813618;2.36547;3.61127;
0.813718;2.36679;3.61593;
0.813818;2.36811;3.61127;
0.813918;2.36942;3.61593;
0.814018;2.37074;3.61127;
0.814118;2.37205;3.61593;
0.814218;2.37336;3.61127;
0.814318;2.37468;3.61592;
0.814418;2.37599;3.61127;
0.814518;2.3773;3.61592;
0.814618;2.37861;3.61127;
0.814718;2.37992;3.61592;
0.814818;2.38123;3.61127;
0.814918;2.38254;3.61592;
0.815018;2.38385;3.61127;
0.815118;2.38516;3.61592;
0.815218;2.38646;3.61127;
0.815318;2.38777;3.61592;
0.815418;2.38908;3.61127;
0.815518;2.39038;3.61592;
0.815618;2.39169;3.61127;
0.815718;2.39299;3.61592;
0.815818;2.39429;3.61127;
0.815918;2.39559;3.61592;
0.816018;2.3969;3.61127;
0.816118;2.3982;3.61592;
0.816218;2.3995;3.61127;
0.816318;2.4008;3.61592;
0.816418;2.4021;3.61127;
0.816518;2.4034;3.61592;
0.816618;2.40469;3.61127;
0.816718;2.40599;3.61592;
0.816818;2.40729;3.61127;
0.816918;2.40858;3.61592;
0.817018;2.40988;3.61127;
0.817118;2.41117;3.61592;
0.817218;2.41247;3.61127;
0.817318;2.41376;3.61592;
0.817418;2.41505;3.61127;
0.817518;2.41635;3.61592;
0.817618;2.41764;3.61127;
0.817718;2.41893;3.61592;
0.817818;2.42022;3.61127;
0.817918;2.42151;3.61592;
0.818018;2.4228;3.61127;
0.818118;2.42408;3.61592;
0.818218;2.42537;3.61127;
0.818318;2.42666;3.61592;
0.818418;2.42795;3.61127;
0.818518;2.42923;3.61592;
0.818618;2.43052;3.61127;
0.818718;2.4318;3.61592;
0.818818;2.43308;3.61127;
0.818918;2.43437;3.61592;
0.819018;2.43565;3.61127;
0.819118;2.43693;3.61592;
0.819218;2.43821;3.61127;
0.819318;2.43949;3.61592;
0.819418;2.44077;3.61127;
0.819518;2.44205;3.61592;
0.819618;2.44333;3.61127;
0.819718;2.44461;3.61592;
0.819818;2.44589;3.61127;
0.819918;2.44716;3.61592;
0.820018;2.44844;3.61127;
0.820118;2.44971;3.61592;
0.820218;2.45099;3.61127;
0.820318;2.45226;3.61592;
0.820418;2.45354;3.61127;
0.820518;2.45481;3.61592;
0.820618;2.45608;3.61127;
0.820718;2.45735;3.61592;
0.820818;2.45862;3.61127;
0.820918;2.45989;3.61592;
0.821018;2.46116;3.61127;
0.821118;2.46243;3.61592;
0.821218;2.4637;3.61127;
0.821318;2.46497;3.61592;
0.821418;2.46624;3.61127;
0.821518;2.4675;3.61592;
0.821618;2.46877;3.61127;
0.821718;2.47003;3.61592;
0.821818;2.4713;3.61127;
0.821918;2.47256;3.61592;
0.822018;2.47383;3.61127;
0.822118;2.47509;3.61592;
0.822218;2.47635;3.61127;
0.822318;2.47761;3.61592;
0.822418;2.47887;3.61127;
0.822518;2.48013;3.61592;
0.822618;2.48139;3.61127;
0.822718;2.48265;3.61592;
0.822818;2.48391;3.61127;
0.822918;2.48517;3.61592;
0.823018;2.48642;3.61127;
0.823118;2.48768;3.61592;
0.823218;2.48894;3.61127;
0.823318;2.49019;3.61592;
0.823418;2.49145;3.61127;
0.823518;2.4927;3.61592;
0.823618;2.49395;3.61127;
0.823718;2.49521;3.61592;
0.823818;2.49646;3.61127;
0.823918;2.49771;3.61592;
0.824018;2.49896;3.61127;
0.824118;2.50021;3.61592;
0.824218;2.50146;3.61127;
0.824318;2.50271;3.61592;
0.824418;2.50396;3.61127;
0.824518;2.5052;3.61592;
0.824618;2.50645;3.61127;
0.824718;2.5077;3.61592;
0.824818;2.50894;3.61127;
0.824918;2.51019;3.61592;
0.825018;2.51143;3.61127;
0.825118;2.51268;3.61592;
0.825218;2.51392;3.61127;
0.825318;2.51516;3.61592;
0.825418;2.51641;3.61127;
0.825518;2.51765;3.61592;
0.825618;2.51889;3.61127;
0.825718;2.52013;3.61592;
0.825818;2.52137;3.61127;
0.825918;2.52261;3.61592;
0.826018;2.52384;3.61127;
0.826118;2.52508;3.61592;
0.826218;2.52632;3.61127;
0.826318;2.52756;3.61592;
0.826418;2.52879;3.61127;
0.826518;2.53003;3.61592;
0.826618;2.53126;3.61127;
0.826718;2.5325;3.61592;
0.826818;2.53373;3.61127;
0.826918;2.53496;3.61592;
0.827018;2.53619;3.61127;
0.827118;2.53743;3.61592;
0.827218;2.53866;3.61127;
0.827318;2.53989;3.61592;
0.827418;2.54112;3.61127;
0.827518;2.54235;3.61592;
0.827618;2.54357;3.61127;
0.827718;2.5448;3.61592;
0.827818;2.54603;3.61127;
0.827918;2.54726;3.61592;
0.828018;2.54848;3.61127;
0.828118;2.54971;3.61592;
0.828218;2.55093;3.61127;
0.828318;2.55216;3.61592;
0.828418;2.55338;3.61127;
0.828518;2.5546;3.61592;
0.828618;2.55582;3.61127;
0.828718;2.55705;3.61592;
0.828818;2.55827;3.61127;
0.828918;2.55949;3.61592;
0.829018;2.56071;3.61127;
0.829118;2.56193;3.61592;
0.829218;2.56315;3.61127;
0.829318;2.56436;3.61592;
0.829418;2.56558;3.61127;
0.829518;2.5668;3.61592;
0.829618;2.56801;3.61127;
0.829718;2.56923;3.61592;
0.829818;2.57045;3.61127;
0.829918;2.57166;3.61592;
0.830018;2.57287;3.61127;
0.830118;2.57409;3.61592;
0.830218;2.5753;3.61127;
0.830318;2.57651;3.61592;
0.830418;2.57772;3.61127;
0.830518;2.57893;3.61592;
0.830618;2.58014;3.61127;
0.830718;2.58135;3.61592;
0.830818;2.58256;3.61127;
0.830918;2.58377;3.61592;
0.831018;2.58498;3.61127;
0.831118;2.58619;3.61592;
0.831218;2.58739;3.61127;
0.831318;2.5886;3.61592;
0.831418;2.5898;3.61127;
0.831518;2.59101;3.61592;
0.831618;2.59221;3.61127;
0.831718;2.59342;3.61592;
0.831818;2.59462;3.61127;
0.831918;2.59582;3.61592;
0.832018;2.59702;3.61127;
0.832118;2.59822;3.61592;
0.832218;2.59942;3.61127;
0.832318;2.60062;3.61592;
0.832418;2.60182;3.61127;
0.832518;2.60302;3.61592;
0.832618;2.60422;3.61127;
0.832718;2.60542;3.61592;
0.832818;2.60661;3.61127;
0.832918;2.60781;3.61592;
0.833018;2.60901;3.61127;
0.833118;2.6102;3.61592;
0.833218;2.6114;3.61127;
0.833318;2.61259;3.61592;
0.833418;2.61378;3.61127;
0.833518;2.61498;3.61592;
0.833618;2.61617;3.61127;
0.833718;2.61736;3.61592;
0.833818;2.61855;3.61127;
0.833918;2.61974;3.61592;
0.834018;2.62093;3.61127;
0.834118;2.62212;3.61592;
0.834218;2.62331;3.61127;
0.834318;2.6245;3.61592;
0.834418;2.62568;3.61127;
0.834518;2.62687;3.61592;
0.834618;2.62806;3.61127;
0.834718;2.62924;3.61592;
0.834818;2.63043;3.61127;
0.834918;2.63161;3.61592;
0.835018;2.6328;3.61127;
0.835118;2.63398;3.61592;
0.835218;2.63516;3.61127;
0.835318;2.63634;3.61592;
0.835418;2.63753;3.61127;
0.835518;2.63871;3.61592;
0.835618;2.63989;3.61127;
0.835718;2.64107;3.61592;
0.835818;2.64225;3.61127;
0.835918;2.64342;3.61592;
0.836018;2.6446;3.61127;
0.836118;2.64578;3.61592;
0.836218;2.64696;3.61127;
0.836318;2.64813;3.61592;
0.836418;2.64931;3.61127;
0.836518;2.65048;3.61592;
0.836618;2.65166;3.61127;
0.836718;2.65283;3.61592;
0.836818;2.654;3.61127;
0.836918;2.65518;3.61592;
0.837018;2.65635;3.61127;
0.837118;2.65752;3.61592;
0.837218;2.65869;3.61127;
0.837318;2.65986;3.61592;
0.837418;2.66103;3.61127;
0.837518;2.6622;3.61592;
0.837618;2.66337;3.61127;
0.837718;2.66454;3.61592;
0.837818;2.6657;3.61127;
0.837918;2.66687;3.61592;
0.838018;2.66804;3.61127;
0.838118;2.6692;3.61592;
0.838218;2.67037;3.61127;
0.838318;2.67153;3.61592;
0.838418;2.6727;3.61127;
0.838518;2.67386;3.61592;
0.838618;2.67502;3.61127;
0.838718;2.67618;3.61592;
0.838818;2.67735;3.61127;
0.838918;2.67851;3.61592;
0.839018;2.67967;3.61127;
0.839118;2.68083;3.61592;
0.839218;2.68199;3.61127;
0.839318;2.68315;3.61592;
0.839418;2.6843;3.61127;
0.839518;2.68546;3.61592;
0.839618;2.68662;3.61127;
0.839718;2.68777;3.61592;
0.839818;2.68893;3.61127;
0.839918;2.69008;3.61592;
0.840018;2.69124;3.61127;
0.840118;2.69239;3.61592;
0.840218;2.69355;3.61127;
0.840318;2.6947;3.61592;
0.840418;2.69585;3.61127;
0.840518;2.697;3.61592;
0.840618;2.69815;3.61127;
0.840718;2.69931;3.61592;
0.840818;2.70046;3.61127;
0.840918;2.7016;3.61592;
0.841018;2.70275;3.61127;
0.841118;2.7039;3.61592;
0.841218;2.70505;3.61127;
0.841318;2.7062;3.61592;
0.841418;2.70734;3.61127;
0.841518;2.70849;3.61592;
0.841618;2.70963;3.61127;
0.841718;2.71078;3.61592;
0.841818;2.71192;3.61127;
0.841918;2.71307;3.61592;
0.842018;2.71421;3.61128;
0.842118;2.71535;3.61592;
0.842218;2.7165;3.61128;
0.842318;2.71764;3.61592;
0.842418;2.71878;3.61128;
0.842518;2.71992;3.61592;
0.842618;2.72106;3.61128;
0.842718;2.7222;3.61592;
0.842818;2.72334;3.61128;
0.842918;2.72447;3.61592;
0.843018;2.72561;3.61128;
0.843118;2.72675;3.61592;
0.843218;2.72788;3.61128;
0.843318;2.72902;3.61592;
0.843418;2.73015;3.61128;
0.843518;2.73129;3.61592;
0.843618;2.73242;3.61128;
0.843718;2.73356;3.61592;
0.843818;2.73469;3.61128;
0.843918;2.73582;3.61592;
0.844018;2.73695;3.61128;
0.844118;2.73808;3.61592;
0.844218;2.73922;3.61128;
0.844318;2.74035;3.61592;
0.844418;2.74147;3.61128;
0.844518;2.7426;3.61592;
0.844618;2.74373;3.61128;
0.844718;2.74486;3.61592;
0.844818;2.74599;3.61128;
0.844918;2.74711;3.61592;
0.845018;2.74824;3.61128;
0.845118;2.74937;3.61592;
0.845218;2.75049;3.61128;
0.845318;2.75161;3.61592;
0.845418;2.75274;3.61128;
0.845518;2.75386;3.61592;
0.845618;2.75498;3.61128;
0.845718;2.75611;3.61592;
0.845818;2.75723;3.61128;
0.845918;2.75835;3.61592;
0.846018;2.75947;3.61128;
0.846118;2.76059;3.61592;
0.846218;2.76171;3.61128;
0.846318;2.76283;3.61591;
0.846418;2.76395;3.61128;
0.846518;2.76506;3.61591;
0.846618;2.76618;3.61128;
0.846718;2.7673;3.61591;
0.846818;2.76841;3.61128;
0.846918;2.76953;3.61591;
0.847018;2.77064;3.61128;
0.847118;2.77176;3.61591;
0.847218;2.77287;3.61128;
0.847318;2.77399;3.61591;
0.847418;2.7751;3.61128;
0.847518;2.77621;3.61591;
0.847618;2.77732;3.61128;
0.847718;2.77843;3.61591;
0.847818;2.77954;3.61128;
0.847918;2.78065;3.61591;
0.848018;2.78176;3.61128;
0.848118;2.78287;3.61591;
0.848218;2.78398;3.61128;
0.848318;2.78509;3.61591;
0.848418;2.78619;3.61128;
0.848518;2.7873;3.61591;
0.848618;2.78841;3.61128;
0.848718;2.78951;3.61591;
0.848818;2.79062;3.61128;
0.848918;2.79172;3.61591;
0.849018;2.79283;3.61128;
0.849118;2.79393;3.61591;
0.849218;2.79503;3.61128;
0.849318;2.79613;3.61591;
0.849418;2.79723;3.61128;
0.849518;2.79834;3.61591;
0.849618;2.79944;3.61128;
0.849718;2.80054;3.61591;
0.849818;2.80164;3.61128;
0.849918;2.80273;3.61591;
0.850018;2.80383;3.61128;
0.850118;2.80493;3.61591;
0.850218;2.80603;3.61128;
0.850318;2.80712;3.61591;
0.850418;2.80822;3.61128;
0.850518;2.80932;3.61591;
0.850618;2.81041;3.61128;
0.850718;2.81151;3.61591;
0.850818;2.8126;3.61128;
0.850918;2.81369;3.61591;
0.851018;2.81479;3.61128;
0.851118;2.81588;3.61591;
0.851218;2.81697;3.61128;
0.851318;2.81806;3.61591;
0.851418;2.81915;3.61128;
0.851518;2.82024;3.61591;
0.851618;2.82133;3.61128;
0.851718;2.82242;3.61591;
0.851818;2.82351;3.61128;
0.851918;2.8246;3.61591;
0.852018;2.82568;3.61128;
0.852118;2.82677;3.61591;
0.852218;2.82786;3.61128;
0.852318;2.82894;3.61591;
0.852418;2.83003;3.61128;
0.852518;2.83111;3.61591;
0.852618;2.8322;3.61128;
0.852718;2.83328;3.61591;
0.852818;2.83436;3.61128;
0.852918;2.83545;3.61591;
0.853018;2.83653;3.61128;
0.853118;2.83761;3.61591;
0.853218;2.83869;3.61128;
0.853318;2.83977;3.61591;
0.853418;2.84085;3.61128;
0.853518;2.84193;3.61591;
0.853618;2.84301;3.61128;
0.853718;2.84409;3.61591;
0.853818;2.84516;3.61128;
0.853918;2.84624;3.61591;
0.854018;2.84732;3.61128;
0.854118;2.84839;3.61591;
0.854218;2.84947;3.61128;
0.854318;2.85054;3.61591;
0.854418;2.85162;3.61128;
0.854518;2.85269;3.61591;
0.854618;2.85377;3.61128;
0.854718;2.85484;3.61591;
0.854818;2.85591;3.61128;
0.854918;2.85698;3.61591;
0.855018;2.85805;3.61128;
0.855118;2.85912;3.61591;
0.855218;2.86019;3.61128;
0.855318;2.86126;3.61591;
0.855418;2.86233;3.61128;
0.855518;2.8634;3.61591;
0.855618;2.86447;3.61128;
0.855718;2.86554;3.61591;
0.855818;2.8666;3.61128;
0.855918;2.86767;3.61591;
0.856018;2.86874;3.61128;
0.856118;2.8698;3.61591;
0.856218;2.87087;3.61128;
0.856318;2.87193;3.61591;
0.856418;2.87299;3.61128;
0.856518;2.87406;3.61591;
0.856618;2.87512;3.61128;
0.856718;2.87618;3.61591;
0.856818;2.87724;3.61128;
0.856918;2.8783;3.61591;
0.857018;2.87936;3.61128;
0.857118;2.88042;3.61591;
0.857218;2.88148;3.61128;
0.857318;2.88254;3.61591;
0.857418;2.8836;3.61128;
0.857518;2.88466;3.61591;
0.857618;2.88572;3.61128;
0.857718;2.88677;3.61591;
0.857818;2.88783;3.61128;
0.857918;2.88889;3.61591;
0.858018;2.88994;3.61128;
0.858118;2.89099;3.61591;
0.858218;2.89205;3.61128;
0.858318;2.8931;3.61591;
0.858418;2.89416;3.61128;
0.858518;2.89521;3.61591;
0.858618;2.89626;3.61128;
0.858718;2.89731;3.61591;
0.858818;2.89836;3.61128;
0.858918;2.89941;3.61591;
0.859018;2.90046;3.61128;
0.859118;2.90151;3.61591;
0.859218;2.90256;3.61128;
0.859318;2.90361;3.61591;
0.859418;2.90466;3.61128;
0.859518;2.90571;3.61591;
0.859618;2.90675;3.61128;
0.859718;2.9078;3.61591;
0.859818;2.90884;3.61128;
0.859918;2.90989;3.61591;
0.860018;2.91093;3.61128;
0.860118;2.91198;3.61591;
0.860218;2.91302;3.61128;
0.860318;2.91407;3.61591;
0.860418;2.91511;3.61128;
0.860518;2.91615;3.61591;
0.860618;2.91719;3.61128;
0.860718;2.91823;3.61591;
0.860818;2.91927;3.61128;
0.860918;2.92031;3.61591;
0.861018;2.92135;3.61128;
0.861118;2.92239;3.61591;
0.861218;2.92343;3.61128;
0.861318;2.92447;3.61591;
0.861418;2.92551;3.61128;
0.861518;2.92654;3.61591;
0.861618;2.92758;3.61128;
0.861718;2.92861;3.61591;
0.861818;2.92965;3.61128;
0.861918;2.93068;3.61591;
0.862018;2.93172;3.61128;
0.862118;2.93275;3.61591;
0.862218;2.93379;3.61128;
0.862318;2.93482;3.61591;
0.862418;2.93585;3.61128;
0.862518;2.93688;3.61591;
0.862618;2.93791;3.61128;
0.862718;2.93894;3.61591;
0.862818;2.93998;3.61128;
0.862918;2.941;3.61591;
0.863018;2.94203;3.61128;
0.863118;2.94306;3.61591;
0.863218;2.94409;3.61128;
0.863318;2.94512;3.61591;
0.863418;2.94615;3.61128;
0.863518;2.94717;3.61591;
0.863618;2.9482;3.61128;
0.863718;2.94922;3.61591;
0.863818;2.95025;3.61128;
0.863918;2.95127;3.61591;
0.864018;2.9523;3.61128;
0.864118;2.95332;3.61591;
0.864218;2.95434;3.61128;
0.864318;2.95537;3.61591;
0.864418;2.95639;3.61128;
0.864518;2.95741;3.61591;
0.864618;2.95843;3.61128;
0.864718;2.95945;3.61591;
0.864818;2.96047;3.61128;
0.864918;2.96149;3.61591;
0.865018;2.96251;3.61128;
0.865118;2.96353;3.61591;
0.865218;2.96455;3.61128;
0.865318;2.96556;3.61591;
0.865418;2.96658;3.61128;
0.865518;2.9676;3.61591;
0.865618;2.96861;3.61128;
0.865718;2.96963;3.61591;
0.865818;2.97064;3.61128;
0.865918;2.97166;3.61591;
0.866018;2.97267;3.61128;
0.866118;2.97368;3.61591;
0.866218;2.9747;3.61128;
0.866318;2.97571;3.61591;
0.866418;2.97672;3.61128;
0.866518;2.97773;3.61591;
0.866618;2.97874;3.61128;
0.866718;2.97975;3.61591;
0.866818;2.98076;3.61128;
0.866918;2.98177;3.61591;
0.867018;2.98278;3.61128;
0.867118;2.98379;3.61591;
0.867218;2.9848;3.61128;
0.867318;2.9858;3.61591;
0.867418;2.98681;3.61128;
0.867518;2.98782;3.61591;
0.867618;2.98882;3.61128;
0.867718;2.98983;3.61591;
0.867818;2.99083;3.61128;
0.867918;2.99184;3.61591;
0.868018;2.99284;3.61128;
0.868118;2.99384;3.61591;
0.868218;2.99485;3.61128;
0.868318;2.99585;3.61591;
0.868418;2.99685;3.61128;
0.868518;2.99785;3.61591;
0.868618;2.99885;3.61128;
0.868718;2.99985;3.61591;
0.868818;3.00085;3.61128;
0.868918;3.00185;3.61591;
0.869018;3.00285;3.61128;
0.869118;3.00385;3.61591;
0.869218;3.00485;3.61129;
0.869318;3.00584;3.61591;
0.869418;3.00684;3.61129;
0.869518;3.00784;3.61591;
0.869618;3.00883;3.61129;
0.869718;3.00983;3.61591;
0.869818;3.01082;3.61129;
0.869918;3.01182;3.61591;
0.870018;3.01281;3.61129;
0.870118;3.0138;3.61591;
0.870218;3.0148;3.61129;
0.870318;3.01579;3.61591;
0.870418;3.01678;3.61129;
0.870518;3.01777;3.61591;
0.870618;3.01876;3.61129;
0.870718;3.01975;3.61591;
0.870818;3.02074;3.61129;
0.870918;3.02173;3.61591;
0.871018;3.02272;3.61129;
0.871118;3.02371;3.61591;
0.871218;3.0247;3.61129;
0.871318;3.02568;3.61591;
0.871418;3.02667;3.61129;
0.871518;3.02766;3.61591;
0.871618;3.02864;3.61129;
0.871718;3.02963;3.61591;
0.871818;3.03061;3.61129;
0.871918;3.0316;3.61591;
0.872018;3.03258;3.61129;
0.872118;3.03356;3.61591;
0.872218;3.03455;3.61129;
0.872318;3.03553;3.61591;
0.872418;3.03651;3.61129;
0.872518;3.03749;3.61591;
0.872618;3.03847;3.61129;
0.872718;3.03945;3.61591;
0.872818;3.04043;3.61129;
0.872918;3.04141;3.61591;
0.873018;3.04239;3.61129;
0.873118;3.04337;3.61591;
0.873218;3.04435;3.61129;
0.873318;3.04533;3.61591;
0.873418;3.0463;3.61129;
0.873518;3.04728;3.61591;
0.873618;3.04826;3.61129;
0.873718;3.04923;3.61591;
0.873818;3.05021;3.61129;
0.873918;3.05118;3.61591;
0.874018;3.05216;3.61129;
0.874118;3.05313;3.61591;
0.874218;3.0541;3.61129;
0.874318;3.05507;3.61591;
0.874418;3.05605;3.61129;
0.874518;3.05702;3.61591;
0.874618;3.05799;3.61129;
0.874718;3.05896;3.6159;
0.874818;3.05993;3.61129;
0.874918;3.0609;3.6159;
0.875018;3.06187;3.61129;
0.875118;3.06284;3.6159;
0.875218;3.06381;3.61129;
0.875318;3.06477;3.6159;
0.875418;3.06574;3.61129;
0.875518;3.06671;3.6159;
0.875618;3.06767;3.61129;
0.875718;3.06864;3.6159;
0.875818;3.06961;3.61129;
0.875918;3.07057;3.6159;
0.876018;3.07153;3.61129;
0.876118;3.0725;3.6159;
0.876218;3.07346;3.61129;
0.876318;3.07442;3.6159;
0.876418;3.07539;3.61129;
0.876518;3.07635;3.6159;
0.876618;3.07731;3.61129;
0.876718;3.07827;3.6159;
0.876818;3.07923;3.61129;
0.876918;3.08019;3.6159;
0.877018;3.08115;3.61129;
0.877118;3.08211;3.6159;
0.877218;3.08307;3.61129;
0.877318;3.08403;3.6159;
0.877418;3.08498;3.61129;
0.877518;3.08594;3.6159;
0.877618;3.0869;3.61129;
0.877718;3.08785;3.6159;
0.877818;3.08881;3.61129;
0.877918;3.08977;3.6159;
0.878018;3.09072;3.61129;
0.878118;3.09167;3.6159;
0.878218;3.09263;3.61129;
0.878318;3.09358;3.6159;
0.878418;3.09453;3.61129;
0.878518;3.09549;3.6159;
0.878618;3.09644;3.61129;
0.878718;3.09739;3.6159;
0.878818;3.09834;3.61129;
0.878918;3.09929;3.6159;
0.879018;3.10024;3.61129;
0.879118;3.10119;3.6159;
0.879218;3.10214;3.61129;
0.879318;3.10309;3.6159;
0.879418;3.10404;3.61129;
0.879518;3.10498;3.6159;
0.879618;3.10593;3.61129;
0.879718;3.10688;3.6159;
0.879818;3.10782;3.61129;
0.879918;3.10877;3.6159;
0.880018;3.10972;3.61129;
0.880118;3.11066;3.6159;
0.880218;3.1116;3.61129;
0.880318;3.11255;3.6159;
0.880418;3.11349;3.61129;
0.880518;3.11443;3.6159;
0.880618;3.11538;3.61129;
0.880718;3.11632;3.6159;
0.880818;3.11726;3.61129;
0.880918;3.1182;3.6159;
0.881018;3.11914;3.61129;
0.881118;3.12008;3.6159;
0.881218;3.12102;3.61129;
0.881318;3.12196;3.6159;
0.881418;3.1229;3.61129;
0.881518;3.12384;3.6159;
0.881618;3.12477;3.61129;
0.881718;3.12571;3.6159;
0.881818;3.12665;3.61129;
0.881918;3.12758;3.6159;
0.882018;3.12852;3.61129;
0.882118;3.12946;3.6159;
0.882218;3.13039;3.61129;
0.882318;3.13133;3.6159;
0.882418;3.13226;3.61129;
0.882518;3.13319;3.6159;
0.882618;3.13413;3.61129;
0.882718;3.13506;3.6159;
0.882818;3.13599;3.61129;
0.882918;3.13692;3.6159;
0.883018;3.13785;3.61129;
0.883118;3.13878;3.6159;
0.883218;3.13971;3.61129;
0.883318;3.14064;3.6159;
0.883418;3.14157;3.61129;
0.883518;3.1425;3.6159;
0.883618;3.14343;3.61129;
0.883718;3.14436;3.6159;
0.883818;3.14529;3.61129;
0.883918;3.14621;3.6159;
0.884018;3.14714;3.61129;
0.884118;3.14806;3.6159;
0.884218;3.14899;3.61129;
0.884318;3.14992;3.6159;
0.884418;3.15084;3.61129;
0.884518;3.15176;3.6159;
0.884618;3.15269;3.61129;
0.884718;3.15361;3.6159;
0.884818;3.15453;3.61129;
0.884918;3.15546;3.6159;
0.885018;3.15638;3.61129;
0.885118;3.1573;3.6159;
0.885218;3.15822;3.61129;
0.885318;3.15914;3.6159;
0.885418;3.16006;3.61129;
0.885518;3.16098;3.6159;
0.885618;3.1619;3.61129;
0.885718;3.16282;3.6159;
0.885818;3.16374;3.61129;
0.885918;3.16465;3.6159;
0.886018;3.16557;3.61129;
0.886118;3.16649;3.6159;
0.886218;3.1674;3.61129;
0.886318;3.16832;3.6159;
0.886418;3.16924;3.61129;
0.886518;3.17015;3.6159;
0.886618;3.17107;3.61129;
0.886718;3.17198;3.6159;
0.886818;3.17289;3.61129;
0.886918;3.17381;3.6159;
0.887018;3.17472;3.61129;
0.887118;3.17563;3.6159;
0.887218;3.17654;3.61129;
0.887318;3.17745;3.6159;
0.887418;3.17836;3.61129;
0.887518;3.17927;3.6159;
0.887618;3.18018;3.61129;
0.887718;3.18109;3.6159;
0.887818;3.182;3.61129;
0.887918;3.18291;3.6159;
0.888018;3.18382;3.61129;
0.888118;3.18473;3.6159;
0.888218;3.18563;3.61129;
0.888318;3.18654;3.6159;
0.888418;3.18745;3.61129;
0.888518;3.18835;3.6159;
0.888618;3.18926;3.61129;
0.888718;3.19016;3.6159;
0.888818;3.19107;3.61129;
0.888918;3.19197;3.6159;
0.889018;3.19288;3.61129;
0.889118;3.19378;3.6159;
0.889218;3.19468;3.61129;
0.889318;3.19558;3.6159;
0.889418;3.19649;3.61129;
0.889518;3.19739;3.6159;
0.889618;3.19829;3.61129;
0.889718;3.19919;3.6159;
0.889818;3.20009;3.61129;
0.889918;3.20099;3.6159;
0.890018;3.20189;3.61129;
0.890118;3.20278;3.6159;
0.890218;3.20368;3.61129;
0.890318;3.20458;3.6159;
0.890418;3.20548;3.61129;
0.890518;3.20637;3.6159;
0.890618;3.20727;3.61129;
0.890718;3.20817;3.6159;
0.890818;3.20906;3.61129;
0.890918;3.20996;3.6159;
0.891018;3.21085;3.61129;
0.891118;3.21175;3.6159;
0.891218;3.21264;3.61129;
0.891318;3.21353;3.6159;
0.891418;3.21443;3.61129;
0.891518;3.21532;3.6159;
0.891618;3.21621;3.61129;
0.891718;3.2171;3.6159;
0.891818;3.21799;3.61129;
0.891918;3.21888;3.6159;
0.892018;3.21977;3.61129;
0.892118;3.22066;3.6159;
0.892218;3.22155;3.61129;
0.892318;3.22244;3.6159;
0.892418;3.22333;3.61129;
0.892518;3.22422;3.6159;
0.892618;3.2251;3.61129;
0.892718;3.22599;3.6159;
0.892818;3.22688;3.61129;
0.892918;3.22776;3.6159;
0.893018;3.22865;3.61129;
0.893118;3.22953;3.6159;
0.893218;3.23042;3.61129;
0.893318;3.2313;3.6159;
0.893418;3.23219;3.61129;
0.893518;3.23307;3.6159;
0.893618;3.23395;3.61129;
0.893718;3.23484;3.6159;
0.893818;3.23572;3.61129;
0.893918;3.2366;3.6159;
0.894018;3.23748;3.61129;
0.894118;3.23836;3.6159;
0.894218;3.23924;3.61129;
0.894318;3.24012;3.6159;
0.894418;3.241;3.61129;
0.894518;3.24188;3.6159;
0.894618;3.24276;3.61129;
0.894718;3.24364;3.6159;
0.894818;3.24451;3.6113;
0.894918;3.24539;3.6159;
0.895018;3.24627;3.6113;
0.895118;3.24714;3.6159;
0.895218;3.24802;3.6113;
0.895318;3.24889;3.6159;
0.895418;3.24977;3.6113;
0.895518;3.25064;3.6159;
0.895618;3.25152;3.6113;
0.895718;3.25239;3.6159;
0.895818;3.25327;3.6113;
0.895918;3.25414;3.6159;
0.896018;3.25501;3.6113;
0.896118;3.25588;3.6159;
0.896218;3.25675;3.6113;
0.896318;3.25762;3.6159;
0.896418;3.2585;3.6113;
0.896518;3.25937;3.6159;
0.896618;3.26024;3.6113;
0.896718;3.2611;3.6159;
0.896818;3.26197;3.6113;
0.896918;3.26284;3.6159;
0.897018;3.26371;3.6113;
0.897118;3.26458;3.6159;
0.897218;3.26544;3.6113;
0.897318;3.26631;3.6159;
0.897418;3.26718;3.6113;
0.897518;3.26804;3.6159;
0.897618;3.26891;3.6113;
0.897718;3.26977;3.6159;
0.897818;3.27064;3.6113;
0.897918;3.2715;3.6159;
0.898018;3.27237;3.6113;
0.898118;3.27323;3.6159;
0.898218;3.27409;3.6113;
0.898318;3.27495;3.6159;
0.898418;3.27582;3.6113;
0.898518;3.27668;3.6159;
0.898618;3.27754;3.6113;
0.898718;3.2784;3.6159;
0.898818;3.27926;3.6113;
0.898918;3.28012;3.6159;
0.899018;3.28098;3.6113;
0.899118;3.28184;3.6159;
0.899218;3.2827;3.6113;
0.899318;3.28355;3.6159;
0.899418;3.28441;3.6113;
0.899518;3.28527;3.6159;
0.899618;3.28612;3.6113;
0.899718;3.28698;3.6159;
0.899818;3.28784;3.6113;
0.899918;3.28869;3.6159;
0.900018;3.28955;3.6113;
0.900118;3.2904;3.6159;
0.900218;3.29126;3.6113;
0.900318;3.29211;3.6159;
0.900418;3.29296;3.6113;
0.900518;3.29382;3.6159;
0.900618;3.29467;3.6113;
0.900718;3.29552;3.6159;
0.900818;3.29637;3.6113;
0.900918;3.29722;3.6159;
0.901018;3.29807;3.6113;
0.901118;3.29892;3.6159;
0.901218;3.29977;3.6113;
0.901318;3.30062;3.6159;
0.901418;3.30147;3.6113;
0.901518;3.30232;3.61589;
0.901618;3.30317;3.6113;
0.901718;3.30402;3.61589;
0.901818;3.30486;3.6113;
0.901918;3.30571;3.61589;
0.902018;3.30656;3.6113;
0.902118;3.3074;3.61589;
0.902218;3.30825;3.6113;
0.902318;3.30909;3.61589;
0.902418;3.30994;3.6113;
0.902518;3.31078;3.61589;
0.902618;3.31163;3.6113;
0.902718;3.31247;3.61589;
0.902818;3.31331;3.6113;
0.902918;3.31415;3.61589;
0.903018;3.315;3.6113;
0.903118;3.31584;3.61589;
0.903218;3.31668;3.6113;
0.903318;3.31752;3.61589;
0.903418;3.31836;3.6113;
0.903518;3.3192;3.61589;
0.903618;3.32004;3.6113;
0.903718;3.32088;3.61589;
0.903818;3.32172;3.6113;
0.903918;3.32256;3.61589;
0.904018;3.32339;3.6113;
0.904118;3.32423;3.61589;
0.904218;3.32507;3.6113;
0.904318;3.32591;3.61589;
0.904418;3.32674;3.6113;
0.904518;3.32758;3.61589;
0.904618;3.32841;3.6113;
0.904718;3.32925;3.61589;
0.904818;3.33008;3.6113;
0.904918;3.33092;3.61589;
0.905018;3.33175;3.6113;
0.905118;3.33258;3.61589;
0.905218;3.33342;3.6113;
0.905318;3.33425;3.61589;
0.905418;3.33508;3.6113;
0.905518;3.33591;3.61589;
0.905618;3.33674;3.6113;
0.905718;3.33757;3.61589;
0.905818;3.33841;3.6113;
0.905918;3.33924;3.61589;
0.906018;3.34006;3.6113;
0.906118;3.34089;3.61589;
0.906218;3.34172;3.6113;
0.906318;3.34255;3.61589;
0.906418;3.34338;3.6113;
0.906518;3.34421;3.61589;
0.906618;3.34503;3.6113;
0.906718;3.34586;3.61589;
0.906818;3.34669;3.6113;
0.906918;3.34751;3.61589;
0.907018;3.34834;3.6113;
0.907118;3.34916;3.61589;
0.907218;3.34999;3.6113;
0.907318;3.35081;3.61589;
0.907418;3.35163;3.6113;
0.907518;3.35246;3.61589;
0.907618;3.35328;3.6113;
0.907718;3.3541;3.61589;
0.907818;3.35492;3.6113;
0.907918;3.35575;3.61589;
0.908018;3.35657;3.6113;
0.908118;3.35739;3.61589;
0.908218;3.35821;3.61134;
0.908318;3.35903;3.61594;
0.908418;3.35985;3.61134;
0.908518;3.36067;3.61594;
0.908618;3.36149;3.61134;
0.908718;3.3623;3.61594;
0.908818;3.36312;3.61134;
0.908918;3.36394;3.61594;
0.909018;3.36476;3.61134;
0.909118;3.36557;3.61594;
0.909218;3.36639;3.61134;
0.909318;3.3672;3.61594;
0.909418;3.36802;3.61134;
0.909518;3.36883;3.61594;
0.909618;3.36965;3.61134;
0.909718;3.37046;3.61594;
0.909818;3.37128;3.61134;
0.909918;3.37209;3.61594;
0.910018;3.3729;3.61134;
0.910118;3.37372;3.61594;
0.910218;3.37453;3.61134;
0.910318;3.37534;3.61594;
0.910418;3.37615;3.61134;
0.910518;3.37696;3.61594;
0.910618;3.37777;3.61134;
0.910718;3.37858;3.61594;
0.910818;3.37939;3.61134;
0.910918;3.3802;3.61594;
0.911018;3.38101;3.61134;
0.911118;3.38182;3.61594;
0.911218;3.38263;3.61135;
0.91123;3.38273;3.61363;
0.911251;3.38289;3.61363;
0.911265;3.38301;3.61363;
0.911278;3.38311;3.61363;
0.911305;3.38333;3.61363;
0.911305;3.38334;3.61364;
0.911307;3.38335;3.61364;
0.911307;3.38335;3.61364;
0.911308;3.38336;3.61364;
0.911309;3.38337;3.61365;
0.911309;3.38337;3.61365;
0.911309;3.38337;3.61366;
0.91131;3.38337;3.61366;
0.91131;3.38337;3.61368;
0.91131;3.38337;3.61369;
0.91131;3.38337;3.61371;
0.91131;3.38337;3.61372;
0.91131;3.38337;3.61375;
0.91131;3.38337;3.61392;
0.91131;3.38337;3.61397;
0.91131;3.38338;3.61411;
0.91131;3.38338;3.61417;
0.91131;3.38338;3.61431;
0.91131;3.38338;3.61488;
0.91131;3.38338;3.69593;
0.91131;3.38338;2.68751;
0.91131;3.38338;0.592544;
0.91131;3.38338;0.0210114;
0.91131;3.38338;0.00660717;
0.91131;3.38337;0.00899173;
0.911311;3.38337;0.00704493;
0.911311;3.38337;0.008217;
0.911311;3.38337;0.00737086;
0.911311;3.38337;0.00779322;
0.911311;3.38337;0.00748402;
0.911311;3.38337;0.00757175;
0.911311;3.38337;0.00757008;
0.911311;3.38337;0.00764492;
0.911311;3.38337;0.00775562;
0.911311;3.38337;0.007657;
0.911311;3.38336;0.00776323;
0.911311;3.38336;0.00764931;
0.911311;3.38335;0.00776744;
0.911312;3.38333;0.0076472;
0.911313;3.3833;0.00776846;
0.911315;3.38322;0.0076466;
0.911319;3.38308;0.00776859;
0.911328;3.38279;0.00764623;
0.911345;3.38221;0.00776836;
0.91138;3.38105;0.00764577;
0.911449;3.37872;0.00776785;
0.911549;3.37536;0.00764532;
0.911649;3.37201;0.00776761;
0.911749;3.36865;0.00764521;
0.911849;3.3653;0.00776748;
0.911949;3.36195;0.00764508;
0.912049;3.35861;0.00776747;
0.912149;3.35527;0.00764506;
0.912249;3.35193;0.00776746;
0.912349;3.34859;0.00764503;
0.912449;3.34526;0.00776745;
0.912549;3.34194;0.00764501;
0.912649;3.33861;0.00776744;
0.912749;3.33529;0.00764498;
0.912849;3.33197;0.00776743;
0.912949;3.32866;0.00764495;
0.913049;3.32535;0.00776742;
0.913149;3.32204;0.00764493;
0.913249;3.31874;0.00776741;
0.913349;3.31544;0.0076449;
0.913449;3.31214;0.0077674;
0.913549;3.30884;0.00764488;
0.913649;3.30555;0.00776739;
0.913749;3.30226;0.00764485;
0.913849;3.29898;0.00776738;
0.913949;3.2957;0.00764482;
0.914049;3.29242;0.00776737;
0.914149;3.28915;0.0076448;
0.914249;3.28588;0.00776736;
0.914349;3.28261;0.00764477;
0.914449;3.27934;0.00776735;
0.914549;3.27608;0.00764475;
0.914649;3.27282;0.00776734;
0.914749;3.26957;0.00764472;
0.914849;3.26632;0.00776733;
0.914949;3.26307;0.0076447;
0.915049;3.25982;0.00776732;
0.915149;3.25658;0.00764467;
0.915249;3.25334;0.00776731;
0.915349;3.25011;0.00764464;
0.915449;3.24687;0.0077673;
0.915549;3.24364;0.00764462;
0.915649;3.24042;0.00776729;
0.915749;3.2372;0.00764459;
0.915849;3.23398;0.00776728;
0.915949;3.23076;0.00764457;
0.916049;3.22755;0.00776727;
0.916149;3.22434;0.00764454;
0.916249;3.22113;0.00776726;
0.916349;3.21793;0.00764452;
0.916449;3.21473;0.00776725;
0.916549;3.21153;0.00764449;
0.916649;3.20834;0.00776724;
0.916749;3.20515;0.00764447;
0.916849;3.20196;0.00776723;
0.916949;3.19878;0.00764444;
0.917049;3.1956;0.00776722;
0.917149;3.19242;0.00764442;
0.917249;3.18924;0.00776721;
0.917349;3.18607;0.00764439;
0.917449;3.1829;0.0077672;
0.917549;3.17974;0.00764437;
0.917649;3.17658;0.00776719;
0.917749;3.17342;0.00764434;
0.917849;3.17026;0.00776718;
0.917949;3.16711;0.00764432;
0.918049;3.16396;0.00776717;
0.918149;3.16082;0.00764429;
0.918249;3.15767;0.00776716;
0.918349;3.15453;0.00764427;
0.918449;3.1514;0.00776715;
0.918549;3.14826;0.00764424;
0.918649;3.14513;0.00776714;
0.918749;3.142;0.00764422;
0.918849;3.13888;0.00776713;
0.918949;3.13576;0.00764419;
0.919049;3.13264;0.00776712;
0.919149;3.12953;0.00764417;
0.919249;3.12641;0.00776711;
0.919349;3.12331;0.00764414;
0.919449;3.1202;0.0077671;
0.919549;3.1171;0.00764412;
0.919649;3.114;0.00776709;
0.919749;3.1109;0.00764409;
0.919849;3.10781;0.00776708;
0.919949;3.10472;0.00764407;
0.920049;3.10163;0.00776707;
0.920149;3.09855;0.00764404;
0.920249;3.09547;0.00776706;
0.920349;3.09239;0.00764402;
0.920449;3.08932;0.00776705;
0.920549;3.08624;0.00764399;
0.920649;3.08318;0.00776704;
0.920749;3.08011;0.00764397;
0.920849;3.07705;0.00776703;
0.920949;3.07399;0.00764394;
0.921049;3.07093;0.00776703;
0.921149;3.06788;0.00764392;
0.921249;3.06483;0.00776702;
0.921349;3.06178;0.00764389;
0.921449;3.05874;0.00776701;
0.921549;3.0557;0.00764387;
0.921649;3.05266;0.007767;
0.921749;3.04963;0.00764385;
0.921849;3.04659;0.00776699;
0.921949;3.04356;0.00764382;
0.922049;3.04054;0.00776698;
0.922149;3.03752;0.0076438;
0.922249;3.0345;0.00776697;
0.922349;3.03148;0.00764377;
0.922449;3.02847;0.00776696;
0.922549;3.02546;0.00764375;
0.922649;3.02245;0.00776695;
0.922749;3.01944;0.00764372;
0.922849;3.01644;0.00776694;
0.922949;3.01344;0.0076437;
0.923049;3.01045;0.00776694;
0.923149;3.00745;0.00764368;
0.923249;3.00446;0.00776693;
0.923349;3.00148;0.00764365;
0.923449;2.99849;0.00776692;
0.923549;2.99551;0.00764363;
0.923649;2.99254;0.00776691;
0.923749;2.98956;0.0076436;
0.923849;2.98659;0.0077669;
0.923949;2.98362;0.00764358;
0.924049;2.98065;0.00776689;
0.924149;2.97769;0.00764356;
0.924249;2.97473;0.00776688;
0.924349;2.97177;0.00764353;
0.924449;2.96882;0.00776687;
0.924549;2.96587;0.00764351;
0.924649;2.96292;0.00776686;
0.924749;2.95998;0.00764348;
0.924849;2.95703;0.00776686;
0.924949;2.95409;0.00764346;
0.925049;2.95116;0.00776685;
0.925149;2.94822;0.00764344;
0.925249;2.94529;0.00776684;
0.925349;2.94237;0.00764341;
0.925449;2.93944;0.00776683;
0.925549;2.93652;0.00764339;
0.925649;2.9336;0.00776682;
0.925749;2.93068;0.00764336;
0.925849;2.92777;0.00776681;
0.925949;2.92486;0.00764334;
0.926049;2.92195;0.00776681;
0.926149;2.91905;0.00764332;
0.926249;2.91615;0.0077668;
0.926349;2.91325;0.00764329;
0.926449;2.91035;0.00776679;
0.926549;2.90746;0.00764327;
0.926649;2.90457;0.00776678;
0.926749;2.90168;0.00764325;
0.926849;2.8988;0.00776677;
0.926949;2.89592;0.00764322;
0.927049;2.89304;0.00776676;
0.927149;2.89016;0.0076432;
0.927249;2.88729;0.00776676;
0.927349;2.88442;0.00764317;
0.927449;2.88156;0.00776675;
0.927549;2.87869;0.00764315;
0.927649;2.87583;0.00776674;
0.927749;2.87297;0.00764313;
0.927849;2.87012;0.00776673;
0.927949;2.86726;0.0076431;
0.928049;2.86441;0.00776672;
0.928149;2.86157;0.00764308;
0.928249;2.85872;0.00776671;
0.928349;2.85588;0.00764306;
0.928449;2.85304;0.00776671;
0.928549;2.85021;0.00764303;
0.928649;2.84738;0.0077667;
0.928749;2.84455;0.00764301;
0.928849;2.84172;0.00776669;
0.928949;2.83889;0.00764299;
0.929049;2.83607;0.00776668;
0.929149;2.83325;0.00764296;
0.929249;2.83044;0.00776667;
0.929349;2.82763;0.00764294;
0.929449;2.82482;0.00776667;
0.929549;2.82201;0.00764292;
0.929649;2.8192;0.00776666;
0.929749;2.8164;0.00764289;
0.929849;2.8136;0.00776665;
0.929949;2.81081;0.00764287;
0.930049;2.80801;0.00776664;
0.930149;2.80522;0.00764285;
0.930249;2.80243;0.00776663;
0.930349;2.79965;0.00764283;
0.930449;2.79687;0.00776663;
0.930549;2.79409;0.0076428;
0.930649;2.79131;0.00776662;
0.930749;2.78854;0.00764278;
0.930849;2.78577;0.00776661;
0.930949;2.783;0.00764276;
0.931049;2.78023;0.0077666;
0.931149;2.77747;0.00764273;
0.931249;2.77471;0.0077666;
0.931349;2.77195;0.00764271;
0.931449;2.7692;0.00776659;
0.931549;2.76645;0.00764269;
0.931649;2.7637;0.00776658;
0.931749;2.76095;0.00764266;
0.931849;2.75821;0.00776657;
0.931949;2.75547;0.00764264;
0.932049;2.75273;0.00776657;
0.932149;2.74999;0.00764262;
0.932249;2.74726;0.00776656;
0.932349;2.74453;0.0076426;
0.932449;2.7418;0.00776655;
0.932549;2.73908;0.00764257;
0.932649;2.73636;0.00776654;
0.932749;2.73364;0.00764255;
0.932849;2.73092;0.00776654;
0.932949;2.72821;0.00764253;
0.933049;2.7255;0.00776653;
0.933149;2.72279;0.00764251;
0.933249;2.72008;0.00776652;
0.933349;2.71738;0.00764248;
0.933449;2.71468;0.00776651;
0.933549;2.71198;0.00764246;
0.933649;2.70929;0.00776651;
0.933749;2.7066;0.00764244;
0.933849;2.70391;0.0077665;
0.933949;2.70122;0.00764241;
0.934049;2.69854;0.00776649;
0.934149;2.69586;0.00764239;
0.934249;2.69318;0.00776648;
0.934349;2.6905;0.00764237;
0.934449;2.68783;0.00776648;
0.934549;2.68516;0.00764235;
0.934649;2.68249;0.00776647;
0.934749;2.67982;0.00764232;
0.934849;2.67716;0.00776646;
0.934949;2.6745;0.0076423;
0.935049;2.67184;0.00776646;
0.935149;2.66919;0.00764228;
0.935249;2.66654;0.00776645;
0.935349;2.66389;0.00764226;
0.935449;2.66124;0.00776644;
0.935549;2.6586;0.00764224;
0.935649;2.65596;0.00776643;
0.935749;2.65332;0.00764221;
0.935849;2.65068;0.00776643;
0.935949;2.64805;0.00764219;
0.936049;2.64542;0.00776642;
0.936149;2.64279;0.00764217;
0.936249;2.64016;0.00776641;
0.936349;2.63754;0.00764215;
0.936449;2.63492;0.00776641;
0.936549;2.6323;0.00764212;
0.936649;2.62969;0.0077664;
0.936749;2.62707;0.0076421;
0.936849;2.62446;0.00776639;
0.936949;2.62186;0.00764208;
0.937049;2.61925;0.00776639;
0.937149;2.61665;0.00764206;
0.937249;2.61405;0.00776638;
0.937349;2.61145;0.00764204;
0.937449;2.60886;0.00776637;
0.937549;2.60627;0.00764201;
0.937649;2.60368;0.00776637;
0.937749;2.60109;0.00764199;
0.937849;2.59851;0.00776636;
0.937949;2.59593;0.00764197;
0.938049;2.59335;0.00776635;
0.938149;2.59077;0.00764195;
0.938249;2.5882;0.00776635;
0.938349;2.58563;0.00764193;
0.938449;2.58306;0.00776634;
0.938549;2.58049;0.0076419;
0.938649;2.57793;0.00776633;
0.938749;2.57537;0.00764188;
0.938849;2.57281;0.00776633;
0.938949;2.57025;0.00764186;
0.939049;2.5677;0.00776632;
0.939149;2.56515;0.00764184;
0.939249;2.5626;0.00776631;
0.939349;2.56006;0.00764182;
0.939449;2.55751;0.00776631;
0.939549;2.55497;0.0076418;
0.939649;2.55244;0.0077663;
0.939749;2.5499;0.00764177;
0.939849;2.54737;0.00776629;
0.939949;2.54484;0.00764175;
0.940049;2.54231;0.00776629;
0.940149;2.53978;0.00764173;
0.940249;2.53726;0.00776628;
0.940349;2.53474;0.00764171;
0.940449;2.53222;0.00776627;
0.940549;2.52971;0.00764169;
0.940649;2.52719;0.00776627;
0.940749;2.52468;0.00764167;
0.940849;2.52218;0.00776626;
0.940949;2.51967;0.00764164;
0.941049;2.51717;0.00776625;
0.941149;2.51467;0.00764162;
0.941249;2.51217;0.00776625;
0.941349;2.50968;0.0076416;
0.941449;2.50718;0.00776624;
0.941549;2.50469;0.00764158;
0.941649;2.50221;0.00776624;
0.941749;2.49972;0.00764156;
0.941849;2.49724;0.00776623;
0.941949;2.49476;0.00764154;
0.942049;2.49228;0.00776622;
0.942149;2.4898;0.00764151;
0.942249;2.48733;0.00776622;
0.942349;2.48486;0.00764149;
0.942449;2.48239;0.00776621;
0.942549;2.47993;0.00764147;
0.942649;2.47746;0.0077662;
0.942749;2.475;0.00764145;
0.942849;2.47255;0.0077662;
0.942949;2.47009;0.00764143;
0.943049;2.46764;0.00776619;
0.943149;2.46519;0.00764141;
0.943249;2.46274;0.00776619;
0.943349;2.46029;0.00764139;
0.943449;2.45785;0.00776618;
0.943549;2.45541;0.00764137;
0.943649;2.45297;0.00776617;
0.943749;2.45053;0.00764134;
0.943849;2.4481;0.00776617;
0.943949;2.44567;0.00764132;
0.944049;2.44324;0.00776616;
0.944149;2.44081;0.0076413;
0.944249;2.43839;0.00776616;
0.944349;2.43597;0.00764128;
0.944449;2.43355;0.00776615;
0.944549;2.43113;0.00764126;
0.944649;2.42872;0.00776615;
0.944749;2.42631;0.00764124;
0.944849;2.4239;0.00776614;
0.944949;2.42149;0.00764122;
0.945049;2.41908;0.00776613;
0.945149;2.41668;0.0076412;
0.945249;2.41428;0.00776613;
0.945349;2.41188;0.00764118;
0.945449;2.40949;0.00776612;
0.945549;2.4071;0.00764116;
0.945649;2.40471;0.00776612;
0.945749;2.40232;0.00764113;
0.945849;2.39993;0.00776611;
0.945949;2.39755;0.00764111;
0.946049;2.39517;0.0077661;
0.946149;2.39279;0.00764109;
0.946249;2.39041;0.0077661;
0.946349;2.38804;0.00764107;
0.946449;2.38567;0.00776609;
0.946549;2.3833;0.00764105;
0.946649;2.38093;0.00776609;
0.946749;2.37857;0.00764103;
0.946849;2.37621;0.00776608;
0.946949;2.37385;0.00764101;
0.947049;2.37149;0.00776608;
0.947149;2.36914;0.00764099;
0.947249;2.36678;0.00776607;
0.947349;2.36443;0.00764097;
0.947449;2.36209;0.00776607;
0.947549;2.35974;0.00764095;
0.947649;2.3574;0.00776606;
0.947749;2.35506;0.00764093;
0.947849;2.35272;0.00776605;
0.947949;2.35038;0.00764091;
0.948049;2.34805;0.00776605;
0.948149;2.34572;0.00764089;
0.948249;2.34339;0.00776604;
0.948349;2.34106;0.00764087;
0.948449;2.33874;0.00776604;
0.948549;2.33642;0.00764084;
0.948649;2.3341;0.00776603;
0.948749;2.33178;0.00764082;
0.948849;2.32946;0.00776603;
0.948949;2.32715;0.0076408;
0.949049;2.32484;0.00776602;
0.949149;2.32253;0.00764078;
0.949249;2.32023;0.00776602;
0.949349;2.31792;0.00764076;
0.949449;2.31562;0.00776601;
0.949549;2.31332;0.00764074;
0.949649;2.31103;0.00776601;
0.949749;2.30873;0.00764072;
0.949849;2.30644;0.007766;
0.949949;2.30415;0.0076407;
0.950049;2.30186;0.007766;
0.950149;2.29958;0.00764068;
0.950249;2.29729;0.00776599;
0.950349;2.29501;0.00764066;
0.950449;2.29274;0.00776599;
0.950549;2.29046;0.00764064;
0.950649;2.28819;0.00776598;
0.950749;2.28591;0.00764062;
0.950849;2.28364;0.00776598;
0.950949;2.28138;0.0076406;
0.951049;2.27911;0.00776597;
0.951149;2.27685;0.00764058;
0.951249;2.27459;0.00776597;
0.951349;2.27233;0.00764056;
0.951449;2.27008;0.00776596;
0.951549;2.26782;0.00764054;
0.951649;2.26557;0.00776596;
0.951749;2.26332;0.00764052;
0.951849;2.26108;0.00776595;
0.951949;2.25883;0.0076405;
0.952049;2.25659;0.00776595;
0.952149;2.25435;0.00764048;
0.952249;2.25211;0.00776594;
0.952349;2.24988;0.00764046;
0.952449;2.24764;0.00776594;
0.952549;2.24541;0.00764044;
0.952649;2.24318;0.00776593;
0.952749;2.24096;0.00764042;
0.952849;2.23873;0.00776593;
0.952949;2.23651;0.0076404;
0.953049;2.23429;0.00776592;
0.953149;2.23207;0.00764038;
0.953249;2.22986;0.00776592;
0.953349;2.22764;0.00764036;
0.953449;2.22543;0.00776591;
0.953549;2.22322;0.00764034;
0.953649;2.22102;0.00776591;
0.953749;2.21881;0.00764032;
0.953849;2.21661;0.0077659;
0.953949;2.21441;0.0076403;
0.954049;2.21221;0.0077659;
0.954149;2.21002;0.00764028;
0.954249;2.20782;0.00776589;
0.954349;2.20563;0.00764026;
0.954449;2.20344;0.00776589;
0.954549;2.20125;0.00764024;
0.954649;2.19907;0.00776588;
0.954749;2.19689;0.00764022;
0.954849;2.19471;0.00776588;
0.954949;2.19253;0.0076402;
0.955049;2.19035;0.00776587;
0.955149;2.18818;0.00764018;
0.955249;2.18601;0.00776587;
0.955349;2.18384;0.00764016;
0.955449;2.18167;0.00776587;
0.955549;2.1795;0.00764014;
0.955649;2.17734;0.00776586;
0.955749;2.17518;0.00764012;
0.955849;2.17302;0.00776586;
0.955949;2.17086;0.0076401;
0.956049;2.16871;0.00776585;
0.956149;2.16656;0.00764008;
0.956249;2.16441;0.00776585;
0.956349;2.16226;0.00764006;
0.956449;2.16011;0.00776584;
0.956549;2.15797;0.00764004;
0.956649;2.15583;0.00776584;
0.956749;2.15369;0.00764002;
0.956849;2.15155;0.00776583;
0.956949;2.14942;0.00764;
0.957049;2.14728;0.00776583;
0.957149;2.14515;0.00763999;
0.957249;2.14302;0.00776583;
0.957349;2.1409;0.00763997;
0.957449;2.13877;0.00776582;
0.957549;2.13665;0.00763995;
0.957649;2.13453;0.00776582;
0.957749;2.13241;0.00763993;
0.957849;2.1303;0.00776581;
0.957949;2.12818;0.00763991;
0.958049;2.12607;0.00776581;
0.958149;2.12396;0.00763989;
0.958249;2.12185;0.0077658;
0.958349;2.11975;0.00763987;
0.958449;2.11764;0.0077658;
0.958549;2.11554;0.00763985;
0.958649;2.11344;0.0077658;
0.958749;2.11135;0.00763983;
0.958849;2.10925;0.00776579;
0.958949;2.10716;0.00763981;
0.959049;2.10507;0.00776579;
0.959149;2.10298;0.00763979;
0.959249;2.10089;0.00776578;
0.959349;2.09881;0.00763977;
0.959449;2.09673;0.00776578;
0.959549;2.09465;0.00763975;
0.959649;2.09257;0.00776578;
0.959749;2.09049;0.00763973;
0.959849;2.08842;0.00776577;
0.959949;2.08634;0.00763972;
0.960049;2.08427;0.00776577;
0.960149;2.08221;0.0076397;
0.960249;2.08014;0.00776576;
0.960349;2.07808;0.00763968;
0.960449;2.07601;0.00776576;
0.960549;2.07395;0.00763966;
0.960649;2.0719;0.00776576;
0.960749;2.06984;0.00763964;
0.960849;2.06779;0.00776575;
0.960949;2.06574;0.00763962;
0.961049;2.06369;0.00776575;
0.961149;2.06164;0.0076396;
0.961249;2.05959;0.00776574;
0.961349;2.05755;0.00763958;
0.961449;2.05551;0.00776574;
0.961549;2.05347;0.00763956;
0.961649;2.05143;0.00776574;
0.961749;2.0494;0.00763954;
0.961849;2.04736;0.00776573;
0.961949;2.04533;0.00763952;
0.962049;2.0433;0.00776573;
0.962149;2.04128;0.00763951;
0.962249;2.03925;0.00776572;
0.962349;2.03723;0.00763949;
0.962449;2.03521;0.00776572;
0.962549;2.03319;0.00763947;
0.962649;2.03117;0.00776572;
0.962749;2.02916;0.00763945;
0.962849;2.02714;0.00776571;
0.962949;2.02513;0.00763943;
0.963049;2.02312;0.00776571;
0.963149;2.02112;0.00763941;
0.963249;2.01911;0.00776571;
0.963349;2.01711;0.00763939;
0.963449;2.01511;0.0077657;
0.963549;2.01311;0.00763937;
0.963649;2.01111;0.0077657;
0.963749;2.00912;0.00763936;
0.963849;2.00713;0.0077657;
0.963949;2.00513;0.00763934;
0.964049;2.00315;0.00776569;
0.964149;2.00116;0.00763932;
0.964249;1.99917;0.00776569;
0.964349;1.99719;0.0076393;
0.964449;1.99521;0.00776568;
0.964549;1.99323;0.00763928;
0.964649;1.99125;0.00776568;
0.964749;1.98928;0.00763926;
0.964849;1.9873;0.00776568;
0.964949;1.98533;0.00763924;
0.965049;1.98336;0.00776567;
0.965149;1.9814;0.00763923;
0.965249;1.97943;0.00776567;
0.965349;1.97747;0.00763921;
0.965449;1.97551;0.00776567;
0.965549;1.97355;0.00763919;
0.965649;1.97159;0.00776566;
0.965749;1.96964;0.00763917;
0.965849;1.96768;0.00776566;
0.965949;1.96573;0.00763915;
0.966049;1.96378;0.00776566;
0.966149;1.96183;0.00763913;
0.966249;1.95989;0.00776565;
0.966349;1.95794;0.00763911;
0.966449;1.956;0.00776565;
0.966549;1.95406;0.0076391;
0.966649;1.95212;0.00776565;
0.966749;1.95019;0.00763908;
0.966849;1.94825;0.00776564;
0.966949;1.94632;0.00763906;
0.967049;1.94439;0.00776564;
0.967149;1.94246;0.00763904;
0.967249;1.94054;0.00776564;
0.967349;1.93861;0.00763902;
0.967449;1.93669;0.00776563;
0.967549;1.93477;0.007639;
0.967649;1.93285;0.00776563;
0.967749;1.93093;0.00763899;
0.967849;1.92902;0.00776563;
0.967949;1.92711;0.00763897;
0.968049;1.9252;0.00776562;
0.968149;1.92329;0.00763895;
0.968249;1.92138;0.00776562;
0.968349;1.91947;0.00763893;
0.968449;1.91757;0.00776562;
0.968549;1.91567;0.00763891;
0.968649;1.91377;0.00776561;
0.968749;1.91187;0.00763889;
0.968849;1.90998;0.00776561;
0.968949;1.90808;0.00763887;
0.969049;1.90619;0.00776559;
0.969149;1.9043;0.00763884;
0.969249;1.90241;0.00776557;
0.969349;1.90053;0.00763879;
0.969449;1.89864;0.00776553;
0.969549;1.89676;0.00763872;
0.969649;1.89488;0.00776554;
0.969749;1.893;0.00763869;
0.969849;1.89112;0.00776543;
0.969949;1.88925;0.00763853;
0.970049;1.88737;0.00776526;
0.970149;1.8855;0.00763832;
0.970249;1.88363;0.00776504;
0.970349;1.88177;0.00763804;
0.970449;1.8799;0.00776474;
0.970549;1.87804;0.00763768;
0.970649;1.87617;0.00776436;
0.970749;1.87431;0.00763721;
0.970849;1.87246;0.00776385;
0.970949;1.8706;0.00763657;
0.971049;1.86875;0.00776312;
0.971149;1.86689;0.00763563;
0.971249;1.86504;0.00776195;
0.971349;1.86319;0.0076339;
0.971449;1.86135;0.00775923;
0.971549;1.8595;0.00762835;
0.971649;1.85766;0.00774971;
0.971749;1.85582;0.00761648;
0.971849;1.85398;0.00773855;
0.971949;1.85214;0.00760532;
0.972049;1.8503;0.00772543;
0.972061;1.85007;0.0076588;
0.972086;1.84962;0.00765281;
0.972087;1.8496;0.00761209;
0.972088;1.84958;0.00762798;
0.972089;1.84957;0.00761661;
0.972089;1.84956;0.00763329;
0.972091;1.84953;0.00761253;
0.972092;1.84951;0.00763722;
0.972094;1.84947;0.00760772;
0.972097;1.84942;0.00763887;
0.9721;1.84936;0.00760251;
0.972105;1.84927;0.00764246;
0.972112;1.84913;0.00760321;
0.972113;1.84913;0.00768069;
0.972113;1.84912;0.00763498;
0.972113;1.84912;0.00764292;
0.972113;1.84912;0.00764821;
0.972113;1.84912;0.0076368;
0.972113;1.84912;0.00756596;
0.972113;1.84912;0.00752956;
0.972113;1.84912;0.00739829;
0.972113;1.84912;0.00697313;
0.972113;1.84912;0.0363785;
0.972113;1.84912;1.07262;
0.972113;1.84912;2.11032;
0.972113;1.84912;2.59809;
0.972113;1.84912;2.92682;
0.972113;1.84912;3.13963;
0.972113;1.84912;3.28936;
0.972113;1.84912;3.41001;
0.972113;1.84912;3.50029;
0.972113;1.84912;3.57055;
0.972113;1.84912;3.59926;
0.972113;1.84912;3.61359;
0.972114;1.84913;3.61304;
0.972114;1.84913;3.6142;
0.972114;1.84913;3.61308;
0.972114;1.84913;3.61418;
0.972114;1.84914;3.61309;
0.972115;1.84915;3.61415;
0.972116;1.84917;3.61309;
0.972118;1.8492;3.61415;
0.972122;1.84927;3.61309;
0.972131;1.8494;3.61415;
0.972148;1.84967;3.61309;
0.972182;1.8502;3.61415;
0.97225;1.85127;3.61309;
0.97235;1.85285;3.61415;
0.97245;1.85442;3.61309;
0.97255;1.85599;3.61415;
0.97265;1.85756;3.61309;
0.97275;1.85913;3.61415;
0.97285;1.8607;3.61309;
0.97295;1.86227;3.61415;
0.97305;1.86384;3.61309;
0.97315;1.86541;3.61415;
0.97325;1.86698;3.61309;
0.97335;1.86854;3.61415;
0.97345;1.87011;3.61309;
0.97355;1.87167;3.61415;
0.97365;1.87324;3.61309;
0.97375;1.8748;3.61415;
0.97385;1.87636;3.61309;
0.97395;1.87792;3.61415;
0.97405;1.87948;3.61309;
0.97415;1.88104;3.61415;
0.97425;1.8826;3.61309;
0.97435;1.88416;3.61415;
0.97445;1.88572;3.61309;
0.97455;1.88728;3.61415;
0.97465;1.88883;3.61309;
0.97475;1.89039;3.61415;
0.97485;1.89194;3.61311;
0.97495;1.8935;3.61416;
0.97505;1.89505;3.61311;
0.97515;1.8966;3.61415;
0.97525;1.89815;3.61309;
0.97535;1.8997;3.61414;
0.97545;1.90125;3.61309;
0.97555;1.9028;3.61414;
0.97565;1.90435;3.61309;
0.97575;1.9059;3.61414;
0.97585;1.90744;3.61309;
0.97595;1.90899;3.61414;
0.97605;1.91053;3.61309;
0.97615;1.91208;3.61414;
0.97625;1.91362;3.61309;
0.97635;1.91516;3.61414;
0.97645;1.91671;3.61309;
0.97655;1.91825;3.61414;
0.97665;1.91979;3.61309;
0.97675;1.92133;3.61414;
0.97685;1.92287;3.61309;
0.97695;1.92441;3.61414;
0.97705;1.92594;3.61309;
0.97715;1.92748;3.61414;
0.97725;1.92902;3.61309;
0.97735;1.93055;3.61414;
0.97745;1.93208;3.61309;
0.97755;1.93362;3.61414;
0.97765;1.93515;3.61309;
0.97775;1.93668;3.61414;
0.97785;1.93821;3.61309;
0.97795;1.93974;3.61414;
0.97805;1.94127;3.61309;
0.97815;1.9428;3.61414;
0.97825;1.94433;3.61309;
0.97835;1.94586;3.61414;
0.97845;1.94739;3.61309;
0.97855;1.94891;3.61414;
0.97865;1.95044;3.61309;
0.97875;1.95196;3.61414;
0.97885;1.95348;3.61309;
0.97895;1.95501;3.61414;
0.97905;1.95653;3.61309;
0.97915;1.95805;3.61414;
0.97925;1.95957;3.61309;
0.97935;1.96109;3.61414;
0.97945;1.96261;3.61309;
0.97955;1.96413;3.61414;
0.97965;1.96565;3.61309;
0.97975;1.96716;3.61414;
0.97985;1.96868;3.61309;
0.97995;1.97019;3.61414;
0.98005;1.97171;3.61309;
0.98015;1.97322;3.61414;
0.98025;1.97474;3.61309;
0.98035;1.97625;3.61414;
0.98045;1.97776;3.61309;
0.98055;1.97927;3.61414;
0.98065;1.98078;3.61309;
0.98075;1.98229;3.61414;
0.98085;1.9838;3.61309;
0.98095;1.98531;3.61414;
0.98105;1.98681;3.61309;
0.98115;1.98832;3.61414;
0.98125;1.98982;3.61309;
0.98135;1.99133;3.61414;
0.98145;1.99283;3.61309;
0.98155;1.99434;3.61414;
0.98165;1.99584;3.61309;
0.98175;1.99734;3.61414;
0.98185;1.99884;3.61309;
0.98195;2.00034;3.61414;
0.98205;2.00184;3.61309;
0.98215;2.00334;3.61414;
0.98225;2.00484;3.61309;
0.98235;2.00633;3.61414;
0.98245;2.00783;3.61309;
0.98255;2.00933;3.61414;
0.98265;2.01082;3.61309;
0.98275;2.01231;3.61414;
0.98285;2.01381;3.61309;
0.98295;2.0153;3.61414;
0.98305;2.01679;3.61309;
0.98315;2.01828;3.61414;
0.98325;2.01977;3.61309;
0.98335;2.02126;3.61414;
0.98345;2.02275;3.61309;
0.98355;2.02424;3.61414;
0.98365;2.02573;3.61309;
0.98375;2.02722;3.61414;
0.98385;2.0287;3.61309;
0.98395;2.03019;3.61414;
0.98405;2.03167;3.61309;
0.98415;2.03315;3.61414;
0.98425;2.03464;3.61309;
0.98435;2.03612;3.61414;
0.98445;2.0376;3.61309;
0.98455;2.03908;3.61414;
0.98465;2.04056;3.61309;
0.98475;2.04204;3.61414;
0.98485;2.04352;3.61309;
0.98495;2.045;3.61414;
0.98505;2.04647;3.61309;
0.98515;2.04795;3.61414;
0.98525;2.04943;3.61309;
0.98535;2.0509;3.61414;
0.98545;2.05238;3.61309;
0.98555;2.05385;3.61414;
0.98565;2.05532;3.61309;
0.98575;2.05679;3.61414;
0.98585;2.05826;3.61309;
0.98595;2.05973;3.61414;
0.98605;2.0612;3.61309;
0.98615;2.06267;3.61414;
0.98625;2.06414;3.6131;
0.98635;2.06561;3.61414;
0.98645;2.06708;3.6131;
0.98655;2.06854;3.61414;
0.98665;2.07001;3.6131;
0.98675;2.07147;3.61414;
0.98685;2.07294;3.6131;
0.98695;2.0744;3.61414;
0.98705;2.07586;3.6131;
0.98715;2.07732;3.61414;
0.98725;2.07878;3.6131;
0.98735;2.08024;3.61414;
0.98745;2.0817;3.6131;
0.98755;2.08316;3.61414;
0.98765;2.08462;3.6131;
0.98775;2.08608;3.61414;
0.98785;2.08753;3.6131;
0.98795;2.08899;3.61414;
0.98805;2.09044;3.6131;
0.98815;2.0919;3.61414;
0.98825;2.09335;3.6131;
0.98835;2.09481;3.61414;
0.98845;2.09626;3.6131;
0.98855;2.09771;3.61414;
0.98865;2.09916;3.6131;
0.98875;2.10061;3.61414;
0.98885;2.10206;3.6131;
0.98895;2.10351;3.61414;
0.98905;2.10496;3.6131;
0.98915;2.1064;3.61414;
0.98925;2.10785;3.6131;
0.98935;2.10929;3.61414;
0.98945;2.11074;3.6131;
0.98955;2.11218;3.61414;
0.98965;2.11363;3.6131;
0.98975;2.11507;3.61414;
0.98985;2.11651;3.6131;
0.98995;2.11795;3.61414;
0.99005;2.11939;3.6131;
0.99015;2.12083;3.61414;
0.99025;2.12227;3.6131;
0.99035;2.12371;3.61414;
0.99045;2.12515;3.6131;
0.99055;2.12659;3.61414;
0.99065;2.12802;3.6131;
0.99075;2.12946;3.61414;
0.99085;2.13089;3.6131;
0.99095;2.13233;3.61414;
0.99105;2.13376;3.6131;
0.99115;2.13519;3.61414;
0.99125;2.13662;3.6131;
0.99135;2.13806;3.61414;
0.99145;2.13949;3.6131;
0.99155;2.14092;3.61414;
0.99165;2.14235;3.6131;
0.99175;2.14377;3.61414;
0.99185;2.1452;3.6131;
0.99195;2.14663;3.61414;
0.99205;2.14805;3.6131;
0.99215;2.14948;3.61414;
0.99225;2.15091;3.6131;
0.99235;2.15233;3.61414;
0.99245;2.15375;3.6131;
0.99255;2.15518;3.61414;
0.99265;2.1566;3.6131;
0.99275;2.15802;3.61414;
0.99285;2.15944;3.6131;
0.99295;2.16086;3.61414;
0.99305;2.16228;3.6131;
0.99315;2.1637;3.61414;
0.99325;2.16511;3.6131;
0.99335;2.16653;3.61414;
0.99345;2.16795;3.6131;
0.99355;2.16936;3.61414;
0.99365;2.17078;3.6131;
0.99375;2.17219;3.61414;
0.99385;2.17361;3.6131;
0.99395;2.17502;3.61414;
0.99405;2.17643;3.6131;
0.99415;2.17784;3.61414;
0.99425;2.17925;3.6131;
0.99435;2.18066;3.61414;
0.99445;2.18207;3.6131;
0.99455;2.18348;3.61414;
0.99465;2.18489;3.6131;
0.99475;2.1863;3.61414;
0.99485;2.1877;3.6131;
0.99495;2.18911;3.61414;
0.99505;2.19051;3.6131;
0.99515;2.19192;3.61414;
0.99525;2.19332;3.6131;
0.99535;2.19472;3.61414;
0.99545;2.19613;3.6131;
0.99555;2.19753;3.61414;
0.99565;2.19893;3.6131;
0.99575;2.20033;3.61414;
0.99585;2.20173;3.6131;
0.99595;2.20313;3.61414;
0.99605;2.20452;3.6131;
0.99615;2.20592;3.61414;
0.99625;2.20732;3.6131;
0.99635;2.20871;3.61414;
0.99645;2.21011;3.6131;
0.99655;2.2115;3.61414;
0.99665;2.2129;3.6131;
0.99675;2.21429;3.61414;
0.99685;2.21568;3.6131;
0.99695;2.21708;3.61414;
0.99705;2.21847;3.6131;
0.99715;2.21986;3.61414;
0.99725;2.22125;3.6131;
0.99735;2.22264;3.61414;
0.99745;2.22402;3.6131;
0.99755;2.22541;3.61414;
0.99765;2.2268;3.6131;
0.99775;2.22818;3.61414;
0.99785;2.22957;3.6131;
0.99795;2.23095;3.61414;
0.99805;2.23234;3.6131;
0.99815;2.23372;3.61414;
0.99825;2.2351;3.6131;
0.99835;2.23649;3.61414;
0.99845;2.23787;3.6131;
0.99855;2.23925;3.61414;
0.99865;2.24063;3.6131;
0.99875;2.24201;3.61414;
0.99885;2.24339;3.6131;
0.99895;2.24476;3.61414;
0.99905;2.24614;3.6131;
0.99915;2.24752;3.61414;
0.99925;2.24889;3.6131;
0.99935;2.25027;3.61414;
0.99945;2.25164;3.6131;
0.99955;2.25302;3.61414;
0.99965;2.25439;3.6131;
0.99975;2.25576;3.61414;
0.99985;2.25713;3.6131;
0.99995;2.25851;3.61414;
1.00005;2.25988;3.6131;
1.00015;2.26125;3.61414;
1.00025;2.26261;3.6131;
1.00035;2.26398;3.61414;
1.00045;2.26535;3.6131;
1.00055;2.26672;3.61414;
1.00065;2.26808;3.6131;
1.00075;2.26945;3.61414;
1.00085;2.27081;3.6131;
1.00095;2.27218;3.61414;
1.00105;2.27354;3.6131;
1.00115;2.2749;3.61414;
1.00125;2.27627;3.6131;
1.00135;2.27763;3.61414;
1.00145;2.27899;3.6131;
1.00155;2.28035;3.61414;
1.00165;2.28171;3.6131;
1.00175;2.28307;3.61414;
1.00185;2.28442;3.6131;
1.00195;2.28578;3.61414;
1.00205;2.28714;3.6131;
1.00215;2.28849;3.61414;
1.00225;2.28985;3.6131;
1.00235;2.2912;3.61414;
1.00245;2.29256;3.6131;
1.00255;2.29391;3.61414;
1.00265;2.29526;3.6131;
1.00275;2.29662;3.61414;
1.00285;2.29797;3.6131;
1.00295;2.29932;3.61414;
1.00305;2.30067;3.6131;
1.00315;2.30202;3.61414;
1.00325;2.30337;3.6131;
1.00335;2.30471;3.61414;
1.00345;2.30606;3.6131;
1.00355;2.30741;3.61414;
1.00365;2.30875;3.6131;
1.00375;2.3101;3.61414;
1.00385;2.31144;3.6131;
1.00395;2.31279;3.61414;
1.00405;2.31413;3.6131;
1.00415;2.31547;3.61414;
1.00425;2.31682;3.6131;
1.00435;2.31816;3.61414;
1.00445;2.3195;3.6131;
1.00455;2.32084;3.61414;
1.00465;2.32218;3.6131;
1.00475;2.32351;3.61414;
1.00485;2.32485;3.6131;
1.00495;2.32619;3.61414;
1.00505;2.32753;3.6131;
1.00515;2.32886;3.61414;
1.00525;2.3302;3.6131;
1.00535;2.33153;3.61414;
1.00545;2.33287;3.6131;
1.00555;2.3342;3.61414;
1.00565;2.33553;3.6131;
1.00575;2.33686;3.61414;
1.00585;2.33819;3.6131;
1.00595;2.33952;3.61414;
1.00605;2.34085;3.6131;
1.00615;2.34218;3.61414;
1.00625;2.34351;3.6131;
1.00635;2.34484;3.61414;
1.00645;2.34617;3.6131;
1.00655;2.34749;3.61414;
1.00665;2.34882;3.6131;
1.00675;2.35014;3.61414;
1.00685;2.35147;3.6131;
1.00695;2.35279;3.61414;
1.00705;2.35412;3.6131;
1.00715;2.35544;3.61414;
1.00725;2.35676;3.6131;
1.00735;2.35808;3.61414;
1.00745;2.3594;3.6131;
1.00755;2.36072;3.61414;
1.00765;2.36204;3.6131;
1.00775;2.36336;3.61414;
1.00785;2.36468;3.6131;
1.00795;2.366;3.61414;
1.00805;2.36731;3.6131;
1.00815;2.36863;3.61414;
1.00825;2.36994;3.6131;
1.00835;2.37126;3.61414;
1.00845;2.37257;3.6131;
1.00855;2.37389;3.61414;
1.00865;2.3752;3.6131;
1.00875;2.37651;3.61414;
1.00885;2.37782;3.6131;
1.00895;2.37913;3.61414;
1.00905;2.38044;3.6131;
1.00915;2.38175;3.61414;
1.00925;2.38306;3.6131;
1.00935;2.38437;3.61414;
1.00945;2.38568;3.6131;
1.00955;2.38698;3.61414;
1.00965;2.38829;3.6131;
1.00975;2.38959;3.61414;
1.00985;2.3909;3.6131;
1.00995;2.3922;3.61414;
1.01005;2.39351;3.6131;
1.01015;2.39481;3.61414;
1.01025;2.39611;3.6131;
1.01035;2.39741;3.61414;
1.01045;2.39871;3.6131;
1.01055;2.40001;3.61414;
1.01065;2.40131;3.6131;
1.01075;2.40261;3.61414;
1.01085;2.40391;3.6131;
1.01095;2.40521;3.61414;
1.01105;2.40651;3.6131;
1.01115;2.4078;3.61414;
1.01125;2.4091;3.6131;
1.01135;2.41039;3.61414;
1.01145;2.41169;3.6131;
1.01155;2.41298;3.61414;
1.01165;2.41427;3.6131;
1.01175;2.41557;3.61414;
1.01185;2.41686;3.6131;
1.01195;2.41815;3.61414;
1.01205;2.41944;3.6131;
1.01215;2.42073;3.61414;
1.01225;2.42202;3.6131;
1.01235;2.42331;3.61414;
1.01245;2.4246;3.6131;
1.01255;2.42588;3.61414;
1.01265;2.42717;3.6131;
1.01275;2.42846;3.61414;
1.01285;2.42974;3.6131;
1.01295;2.43103;3.61414;
1.01305;2.43231;3.6131;
1.01315;2.43359;3.61414;
1.01325;2.43488;3.6131;
1.01335;2.43616;3.61414;
1.01345;2.43744;3.6131;
1.01355;2.43872;3.61414;
1.01365;2.44;3.6131;
1.01375;2.44128;3.61414;
1.01385;2.44256;3.6131;
1.01395;2.44384;3.61414;
1.01405;2.44512;3.6131;
1.01415;2.44639;3.61414;
1.01425;2.44767;3.6131;
1.01435;2.44894;3.61414;
1.01445;2.45022;3.6131;
1.01455;2.45149;3.61414;
1.01465;2.45277;3.6131;
1.01475;2.45404;3.61414;
1.01485;2.45531;3.6131;
1.01495;2.45659;3.61414;
1.01505;2.45786;3.6131;
1.01515;2.45913;3.61414;
1.01525;2.4604;3.6131;
1.01535;2.46167;3.61414;
1.01545;2.46294;3.6131;
1.01555;2.4642;3.61414;
1.01565;2.46547;3.6131;
1.01575;2.46674;3.61414;
1.01585;2.46801;3.6131;
1.01595;2.46927;3.61414;
1.01605;2.47054;3.6131;
1.01615;2.4718;3.61414;
1.01625;2.47306;3.6131;
1.01635;2.47433;3.61414;
1.01645;2.47559;3.6131;
1.01655;2.47685;3.61414;
1.01665;2.47811;3.6131;
1.01675;2.47937;3.61414;
1.01685;2.48063;3.6131;
1.01695;2.48189;3.61414;
1.01705;2.48315;3.6131;
1.01715;2.48441;3.61414;
1.01725;2.48567;3.6131;
1.01735;2.48692;3.61414;
1.01745;2.48818;3.6131;
1.01755;2.48943;3.61414;
1.01765;2.49069;3.6131;
1.01775;2.49194;3.61414;
1.01785;2.4932;3.6131;
1.01795;2.49445;3.61414;
1.01805;2.4957;3.6131;
1.01815;2.49695;3.61414;
1.01825;2.49821;3.6131;
1.01835;2.49946;3.61414;
1.01845;2.50071;3.6131;
1.01855;2.50196;3.61414;
1.01865;2.5032;3.6131;
1.01875;2.50445;3.61414;
1.01885;2.5057;3.6131;
1.01895;2.50695;3.61414;
1.01905;2.50819;3.6131;
1.01915;2.50944;3.61414;
1.01925;2.51068;3.6131;
1.01935;2.51193;3.61414;
1.01945;2.51317;3.6131;
1.01955;2.51441;3.61414;
1.01965;2.51566;3.6131;
1.01975;2.5169;3.61414;
1.01985;2.51814;3.6131;
1.01995;2.51938;3.61414;
1.02005;2.52062;3.6131;
1.02015;2.52186;3.61414;
1.02025;2.5231;3.6131;
1.02035;2.52434;3.61414;
1.02045;2.52557;3.6131;
1.02055;2.52681;3.61414;
1.02065;2.52805;3.6131;
1.02075;2.52928;3.61414;
1.02085;2.53052;3.6131;
1.02095;2.53175;3.61414;
1.02105;2.53299;3.6131;
1.02115;2.53422;3.61414;
1.02125;2.53545;3.6131;
1.02135;2.53668;3.61414;
1.02145;2.53791;3.6131;
1.02155;2.53914;3.61414;
1.02165;2.54037;3.6131;
1.02175;2.5416;3.61414;
1.02185;2.54283;3.6131;
1.02195;2.54406;3.61414;
1.02205;2.54529;3.6131;
1.02215;2.54652;3.61414;
1.02225;2.54774;3.6131;
1.02235;2.54897;3.61414;
1.02245;2.55019;3.6131;
1.02255;2.55142;3.61414;
1.02265;2.55264;3.6131;
1.02275;2.55386;3.61414;
1.02285;2.55509;3.6131;
1.02295;2.55631;3.61414;
1.02305;2.55753;3.6131;
1.02315;2.55875;3.61414;
1.02325;2.55997;3.6131;
1.02335;2.56119;3.61414;
1.02345;2.56241;3.6131;
1.02355;2.56363;3.61414;
1.02365;2.56485;3.6131;
1.02375;2.56606;3.61414;
1.02385;2.56728;3.6131;
1.02395;2.5685;3.61414;
1.02405;2.56971;3.6131;
1.02415;2.57093;3.61414;
1.02425;2.57214;3.6131;
1.02435;2.57335;3.61414;
1.02445;2.57457;3.6131;
1.02455;2.57578;3.61414;
1.02465;2.57699;3.6131;
1.02475;2.5782;3.61414;
1.02485;2.57941;3.6131;
1.02495;2.58062;3.61414;
1.02505;2.58183;3.6131;
1.02515;2.58304;3.61414;
1.02525;2.58425;3.6131;
1.02535;2.58546;3.61414;
1.02545;2.58666;3.6131;
1.02555;2.58787;3.61414;
1.02565;2.58908;3.6131;
1.02575;2.59028;3.61414;
1.02585;2.59149;3.6131;
1.02595;2.59269;3.61414;
1.02605;2.59389;3.6131;
1.02615;2.5951;3.61413;
1.02625;2.5963;3.6131;
1.02635;2.5975;3.61413;
1.02645;2.5987;3.6131;
1.02655;2.5999;3.61413;
1.02665;2.6011;3.6131;
1.02675;2.6023;3.61413;
1.02685;2.6035;3.6131;
1.02695;2.6047;3.61413;
1.02705;2.60589;3.6131;
1.02715;2.60709;3.61413;
1.02725;2.60829;3.6131;
1.02735;2.60948;3.61413;
1.02745;2.61068;3.6131;
1.02755;2.61187;3.61413;
1.02765;2.61306;3.6131;
1.02775;2.61426;3.61413;
1.02785;2.61545;3.6131;
1.02795;2.61664;3.61413;
1.02805;2.61783;3.6131;
1.02815;2.61902;3.61413;
1.02825;2.62021;3.6131;
1.02835;2.6214;3.61413;
1.02845;2.62259;3.6131;
1.02855;2.62378;3.61413;
1.02865;2.62497;3.6131;
1.02875;2.62616;3.61413;
1.02885;2.62734;3.6131;
1.02895;2.62853;3.61413;
1.02905;2.62971;3.6131;
1.02915;2.6309;3.61413;
1.02925;2.63208;3.6131;
1.02935;2.63327;3.61413;
1.02945;2.63445;3.6131;
1.02955;2.63563;3.61413;
1.02965;2.63681;3.6131;
1.02975;2.63799;3.61413;
1.02985;2.63918;3.6131;
1.02995;2.64036;3.61413;
1.03005;2.64153;3.6131;
1.03015;2.64271;3.61413;
1.03025;2.64389;3.6131;
1.03035;2.64507;3.61413;
1.03045;2.64625;3.6131;
1.03055;2.64742;3.61413;
1.03065;2.6486;3.6131;
1.03075;2.64977;3.61413;
1.03085;2.65095;3.6131;
1.03095;2.65212;3.61413;
1.03105;2.6533;3.6131;
1.03115;2.65447;3.61413;
1.03125;2.65564;3.6131;
1.03135;2.65681;3.61413;
1.03145;2.65799;3.6131;
1.03155;2.65916;3.61413;
1.03165;2.66033;3.6131;
1.03175;2.6615;3.61413;
1.03185;2.66266;3.6131;
1.03195;2.66383;3.61413;
1.03205;2.665;3.6131;
1.03215;2.66617;3.61413;
1.03225;2.66733;3.6131;
1.03235;2.6685;3.61413;
1.03245;2.66967;3.6131;
1.03255;2.67083;3.61413;
1.03265;2.67199;3.6131;
1.03275;2.67316;3.61413;
1.03285;2.67432;3.6131;
1.03295;2.67548;3.61413;
1.03305;2.67665;3.6131;
1.03315;2.67781;3.61413;
1.03325;2.67897;3.6131;
1.03335;2.68013;3.61413;
1.03345;2.68129;3.6131;
1.03355;2.68245;3.61413;
1.03365;2.6836;3.6131;
1.03375;2.68476;3.61413;
1.03385;2.68592;3.6131;
1.03395;2.68708;3.61413;
1.03405;2.68823;3.6131;
1.03415;2.68939;3.61413;
1.03425;2.69054;3.6131;
1.03435;2.6917;3.61413;
1.03445;2.69285;3.6131;
1.03455;2.694;3.61413;
1.03465;2.69516;3.6131;
1.03475;2.69631;3.61413;
1.03485;2.69746;3.61311;
1.03495;2.69861;3.61413;
1.03505;2.69976;3.61311;
1.03515;2.70091;3.61413;
1.03525;2.70206;3.61311;
1.03535;2.70321;3.61413;
1.03545;2.70436;3.61311;
1.03555;2.70551;3.61413;
1.03565;2.70665;3.61311;
1.03575;2.7078;3.61413;
1.03585;2.70894;3.61311;
1.03595;2.71009;3.61413;
1.03605;2.71123;3.61311;
1.03615;2.71238;3.61413;
1.03625;2.71352;3.61311;
1.03635;2.71466;3.61413;
1.03645;2.71581;3.61311;
1.03655;2.71695;3.61413;
1.03665;2.71809;3.61311;
1.03675;2.71923;3.61413;
1.03685;2.72037;3.61311;
1.03695;2.72151;3.61413;
1.03705;2.72265;3.61311;
1.03715;2.72379;3.61413;
1.03725;2.72492;3.61311;
1.03735;2.72606;3.61413;
1.03745;2.7272;3.61311;
1.03755;2.72833;3.61413;
1.03765;2.72947;3.61311;
1.03775;2.7306;3.61413;
1.03785;2.73174;3.61311;
1.03795;2.73287;3.61413;
1.03805;2.73401;3.61311;
1.03815;2.73514;3.61413;
1.03825;2.73627;3.61311;
1.03835;2.7374;3.61413;
1.03845;2.73853;3.61311;
1.03855;2.73966;3.61413;
1.03865;2.74079;3.61311;
1.03875;2.74192;3.61413;
1.03885;2.74305;3.61311;
1.03895;2.74418;3.61413;
1.03905;2.74531;3.61311;
1.03915;2.74643;3.61413;
1.03925;2.74756;3.61311;
1.03935;2.74869;3.61413;
1.03945;2.74981;3.61311;
1.03955;2.75094;3.61413;
1.03965;2.75206;3.61311;
1.03975;2.75318;3.61413;
1.03985;2.75431;3.61311;
1.03995;2.75543;3.61413;
1.04005;2.75655;3.61311;
1.04015;2.75767;3.61413;
1.04025;2.75879;3.61311;
1.04035;2.75991;3.61413;
1.04045;2.76103;3.61311;
1.04055;2.76215;3.61413;
1.04065;2.76327;3.61311;
1.04075;2.76439;3.61413;
1.04085;2.76551;3.61311;
1.04095;2.76662;3.61413;
1.04105;2.76774;3.61311;
1.04115;2.76886;3.61413;
1.04125;2.76997;3.61311;
1.04135;2.77109;3.61413;
1.04145;2.7722;3.61311;
1.04155;2.77331;3.61413;
1.04165;2.77443;3.61311;
1.04175;2.77554;3.61413;
1.04185;2.77665;3.61311;
1.04195;2.77776;3.61413;
1.04205;2.77887;3.61311;
1.04215;2.77998;3.61413;
1.04225;2.78109;3.61311;
1.04235;2.7822;3.61413;
1.04245;2.78331;3.61311;
1.04255;2.78442;3.61413;
1.04265;2.78553;3.61311;
1.04275;2.78663;3.61413;
1.04285;2.78774;3.61311;
1.04295;2.78885;3.61413;
1.04305;2.78995;3.61311;
1.04315;2.79106;3.61413;
1.04325;2.79216;3.61311;
1.04335;2.79326;3.61413;
1.04345;2.79437;3.61311;
1.04355;2.79547;3.61413;
1.04365;2.79657;3.61311;
1.04375;2.79767;3.61413;
1.04385;2.79877;3.61311;
1.04395;2.79987;3.61413;
1.04405;2.80097;3.61311;
1.04415;2.80207;3.61413;
1.04425;2.80317;3.61311;
1.04435;2.80427;3.61413;
1.04445;2.80537;3.61311;
1.04455;2.80646;3.61413;
1.04465;2.80756;3.61311;
1.04475;2.80866;3.61413;
1.04485;2.80975;3.61311;
1.04495;2.81085;3.61413;
1.04505;2.81194;3.61311;
1.04515;2.81303;3.61413;
1.04525;2.81413;3.61311;
1.04535;2.81522;3.61413;
1.04545;2.81631;3.61311;
1.04555;2.8174;3.61413;
1.04565;2.81849;3.61311;
1.04575;2.81958;3.61413;
1.04585;2.82067;3.61311;
1.04595;2.82176;3.61413;
1.04605;2.82285;3.61311;
1.04615;2.82394;3.61413;
1.04625;2.82503;3.61311;
1.04635;2.82612;3.61413;
1.04645;2.8272;3.61311;
1.04655;2.82829;3.61413;
1.04665;2.82937;3.61311;
1.04675;2.83046;3.61413;
1.04685;2.83154;3.61311;
1.04695;2.83263;3.61413;
1.04705;2.83371;3.61311;
1.04715;2.83479;3.61413;
1.04725;2.83588;3.61311;
1.04735;2.83696;3.61413;
1.04745;2.83804;3.61311;
1.04755;2.83912;3.61413;
1.04765;2.8402;3.61311;
1.04775;2.84128;3.61413;
1.04785;2.84236;3.61311;
1.04795;2.84344;3.61413;
1.04805;2.84451;3.61311;
1.04815;2.84559;3.61413;
1.04825;2.84667;3.61311;
1.04835;2.84774;3.61413;
1.04845;2.84882;3.61311;
1.04855;2.8499;3.61413;
1.04865;2.85097;3.61311;
1.04875;2.85204;3.61413;
1.04885;2.85312;3.61311;
1.04895;2.85419;3.61413;
1.04905;2.85526;3.61311;
1.04915;2.85634;3.61413;
1.04925;2.85741;3.61311;
1.04935;2.85848;3.61413;
1.04945;2.85955;3.61311;
1.04955;2.86062;3.61413;
1.04965;2.86169;3.61311;
1.04975;2.86276;3.61413;
1.04985;2.86382;3.61311;
1.04995;2.86489;3.61413;
1.05005;2.86596;3.61311;
1.05015;2.86703;3.61413;
1.05025;2.86809;3.61311;
1.05035;2.86916;3.61413;
1.05045;2.87022;3.61311;
1.05055;2.87129;3.61413;
1.05065;2.87235;3.61311;
1.05075;2.87342;3.61413;
1.05085;2.87448;3.61311;
1.05095;2.87554;3.61413;
1.05105;2.8766;3.61311;
1.05115;2.87766;3.61413;
1.05125;2.87872;3.61311;
1.05135;2.87979;3.61413;
1.05145;2.88084;3.61311;
1.05155;2.8819;3.61413;
1.05165;2.88296;3.61311;
1.05175;2.88402;3.61413;
1.05185;2.88508;3.61311;
1.05195;2.88614;3.61413;
1.05205;2.88719;3.61311;
1.05215;2.88825;3.61413;
1.05225;2.8893;3.61311;
1.05235;2.89036;3.61413;
1.05245;2.89141;3.61311;
1.05255;2.89247;3.61413;
1.05265;2.89352;3.61311;
1.05275;2.89457;3.61413;
1.05285;2.89563;3.61311;
1.05295;2.89668;3.61413;
1.05305;2.89773;3.61311;
1.05315;2.89878;3.61413;
1.05325;2.89983;3.61311;
1.05335;2.90088;3.61413;
1.05345;2.90193;3.61311;
1.05355;2.90298;3.61413;
1.05365;2.90403;3.61311;
1.05375;2.90507;3.61413;
1.05385;2.90612;3.61311;
1.05395;2.90717;3.61413;
1.05405;2.90821;3.61311;
1.05415;2.90926;3.61413;
1.05425;2.9103;3.61311;
1.05435;2.91135;3.61413;
1.05445;2.91239;3.61311;
1.05455;2.91344;3.61413;
1.05465;2.91448;3.61311;
1.05475;2.91552;3.61413;
1.05485;2.91656;3.61311;
1.05495;2.9176;3.61413;
1.05505;2.91865;3.61311;
1.05515;2.91969;3.61413;
1.05525;2.92073;3.61311;
1.05535;2.92177;3.61413;
1.05545;2.9228;3.61311;
1.05555;2.92384;3.61413;
1.05565;2.92488;3.61311;
1.05575;2.92592;3.61413;
1.05585;2.92695;3.61311;
1.05595;2.92799;3.61413;
1.05605;2.92903;3.61311;
1.05615;2.93006;3.61413;
1.05625;2.9311;3.61311;
1.05635;2.93213;3.61413;
1.05645;2.93316;3.61311;
1.05655;2.9342;3.61413;
1.05665;2.93523;3.61311;
1.05675;2.93626;3.61413;
1.05685;2.93729;3.61311;
1.05695;2.93832;3.61413;
1.05705;2.93935;3.61311;
1.05715;2.94038;3.61413;
1.05725;2.94141;3.61311;
1.05735;2.94244;3.61413;
1.05745;2.94347;3.61311;
1.05755;2.9445;3.61413;
1.05765;2.94553;3.61311;
1.05775;2.94655;3.61413;
1.05785;2.94758;3.61311;
1.05795;2.94861;3.61413;
1.05805;2.94963;3.61311;
1.05815;2.95066;3.61413;
1.05825;2.95168;3.61311;
1.05835;2.9527;3.61413;
1.05845;2.95373;3.61311;
1.05855;2.95475;3.61413;
1.05865;2.95577;3.61311;
1.05875;2.95679;3.61413;
1.05885;2.95782;3.61311;
1.05895;2.95884;3.61413;
1.05905;2.95986;3.61311;
1.05915;2.96088;3.61413;
1.05925;2.9619;3.61311;
1.05935;2.96291;3.61413;
1.05945;2.96393;3.61311;
1.05955;2.96495;3.61413;
1.05965;2.96597;3.61311;
1.05975;2.96698;3.61413;
1.05985;2.968;3.61311;
1.05995;2.96902;3.61413;
1.06005;2.97003;3.61311;
1.06015;2.97105;3.61413;
1.06025;2.97206;3.61311;
1.06035;2.97307;3.61413;
1.06045;2.97409;3.61311;
1.06055;2.9751;3.61413;
1.06065;2.97611;3.61311;
1.06075;2.97712;3.61413;
1.06085;2.97813;3.61311;
1.06095;2.97914;3.61413;
1.06105;2.98015;3.61311;
1.06115;2.98116;3.61413;
1.06125;2.98217;3.61311;
1.06135;2.98318;3.61413;
1.06145;2.98419;3.61311;
1.06155;2.9852;3.61413;
1.06165;2.9862;3.61311;
1.06175;2.98721;3.61413;
1.06185;2.98822;3.61311;
1.06195;2.98922;3.61413;
1.06205;2.99023;3.61311;
1.06215;2.99123;3.61413;
1.06225;2.99224;3.61311;
1.06235;2.99324;3.61413;
1.06245;2.99424;3.61311;
1.06255;2.99524;3.61413;
1.06265;2.99625;3.61311;
1.06275;2.99725;3.61413;
1.06285;2.99825;3.61311;
1.06295;2.99925;3.61413;
1.06305;3.00025;3.61311;
1.06315;3.00125;3.61413;
1.06325;3.00225;3.61311;
1.06335;3.00325;3.61413;
1.06345;3.00425;3.61311;
1.06355;3.00524;3.61413;
1.06365;3.00624;3.61311;
1.06375;3.00724;3.61413;
1.06385;3.00823;3.61311;
1.06395;3.00923;3.61413;
1.06405;3.01022;3.61311;
1.06415;3.01122;3.61413;
1.06425;3.01221;3.61311;
1.06435;3.01321;3.61413;
1.06445;3.0142;3.61311;
1.06455;3.01519;3.61413;
1.06465;3.01618;3.61311;
1.06475;3.01717;3.61413;
1.06485;3.01817;3.61311;
1.06495;3.01916;3.61413;
1.06505;3.02015;3.61311;
1.06515;3.02114;3.61413;
1.06525;3.02212;3.61311;
1.06535;3.02311;3.61413;
1.06545;3.0241;3.61311;
1.06555;3.02509;3.61413;
1.06565;3.02608;3.61311;
1.06575;3.02706;3.61413;
1.06585;3.02805;3.61311;
1.06595;3.02903;3.61413;
1.06605;3.03002;3.61311;
1.06615;3.031;3.61413;
1.06625;3.03199;3.61311;
1.06635;3.03297;3.61413;
1.06645;3.03396;3.61311;
1.06655;3.03494;3.61413;
1.06665;3.03592;3.61311;
1.06675;3.0369;3.61413;
1.06685;3.03788;3.61311;
1.06695;3.03886;3.61413;
1.06705;3.03984;3.61311;
1.06715;3.04082;3.61413;
1.06725;3.0418;3.61311;
1.06735;3.04278;3.61413;
1.06745;3.04376;3.61311;
1.06755;3.04474;3.61413;
1.06765;3.04571;3.61311;
1.06775;3.04669;3.61413;
1.06785;3.04767;3.61311;
1.06795;3.04864;3.61413;
1.06805;3.04962;3.61311;
1.06815;3.05059;3.61413;
1.06825;3.05157;3.61311;
1.06835;3.05254;3.61413;
1.06845;3.05352;3.61311;
1.06855;3.05449;3.61413;
1.06865;3.05546;3.61311;
1.06875;3.05643;3.61413;
1.06885;3.0574;3.61311;
1.06895;3.05837;3.61413;
1.06905;3.05935;3.61311;
1.06915;3.06032;3.61413;
1.06925;3.06128;3.61311;
1.06935;3.06225;3.61413;
1.06945;3.06322;3.61311;
1.06955;3.06419;3.61413;
1.06965;3.06516;3.61311;
1.06975;3.06612;3.61413;
1.06985;3.06709;3.61311;
1.06995;3.06806;3.61413;
1.07005;3.06902;3.61311;
1.07015;3.06999;3.61413;
1.07025;3.07095;3.61311;
1.07035;3.07192;3.61413;
1.07045;3.07288;3.61311;
1.07055;3.07384;3.61413;
1.07065;3.07481;3.61311;
1.07075;3.07577;3.61413;
1.07085;3.07673;3.61311;
1.07095;3.07769;3.61413;
1.07105;3.07865;3.61311;
1.07115;3.07961;3.61413;
1.07125;3.08057;3.61311;
1.07135;3.08153;3.61413;
1.07145;3.08249;3.61311;
1.07155;3.08345;3.61413;
1.07165;3.08441;3.61311;
1.07175;3.08536;3.61413;
1.07185;3.08632;3.61311;
1.07195;3.08728;3.61413;
1.07205;3.08823;3.61311;
1.07215;3.08919;3.61413;
1.07225;3.09014;3.61311;
1.07235;3.0911;3.61413;
1.07245;3.09205;3.61311;
1.07255;3.09301;3.61413;
1.07265;3.09396;3.61311;
1.07275;3.09491;3.61413;
1.07285;3.09586;3.61311;
1.07295;3.09682;3.61413;
1.07305;3.09777;3.61311;
1.07315;3.09872;3.61413;
1.07325;3.09967;3.61311;
1.07335;3.10062;3.61413;
1.07345;3.10157;3.61311;
1.07355;3.10252;3.61413;
1.07365;3.10347;3.61311;
1.07375;3.10441;3.61413;
1.07385;3.10536;3.61311;
1.07395;3.10631;3.61413;
1.07405;3.10725;3.61311;
1.07415;3.1082;3.61412;
1.07425;3.10915;3.61311;
1.07435;3.11009;3.61412;
1.07445;3.11103;3.61311;
1.07455;3.11198;3.61412;
1.07465;3.11292;3.61311;
1.07475;3.11387;3.61412;
1.07485;3.11481;3.61311;
1.07495;3.11575;3.61412;
1.07505;3.11669;3.61311;
1.07515;3.11763;3.61412;
1.07525;3.11857;3.61311;
1.07535;3.11951;3.61412;
1.07545;3.12045;3.61311;
1.07555;3.12139;3.61412;
1.07565;3.12233;3.61311;
1.07575;3.12327;3.61412;
1.07585;3.12421;3.61311;
1.07595;3.12515;3.61412;
1.07605;3.12608;3.61311;
1.07615;3.12702;3.61412;
1.07625;3.12796;3.61311;
1.07635;3.12889;3.61412;
1.07645;3.12983;3.61311;
1.07655;3.13076;3.61412;
1.07665;3.1317;3.61311;
1.07675;3.13263;3.61412;
1.07685;3.13356;3.61311;
1.07695;3.1345;3.61412;
1.07705;3.13543;3.61311;
1.07715;3.13636;3.61412;
1.07725;3.13729;3.61311;
1.07735;3.13822;3.61412;
1.07745;3.13915;3.61311;
1.07755;3.14008;3.61412;
1.07765;3.14101;3.61311;
1.07775;3.14194;3.61412;
1.07785;3.14287;3.61311;
1.07795;3.1438;3.61412;
1.07805;3.14473;3.61311;
1.07815;3.14565;3.61412;
1.07825;3.14658;3.61311;
1.07835;3.14751;3.61412;
1.07845;3.14843;3.61311;
1.07855;3.14936;3.61412;
1.07865;3.15028;3.61311;
1.07875;3.15121;3.61412;
1.07885;3.15213;3.61311;
1.07895;3.15305;3.61412;
1.07905;3.15398;3.61311;
1.07915;3.1549;3.61412;
1.07925;3.15582;3.61311;
1.07935;3.15674;3.61412;
1.07945;3.15767;3.61311;
1.07955;3.15859;3.61412;
1.07965;3.15951;3.61311;
1.07975;3.16043;3.61412;
1.07985;3.16135;3.61311;
1.07995;3.16226;3.61412;
1.08005;3.16318;3.61311;
1.08015;3.1641;3.61412;
1.08025;3.16502;3.61311;
1.08035;3.16594;3.61412;
1.08045;3.16685;3.61311;
1.08055;3.16777;3.61412;
1.08065;3.16868;3.61311;
1.08075;3.1696;3.61412;
1.08085;3.17051;3.61311;
1.08095;3.17143;3.61412;
1.08105;3.17234;3.61312;
1.08115;3.17326;3.61412;
1.08125;3.17417;3.61312;
1.08135;3.17508;3.61412;
1.08145;3.17599;3.61312;
1.08155;3.1769;3.61412;
1.08165;3.17782;3.61312;
1.08175;3.17873;3.61412;
1.08185;3.17964;3.61312;
1.08195;3.18055;3.61412;
1.08205;3.18146;3.61312;
1.08215;3.18236;3.61412;
1.08225;3.18327;3.61312;
1.08235;3.18418;3.61412;
1.08245;3.18509;3.61312;
1.08255;3.18599;3.61412;
1.08265;3.1869;3.61312;
1.08275;3.18781;3.61412;
1.08285;3.18871;3.61312;
1.08295;3.18962;3.61412;
1.08305;3.19052;3.61312;
1.08315;3.19143;3.61412;
1.08325;3.19233;3.61312;
1.08335;3.19323;3.61412;
1.08345;3.19414;3.61312;
1.08355;3.19504;3.61412;
1.08365;3.19594;3.61312;
1.08375;3.19684;3.61412;
1.08385;3.19774;3.61312;
1.08395;3.19865;3.61412;
1.08405;3.19955;3.61312;
1.08415;3.20045;3.61412;
1.08425;3.20134;3.61312;
1.08435;3.20224;3.61412;
1.08445;3.20314;3.61312;
1.08455;3.20404;3.61412;
1.08465;3.20494;3.61312;
1.08475;3.20583;3.61412;
1.08485;3.20673;3.61312;
1.08495;3.20763;3.61412;
1.08505;3.20852;3.61312;
1.08515;3.20942;3.61412;
1.08525;3.21031;3.61312;
1.08535;3.21121;3.61412;
1.08545;3.2121;3.61312;
1.08555;3.21299;3.61412;
1.08565;3.21389;3.61312;
1.08575;3.21478;3.61412;
1.08585;3.21567;3.61312;
1.08595;3.21656;3.61412;
1.08605;3.21745;3.61312;
1.08615;3.21835;3.61412;
1.08625;3.21924;3.61312;
1.08635;3.22013;3.61412;
1.08645;3.22102;3.61312;
1.08655;3.2219;3.61412;
1.08665;3.22279;3.61312;
1.08675;3.22368;3.61412;
1.08685;3.22457;3.61312;
1.08695;3.22546;3.61412;
1.08705;3.22634;3.61312;
1.08715;3.22723;3.61412;
1.08725;3.22811;3.61312;
1.08735;3.229;3.61412;
1.08745;3.22988;3.61312;
1.08755;3.23077;3.61412;
1.08765;3.23165;3.61312;
1.08775;3.23254;3.61412;
1.08785;3.23342;3.61312;
1.08795;3.2343;3.61412;
1.08805;3.23519;3.61312;
1.08815;3.23607;3.61412;
1.08825;3.23695;3.61312;
1.08835;3.23783;3.61412;
1.08845;3.23871;3.61312;
1.08855;3.23959;3.61412;
1.08865;3.24047;3.61312;
1.08875;3.24135;3.61412;
1.08885;3.24223;3.61312;
1.08895;3.24311;3.61412;
1.08905;3.24398;3.61312;
1.08915;3.24486;3.61412;
1.08925;3.24574;3.61312;
1.08935;3.24662;3.61412;
1.08945;3.24749;3.61312;
1.08955;3.24837;3.61412;
1.08965;3.24924;3.61312;
1.08975;3.25012;3.61412;
1.08985;3.25099;3.61312;
1.08995;3.25187;3.61412;
1.09005;3.25274;3.61312;
1.09015;3.25361;3.61412;
1.09025;3.25448;3.61312;
1.09035;3.25536;3.61412;
1.09045;3.25623;3.61312;
1.09055;3.2571;3.61412;
1.09065;3.25797;3.61312;
1.09075;3.25884;3.61412;
1.09085;3.25971;3.61312;
1.09095;3.26058;3.61412;
1.09105;3.26145;3.61312;
1.09115;3.26232;3.61412;
1.09125;3.26319;3.61312;
1.09135;3.26405;3.61412;
1.09145;3.26492;3.61312;
1.09155;3.26579;3.61412;
1.09165;3.26666;3.61312;
1.09175;3.26752;3.61412;
1.09185;3.26839;3.61312;
1.09195;3.26925;3.61412;
1.09205;3.27012;3.61312;
1.09215;3.27098;3.61412;
1.09225;3.27184;3.61312;
1.09235;3.27271;3.61412;
1.09245;3.27357;3.61312;
1.09255;3.27443;3.61412;
1.09265;3.2753;3.61312;
1.09275;3.27616;3.61412;
1.09285;3.27702;3.61312;
1.09295;3.27788;3.61412;
1.09305;3.27874;3.61312;
1.09315;3.2796;3.61412;
1.09325;3.28046;3.61312;
1.09335;3.28132;3.61412;
1.09345;3.28218;3.61312;
1.09355;3.28304;3.61412;
1.09365;3.28389;3.61312;
1.09375;3.28475;3.61412;
1.09385;3.28561;3.61312;
1.09395;3.28646;3.61412;
1.09405;3.28732;3.61312;
1.09415;3.28818;3.61412;
1.09425;3.28903;3.61312;
1.09435;3.28989;3.61412;
1.09445;3.29074;3.61312;
1.09455;3.29159;3.61412;
1.09465;3.29245;3.61312;
1.09475;3.2933;3.61412;
1.09485;3.29415;3.61312;
1.09495;3.29501;3.61412;
1.09505;3.29586;3.61312;
1.09515;3.29671;3.61412;
1.09525;3.29756;3.61312;
1.09535;3.29841;3.61412;
1.09545;3.29926;3.61312;
1.09555;3.30011;3.61412;
1.09565;3.30096;3.61312;
1.09575;3.30181;3.61412;
1.09585;3.30266;3.61312;
1.09595;3.3035;3.61412;
1.09605;3.30435;3.61312;
1.09615;3.3052;3.61412;
1.09625;3.30605;3.61312;
1.09635;3.30689;3.61412;
1.09645;3.30774;3.61312;
1.09655;3.30858;3.61412;
1.09665;3.30943;3.61312;
1.09675;3.31027;3.61412;
1.09685;3.31112;3.61312;
1.09695;3.31196;3.61412;
1.09705;3.3128;3.61312;
1.09715;3.31365;3.61412;
1.09725;3.31449;3.61312;
1.09735;3.31533;3.61412;
1.09745;3.31617;3.61312;
1.09755;3.31701;3.61412;
1.09765;3.31785;3.61312;
1.09775;3.31869;3.61412;
1.09785;3.31953;3.61312;
1.09795;3.32037;3.61412;
1.09805;3.32121;3.61312;
1.09815;3.32205;3.61412;
1.09825;3.32289;3.61312;
1.09835;3.32373;3.61412;
1.09845;3.32456;3.61312;
1.09855;3.3254;3.61412;
1.09865;3.32624;3.61312;
1.09875;3.32707;3.61412;
1.09885;3.32791;3.61312;
1.09895;3.32874;3.61412;
1.09905;3.32958;3.61312;
1.09915;3.33041;3.61412;
1.09925;3.33125;3.61312;
1.09935;3.33208;3.61412;
1.09945;3.33291;3.61312;
1.09955;3.33375;3.61412;
1.09965;3.33458;3.61312;
1.09975;3.33541;3.61412;
1.09985;3.33624;3.61312;
1.09995;3.33707;3.61412;
1.10005;3.3379;3.61312;
1.10015;3.33873;3.61412;
1.10025;3.33956;3.61312;
1.10035;3.34039;3.61412;
1.10045;3.34122;3.61312;
1.10055;3.34205;3.61412;
1.10065;3.34288;3.61312;
1.10075;3.34371;3.61412;
1.10085;3.34453;3.61312;
1.10095;3.34536;3.61412;
1.10105;3.34619;3.61312;
1.10115;3.34701;3.61412;
1.10125;3.34784;3.61312;
1.10135;3.34866;3.61412;
1.10145;3.34949;3.61312;
1.10155;3.35031;3.61412;
1.10165;3.35114;3.61312;
1.10175;3.35196;3.61412;
1.10185;3.35278;3.61312;
1.10195;3.35361;3.61412;
1.10205;3.35443;3.61312;
1.10215;3.35525;3.61412;
1.10225;3.35607;3.61312;
1.10235;3.35689;3.61412;
1.10245;3.35771;3.61313;
1.10255;3.35853;3.61413;
1.10265;3.35935;3.61313;
1.10275;3.36017;3.61413;
1.10285;3.36099;3.61313;
1.10295;3.36181;3.61413;
1.10305;3.36263;3.61313;
1.10315;3.36345;3.61413;
1.10325;3.36426;3.61313;
1.10335;3.36508;3.61413;
1.10345;3.3659;3.61313;
1.10355;3.36671;3.61413;
1.10365;3.36753;3.61313;
1.10375;3.36834;3.61413;
1.10385;3.36916;3.61313;
1.10395;3.36997;3.61413;
1.10405;3.37079;3.61313;
1.10415;3.3716;3.61413;
1.10425;3.37241;3.61313;
1.10435;3.37323;3.61413;
1.10445;3.37404;3.61313;
1.10455;3.37485;3.61413;
1.10465;3.37566;3.61313;
1.10475;3.37647;3.61413;
1.10485;3.37728;3.61313;
1.10495;3.37809;3.61413;
1.10505;3.3789;3.61313;
1.10515;3.37971;3.61413;
1.10525;3.38052;3.61313;
1.10535;3.38133;3.61413;
1.10545;3.38214;3.61313;
1.10555;3.38295;3.61413;
1.10556;3.38305;3.61363;
1.10558;3.38322;3.61363;
1.10558;3.38322;3.61489;
1.10558;3.38322;3.61585;
1.10558;3.38322;3.6238;
1.10558;3.38322;3.68701;
1.10558;3.38322;3.74061;
1.10558;3.38322;2.72989;
1.10558;3.38322;1.81968;
1.10558;3.38322;1.24574;
1.10558;3.38322;0.783032;
1.10558;3.38322;0.363644;
1.10558;3.38322;0.114176;
1.10558;3.38322;0.0177095;
1.10558;3.38322;0.00924566;
1.10558;3.38322;0.00807562;
1.10558;3.38322;0.00813091;
1.10558;3.38322;0.00759105;
1.10558;3.38322;0.00798172;
1.10558;3.38322;0.00743876;
1.10558;3.38322;0.0078058;
1.10558;3.38322;0.00732771;
1.10558;3.38322;0.0078434;
1.10558;3.38321;0.00752828;
1.10558;3.38321;0.00789338;
1.10558;3.38321;0.00751974;
1.10558;3.3832;0.00789646;
1.10558;3.3832;0.00752029;
1.10559;3.38318;0.00789614;
1.10559;3.38314;0.00752049;
1.10559;3.38307;0.00789594;
1.10559;3.38292;0.00752041;
1.1056;3.38263;0.00789507;
1.10562;3.38206;0.00751902;
1.10565;3.3809;0.00789478;
1.10572;3.37858;0.00751827;
1.10582;3.37522;0.00789454;
1.10592;3.37187;0.00751793;
1.10602;3.36851;0.00789448;
1.10612;3.36516;0.00751787;
1.10622;3.36181;0.00789522;
1.10632;3.35847;0.00751861;
1.10642;3.35513;0.00789519;
1.10652;3.35179;0.00751859;
1.10662;3.34846;0.00789518;
1.10672;3.34513;0.00751856;
1.10682;3.3418;0.00789517;
1.10692;3.33847;0.00751854;
1.10702;3.33515;0.00789515;
1.10712;3.33184;0.00751851;
1.10722;3.32852;0.00789514;
1.10732;3.32521;0.00751849;
1.10742;3.3219;0.00789513;
1.10752;3.3186;0.00751847;
1.10762;3.3153;0.00789512;
1.10772;3.312;0.00751844;
1.10782;3.30871;0.0078951;
1.10792;3.30542;0.00751842;
1.10802;3.30213;0.00789509;
1.10812;3.29884;0.0075184;
1.10822;3.29556;0.00789508;
1.10832;3.29228;0.00751837;
1.10842;3.28901;0.00789507;
1.10852;3.28574;0.00751835;
1.10862;3.28247;0.00789505;
1.10872;3.27921;0.00751833;
1.10882;3.27594;0.00789504;
1.10892;3.27269;0.0075183;
1.10902;3.26943;0.00789503;
1.10912;3.26618;0.00751828;
1.10922;3.26293;0.00789502;
1.10932;3.25969;0.00751826;
1.10942;3.25645;0.007895;
1.10952;3.25321;0.00751823;
1.10962;3.24997;0.00789499;
1.10972;3.24674;0.00751821;
1.10982;3.24351;0.00789498;
1.10992;3.24028;0.00751819;
1.11002;3.23706;0.00789497;
1.11012;3.23384;0.00751816;
1.11022;3.23063;0.00789496;
1.11032;3.22741;0.00751814;
1.11042;3.2242;0.00789494;
1.11052;3.221;0.00751812;
1.11062;3.2178;0.00789493;
1.11072;3.2146;0.00751809;
1.11082;3.2114;0.00789492;
1.11092;3.20821;0.00751807;
1.11102;3.20501;0.00789491;
1.11112;3.20183;0.00751805;
1.11122;3.19864;0.00789489;
1.11132;3.19546;0.00751802;
1.11142;3.19229;0.00789488;
1.11152;3.18911;0.007518;
1.11162;3.18594;0.00789487;
1.11172;3.18277;0.00751798;
1.11182;3.17961;0.00789486;
1.11192;3.17645;0.00751796;
1.11202;3.17329;0.00789485;
1.11212;3.17013;0.00751793;
1.11222;3.16698;0.00789483;
1.11232;3.16383;0.00751791;
1.11242;3.16068;0.00789482;
1.11252;3.15754;0.00751789;
1.11262;3.1544;0.00789481;
1.11272;3.15126;0.00751787;
1.11282;3.14813;0.0078948;
1.11292;3.145;0.00751784;
1.11302;3.14187;0.00789479;
1.11312;3.13875;0.00751782;
1.11322;3.13563;0.00789477;
1.11332;3.13251;0.0075178;
1.11342;3.1294;0.00789476;
1.11352;3.12629;0.00751778;
1.11362;3.12318;0.00789475;
1.11372;3.12007;0.00751775;
1.11382;3.11697;0.00789474;
1.11392;3.11387;0.00751773;
1.11402;3.11077;0.00789473;
1.11412;3.10768;0.00751771;
1.11422;3.10459;0.00789471;
1.11432;3.1015;0.00751769;
1.11442;3.09842;0.0078947;
1.11452;3.09534;0.00751767;
1.11462;3.09226;0.00789469;
1.11472;3.08919;0.00751764;
1.11482;3.08612;0.00789468;
1.11492;3.08305;0.00751762;
1.11502;3.07998;0.00789467;
1.11512;3.07692;0.0075176;
1.11522;3.07386;0.00789465;
1.11532;3.07081;0.00751758;
1.11542;3.06775;0.00789464;
1.11552;3.0647;0.00751756;
1.11562;3.06166;0.00789463;
1.11572;3.05861;0.00751753;
1.11582;3.05557;0.00789462;
1.11592;3.05253;0.00751751;
1.11602;3.0495;0.00789461;
1.11612;3.04647;0.00751749;
1.11622;3.04344;0.0078946;
1.11632;3.04041;0.00751747;
1.11642;3.03739;0.00789458;
1.11652;3.03437;0.00751745;
1.11662;3.03135;0.00789457;
1.11672;3.02834;0.00751743;
1.11682;3.02533;0.00789456;
1.11692;3.02232;0.00751741;
1.11702;3.01932;0.00789455;
1.11712;3.01632;0.00751738;
1.11722;3.01332;0.00789454;
1.11732;3.01032;0.00751736;
1.11742;3.00733;0.00789453;
1.11752;3.00434;0.00751734;
1.11762;3.00135;0.00789451;
1.11772;2.99837;0.00751732;
1.11782;2.99539;0.0078945;
1.11792;2.99241;0.0075173;
1.11802;2.98944;0.00789449;
1.11812;2.98646;0.00751728;
1.11822;2.9835;0.00789448;
1.11832;2.98053;0.00751726;
1.11842;2.97757;0.00789447;
1.11852;2.97461;0.00751723;
1.11862;2.97165;0.00789446;
1.11872;2.9687;0.00751721;
1.11882;2.96575;0.00789444;
1.11892;2.9628;0.00751719;
1.11902;2.95985;0.00789443;
1.11912;2.95691;0.00751717;
1.11922;2.95397;0.00789442;
1.11932;2.95103;0.00751715;
1.11942;2.9481;0.00789441;
1.11952;2.94517;0.00751713;
1.11962;2.94224;0.0078944;
1.11972;2.93932;0.00751711;
1.11982;2.9364;0.00789439;
1.11992;2.93348;0.00751709;
1.12002;2.93056;0.00789438;
1.12012;2.92765;0.00751707;
1.12022;2.92474;0.00789436;
1.12032;2.92183;0.00751705;
1.12042;2.91893;0.00789435;
1.12052;2.91603;0.00751703;
1.12062;2.91313;0.00789434;
1.12072;2.91023;0.00751701;
1.12082;2.90734;0.00789433;
1.12092;2.90445;0.00751699;
1.12102;2.90156;0.00789432;
1.12112;2.89868;0.00751696;
1.12122;2.8958;0.00789431;
1.12132;2.89292;0.00751694;
1.12142;2.89004;0.0078943;
1.12152;2.88717;0.00751692;
1.12162;2.8843;0.00789428;
1.12172;2.88144;0.0075169;
1.12182;2.87857;0.00789427;
1.12192;2.87571;0.00751688;
1.12202;2.87285;0.00789426;
1.12212;2.87;0.00751686;
1.12222;2.86714;0.00789425;
1.12232;2.8643;0.00751684;
1.12242;2.86145;0.00789424;
1.12252;2.8586;0.00751682;
1.12262;2.85576;0.00789423;
1.12272;2.85293;0.0075168;
1.12282;2.85009;0.00789422;
1.12292;2.84726;0.00751678;
1.12302;2.84443;0.00789421;
1.12312;2.8416;0.00751676;
1.12322;2.83878;0.0078942;
1.12332;2.83596;0.00751674;
1.12342;2.83314;0.00789418;
1.12352;2.83032;0.00751672;
1.12362;2.82751;0.00789417;
1.12372;2.8247;0.0075167;
1.12382;2.82189;0.00789416;
1.12392;2.81909;0.00751668;
1.12402;2.81628;0.00789415;
1.12412;2.81349;0.00751666;
1.12422;2.81069;0.00789414;
1.12432;2.8079;0.00751664;
1.12442;2.80511;0.00789413;
1.12452;2.80232;0.00751662;
1.12462;2.79953;0.00789412;
1.12472;2.79675;0.0075166;
1.12482;2.79397;0.00789411;
1.12492;2.7912;0.00751658;
1.12502;2.78842;0.0078941;
1.12512;2.78565;0.00751656;
1.12522;2.78288;0.00789408;
1.12532;2.78012;0.00751654;
1.12542;2.77735;0.00789407;
1.12552;2.77459;0.00751652;
1.12562;2.77184;0.00789406;
1.12572;2.76908;0.0075165;
1.12582;2.76633;0.00789405;
1.12592;2.76358;0.00751649;
1.12602;2.76084;0.00789404;
1.12612;2.75809;0.00751647;
1.12622;2.75535;0.00789403;
1.12632;2.75261;0.00751645;
1.12642;2.74988;0.00789402;
1.12652;2.74715;0.00751643;
1.12662;2.74442;0.00789401;
1.12672;2.74169;0.00751641;
1.12682;2.73896;0.007894;
1.12692;2.73624;0.00751639;
1.12702;2.73352;0.00789399;
1.12712;2.73081;0.00751637;
1.12722;2.72809;0.00789398;
1.12732;2.72538;0.00751635;
1.12742;2.72268;0.00789396;
1.12752;2.71997;0.00751633;
1.12762;2.71727;0.00789395;
1.12772;2.71457;0.00751631;
1.12782;2.71187;0.00789394;
1.12792;2.70918;0.00751629;
1.12802;2.70648;0.00789393;
1.12812;2.70379;0.00751627;
1.12822;2.70111;0.00789392;
1.12832;2.69842;0.00751625;
1.12842;2.69574;0.00789391;
1.12852;2.69306;0.00751624;
1.12862;2.69039;0.0078939;
1.12872;2.68772;0.00751622;
1.12882;2.68505;0.00789389;
1.12892;2.68238;0.0075162;
1.12902;2.67971;0.00789388;
1.12912;2.67705;0.00751618;
1.12922;2.67439;0.00789387;
1.12932;2.67173;0.00751616;
1.12942;2.66908;0.00789386;
1.12952;2.66643;0.00751614;
1.12962;2.66378;0.00789385;
1.12972;2.66113;0.00751612;
1.12982;2.65849;0.00789384;
1.12992;2.65585;0.0075161;
1.13002;2.65321;0.00789382;
1.13012;2.65057;0.00751609;
1.13022;2.64794;0.00789381;
1.13032;2.64531;0.00751607;
1.13042;2.64268;0.0078938;
1.13052;2.64005;0.00751605;
1.13062;2.63743;0.00789379;
1.13072;2.63481;0.00751603;
1.13082;2.63219;0.00789378;
1.13092;2.62958;0.00751601;
1.13102;2.62696;0.00789377;
1.13112;2.62436;0.00751599;
1.13122;2.62175;0.00789376;
1.13132;2.61914;0.00751598;
1.13142;2.61654;0.00789375;
1.13152;2.61394;0.00751596;
1.13162;2.61135;0.00789374;
1.13172;2.60875;0.00751594;
1.13182;2.60616;0.00789373;
1.13192;2.60357;0.00751592;
1.13202;2.60098;0.00789372;
1.13212;2.5984;0.0075159;
1.13222;2.59582;0.00789371;
1.13232;2.59324;0.00751588;
1.13242;2.59066;0.0078937;
1.13252;2.58809;0.00751587;
1.13262;2.58552;0.00789369;
1.13272;2.58295;0.00751585;
1.13282;2.58038;0.00789368;
1.13292;2.57782;0.00751583;
1.13302;2.57526;0.00789367;
1.13312;2.5727;0.00751581;
1.13322;2.57015;0.00789366;
1.13332;2.56759;0.00751579;
1.13342;2.56504;0.00789365;
1.13352;2.5625;0.00751578;
1.13362;2.55995;0.00789364;
1.13372;2.55741;0.00751576;
1.13382;2.55487;0.00789363;
1.13392;2.55233;0.00751574;
1.13402;2.54979;0.00789362;
1.13412;2.54726;0.00751572;
1.13422;2.54473;0.0078936;
1.13432;2.5422;0.0075157;
1.13442;2.53968;0.00789359;
1.13452;2.53716;0.00751569;
1.13462;2.53463;0.00789358;
1.13472;2.53212;0.00751567;
1.13482;2.5296;0.00789357;
1.13492;2.52709;0.00751565;
1.13502;2.52458;0.00789356;
1.13512;2.52207;0.00751563;
1.13522;2.51957;0.00789355;
1.13532;2.51706;0.00751562;
1.13542;2.51456;0.00789354;
1.13552;2.51207;0.0075156;
1.13562;2.50957;0.00789353;
1.13572;2.50708;0.00751558;
1.13582;2.50459;0.00789352;
1.13592;2.5021;0.00751556;
1.13602;2.49962;0.00789351;
1.13612;2.49713;0.00751555;
1.13622;2.49465;0.0078935;
1.13632;2.49218;0.00751553;
1.13642;2.4897;0.00789349;
1.13652;2.48723;0.00751551;
1.13662;2.48476;0.00789348;
1.13672;2.48229;0.0075155;
1.13682;2.47982;0.00789347;
1.13692;2.47736;0.00751548;
1.13702;2.4749;0.00789346;
1.13712;2.47244;0.00751546;
1.13722;2.46999;0.00789345;
1.13732;2.46753;0.00751544;
1.13742;2.46508;0.00789344;
1.13752;2.46264;0.00751543;
1.13762;2.46019;0.00789343;
1.13772;2.45775;0.00751541;
1.13782;2.45531;0.00789342;
1.13792;2.45287;0.00751539;
1.13802;2.45043;0.00789341;
1.13812;2.448;0.00751538;
1.13822;2.44557;0.0078934;
1.13832;2.44314;0.00751536;
1.13842;2.44071;0.00789339;
1.13852;2.43829;0.00751534;
1.13862;2.43587;0.00789338;
1.13872;2.43345;0.00751532;
1.13882;2.43103;0.00789337;
1.13892;2.42862;0.00751531;
1.13902;2.4262;0.00789336;
1.13912;2.42379;0.00751529;
1.13922;2.42139;0.00789335;
1.13932;2.41898;0.00751527;
1.13942;2.41658;0.00789334;
1.13952;2.41418;0.00751526;
1.13962;2.41178;0.00789333;
1.13972;2.40939;0.00751524;
1.13982;2.407;0.00789332;
1.13992;2.40461;0.00751522;
1.14002;2.40222;0.00789331;
1.14012;2.39983;0.00751521;
1.14022;2.39745;0.0078933;
1.14032;2.39507;0.00751519;
1.14042;2.39269;0.00789329;
1.14052;2.39032;0.00751517;
1.14062;2.38794;0.00789328;
1.14072;2.38557;0.00751516;
1.14082;2.3832;0.00789327;
1.14092;2.38084;0.00751514;
1.14102;2.37847;0.00789326;
1.14112;2.37611;0.00751513;
1.14122;2.37375;0.00789325;
1.14132;2.37139;0.00751511;
1.14142;2.36904;0.00789324;
1.14152;2.36669;0.00751509;
1.14162;2.36434;0.00789323;
1.14172;2.36199;0.00751508;
1.14182;2.35964;0.00789322;
1.14192;2.3573;0.00751506;
1.14202;2.35496;0.00789321;
1.14212;2.35262;0.00751504;
1.14222;2.35029;0.0078932;
1.14232;2.34795;0.00751503;
1.14242;2.34562;0.00789319;
1.14252;2.34329;0.00751501;
1.14262;2.34097;0.00789318;
1.14272;2.33864;0.007515;
1.14282;2.33632;0.00789317;
1.14292;2.334;0.00751498;
1.14302;2.33168;0.00789316;
1.14312;2.32937;0.00751496;
1.14322;2.32705;0.00789315;
1.14332;2.32474;0.00751495;
1.14342;2.32244;0.00789314;
1.14352;2.32013;0.00751493;
1.14362;2.31783;0.00789313;
1.14372;2.31553;0.00751492;
1.14382;2.31323;0.00789313;
1.14392;2.31093;0.0075149;
1.14402;2.30864;0.00789312;
1.14412;2.30634;0.00751488;
1.14422;2.30405;0.00789311;
1.14432;2.30177;0.00751487;
1.14442;2.29948;0.0078931;
1.14452;2.2972;0.00751485;
1.14462;2.29492;0.00789309;
1.14472;2.29264;0.00751484;
1.14482;2.29036;0.00789308;
1.14492;2.28809;0.00751482;
1.14502;2.28582;0.00789307;
1.14512;2.28355;0.0075148;
1.14522;2.28128;0.00789306;
1.14532;2.27902;0.00751479;
1.14542;2.27676;0.00789305;
1.14552;2.2745;0.00751477;
1.14562;2.27224;0.00789304;
1.14572;2.26998;0.00751476;
1.14582;2.26773;0.00789303;
1.14592;2.26548;0.00751474;
1.14602;2.26323;0.00789302;
1.14612;2.26098;0.00751473;
1.14622;2.25874;0.00789301;
1.14632;2.2565;0.00751471;
1.14642;2.25426;0.007893;
1.14652;2.25202;0.0075147;
1.14662;2.24978;0.00789299;
1.14672;2.24755;0.00751468;
1.14682;2.24532;0.00789298;
1.14692;2.24309;0.00751466;
1.14702;2.24086;0.00789297;
1.14712;2.23864;0.00751465;
1.14722;2.23642;0.00789296;
1.14732;2.2342;0.00751463;
1.14742;2.23198;0.00789295;
1.14752;2.22976;0.00751462;
1.14762;2.22755;0.00789294;
1.14772;2.22534;0.0075146;
1.14782;2.22313;0.00789293;
1.14792;2.22092;0.00751459;
1.14802;2.21872;0.00789292;
1.14812;2.21652;0.00751457;
1.14822;2.21432;0.00789292;
1.14832;2.21212;0.00751456;
1.14842;2.20992;0.00789291;
1.14852;2.20773;0.00751454;
1.14862;2.20554;0.0078929;
1.14872;2.20335;0.00751453;
1.14882;2.20116;0.00789289;
1.14892;2.19898;0.00751451;
1.14902;2.1968;0.00789288;
1.14912;2.19462;0.0075145;
1.14922;2.19244;0.00789287;
1.14932;2.19026;0.00751448;
1.14942;2.18809;0.00789286;
1.14952;2.18592;0.00751447;
1.14962;2.18375;0.00789285;
1.14972;2.18158;0.00751445;
1.14982;2.17941;0.00789284;
1.14992;2.17725;0.00751444;
1.15002;2.17509;0.00789283;
1.15012;2.17293;0.00751442;
1.15022;2.17077;0.00789282;
1.15032;2.16862;0.00751441;
1.15042;2.16647;0.00789281;
1.15052;2.16432;0.00751439;
1.15062;2.16217;0.0078928;
1.15072;2.16002;0.00751438;
1.15082;2.15788;0.00789279;
1.15092;2.15574;0.00751437;
1.15102;2.1536;0.00789278;
1.15112;2.15146;0.00751435;
1.15122;2.14933;0.00789278;
1.15132;2.14719;0.00751434;
1.15142;2.14506;0.00789277;
1.15152;2.14294;0.00751432;
1.15162;2.14081;0.00789276;
1.15172;2.13868;0.00751431;
1.15182;2.13656;0.00789275;
1.15192;2.13444;0.00751429;
1.15202;2.13232;0.00789274;
1.15212;2.13021;0.00751428;
1.15222;2.12809;0.00789273;
1.15232;2.12598;0.00751426;
1.15242;2.12387;0.00789272;
1.15252;2.12176;0.00751425;
1.15262;2.11966;0.00789271;
1.15272;2.11756;0.00751423;
1.15282;2.11545;0.0078927;
1.15292;2.11336;0.00751422;
1.15302;2.11126;0.00789269;
1.15312;2.10916;0.00751421;
1.15322;2.10707;0.00789268;
1.15332;2.10498;0.00751419;
1.15342;2.10289;0.00789267;
1.15352;2.10081;0.00751418;
1.15362;2.09872;0.00789267;
1.15372;2.09664;0.00751416;
1.15382;2.09456;0.00789266;
1.15392;2.09248;0.00751415;
1.15402;2.0904;0.00789265;
1.15412;2.08833;0.00751414;
1.15422;2.08626;0.00789264;
1.15432;2.08419;0.00751412;
1.15442;2.08212;0.00789263;
1.15452;2.08005;0.00751411;
1.15462;2.07799;0.00789262;
1.15472;2.07593;0.00751409;
1.15482;2.07387;0.00789261;
1.15492;2.07181;0.00751408;
1.15502;2.06976;0.0078926;
1.15512;2.0677;0.00751407;
1.15522;2.06565;0.00789259;
1.15532;2.0636;0.00751405;
1.15542;2.06155;0.00789258;
1.15552;2.05951;0.00751404;
1.15562;2.05747;0.00789258;
1.15572;2.05542;0.00751402;
1.15582;2.05338;0.00789257;
1.15592;2.05135;0.00751401;
1.15602;2.04931;0.00789256;
1.15612;2.04728;0.007514;
1.15622;2.04525;0.00789255;
1.15632;2.04322;0.00751398;
1.15642;2.04119;0.00789254;
1.15652;2.03917;0.00751397;
1.15662;2.03714;0.00789253;
1.15672;2.03512;0.00751395;
1.15682;2.0331;0.00789252;
1.15692;2.03109;0.00751394;
1.15702;2.02907;0.00789251;
1.15712;2.02706;0.00751393;
1.15722;2.02505;0.0078925;
1.15732;2.02304;0.00751391;
1.15742;2.02103;0.00789249;
1.15752;2.01903;0.0075139;
1.15762;2.01703;0.00789249;
1.15772;2.01502;0.00751389;
1.15782;2.01303;0.00789248;
1.15792;2.01103;0.00751387;
1.15802;2.00903;0.00789247;
1.15812;2.00704;0.00751386;
1.15822;2.00505;0.00789246;
1.15832;2.00306;0.00751385;
1.15842;2.00107;0.00789245;
1.15852;1.99909;0.00751383;
1.15862;1.99711;0.00789244;
1.15872;1.99513;0.00751382;
1.15882;1.99315;0.00789243;
1.15892;1.99117;0.00751381;
1.15902;1.9892;0.00789242;
1.15912;1.98722;0.00751379;
1.15922;1.98525;0.00789242;
1.15932;1.98328;0.00751378;
1.15942;1.98131;0.00789241;
1.15952;1.97935;0.00751377;
1.15962;1.97739;0.0078924;
1.15972;1.97543;0.00751375;
1.15982;1.97347;0.00789239;
1.15992;1.97151;0.00751374;
1.16002;1.96955;0.00789238;
1.16012;1.9676;0.00751373;
1.16022;1.96565;0.00789237;
1.16032;1.9637;0.00751371;
1.16042;1.96175;0.00789236;
1.16052;1.95981;0.0075137;
1.16062;1.95786;0.00789235;
1.16072;1.95592;0.00751369;
1.16082;1.95398;0.00789235;
1.16092;1.95204;0.00751367;
1.16102;1.95011;0.00789234;
1.16112;1.94817;0.00751366;
1.16122;1.94624;0.00789233;
1.16132;1.94431;0.00751365;
1.16142;1.94238;0.00789232;
1.16152;1.94046;0.00751364;
1.16162;1.93853;0.00789231;
1.16172;1.93661;0.00751362;
1.16182;1.93469;0.0078923;
1.16192;1.93277;0.00751361;
1.16202;1.93085;0.00789229;
1.16212;1.92894;0.0075136;
1.16222;1.92703;0.00789228;
1.16232;1.92512;0.00751358;
1.16242;1.92321;0.00789228;
1.16252;1.9213;0.00751357;
1.16262;1.91939;0.00789227;
1.16272;1.91749;0.00751356;
1.16282;1.91559;0.00789226;
1.16292;1.91369;0.00751354;
1.16302;1.91179;0.00789225;
1.16312;1.9099;0.00751353;
1.16322;1.908;0.00789223;
1.16332;1.90611;0.00751351;
1.16342;1.90422;0.00789221;
1.16352;1.90233;0.00751347;
1.16362;1.90045;0.00789218;
1.16372;1.89856;0.00751341;
1.16382;1.89668;0.00789141;
1.16392;1.8948;0.00751329;
1.16402;1.89292;0.00789135;
1.16412;1.89104;0.00751231;
1.16422;1.88917;0.00789126;
1.16432;1.8873;0.00751205;
1.16442;1.88542;0.00789114;
1.16452;1.88356;0.00751171;
1.16462;1.88169;0.00789099;
1.16472;1.87982;0.00751127;
1.16482;1.87796;0.0078908;
1.16492;1.8761;0.00751069;
1.16502;1.87424;0.00789055;
1.16512;1.87238;0.00750993;
1.16522;1.87052;0.0078902;
1.16532;1.86867;0.00750884;
1.16542;1.86682;0.00788969;
1.16552;1.86496;0.0075071;
1.16562;1.86312;0.00788874;
1.16572;1.86127;0.00750311;
1.16582;1.85942;0.00788563;
1.16592;1.85758;0.00748892;
1.16602;1.85574;0.00787359;
1.16612;1.8539;0.00747131;
1.16622;1.85206;0.00787536;
1.16632;1.85023;0.00745091;
1.16633;1.85;0.00766387;
1.16635;1.84966;0.00765007;
1.16636;1.84944;0.00762324;
1.16638;1.84924;0.00762195;
1.16638;1.84919;0.00762117;
1.16638;1.84909;0.00762684;
1.16638;1.84908;0.00762772;
1.16639;1.84907;0.00763018;
1.16639;1.84906;0.00763101;
1.16639;1.84905;0.00763326;
1.16639;1.84905;0.00763376;
1.16639;1.84905;0.00763771;
1.16639;1.84904;0.00763675;
1.16639;1.84904;0.0076357;
1.16639;1.84904;0.00763215;
1.16639;1.84904;0.0076306;
1.16639;1.84904;0.00762697;
1.16639;1.84904;0.00761193;
1.16639;1.84904;0.00760439;
1.16639;1.84904;0.00758091;
1.16639;1.84904;0.00753332;
1.16639;1.84904;0.00751256;
1.16639;1.84904;0.00744924;
1.16639;1.84904;0.0071185;
1.16639;1.84904;0.0545526;
1.16639;1.84904;1.16515;
1.16639;1.84904;2.20077;
1.16639;1.84904;2.6575;
1.16639;1.84904;2.97484;
1.16639;1.84904;3.17673;
1.16639;1.84904;3.31607;
1.16639;1.84904;3.42931;
1.16639;1.84904;3.51076;
1.16639;1.84904;3.57579;
1.16639;1.84904;3.59955;
1.16639;1.84904;3.61397;
1.16639;1.84904;3.61263;
1.16639;1.84904;3.61461;
1.16639;1.84904;3.61268;
1.16639;1.84905;3.61458;
1.16639;1.84905;3.6127;
1.16639;1.84906;3.61454;
1.16639;1.84908;3.61269;
1.16639;1.84911;3.61454;
1.1664;1.84918;3.6127;
1.1664;1.84932;3.61454;
1.16642;1.84959;3.6127;
1.16646;1.85013;3.61454;
1.16653;1.85122;3.6127;
1.16663;1.85279;3.61454;
1.16673;1.85436;3.6127;
1.16683;1.85594;3.61454;
1.16693;1.85751;3.6127;
1.16703;1.85908;3.61454;
1.16713;1.86065;3.6127;
1.16723;1.86222;3.61454;
1.16733;1.86379;3.6127;
1.16743;1.86536;3.61454;
1.16753;1.86692;3.6127;
1.16763;1.86849;3.61454;
1.16773;1.87005;3.6127;
1.16783;1.87162;3.61454;
1.16793;1.87318;3.6127;
1.16803;1.87475;3.61454;
1.16813;1.87631;3.6127;
1.16823;1.87787;3.61454;
1.16833;1.87943;3.6127;
1.16843;1.88099;3.61454;
1.16853;1.88255;3.6127;
1.16863;1.88411;3.61454;
1.16873;1.88567;3.6127;
1.16883;1.88722;3.61454;
1.16893;1.88878;3.6127;
1.16903;1.89033;3.61454;
1.16913;1.89189;3.61272;
1.16923;1.89344;3.61454;
1.16933;1.89499;3.61272;
1.16943;1.89655;3.61454;
1.16953;1.8981;3.6127;
1.16963;1.89965;3.61453;
1.16973;1.9012;3.6127;
1.16983;1.90275;3.61453;
1.16993;1.9043;3.6127;
1.17003;1.90584;3.61453;
1.17013;1.90739;3.6127;
1.17023;1.90894;3.61453;
1.17033;1.91048;3.6127;
1.17043;1.91203;3.61453;
1.17053;1.91357;3.6127;
1.17063;1.91511;3.61453;
1.17073;1.91665;3.6127;
1.17083;1.91819;3.61453;
1.17093;1.91974;3.6127;
1.17103;1.92128;3.61453;
1.17113;1.92281;3.6127;
1.17123;1.92435;3.61453;
1.17133;1.92589;3.6127;
1.17143;1.92743;3.61453;
1.17153;1.92896;3.6127;
1.17163;1.9305;3.61453;
1.17173;1.93203;3.6127;
1.17183;1.93357;3.61453;
1.17193;1.9351;3.6127;
1.17203;1.93663;3.61453;
1.17213;1.93816;3.6127;
1.17223;1.93969;3.61453;
1.17233;1.94122;3.6127;
1.17243;1.94275;3.61453;
1.17253;1.94428;3.6127;
1.17263;1.94581;3.61453;
1.17273;1.94733;3.6127;
1.17283;1.94886;3.61453;
1.17293;1.95038;3.6127;
1.17303;1.95191;3.61453;
1.17313;1.95343;3.6127;
1.17323;1.95496;3.61453;
1.17333;1.95648;3.6127;
1.17343;1.958;3.61453;
1.17353;1.95952;3.6127;
1.17363;1.96104;3.61453;
1.17373;1.96256;3.6127;
1.17383;1.96408;3.61453;
1.17393;1.96559;3.6127;
1.17403;1.96711;3.61453;
1.17413;1.96863;3.6127;
1.17423;1.97014;3.61453;
1.17433;1.97166;3.6127;
1.17443;1.97317;3.61453;
1.17453;1.97468;3.6127;
1.17463;1.9762;3.61453;
1.17473;1.97771;3.6127;
1.17483;1.97922;3.61453;
1.17493;1.98073;3.6127;
1.17503;1.98224;3.61453;
1.17513;1.98375;3.6127;
1.17523;1.98525;3.61453;
1.17533;1.98676;3.6127;
1.17543;1.98827;3.61453;
1.17553;1.98977;3.6127;
1.17563;1.99128;3.61453;
1.17573;1.99278;3.6127;
1.17583;1.99428;3.61453;
1.17593;1.99579;3.6127;
1.17603;1.99729;3.61453;
1.17613;1.99879;3.6127;
1.17623;2.00029;3.61453;
1.17633;2.00179;3.6127;
1.17643;2.00329;3.61453;
1.17653;2.00478;3.6127;
1.17663;2.00628;3.61453;
1.17673;2.00778;3.6127;
1.17683;2.00927;3.61453;
1.17693;2.01077;3.6127;
1.17703;2.01226;3.61453;
1.17713;2.01376;3.6127;
1.17723;2.01525;3.61453;
1.17733;2.01674;3.6127;
1.17743;2.01823;3.61453;
1.17753;2.01972;3.6127;
1.17763;2.02121;3.61453;
1.17773;2.0227;3.6127;
1.17783;2.02419;3.61453;
1.17793;2.02568;3.6127;
1.17803;2.02716;3.61453;
1.17813;2.02865;3.6127;
1.17823;2.03013;3.61453;
1.17833;2.03162;3.6127;
1.17843;2.0331;3.61453;
1.17853;2.03459;3.6127;
1.17863;2.03607;3.61453;
1.17873;2.03755;3.6127;
1.17883;2.03903;3.61453;
1.17893;2.04051;3.6127;
1.17903;2.04199;3.61453;
1.17913;2.04347;3.6127;
1.17923;2.04495;3.61453;
1.17933;2.04642;3.6127;
1.17943;2.0479;3.61453;
1.17953;2.04938;3.6127;
1.17963;2.05085;3.61453;
1.17973;2.05232;3.6127;
1.17983;2.0538;3.61453;
1.17993;2.05527;3.6127;
1.18003;2.05674;3.61453;
1.18013;2.05821;3.6127;
1.18023;2.05968;3.61453;
1.18033;2.06115;3.6127;
1.18043;2.06262;3.61453;
1.18053;2.06409;3.6127;
1.18063;2.06556;3.61453;
1.18073;2.06703;3.6127;
1.18083;2.06849;3.61453;
1.18093;2.06996;3.6127;
1.18103;2.07142;3.61453;
1.18113;2.07289;3.6127;
1.18123;2.07435;3.61453;
1.18133;2.07581;3.6127;
1.18143;2.07727;3.61453;
1.18153;2.07873;3.6127;
1.18163;2.08019;3.61453;
1.18173;2.08165;3.6127;
1.18183;2.08311;3.61453;
1.18193;2.08457;3.6127;
1.18203;2.08603;3.61453;
1.18213;2.08748;3.6127;
1.18223;2.08894;3.61453;
1.18233;2.09039;3.6127;
1.18243;2.09185;3.61453;
1.18253;2.0933;3.6127;
1.18263;2.09476;3.61453;
1.18273;2.09621;3.6127;
1.18283;2.09766;3.61453;
1.18293;2.09911;3.6127;
1.18303;2.10056;3.61453;
1.18313;2.10201;3.6127;
1.18323;2.10346;3.61453;
1.18333;2.10491;3.6127;
1.18343;2.10635;3.61453;
1.18353;2.1078;3.6127;
1.18363;2.10924;3.61453;
1.18373;2.11069;3.6127;
1.18383;2.11213;3.61453;
1.18393;2.11358;3.6127;
1.18403;2.11502;3.61453;
1.18413;2.11646;3.6127;
1.18423;2.1179;3.61453;
1.18433;2.11934;3.6127;
1.18443;2.12078;3.61453;
1.18453;2.12222;3.6127;
1.18463;2.12366;3.61453;
1.18473;2.1251;3.6127;
1.18483;2.12654;3.61453;
1.18493;2.12797;3.6127;
1.18503;2.12941;3.61453;
1.18513;2.13084;3.6127;
1.18523;2.13228;3.61453;
1.18533;2.13371;3.6127;
1.18543;2.13514;3.61453;
1.18553;2.13658;3.6127;
1.18563;2.13801;3.61453;
1.18573;2.13944;3.6127;
1.18583;2.14087;3.61453;
1.18593;2.1423;3.6127;
1.18603;2.14372;3.61453;
1.18613;2.14515;3.6127;
1.18623;2.14658;3.61453;
1.18633;2.14801;3.6127;
1.18643;2.14943;3.61453;
1.18653;2.15086;3.6127;
1.18663;2.15228;3.61453;
1.18673;2.1537;3.6127;
1.18683;2.15513;3.61453;
1.18693;2.15655;3.6127;
1.18703;2.15797;3.61453;
1.18713;2.15939;3.6127;
1.18723;2.16081;3.61453;
1.18733;2.16223;3.6127;
1.18743;2.16365;3.61453;
1.18753;2.16507;3.6127;
1.18763;2.16648;3.61453;
1.18773;2.1679;3.6127;
1.18783;2.16931;3.61453;
1.18793;2.17073;3.6127;
1.18803;2.17214;3.61453;
1.18813;2.17356;3.6127;
1.18823;2.17497;3.61453;
1.18833;2.17638;3.6127;
1.18843;2.17779;3.61453;
1.18853;2.1792;3.6127;
1.18863;2.18061;3.61453;
1.18873;2.18202;3.6127;
1.18883;2.18343;3.61453;
1.18893;2.18484;3.6127;
1.18903;2.18625;3.61453;
1.18913;2.18765;3.6127;
1.18923;2.18906;3.61453;
1.18933;2.19046;3.6127;
1.18943;2.19187;3.61453;
1.18953;2.19327;3.6127;
1.18963;2.19468;3.61453;
1.18973;2.19608;3.6127;
1.18983;2.19748;3.61453;
1.18993;2.19888;3.6127;
1.19003;2.20028;3.61453;
1.19013;2.20168;3.6127;
1.19023;2.20308;3.61453;
1.19033;2.20448;3.6127;
1.19043;2.20587;3.61453;
1.19053;2.20727;3.6127;
1.19063;2.20867;3.61453;
1.19073;2.21006;3.6127;
1.19083;2.21146;3.61453;
1.19093;2.21285;3.6127;
1.19103;2.21424;3.61453;
1.19113;2.21564;3.6127;
1.19123;2.21703;3.61453;
1.19133;2.21842;3.6127;
1.19143;2.21981;3.61453;
1.19153;2.2212;3.6127;
1.19163;2.22259;3.61453;
1.19173;2.22398;3.6127;
1.19183;2.22536;3.61453;
1.19193;2.22675;3.6127;
1.19203;2.22814;3.61453;
1.19213;2.22952;3.6127;
1.19223;2.23091;3.61453;
1.19233;2.23229;3.6127;
1.19243;2.23367;3.61453;
1.19253;2.23506;3.6127;
1.19263;2.23644;3.61453;
1.19273;2.23782;3.6127;
1.19283;2.2392;3.61453;
1.19293;2.24058;3.6127;
1.19303;2.24196;3.61453;
1.19313;2.24334;3.6127;
1.19323;2.24472;3.61453;
1.19333;2.24609;3.6127;
1.19343;2.24747;3.61453;
1.19353;2.24885;3.6127;
1.19363;2.25022;3.61453;
1.19373;2.2516;3.6127;
1.19383;2.25297;3.61453;
1.19393;2.25434;3.6127;
1.19403;2.25572;3.61453;
1.19413;2.25709;3.6127;
1.19423;2.25846;3.61453;
1.19433;2.25983;3.6127;
1.19443;2.2612;3.61453;
1.19453;2.26257;3.6127;
1.19463;2.26394;3.61453;
1.19473;2.2653;3.6127;
1.19483;2.26667;3.61453;
1.19493;2.26804;3.6127;
1.19503;2.2694;3.61453;
1.19513;2.27077;3.6127;
1.19523;2.27213;3.61453;
1.19533;2.27349;3.6127;
1.19543;2.27486;3.61453;
1.19553;2.27622;3.6127;
1.19563;2.27758;3.61453;
1.19573;2.27894;3.6127;
1.19583;2.2803;3.61453;
1.19593;2.28166;3.6127;
1.19603;2.28302;3.61453;
1.19613;2.28438;3.6127;
1.19623;2.28574;3.61453;
1.19633;2.28709;3.6127;
1.19643;2.28845;3.61453;
1.19653;2.2898;3.6127;
1.19663;2.29116;3.61453;
1.19673;2.29251;3.6127;
1.19683;2.29387;3.61453;
1.19693;2.29522;3.6127;
1.19703;2.29657;3.61453;
1.19713;2.29792;3.6127;
1.19723;2.29927;3.61453;
1.19733;2.30062;3.6127;
1.19743;2.30197;3.61453;
1.19753;2.30332;3.6127;
1.19763;2.30467;3.61453;
1.19773;2.30602;3.6127;
1.19783;2.30736;3.61453;
1.19793;2.30871;3.6127;
1.19803;2.31005;3.61453;
1.19813;2.3114;3.6127;
1.19823;2.31274;3.61453;
1.19833;2.31408;3.6127;
1.19843;2.31543;3.61453;
1.19853;2.31677;3.6127;
1.19863;2.31811;3.61453;
1.19873;2.31945;3.6127;
1.19883;2.32079;3.61453;
1.19893;2.32213;3.6127;
1.19903;2.32347;3.61453;
1.19913;2.32481;3.6127;
1.19923;2.32614;3.61453;
1.19933;2.32748;3.6127;
1.19943;2.32882;3.61453;
1.19953;2.33015;3.6127;
1.19963;2.33149;3.61453;
1.19973;2.33282;3.6127;
1.19983;2.33415;3.61453;
1.19993;2.33549;3.6127;
1.20003;2.33682;3.61453;
1.20013;2.33815;3.6127;
1.20023;2.33948;3.61453;
1.20033;2.34081;3.6127;
1.20043;2.34214;3.61453;
1.20053;2.34347;3.6127;
1.20063;2.34479;3.61453;
1.20073;2.34612;3.6127;
1.20083;2.34745;3.61453;
1.20093;2.34877;3.6127;
1.20103;2.3501;3.61453;
1.20113;2.35142;3.6127;
1.20123;2.35275;3.61453;
1.20133;2.35407;3.6127;
1.20143;2.35539;3.61453;
1.20153;2.35672;3.6127;
1.20163;2.35804;3.61453;
1.20173;2.35936;3.6127;
1.20183;2.36068;3.61453;
1.20193;2.362;3.6127;
1.20203;2.36331;3.61453;
1.20213;2.36463;3.6127;
1.20223;2.36595;3.61453;
1.20233;2.36727;3.6127;
1.20243;2.36858;3.61453;
1.20253;2.3699;3.6127;
1.20263;2.37121;3.61453;
1.20273;2.37253;3.6127;
1.20283;2.37384;3.61453;
1.20293;2.37515;3.61271;
1.20303;2.37646;3.61453;
1.20313;2.37778;3.61271;
1.20323;2.37909;3.61453;
1.20333;2.3804;3.61271;
1.20343;2.38171;3.61453;
1.20353;2.38301;3.61271;
1.20363;2.38432;3.61453;
1.20373;2.38563;3.61271;
1.20383;2.38694;3.61453;
1.20393;2.38824;3.61271;
1.20403;2.38955;3.61453;
1.20413;2.39085;3.61271;
1.20423;2.39216;3.61453;
1.20433;2.39346;3.61271;
1.20443;2.39476;3.61453;
1.20453;2.39607;3.61271;
1.20463;2.39737;3.61453;
1.20473;2.39867;3.61271;
1.20483;2.39997;3.61453;
1.20493;2.40127;3.61271;
1.20503;2.40257;3.61453;
1.20513;2.40387;3.61271;
1.20523;2.40516;3.61453;
1.20533;2.40646;3.61271;
1.20543;2.40776;3.61453;
1.20553;2.40905;3.61271;
1.20563;2.41035;3.61453;
1.20573;2.41164;3.61271;
1.20583;2.41294;3.61453;
1.20593;2.41423;3.61271;
1.20603;2.41552;3.61453;
1.20613;2.41681;3.61271;
1.20623;2.4181;3.61453;
1.20633;2.4194;3.61271;
1.20643;2.42069;3.61453;
1.20653;2.42197;3.61271;
1.20663;2.42326;3.61453;
1.20673;2.42455;3.61271;
1.20683;2.42584;3.61453;
1.20693;2.42713;3.61271;
1.20703;2.42841;3.61453;
1.20713;2.4297;3.61271;
1.20723;2.43098;3.61453;
1.20733;2.43227;3.61271;
1.20743;2.43355;3.61453;
1.20753;2.43483;3.61271;
1.20763;2.43611;3.61453;
1.20773;2.4374;3.61271;
1.20783;2.43868;3.61453;
1.20793;2.43996;3.61271;
1.20803;2.44124;3.61453;
1.20813;2.44252;3.61271;
1.20823;2.44379;3.61453;
1.20833;2.44507;3.61271;
1.20843;2.44635;3.61453;
1.20853;2.44763;3.61271;
1.20863;2.4489;3.61453;
1.20873;2.45018;3.61271;
1.20883;2.45145;3.61453;
1.20893;2.45272;3.61271;
1.20903;2.454;3.61453;
1.20913;2.45527;3.61271;
1.20923;2.45654;3.61453;
1.20933;2.45781;3.61271;
1.20943;2.45908;3.61453;
1.20953;2.46035;3.61271;
1.20963;2.46162;3.61453;
1.20973;2.46289;3.61271;
1.20983;2.46416;3.61453;
1.20993;2.46543;3.61271;
1.21003;2.4667;3.61453;
1.21013;2.46796;3.61271;
1.21023;2.46923;3.61453;
1.21033;2.47049;3.61271;
1.21043;2.47176;3.61453;
1.21053;2.47302;3.61271;
1.21063;2.47428;3.61453;
1.21073;2.47555;3.61271;
1.21083;2.47681;3.61453;
1.21093;2.47807;3.61271;
1.21103;2.47933;3.61453;
1.21113;2.48059;3.61271;
1.21123;2.48185;3.61453;
1.21133;2.48311;3.61271;
1.21143;2.48437;3.61452;
1.21153;2.48562;3.61271;
1.21163;2.48688;3.61452;
1.21173;2.48814;3.61271;
1.21183;2.48939;3.61452;
1.21193;2.49065;3.61271;
1.21203;2.4919;3.61452;
1.21213;2.49315;3.61271;
1.21223;2.49441;3.61452;
1.21233;2.49566;3.61271;
1.21243;2.49691;3.61452;
1.21253;2.49816;3.61271;
1.21263;2.49941;3.61452;
1.21273;2.50066;3.61271;
1.21283;2.50191;3.61452;
1.21293;2.50316;3.61271;
1.21303;2.50441;3.61452;
1.21313;2.50566;3.61271;
1.21323;2.5069;3.61452;
1.21333;2.50815;3.61271;
1.21343;2.5094;3.61452;
1.21353;2.51064;3.61271;
1.21363;2.51188;3.61452;
1.21373;2.51313;3.61271;
1.21383;2.51437;3.61452;
1.21393;2.51561;3.61271;
1.21403;2.51686;3.61452;
1.21413;2.5181;3.61271;
1.21423;2.51934;3.61452;
1.21433;2.52058;3.61271;
1.21443;2.52182;3.61452;
1.21453;2.52306;3.61271;
1.21463;2.52429;3.61452;
1.21473;2.52553;3.61271;
1.21483;2.52677;3.61452;
1.21493;2.528;3.61271;
1.21503;2.52924;3.61452;
1.21513;2.53047;3.61271;
1.21523;2.53171;3.61452;
1.21533;2.53294;3.61271;
1.21543;2.53418;3.61452;
1.21553;2.53541;3.61271;
1.21563;2.53664;3.61452;
1.21573;2.53787;3.61271;
1.21583;2.5391;3.61452;
1.21593;2.54033;3.61271;
1.21603;2.54156;3.61452;
1.21613;2.54279;3.61271;
1.21623;2.54402;3.61452;
1.21633;2.54525;3.61271;
1.21643;2.54647;3.61452;
1.21653;2.5477;3.61271;
1.21663;2.54893;3.61452;
1.21673;2.55015;3.61271;
1.21683;2.55138;3.61452;
1.21693;2.5526;3.61271;
1.21703;2.55382;3.61452;
1.21713;2.55505;3.61271;
1.21723;2.55627;3.61452;
1.21733;2.55749;3.61271;
1.21743;2.55871;3.61452;
1.21753;2.55993;3.61271;
1.21763;2.56115;3.61452;
1.21773;2.56237;3.61271;
1.21783;2.56359;3.61452;
1.21793;2.56481;3.61271;
1.21803;2.56602;3.61452;
1.21813;2.56724;3.61271;
1.21823;2.56846;3.61452;
1.21833;2.56967;3.61271;
1.21843;2.57089;3.61452;
1.21853;2.5721;3.61271;
1.21863;2.57331;3.61452;
1.21873;2.57453;3.61271;
1.21883;2.57574;3.61452;
1.21893;2.57695;3.61271;
1.21903;2.57816;3.61452;
1.21913;2.57937;3.61271;
1.21923;2.58058;3.61452;
1.21933;2.58179;3.61271;
1.21943;2.583;3.61452;
1.21953;2.58421;3.61271;
1.21963;2.58542;3.61452;
1.21973;2.58662;3.61271;
1.21983;2.58783;3.61452;
1.21993;2.58903;3.61271;
1.22003;2.59024;3.61452;
1.22013;2.59144;3.61271;
1.22023;2.59265;3.61452;
1.22033;2.59385;3.61271;
1.22043;2.59505;3.61452;
1.22053;2.59626;3.61271;
1.22063;2.59746;3.61452;
1.22073;2.59866;3.61271;
1.22083;2.59986;3.61452;
1.22093;2.60106;3.61271;
1.22103;2.60226;3.61452;
1.22113;2.60346;3.61271;
1.22123;2.60465;3.61452;
1.22133;2.60585;3.61271;
1.22143;2.60705;3.61452;
1.22153;2.60824;3.61271;
1.22163;2.60944;3.61452;
1.22173;2.61063;3.61271;
1.22183;2.61183;3.61452;
1.22193;2.61302;3.61271;
1.22203;2.61422;3.61452;
1.22213;2.61541;3.61271;
1.22223;2.6166;3.61452;
1.22233;2.61779;3.61271;
1.22243;2.61898;3.61452;
1.22253;2.62017;3.61271;
1.22263;2.62136;3.61452;
1.22273;2.62255;3.61271;
1.22283;2.62374;3.61452;
1.22293;2.62493;3.61271;
1.22303;2.62611;3.61452;
1.22313;2.6273;3.61271;
1.22323;2.62849;3.61452;
1.22333;2.62967;3.61271;
1.22343;2.63086;3.61452;
1.22353;2.63204;3.61271;
1.22363;2.63323;3.61452;
1.22373;2.63441;3.61271;
1.22383;2.63559;3.61452;
1.22393;2.63677;3.61271;
1.22403;2.63795;3.61452;
1.22413;2.63913;3.61271;
1.22423;2.64031;3.61452;
1.22433;2.64149;3.61271;
1.22443;2.64267;3.61452;
1.22453;2.64385;3.61271;
1.22463;2.64503;3.61452;
1.22473;2.64621;3.61271;
1.22483;2.64738;3.61452;
1.22493;2.64856;3.61271;
1.22503;2.64973;3.61452;
1.22513;2.65091;3.61271;
1.22523;2.65208;3.61452;
1.22533;2.65326;3.61271;
1.22543;2.65443;3.61452;
1.22553;2.6556;3.61271;
1.22563;2.65677;3.61452;
1.22573;2.65794;3.61271;
1.22583;2.65912;3.61452;
1.22593;2.66029;3.61271;
1.22603;2.66146;3.61452;
1.22613;2.66262;3.61271;
1.22623;2.66379;3.61452;
1.22633;2.66496;3.61271;
1.22643;2.66613;3.61452;
1.22653;2.66729;3.61271;
1.22663;2.66846;3.61452;
1.22673;2.66963;3.61271;
1.22683;2.67079;3.61452;
1.22693;2.67195;3.61271;
1.22703;2.67312;3.61452;
1.22713;2.67428;3.61271;
1.22723;2.67544;3.61452;
1.22733;2.67661;3.61271;
1.22743;2.67777;3.61452;
1.22753;2.67893;3.61271;
1.22763;2.68009;3.61452;
1.22773;2.68125;3.61271;
1.22783;2.68241;3.61452;
1.22793;2.68356;3.61271;
1.22803;2.68472;3.61452;
1.22813;2.68588;3.61271;
1.22823;2.68704;3.61452;
1.22833;2.68819;3.61271;
1.22843;2.68935;3.61452;
1.22853;2.6905;3.61271;
1.22863;2.69166;3.61452;
1.22873;2.69281;3.61271;
1.22883;2.69396;3.61452;
1.22893;2.69512;3.61271;
1.22903;2.69627;3.61452;
1.22913;2.69742;3.61271;
1.22923;2.69857;3.61452;
1.22933;2.69972;3.61271;
1.22943;2.70087;3.61452;
1.22953;2.70202;3.61271;
1.22963;2.70317;3.61452;
1.22973;2.70432;3.61271;
1.22983;2.70547;3.61452;
1.22993;2.70661;3.61271;
1.23003;2.70776;3.61452;
1.23013;2.7089;3.61271;
1.23023;2.71005;3.61452;
1.23033;2.71119;3.61271;
1.23043;2.71234;3.61452;
1.23053;2.71348;3.61271;
1.23063;2.71462;3.61452;
1.23073;2.71577;3.61271;
1.23083;2.71691;3.61452;
1.23093;2.71805;3.61271;
1.23103;2.71919;3.61452;
1.23113;2.72033;3.61271;
1.23123;2.72147;3.61452;
1.23133;2.72261;3.61271;
1.23143;2.72375;3.61452;
1.23153;2.72489;3.61271;
1.23163;2.72602;3.61452;
1.23173;2.72716;3.61271;
1.23183;2.7283;3.61452;
1.23193;2.72943;3.61271;
1.23203;2.73057;3.61452;
1.23213;2.7317;3.61271;
1.23223;2.73283;3.61452;
1.23233;2.73397;3.61271;
1.23243;2.7351;3.61452;
1.23253;2.73623;3.61271;
1.23263;2.73736;3.61452;
1.23273;2.73849;3.61271;
1.23283;2.73962;3.61452;
1.23293;2.74075;3.61271;
1.23303;2.74188;3.61452;
1.23313;2.74301;3.61271;
1.23323;2.74414;3.61452;
1.23333;2.74527;3.61271;
1.23343;2.7464;3.61452;
1.23353;2.74752;3.61271;
1.23363;2.74865;3.61452;
1.23373;2.74977;3.61271;
1.23383;2.7509;3.61452;
1.23393;2.75202;3.61271;
1.23403;2.75315;3.61452;
1.23413;2.75427;3.61271;
1.23423;2.75539;3.61452;
1.23433;2.75651;3.61271;
1.23443;2.75763;3.61452;
1.23453;2.75876;3.61271;
1.23463;2.75988;3.61452;
1.23473;2.761;3.61271;
1.23483;2.76211;3.61452;
1.23493;2.76323;3.61271;
1.23503;2.76435;3.61452;
1.23513;2.76547;3.61271;
1.23523;2.76659;3.61452;
1.23533;2.7677;3.61271;
1.23543;2.76882;3.61452;
1.23553;2.76993;3.61271;
1.23563;2.77105;3.61452;
1.23573;2.77216;3.61271;
1.23583;2.77328;3.61452;
1.23593;2.77439;3.61271;
1.23603;2.7755;3.61452;
1.23613;2.77661;3.61271;
1.23623;2.77772;3.61452;
1.23633;2.77884;3.61271;
1.23643;2.77995;3.61452;
1.23653;2.78106;3.61271;
1.23663;2.78216;3.61452;
1.23673;2.78327;3.61271;
1.23683;2.78438;3.61452;
1.23693;2.78549;3.61271;
1.23703;2.7866;3.61452;
1.23713;2.7877;3.61271;
1.23723;2.78881;3.61452;
1.23733;2.78991;3.61271;
1.23743;2.79102;3.61452;
1.23753;2.79212;3.61271;
1.23763;2.79322;3.61452;
1.23773;2.79433;3.61271;
1.23783;2.79543;3.61452;
1.23793;2.79653;3.61271;
1.23803;2.79763;3.61452;
1.23813;2.79873;3.61271;
1.23823;2.79983;3.61452;
1.23833;2.80093;3.61271;
1.23843;2.80203;3.61452;
1.23853;2.80313;3.61271;
1.23863;2.80423;3.61452;
1.23873;2.80533;3.61271;
1.23883;2.80643;3.61452;
1.23893;2.80752;3.61271;
1.23903;2.80862;3.61452;
1.23913;2.80971;3.61271;
1.23923;2.81081;3.61452;
1.23933;2.8119;3.61271;
1.23943;2.813;3.61452;
1.23953;2.81409;3.61271;
1.23963;2.81518;3.61452;
1.23973;2.81627;3.61271;
1.23983;2.81737;3.61452;
1.23993;2.81846;3.61271;
1.24003;2.81955;3.61452;
1.24013;2.82064;3.61271;
1.24023;2.82173;3.61452;
1.24033;2.82281;3.61271;
1.24043;2.8239;3.61452;
1.24053;2.82499;3.61271;
1.24063;2.82608;3.61452;
1.24073;2.82716;3.61271;
1.24083;2.82825;3.61452;
1.24093;2.82934;3.61271;
1.24103;2.83042;3.61452;
1.24113;2.83151;3.61271;
1.24123;2.83259;3.61452;
1.24133;2.83367;3.61271;
1.24143;2.83476;3.61452;
1.24153;2.83584;3.61271;
1.24163;2.83692;3.61452;
1.24173;2.838;3.61272;
1.24183;2.83908;3.61452;
1.24193;2.84016;3.61272;
1.24203;2.84124;3.61452;
1.24213;2.84232;3.61272;
1.24223;2.8434;3.61452;
1.24233;2.84448;3.61272;
1.24243;2.84555;3.61452;
1.24253;2.84663;3.61272;
1.24263;2.84771;3.61452;
1.24273;2.84878;3.61272;
1.24283;2.84986;3.61452;
1.24293;2.85093;3.61272;
1.24303;2.85201;3.61452;
1.24313;2.85308;3.61272;
1.24323;2.85415;3.61452;
1.24333;2.85523;3.61272;
1.24343;2.8563;3.61452;
1.24353;2.85737;3.61272;
1.24363;2.85844;3.61452;
1.24373;2.85951;3.61272;
1.24383;2.86058;3.61452;
1.24393;2.86165;3.61272;
1.24403;2.86272;3.61452;
1.24413;2.86379;3.61272;
1.24423;2.86486;3.61452;
1.24433;2.86592;3.61272;
1.24443;2.86699;3.61452;
1.24453;2.86806;3.61272;
1.24463;2.86912;3.61452;
1.24473;2.87019;3.61272;
1.24483;2.87125;3.61452;
1.24493;2.87232;3.61272;
1.24503;2.87338;3.61452;
1.24513;2.87444;3.61272;
1.24523;2.8755;3.61452;
1.24533;2.87657;3.61272;
1.24543;2.87763;3.61452;
1.24553;2.87869;3.61272;
1.24563;2.87975;3.61452;
1.24573;2.88081;3.61272;
1.24583;2.88187;3.61452;
1.24593;2.88293;3.61272;
1.24603;2.88398;3.61452;
1.24613;2.88504;3.61272;
1.24623;2.8861;3.61452;
1.24633;2.88716;3.61272;
1.24643;2.88821;3.61452;
1.24653;2.88927;3.61272;
1.24663;2.89032;3.61452;
1.24673;2.89138;3.61272;
1.24683;2.89243;3.61452;
1.24693;2.89348;3.61272;
1.24703;2.89454;3.61452;
1.24713;2.89559;3.61272;
1.24723;2.89664;3.61452;
1.24733;2.89769;3.61272;
1.24743;2.89874;3.61452;
1.24753;2.89979;3.61272;
1.24763;2.90084;3.61452;
1.24773;2.90189;3.61272;
1.24783;2.90294;3.61452;
1.24793;2.90399;3.61272;
1.24803;2.90504;3.61452;
1.24813;2.90608;3.61272;
1.24823;2.90713;3.61452;
1.24833;2.90818;3.61272;
1.24843;2.90922;3.61452;
1.24853;2.91027;3.61272;
1.24863;2.91131;3.61452;
1.24873;2.91236;3.61272;
1.24883;2.9134;3.61452;
1.24893;2.91444;3.61272;
1.24903;2.91549;3.61452;
1.24913;2.91653;3.61272;
1.24923;2.91757;3.61452;
1.24933;2.91861;3.61272;
1.24943;2.91965;3.61452;
1.24953;2.92069;3.61272;
1.24963;2.92173;3.61452;
1.24973;2.92277;3.61272;
1.24983;2.92381;3.61452;
1.24993;2.92484;3.61272;
1.25003;2.92588;3.61452;
1.25013;2.92692;3.61272;
1.25023;2.92795;3.61452;
1.25033;2.92899;3.61272;
1.25043;2.93003;3.61452;
1.25053;2.93106;3.61272;
1.25063;2.93209;3.61452;
1.25073;2.93313;3.61272;
1.25083;2.93416;3.61452;
1.25093;2.93519;3.61272;
1.25103;2.93623;3.61452;
1.25113;2.93726;3.61272;
1.25123;2.93829;3.61451;
1.25133;2.93932;3.61272;
1.25143;2.94035;3.61451;
1.25153;2.94138;3.61272;
1.25163;2.94241;3.61451;
1.25173;2.94344;3.61272;
1.25183;2.94446;3.61451;
1.25193;2.94549;3.61272;
1.25203;2.94652;3.61451;
1.25213;2.94754;3.61272;
1.25223;2.94857;3.61451;
1.25233;2.9496;3.61272;
1.25243;2.95062;3.61451;
1.25253;2.95164;3.61272;
1.25263;2.95267;3.61451;
1.25273;2.95369;3.61272;
1.25283;2.95471;3.61451;
1.25293;2.95574;3.61272;
1.25303;2.95676;3.61451;
1.25313;2.95778;3.61272;
1.25323;2.9588;3.61451;
1.25333;2.95982;3.61272;
1.25343;2.96084;3.61451;
1.25353;2.96186;3.61272;
1.25363;2.96288;3.61451;
1.25373;2.9639;3.61272;
1.25383;2.96491;3.61451;
1.25393;2.96593;3.61272;
1.25403;2.96695;3.61451;
1.25413;2.96796;3.61272;
1.25423;2.96898;3.61451;
1.25433;2.97;3.61272;
1.25443;2.97101;3.61451;
1.25453;2.97202;3.61272;
1.25463;2.97304;3.61451;
1.25473;2.97405;3.61272;
1.25483;2.97506;3.61451;
1.25493;2.97608;3.61272;
1.25503;2.97709;3.61451;
1.25513;2.9781;3.61272;
1.25523;2.97911;3.61451;
1.25533;2.98012;3.61272;
1.25543;2.98113;3.61451;
1.25553;2.98214;3.61272;
1.25563;2.98315;3.61451;
1.25573;2.98415;3.61272;
1.25583;2.98516;3.61451;
1.25593;2.98617;3.61272;
1.25603;2.98718;3.61451;
1.25613;2.98818;3.61272;
1.25623;2.98919;3.61451;
1.25633;2.99019;3.61272;
1.25643;2.9912;3.61451;
1.25653;2.9922;3.61272;
1.25663;2.9932;3.61451;
1.25673;2.99421;3.61272;
1.25683;2.99521;3.61451;
1.25693;2.99621;3.61272;
1.25703;2.99721;3.61451;
1.25713;2.99822;3.61272;
1.25723;2.99922;3.61451;
1.25733;3.00022;3.61272;
1.25743;3.00122;3.61451;
1.25753;3.00221;3.61272;
1.25763;3.00321;3.61451;
1.25773;3.00421;3.61272;
1.25783;3.00521;3.61451;
1.25793;3.00621;3.61272;
1.25803;3.0072;3.61451;
1.25813;3.0082;3.61272;
1.25823;3.00919;3.61451;
1.25833;3.01019;3.61272;
1.25843;3.01118;3.61451;
1.25853;3.01218;3.61272;
1.25863;3.01317;3.61451;
1.25873;3.01416;3.61272;
1.25883;3.01516;3.61451;
1.25893;3.01615;3.61272;
1.25903;3.01714;3.61451;
1.25913;3.01813;3.61272;
1.25923;3.01912;3.61451;
1.25933;3.02011;3.61272;
1.25943;3.0211;3.61451;
1.25953;3.02209;3.61272;
1.25963;3.02308;3.61451;
1.25973;3.02407;3.61272;
1.25983;3.02505;3.61451;
1.25993;3.02604;3.61272;
1.26003;3.02703;3.61451;
1.26013;3.02801;3.61272;
1.26023;3.029;3.61451;
1.26033;3.02999;3.61272;
1.26043;3.03097;3.61451;
1.26053;3.03195;3.61272;
1.26063;3.03294;3.61451;
1.26073;3.03392;3.61272;
1.26083;3.0349;3.61451;
1.26093;3.03589;3.61272;
1.26103;3.03687;3.61451;
1.26113;3.03785;3.61272;
1.26123;3.03883;3.61451;
1.26133;3.03981;3.61272;
1.26143;3.04079;3.61451;
1.26153;3.04177;3.61272;
1.26163;3.04275;3.61451;
1.26173;3.04373;3.61272;
1.26183;3.0447;3.61451;
1.26193;3.04568;3.61272;
1.26203;3.04666;3.61451;
1.26213;3.04763;3.61272;
1.26223;3.04861;3.61451;
1.26233;3.04959;3.61272;
1.26243;3.05056;3.61451;
1.26253;3.05153;3.61272;
1.26263;3.05251;3.61451;
1.26273;3.05348;3.61272;
1.26283;3.05445;3.61451;
1.26293;3.05543;3.61272;
1.26303;3.0564;3.61451;
1.26313;3.05737;3.61272;
1.26323;3.05834;3.61451;
1.26333;3.05931;3.61272;
1.26343;3.06028;3.61451;
1.26353;3.06125;3.61272;
1.26363;3.06222;3.61451;
1.26373;3.06319;3.61272;
1.26383;3.06416;3.61451;
1.26393;3.06512;3.61272;
1.26403;3.06609;3.61451;
1.26413;3.06706;3.61272;
1.26423;3.06802;3.61451;
1.26433;3.06899;3.61272;
1.26443;3.06996;3.61451;
1.26453;3.07092;3.61272;
1.26463;3.07188;3.61451;
1.26473;3.07285;3.61272;
1.26483;3.07381;3.61451;
1.26493;3.07477;3.61272;
1.26503;3.07574;3.61451;
1.26513;3.0767;3.61272;
1.26523;3.07766;3.61451;
1.26533;3.07862;3.61272;
1.26543;3.07958;3.61451;
1.26553;3.08054;3.61272;
1.26563;3.0815;3.61451;
1.26573;3.08246;3.61272;
1.26583;3.08342;3.61451;
1.26593;3.08437;3.61272;
1.26603;3.08533;3.61451;
1.26613;3.08629;3.61272;
1.26623;3.08725;3.61451;
1.26633;3.0882;3.61272;
1.26643;3.08916;3.61451;
1.26653;3.09011;3.61272;
1.26663;3.09107;3.61451;
1.26673;3.09202;3.61272;
1.26683;3.09297;3.61451;
1.26693;3.09393;3.61272;
1.26703;3.09488;3.61451;
1.26713;3.09583;3.61272;
1.26723;3.09678;3.61451;
1.26733;3.09773;3.61272;
1.26743;3.09869;3.61451;
1.26753;3.09964;3.61272;
1.26763;3.10059;3.61451;
1.26773;3.10154;3.61272;
1.26783;3.10248;3.61451;
1.26793;3.10343;3.61272;
1.26803;3.10438;3.61451;
1.26813;3.10533;3.61272;
1.26823;3.10627;3.61451;
1.26833;3.10722;3.61272;
1.26843;3.10817;3.61451;
1.26853;3.10911;3.61272;
1.26863;3.11006;3.61451;
1.26873;3.111;3.61272;
1.26883;3.11195;3.61451;
1.26893;3.11289;3.61272;
1.26903;3.11383;3.61451;
1.26913;3.11478;3.61272;
1.26923;3.11572;3.61451;
1.26933;3.11666;3.61272;
1.26943;3.1176;3.61451;
1.26953;3.11854;3.61272;
1.26963;3.11948;3.61451;
1.26973;3.12042;3.61272;
1.26983;3.12136;3.61451;
1.26993;3.1223;3.61272;
1.27003;3.12324;3.61451;
1.27013;3.12418;3.61272;
1.27023;3.12511;3.61451;
1.27033;3.12605;3.61272;
1.27043;3.12699;3.61451;
1.27053;3.12792;3.61272;
1.27063;3.12886;3.61451;
1.27073;3.12979;3.61272;
1.27083;3.13073;3.61451;
1.27093;3.13166;3.61272;
1.27103;3.1326;3.61451;
1.27113;3.13353;3.61272;
1.27123;3.13446;3.61451;
1.27133;3.1354;3.61272;
1.27143;3.13633;3.61451;
1.27153;3.13726;3.61272;
1.27163;3.13819;3.61451;
1.27173;3.13912;3.61272;
1.27183;3.14005;3.61451;
1.27193;3.14098;3.61272;
1.27203;3.14191;3.61451;
1.27213;3.14284;3.61272;
1.27223;3.14377;3.61451;
1.27233;3.14469;3.61272;
1.27243;3.14562;3.61451;
1.27253;3.14655;3.61272;
1.27263;3.14747;3.61451;
1.27273;3.1484;3.61272;
1.27283;3.14933;3.61451;
1.27293;3.15025;3.61272;
1.27303;3.15118;3.61451;
1.27313;3.1521;3.61272;
1.27323;3.15302;3.61451;
1.27333;3.15395;3.61272;
1.27343;3.15487;3.61451;
1.27353;3.15579;3.61272;
1.27363;3.15671;3.61451;
1.27373;3.15763;3.61272;
1.27383;3.15855;3.61451;
1.27393;3.15947;3.61272;
1.27403;3.16039;3.61451;
1.27413;3.16131;3.61272;
1.27423;3.16223;3.61451;
1.27433;3.16315;3.61272;
1.27443;3.16407;3.61451;
1.27453;3.16499;3.61272;
1.27463;3.1659;3.61451;
1.27473;3.16682;3.61272;
1.27483;3.16774;3.61451;
1.27493;3.16865;3.61272;
1.27503;3.16957;3.61451;
1.27513;3.17048;3.61272;
1.27523;3.1714;3.61451;
1.27533;3.17231;3.61272;
1.27543;3.17322;3.61451;
1.27553;3.17414;3.61272;
1.27563;3.17505;3.61451;
1.27573;3.17596;3.61272;
1.27583;3.17687;3.61451;
1.27593;3.17778;3.61272;
1.27603;3.17869;3.61451;
1.27613;3.1796;3.61272;
1.27623;3.18051;3.61451;
1.27633;3.18142;3.61272;
1.27643;3.18233;3.61451;
1.27653;3.18324;3.61272;
1.27663;3.18415;3.61451;
1.27673;3.18506;3.61272;
1.27683;3.18596;3.61451;
1.27693;3.18687;3.61272;
1.27703;3.18778;3.61451;
1.27713;3.18868;3.61272;
1.27723;3.18959;3.61451;
1.27733;3.19049;3.61272;
1.27743;3.1914;3.61451;
1.27753;3.1923;3.61272;
1.27763;3.1932;3.61451;
1.27773;3.19411;3.61272;
1.27783;3.19501;3.61451;
1.27793;3.19591;3.61272;
1.27803;3.19681;3.61451;
1.27813;3.19771;3.61272;
1.27823;3.19861;3.61451;
1.27833;3.19951;3.61272;
1.27843;3.20041;3.61451;
1.27853;3.20131;3.61272;
1.27863;3.20221;3.61451;
1.27873;3.20311;3.61272;
1.27883;3.20401;3.61451;
1.27893;3.20491;3.61272;
1.27903;3.2058;3.61451;
1.27913;3.2067;3.61272;
1.27923;3.2076;3.61451;
1.27933;3.20849;3.61273;
1.27943;3.20939;3.61451;
1.27953;3.21028;3.61273;
1.27963;3.21118;3.61451;
1.27973;3.21207;3.61273;
1.27983;3.21296;3.61451;
1.27993;3.21386;3.61273;
1.28003;3.21475;3.61451;
1.28013;3.21564;3.61273;
1.28023;3.21653;3.61451;
1.28033;3.21742;3.61273;
1.28043;3.21831;3.61451;
1.28053;3.21921;3.61273;
1.28063;3.2201;3.61451;
1.28073;3.22098;3.61273;
1.28083;3.22187;3.61451;
1.28093;3.22276;3.61273;
1.28103;3.22365;3.61451;
1.28113;3.22454;3.61273;
1.28123;3.22542;3.61451;
1.28133;3.22631;3.61273;
1.28143;3.2272;3.61451;
1.28153;3.22808;3.61273;
1.28163;3.22897;3.61451;
1.28173;3.22985;3.61273;
1.28183;3.23074;3.61451;
1.28193;3.23162;3.61273;
1.28203;3.23251;3.61451;
1.28213;3.23339;3.61273;
1.28223;3.23427;3.61451;
1.28233;3.23515;3.61273;
1.28243;3.23604;3.61451;
1.28253;3.23692;3.61273;
1.28263;3.2378;3.61451;
1.28273;3.23868;3.61273;
1.28283;3.23956;3.61451;
1.28293;3.24044;3.61273;
1.28303;3.24132;3.61451;
1.28313;3.2422;3.61273;
1.28323;3.24308;3.61451;
1.28333;3.24395;3.61273;
1.28343;3.24483;3.61451;
1.28353;3.24571;3.61273;
1.28363;3.24658;3.61451;
1.28373;3.24746;3.61273;
1.28383;3.24834;3.61451;
1.28393;3.24921;3.61273;
1.28403;3.25009;3.61451;
1.28413;3.25096;3.61273;
1.28423;3.25184;3.61451;
1.28433;3.25271;3.61273;
1.28443;3.25358;3.61451;
1.28453;3.25445;3.61273;
1.28463;3.25533;3.61451;
1.28473;3.2562;3.61273;
1.28483;3.25707;3.61451;
1.28493;3.25794;3.61273;
1.28503;3.25881;3.61451;
1.28513;3.25968;3.61273;
1.28523;3.26055;3.61451;
1.28533;3.26142;3.61273;
1.28543;3.26229;3.61451;
1.28553;3.26316;3.61273;
1.28563;3.26402;3.61451;
1.28573;3.26489;3.61273;
1.28583;3.26576;3.61451;
1.28593;3.26663;3.61273;
1.28603;3.26749;3.61451;
1.28613;3.26836;3.61273;
1.28623;3.26922;3.61451;
1.28633;3.27009;3.61273;
1.28643;3.27095;3.61451;
1.28653;3.27182;3.61273;
1.28663;3.27268;3.61451;
1.28673;3.27354;3.61273;
1.28683;3.2744;3.61451;
1.28693;3.27527;3.61273;
1.28703;3.27613;3.61451;
1.28713;3.27699;3.61273;
1.28723;3.27785;3.61451;
1.28733;3.27871;3.61273;
1.28743;3.27957;3.61451;
1.28753;3.28043;3.61273;
1.28763;3.28129;3.61451;
1.28773;3.28215;3.61273;
1.28783;3.28301;3.61451;
1.28793;3.28386;3.61273;
1.28803;3.28472;3.61451;
1.28813;3.28558;3.61273;
1.28823;3.28643;3.61451;
1.28833;3.28729;3.61273;
1.28843;3.28815;3.61451;
1.28853;3.289;3.61273;
1.28863;3.28986;3.61451;
1.28873;3.29071;3.61273;
1.28883;3.29157;3.61451;
1.28893;3.29242;3.61273;
1.28903;3.29327;3.61451;
1.28913;3.29412;3.61273;
1.28923;3.29498;3.61451;
1.28933;3.29583;3.61273;
1.28943;3.29668;3.61451;
1.28953;3.29753;3.61273;
1.28963;3.29838;3.61451;
1.28973;3.29923;3.61273;
1.28983;3.30008;3.6145;
1.28993;3.30093;3.61273;
1.29003;3.30178;3.6145;
1.29013;3.30263;3.61273;
1.29023;3.30348;3.6145;
1.29033;3.30432;3.61273;
1.29043;3.30517;3.6145;
1.29053;3.30602;3.61273;
1.29063;3.30686;3.6145;
1.29073;3.30771;3.61273;
1.29083;3.30855;3.6145;
1.29093;3.3094;3.61273;
1.29103;3.31024;3.6145;
1.29113;3.31109;3.61273;
1.29123;3.31193;3.6145;
1.29133;3.31277;3.61273;
1.29143;3.31362;3.6145;
1.29153;3.31446;3.61273;
1.29163;3.3153;3.6145;
1.29173;3.31614;3.61273;
1.29183;3.31698;3.6145;
1.29193;3.31783;3.61273;
1.29203;3.31867;3.6145;
1.29213;3.31951;3.61273;
1.29223;3.32034;3.6145;
1.29233;3.32118;3.61273;
1.29243;3.32202;3.6145;
1.29253;3.32286;3.61273;
1.29263;3.3237;3.6145;
1.29273;3.32454;3.61273;
1.29283;3.32537;3.6145;
1.29293;3.32621;3.61273;
1.29303;3.32705;3.6145;
1.29313;3.32788;3.61273;
1.29323;3.32872;3.6145;
1.29333;3.32955;3.61273;
1.29343;3.33039;3.6145;
1.29353;3.33122;3.61273;
1.29363;3.33205;3.6145;
1.29373;3.33289;3.61273;
1.29383;3.33372;3.6145;
1.29393;3.33455;3.61273;
1.29403;3.33538;3.6145;
1.29413;3.33621;3.61273;
1.29423;3.33705;3.6145;
1.29433;3.33788;3.61273;
1.29443;3.33871;3.6145;
1.29453;3.33954;3.61273;
1.29463;3.34037;3.6145;
1.29473;3.34119;3.61273;
1.29483;3.34202;3.6145;
1.29493;3.34285;3.61273;
1.29503;3.34368;3.6145;
1.29513;3.34451;3.61273;
1.29523;3.34533;3.6145;
1.29533;3.34616;3.61273;
1.29543;3.34698;3.6145;
1.29553;3.34781;3.61273;
1.29563;3.34864;3.6145;
1.29573;3.34946;3.61273;
1.29583;3.35028;3.6145;
1.29593;3.35111;3.61273;
1.29603;3.35193;3.6145;
1.29613;3.35276;3.61273;
1.29623;3.35358;3.6145;
1.29633;3.3544;3.61273;
1.29643;3.35522;3.6145;
1.29653;3.35604;3.61273;
1.29663;3.35686;3.6145;
1.29673;3.35768;3.61275;
1.29683;3.35851;3.61452;
1.29693;3.35932;3.61275;
1.29703;3.36014;3.61452;
1.29713;3.36096;3.61275;
1.29723;3.36178;3.61452;
1.29733;3.3626;3.61275;
1.29743;3.36342;3.61452;
1.29753;3.36423;3.61275;
1.29763;3.36505;3.61452;
1.29773;3.36587;3.61275;
1.29783;3.36668;3.61452;
1.29793;3.3675;3.61275;
1.29803;3.36832;3.61452;
1.29813;3.36913;3.61275;
1.29823;3.36994;3.61452;
1.29833;3.37076;3.61275;
1.29843;3.37157;3.61452;
1.29853;3.37238;3.61275;
1.29863;3.3732;3.61452;
1.29873;3.37401;3.61275;
1.29883;3.37482;3.61452;
1.29893;3.37563;3.61275;
1.29903;3.37644;3.61452;
1.29913;3.37726;3.61275;
1.29923;3.37807;3.61452;
1.29933;3.37888;3.61275;
1.29943;3.37969;3.61452;
1.29953;3.38049;3.61275;
1.29963;3.3813;3.61452;
1.29973;3.38211;3.61275;
1.29983;3.38292;3.61452;
1.29984;3.38302;3.61363;
1.29986;3.38319;3.61363;
1.29987;3.38331;3.61363;
1.29988;3.38332;3.61363;
1.29988;3.38335;3.61364;
1.29988;3.38336;3.61364;
1.29988;3.38336;3.61364;
1.29988;3.38336;3.61365;
1.29988;3.38337;3.61365;
1.29988;3.38337;3.61366;
1.29988;3.38337;3.61368;
1.29988;3.38337;3.6137;
1.29988;3.38337;3.61386;
1.29988;3.38337;3.61392;
1.29988;3.38337;3.61415;
1.29988;3.38337;3.61427;
1.29988;3.38337;3.61464;
1.29988;3.38337;3.6148;
1.29988;3.38337;3.61526;
1.29988;3.38337;3.61701;
1.29988;3.38337;3.66407;
1.29988;3.38338;3.73756;
1.29988;3.38338;2.42374;
1.29988;3.38338;1.55765;
1.29988;3.38338;0.905724;
1.29988;3.38338;0.372595;
1.29988;3.38337;0.0962981;
1.29988;3.38337;0.0123684;
1.29988;3.38337;0.00990828;
1.29988;3.38337;0.00731277;
1.29988;3.38337;0.00866677;
1.29988;3.38337;0.00703724;
1.29988;3.38337;0.00836088;
1.29988;3.38337;0.00684392;
1.29988;3.38337;0.00844453;
1.29988;3.38336;0.00699399;
1.29988;3.38336;0.00840567;
1.29988;3.38336;0.00701794;
1.29988;3.38335;0.0083913;
1.29988;3.38333;0.00702459;
1.29988;3.38329;0.00838819;
1.29989;3.38321;0.00702619;
1.29989;3.38307;0.00838733;
1.2999;3.38277;0.00702632;
1.29992;3.38217;0.00838842;
1.29995;3.38097;0.00702586;
1.30002;3.37858;0.00838841;
1.30012;3.37522;0.00702503;
1.30022;3.37186;0.0083884;
1.30032;3.36851;0.00702484;
1.30042;3.36516;0.00838743;
1.30052;3.36181;0.00702399;
1.30062;3.35847;0.00838726;
1.30072;3.35513;0.00702398;
1.30082;3.35179;0.00838724;
1.30092;3.34845;0.00702397;
1.30102;3.34512;0.00838722;
1.30112;3.3418;0.00702396;
1.30122;3.33847;0.00838719;
1.30132;3.33515;0.00702394;
1.30142;3.33183;0.00838717;
1.30152;3.32852;0.00702393;
1.30162;3.32521;0.00838715;
1.30172;3.3219;0.00702392;
1.30182;3.3186;0.00838713;
1.30192;3.3153;0.00702391;
1.30202;3.312;0.0083871;
1.30212;3.3087;0.00702389;
1.30222;3.30541;0.00838708;
1.30232;3.30213;0.00702388;
1.30242;3.29884;0.00838706;
1.30252;3.29556;0.00702387;
1.30262;3.29228;0.00838704;
1.30272;3.28901;0.00702386;
1.30282;3.28574;0.00838701;
1.30292;3.28247;0.00702385;
1.30302;3.27921;0.00838699;
1.30312;3.27594;0.00702383;
1.30322;3.27269;0.00838697;
1.30332;3.26943;0.00702382;
1.30342;3.26618;0.00838695;
1.30352;3.26293;0.00702381;
1.30362;3.25969;0.00838692;
1.30372;3.25644;0.0070238;
1.30382;3.25321;0.0083869;
1.30392;3.24997;0.00702379;
1.30402;3.24674;0.00838688;
1.30412;3.24351;0.00702377;
1.30422;3.24028;0.00838686;
1.30432;3.23706;0.00702376;
1.30442;3.23384;0.00838683;
1.30452;3.23063;0.00702375;
1.30462;3.22741;0.00838681;
1.30472;3.2242;0.00702374;
1.30482;3.221;0.00838679;
1.30492;3.21779;0.00702373;
1.30502;3.21459;0.00838677;
1.30512;3.2114;0.00702372;
1.30522;3.2082;0.00838674;
1.30532;3.20501;0.0070237;
1.30542;3.20183;0.00838672;
1.30552;3.19864;0.00702369;
1.30562;3.19546;0.0083867;
1.30572;3.19228;0.00702368;
1.30582;3.18911;0.00838668;
1.30592;3.18594;0.00702367;
1.30602;3.18277;0.00838666;
1.30612;3.17961;0.00702366;
1.30622;3.17644;0.00838663;
1.30632;3.17329;0.00702365;
1.30642;3.17013;0.00838661;
1.30652;3.16698;0.00702364;
1.30662;3.16383;0.00838659;
1.30672;3.16068;0.00702363;
1.30682;3.15754;0.00838657;
1.30692;3.1544;0.00702362;
1.30702;3.15126;0.00838654;
1.30712;3.14813;0.0070236;
1.30722;3.145;0.00838652;
1.30732;3.14187;0.00702359;
1.30742;3.13875;0.0083865;
1.30752;3.13563;0.00702358;
1.30762;3.13251;0.00838648;
1.30772;3.1294;0.00702357;
1.30782;3.12628;0.00838645;
1.30792;3.12318;0.00702356;
1.30802;3.12007;0.00838643;
1.30812;3.11697;0.00702355;
1.30822;3.11387;0.00838641;
1.30832;3.11077;0.00702354;
1.30842;3.10768;0.00838639;
1.30852;3.10459;0.00702353;
1.30862;3.1015;0.00838637;
1.30872;3.09842;0.00702352;
1.30882;3.09534;0.00838634;
1.30892;3.09226;0.00702351;
1.30902;3.08919;0.00838632;
1.30912;3.08612;0.0070235;
1.30922;3.08305;0.0083863;
1.30932;3.07998;0.00702349;
1.30942;3.07692;0.00838628;
1.30952;3.07386;0.00702348;
1.30962;3.0708;0.00838625;
1.30972;3.06775;0.00702347;
1.30982;3.0647;0.00838623;
1.30992;3.06165;0.00702346;
1.31002;3.05861;0.00838621;
1.31012;3.05557;0.00702345;
1.31022;3.05253;0.00838619;
1.31032;3.0495;0.00702344;
1.31042;3.04647;0.00838617;
1.31052;3.04344;0.00702343;
1.31062;3.04041;0.00838614;
1.31072;3.03739;0.00702342;
1.31082;3.03437;0.00838612;
1.31092;3.03135;0.00702341;
1.31102;3.02834;0.0083861;
1.31112;3.02533;0.0070234;
1.31122;3.02232;0.00838608;
1.31132;3.01932;0.00702339;
1.31142;3.01631;0.00838605;
1.31152;3.01332;0.00702338;
1.31162;3.01032;0.00838603;
1.31172;3.00733;0.00702337;
1.31182;3.00434;0.00838601;
1.31192;3.00135;0.00702336;
1.31202;2.99837;0.00838599;
1.31212;2.99539;0.00702335;
1.31222;2.99241;0.00838597;
1.31232;2.98944;0.00702334;
1.31242;2.98646;0.00838594;
1.31252;2.98349;0.00702333;
1.31262;2.98053;0.00838592;
1.31272;2.97757;0.00702332;
1.31282;2.97461;0.0083859;
1.31292;2.97165;0.00702331;
1.31302;2.9687;0.00838588;
1.31312;2.96574;0.0070233;
1.31322;2.9628;0.00838586;
1.31332;2.95985;0.00702329;
1.31342;2.95691;0.00838583;
1.31352;2.95397;0.00702329;
1.31362;2.95103;0.00838581;
1.31372;2.9481;0.00702328;
1.31382;2.94517;0.00838579;
1.31392;2.94224;0.00702327;
1.31402;2.93932;0.00838577;
1.31412;2.9364;0.00702326;
1.31422;2.93348;0.00838575;
1.31432;2.93056;0.00702325;
1.31442;2.92765;0.00838572;
1.31452;2.92474;0.00702324;
1.31462;2.92183;0.0083857;
1.31472;2.91893;0.00702323;
1.31482;2.91603;0.00838568;
1.31492;2.91313;0.00702322;
1.31502;2.91023;0.00838566;
1.31512;2.90734;0.00702321;
1.31522;2.90445;0.00838564;
1.31532;2.90156;0.00702321;
1.31542;2.89868;0.00838561;
1.31552;2.8958;0.0070232;
1.31562;2.89292;0.00838559;
1.31572;2.89004;0.00702319;
1.31582;2.88717;0.00838557;
1.31592;2.8843;0.00702318;
1.31602;2.88143;0.00838555;
1.31612;2.87857;0.00702317;
1.31622;2.87571;0.00838553;
1.31632;2.87285;0.00702316;
1.31642;2.87;0.0083855;
1.31652;2.86714;0.00702316;
1.31662;2.86429;0.00838548;
1.31672;2.86145;0.00702315;
1.31682;2.8586;0.00838546;
1.31692;2.85576;0.00702314;
1.31702;2.85292;0.00838544;
1.31712;2.85009;0.00702313;
1.31722;2.84726;0.00838542;
1.31732;2.84443;0.00702312;
1.31742;2.8416;0.00838539;
1.31752;2.83878;0.00702312;
1.31762;2.83595;0.00838537;
1.31772;2.83314;0.00702311;
1.31782;2.83032;0.00838535;
1.31792;2.82751;0.0070231;
1.31802;2.8247;0.00838533;
1.31812;2.82189;0.00702309;
1.31822;2.81909;0.00838531;
1.31832;2.81628;0.00702308;
1.31842;2.81348;0.00838529;
1.31852;2.81069;0.00702308;
1.31862;2.8079;0.00838526;
1.31872;2.8051;0.00702307;
1.31882;2.80232;0.00838524;
1.31892;2.79953;0.00702306;
1.31902;2.79675;0.00838522;
1.31912;2.79397;0.00702305;
1.31922;2.79119;0.0083852;
1.31932;2.78842;0.00702305;
1.31942;2.78565;0.00838518;
1.31952;2.78288;0.00702304;
1.31962;2.78012;0.00838515;
1.31972;2.77735;0.00702303;
1.31982;2.77459;0.00838513;
1.31992;2.77184;0.00702302;
1.32002;2.76908;0.00838511;
1.32012;2.76633;0.00702302;
1.32022;2.76358;0.00838509;
1.32032;2.76083;0.00702301;
1.32042;2.75809;0.00838507;
1.32052;2.75535;0.007023;
1.32062;2.75261;0.00838505;
1.32072;2.74988;0.00702299;
1.32082;2.74714;0.00838502;
1.32092;2.74441;0.00702299;
1.32102;2.74169;0.008385;
1.32112;2.73896;0.00702298;
1.32122;2.73624;0.00838498;
1.32132;2.73352;0.00702297;
1.32142;2.73081;0.00838496;
1.32152;2.72809;0.00702297;
1.32162;2.72538;0.00838494;
1.32172;2.72267;0.00702296;
1.32182;2.71997;0.00838492;
1.32192;2.71727;0.00702295;
1.32202;2.71457;0.00838489;
1.32212;2.71187;0.00702295;
1.32222;2.70917;0.00838487;
1.32232;2.70648;0.00702294;
1.32242;2.70379;0.00838485;
1.32252;2.70111;0.00702293;
1.32262;2.69842;0.00838483;
1.32272;2.69574;0.00702293;
1.32282;2.69306;0.00838481;
1.32292;2.69039;0.00702292;
1.32302;2.68771;0.00838479;
1.32312;2.68504;0.00702291;
1.32322;2.68238;0.00838476;
1.32332;2.67971;0.00702291;
1.32342;2.67705;0.00838474;
1.32352;2.67439;0.0070229;
1.32362;2.67173;0.00838472;
1.32372;2.66908;0.00702289;
1.32382;2.66643;0.0083847;
1.32392;2.66378;0.00702289;
1.32402;2.66113;0.00838468;
1.32412;2.65849;0.00702288;
1.32422;2.65584;0.00838466;
1.32432;2.65321;0.00702287;
1.32442;2.65057;0.00838463;
1.32452;2.64794;0.00702287;
1.32462;2.64531;0.00838461;
1.32472;2.64268;0.00702286;
1.32482;2.64005;0.00838459;
1.32492;2.63743;0.00702286;
1.32502;2.63481;0.00838457;
1.32512;2.63219;0.00702285;
1.32522;2.62958;0.00838455;
1.32532;2.62696;0.00702284;
1.32542;2.62435;0.00838453;
1.32552;2.62175;0.00702284;
1.32562;2.61914;0.00838451;
1.32572;2.61654;0.00702283;
1.32582;2.61394;0.00838448;
1.32592;2.61134;0.00702283;
1.32602;2.60875;0.00838446;
1.32612;2.60616;0.00702282;
1.32622;2.60357;0.00838444;
1.32632;2.60098;0.00702281;
1.32642;2.5984;0.00838442;
1.32652;2.59582;0.00702281;
1.32662;2.59324;0.0083844;
1.32672;2.59066;0.0070228;
1.32682;2.58809;0.00838438;
1.32692;2.58552;0.0070228;
1.32702;2.58295;0.00838435;
1.32712;2.58038;0.00702279;
1.32722;2.57782;0.00838433;
1.32732;2.57526;0.00702279;
1.32742;2.5727;0.00838431;
1.32752;2.57015;0.00702278;
1.32762;2.56759;0.00838429;
1.32772;2.56504;0.00702278;
1.32782;2.56249;0.00838427;
1.32792;2.55995;0.00702277;
1.32802;2.55741;0.00838425;
1.32812;2.55487;0.00702276;
1.32822;2.55233;0.00838423;
1.32832;2.54979;0.00702276;
1.32842;2.54726;0.0083842;
1.32852;2.54473;0.00702275;
1.32862;2.5422;0.00838418;
1.32872;2.53968;0.00702275;
1.32882;2.53715;0.00838416;
1.32892;2.53463;0.00702274;
1.32902;2.53212;0.00838414;
1.32912;2.5296;0.00702274;
1.32922;2.52709;0.00838412;
1.32932;2.52458;0.00702273;
1.32942;2.52207;0.0083841;
1.32952;2.51957;0.00702273;
1.32962;2.51706;0.00838408;
1.32972;2.51456;0.00702272;
1.32982;2.51207;0.00838405;
1.32992;2.50957;0.00702272;
1.33002;2.50708;0.00838403;
1.33012;2.50459;0.00702271;
1.33022;2.5021;0.00838401;
1.33032;2.49961;0.00702271;
1.33042;2.49713;0.00838399;
1.33052;2.49465;0.0070227;
1.33062;2.49217;0.00838397;
1.33072;2.4897;0.0070227;
1.33082;2.48723;0.00838395;
1.33092;2.48476;0.0070227;
1.33102;2.48229;0.00838393;
1.33112;2.47982;0.00702269;
1.33122;2.47736;0.00838391;
1.33132;2.4749;0.00702269;
1.33142;2.47244;0.00838388;
1.33152;2.46999;0.00702268;
1.33162;2.46753;0.00838386;
1.33172;2.46508;0.00702268;
1.33182;2.46263;0.00838384;
1.33192;2.46019;0.00702267;
1.33202;2.45774;0.00838382;
1.33212;2.4553;0.00702267;
1.33222;2.45287;0.0083838;
1.33232;2.45043;0.00702266;
1.33242;2.448;0.00838378;
1.33252;2.44556;0.00702266;
1.33262;2.44314;0.00838376;
1.33272;2.44071;0.00702266;
1.33282;2.43829;0.00838374;
1.33292;2.43586;0.00702265;
1.33302;2.43345;0.00838371;
1.33312;2.43103;0.00702265;
1.33322;2.42861;0.00838369;
1.33332;2.4262;0.00702264;
1.33342;2.42379;0.00838367;
1.33352;2.42139;0.00702264;
1.33362;2.41898;0.00838365;
1.33372;2.41658;0.00702263;
1.33382;2.41418;0.00838363;
1.33392;2.41178;0.00702263;
1.33402;2.40939;0.00838361;
1.33412;2.407;0.00702263;
1.33422;2.40461;0.00838359;
1.33432;2.40222;0.00702262;
1.33442;2.39983;0.00838357;
1.33452;2.39745;0.00702262;
1.33462;2.39507;0.00838354;
1.33472;2.39269;0.00702262;
1.33482;2.39031;0.00838352;
1.33492;2.38794;0.00702261;
1.33502;2.38557;0.0083835;
1.33512;2.3832;0.00702261;
1.33522;2.38083;0.00838348;
1.33532;2.37847;0.0070226;
1.33542;2.37611;0.00838346;
1.33552;2.37375;0.0070226;
1.33562;2.37139;0.00838344;
1.33572;2.36904;0.0070226;
1.33582;2.36668;0.00838342;
1.33592;2.36433;0.00702259;
1.33602;2.36199;0.0083834;
1.33612;2.35964;0.00702259;
1.33622;2.3573;0.00838338;
1.33632;2.35496;0.00702259;
1.33642;2.35262;0.00838335;
1.33652;2.35028;0.00702258;
1.33662;2.34795;0.00838333;
1.33672;2.34562;0.00702258;
1.33682;2.34329;0.00838331;
1.33692;2.34096;0.00702258;
1.33702;2.33864;0.00838329;
1.33712;2.33632;0.00702257;
1.33722;2.334;0.00838327;
1.33732;2.33168;0.00702257;
1.33742;2.32937;0.00838325;
1.33752;2.32705;0.00702257;
1.33762;2.32474;0.00838323;
1.33772;2.32243;0.00702256;
1.33782;2.32013;0.00838321;
1.33792;2.31783;0.00702256;
1.33802;2.31552;0.00838319;
1.33812;2.31323;0.00702256;
1.33822;2.31093;0.00838316;
1.33832;2.30863;0.00702255;
1.33842;2.30634;0.00838314;
1.33852;2.30405;0.00702255;
1.33862;2.30177;0.00838312;
1.33872;2.29948;0.00702255;
1.33882;2.2972;0.0083831;
1.33892;2.29492;0.00702255;
1.33902;2.29264;0.00838308;
1.33912;2.29036;0.00702254;
1.33922;2.28809;0.00838306;
1.33932;2.28582;0.00702254;
1.33942;2.28355;0.00838304;
1.33952;2.28128;0.00702254;
1.33962;2.27902;0.00838302;
1.33972;2.27675;0.00702254;
1.33982;2.27449;0.008383;
1.33992;2.27224;0.00702253;
1.34002;2.26998;0.00838298;
1.34012;2.26773;0.00702253;
1.34022;2.26548;0.00838295;
1.34032;2.26323;0.00702253;
1.34042;2.26098;0.00838293;
1.34052;2.25874;0.00702252;
1.34062;2.25649;0.00838291;
1.34072;2.25425;0.00702252;
1.34082;2.25202;0.00838289;
1.34092;2.24978;0.00702252;
1.34102;2.24755;0.00838287;
1.34112;2.24532;0.00702252;
1.34122;2.24309;0.00838285;
1.34132;2.24086;0.00702252;
1.34142;2.23864;0.00838283;
1.34152;2.23641;0.00702251;
1.34162;2.23419;0.00838281;
1.34172;2.23198;0.00702251;
1.34182;2.22976;0.00838279;
1.34192;2.22755;0.00702251;
1.34202;2.22534;0.00838277;
1.34212;2.22313;0.00702251;
1.34222;2.22092;0.00838275;
1.34232;2.21872;0.0070225;
1.34242;2.21652;0.00838272;
1.34252;2.21432;0.0070225;
1.34262;2.21212;0.0083827;
1.34272;2.20992;0.0070225;
1.34282;2.20773;0.00838268;
1.34292;2.20554;0.0070225;
1.34302;2.20335;0.00838266;
1.34312;2.20116;0.0070225;
1.34322;2.19898;0.00838264;
1.34332;2.19679;0.00702249;
1.34342;2.19461;0.00838262;
1.34352;2.19244;0.00702249;
1.34362;2.19026;0.0083826;
1.34372;2.18809;0.00702249;
1.34382;2.18591;0.00838258;
1.34392;2.18374;0.00702249;
1.34402;2.18158;0.00838256;
1.34412;2.17941;0.00702249;
1.34422;2.17725;0.00838254;
1.34432;2.17509;0.00702248;
1.34442;2.17293;0.00838252;
1.34452;2.17077;0.00702248;
1.34462;2.16862;0.0083825;
1.34472;2.16647;0.00702248;
1.34482;2.16432;0.00838247;
1.34492;2.16217;0.00702248;
1.34502;2.16002;0.00838245;
1.34512;2.15788;0.00702248;
1.34522;2.15574;0.00838243;
1.34532;2.1536;0.00702248;
1.34542;2.15146;0.00838241;
1.34552;2.14933;0.00702248;
1.34562;2.14719;0.00838239;
1.34572;2.14506;0.00702247;
1.34582;2.14293;0.00838237;
1.34592;2.14081;0.00702247;
1.34602;2.13868;0.00838235;
1.34612;2.13656;0.00702247;
1.34622;2.13444;0.00838233;
1.34632;2.13232;0.00702247;
1.34642;2.13021;0.00838231;
1.34652;2.12809;0.00702247;
1.34662;2.12598;0.00838229;
1.34672;2.12387;0.00702247;
1.34682;2.12176;0.00838227;
1.34692;2.11966;0.00702247;
1.34702;2.11755;0.00838225;
1.34712;2.11545;0.00702246;
1.34722;2.11335;0.00838223;
1.34732;2.11126;0.00702246;
1.34742;2.10916;0.00838221;
1.34752;2.10707;0.00702246;
1.34762;2.10498;0.00838218;
1.34772;2.10289;0.00702246;
1.34782;2.1008;0.00838216;
1.34792;2.09872;0.00702246;
1.34802;2.09664;0.00838214;
1.34812;2.09456;0.00702246;
1.34822;2.09248;0.00838212;
1.34832;2.0904;0.00702246;
1.34842;2.08833;0.0083821;
1.34852;2.08626;0.00702246;
1.34862;2.08419;0.00838208;
1.34872;2.08212;0.00702246;
1.34882;2.08005;0.00838206;
1.34892;2.07799;0.00702246;
1.34902;2.07593;0.00838204;
1.34912;2.07387;0.00702246;
1.34922;2.07181;0.00838202;
1.34932;2.06975;0.00702245;
1.34942;2.0677;0.008382;
1.34952;2.06565;0.00702245;
1.34962;2.0636;0.00838198;
1.34972;2.06155;0.00702245;
1.34982;2.05951;0.00838196;
1.34992;2.05746;0.00702245;
1.35002;2.05542;0.00838194;
1.35012;2.05338;0.00702245;
1.35022;2.05135;0.00838192;
1.35032;2.04931;0.00702245;
1.35042;2.04728;0.0083819;
1.35052;2.04525;0.00702245;
1.35062;2.04322;0.00838187;
1.35072;2.04119;0.00702245;
1.35082;2.03917;0.00838185;
1.35092;2.03714;0.00702245;
1.35102;2.03512;0.00838183;
1.35112;2.0331;0.00702245;
1.35122;2.03109;0.00838181;
1.35132;2.02907;0.00702245;
1.35142;2.02706;0.00838179;
1.35152;2.02505;0.00702245;
1.35162;2.02304;0.00838177;
1.35172;2.02103;0.00702245;
1.35182;2.01903;0.00838175;
1.35192;2.01702;0.00702245;
1.35202;2.01502;0.00838173;
1.35212;2.01302;0.00702245;
1.35222;2.01103;0.00838171;
1.35232;2.00903;0.00702245;
1.35242;2.00704;0.00838169;
1.35252;2.00505;0.00702245;
1.35262;2.00306;0.00838167;
1.35272;2.00107;0.00702245;
1.35282;1.99909;0.00838165;
1.35292;1.99711;0.00702245;
1.35302;1.99512;0.00838163;
1.35312;1.99315;0.00702245;
1.35322;1.99117;0.00838161;
1.35332;1.98919;0.00702245;
1.35342;1.98722;0.00838159;
1.35352;1.98525;0.00702245;
1.35362;1.98328;0.00838157;
1.35372;1.98131;0.00702245;
1.35382;1.97935;0.00838155;
1.35392;1.97739;0.00702245;
1.35402;1.97542;0.00838153;
1.35412;1.97346;0.00702245;
1.35422;1.97151;0.00838151;
1.35432;1.96955;0.00702245;
1.35442;1.9676;0.00838149;
1.35452;1.96565;0.00702245;
1.35462;1.9637;0.00838146;
1.35472;1.96175;0.00702245;
1.35482;1.9598;0.00838144;
1.35492;1.95786;0.00702245;
1.35502;1.95592;0.00838142;
1.35512;1.95398;0.00702245;
1.35522;1.95204;0.0083814;
1.35532;1.95011;0.00702245;
1.35542;1.94817;0.00838138;
1.35552;1.94624;0.00702245;
1.35562;1.94431;0.00838136;
1.35572;1.94238;0.00702245;
1.35582;1.94045;0.00838134;
1.35592;1.93853;0.00702245;
1.35602;1.93661;0.00838132;
1.35612;1.93469;0.00702245;
1.35622;1.93277;0.0083813;
1.35632;1.93085;0.00702245;
1.35642;1.92894;0.00838128;
1.35652;1.92702;0.00702245;
1.35662;1.92511;0.00838126;
1.35672;1.9232;0.00702245;
1.35682;1.9213;0.00838124;
1.35692;1.91939;0.00702245;
1.35702;1.91749;0.00838122;
1.35712;1.91559;0.00702245;
1.35722;1.91369;0.0083812;
1.35732;1.91179;0.00702245;
1.35742;1.9099;0.00838117;
1.35752;1.908;0.00702244;
1.35762;1.90611;0.00838115;
1.35772;1.90422;0.00702243;
1.35782;1.90233;0.00838112;
1.35792;1.90045;0.00702239;
1.35802;1.89856;0.00838107;
1.35812;1.89668;0.00702231;
1.35822;1.8948;0.0083819;
1.35832;1.89292;0.00702257;
1.35842;1.89104;0.00838189;
1.35852;1.88917;0.00702228;
1.35862;1.88729;0.00838188;
1.35872;1.88542;0.00702187;
1.35882;1.88355;0.00838188;
1.35892;1.88169;0.00702133;
1.35902;1.87982;0.00838189;
1.35912;1.87796;0.00702063;
1.35922;1.8761;0.0083819;
1.35932;1.87424;0.0070197;
1.35942;1.87238;0.00838193;
1.35952;1.87052;0.00701842;
1.35962;1.86867;0.00838198;
1.35972;1.86681;0.00701651;
1.35982;1.86496;0.00838209;
1.35992;1.86311;0.00701296;
1.36002;1.86127;0.00838243;
1.36012;1.85942;0.00700122;
1.36022;1.85758;0.00838421;
1.36032;1.85574;0.00697526;
1.36042;1.8539;0.00838769;
1.36052;1.85206;0.00694931;
1.36062;1.85023;0.00839447;
1.36064;1.85;0.0076655;
1.36066;1.84965;0.00764861;
1.36067;1.84943;0.0076232;
1.36068;1.84923;0.0076218;
1.36068;1.84922;0.00769764;
1.36068;1.84922;0.00762567;
1.36068;1.84922;0.00763823;
1.36068;1.84922;0.00764101;
1.36068;1.84921;0.00759492;
1.36068;1.84921;0.39244;
1.36068;1.84921;2.58977;
1.36068;1.84921;3.4395;
1.36068;1.84921;3.39172;
1.36068;1.84922;3.49943;
1.36068;1.84922;3.53554;
1.36068;1.84922;3.5593;
1.36068;1.84922;3.58252;
1.36068;1.84922;3.58921;
1.36068;1.84922;3.60372;
1.36068;1.84922;3.6046;
1.36068;1.84922;3.61292;
1.36068;1.84922;3.61036;
1.36068;1.84922;3.61537;
1.36068;1.84922;3.61162;
1.36068;1.84922;3.61557;
1.36068;1.84922;3.61174;
1.36068;1.84923;3.61552;
1.36068;1.84923;3.61177;
1.36068;1.84924;3.61546;
1.36068;1.84926;3.61179;
1.36068;1.84929;3.61544;
1.36069;1.84936;3.6118;
1.3607;1.8495;3.61544;
1.36071;1.84977;3.61177;
1.36075;1.85032;3.61544;
1.36082;1.85141;3.61177;
1.36092;1.85299;3.61544;
1.36102;1.85456;3.61177;
1.36112;1.85613;3.61544;
1.36122;1.8577;3.61177;
1.36132;1.85928;3.61544;
1.36142;1.86085;3.61177;
1.36152;1.86241;3.61544;
1.36162;1.86398;3.61177;
1.36172;1.86555;3.61544;
1.36182;1.86712;3.61177;
1.36192;1.86868;3.61544;
1.36202;1.87025;3.61177;
1.36212;1.87181;3.61544;
1.36222;1.87338;3.61177;
1.36232;1.87494;3.61544;
1.36242;1.8765;3.61177;
1.36252;1.87806;3.61544;
1.36262;1.87962;3.61177;
1.36272;1.88118;3.61544;
1.36282;1.88274;3.61177;
1.36292;1.8843;3.61544;
1.36302;1.88586;3.61177;
1.36312;1.88742;3.61544;
1.36322;1.88897;3.61177;
1.36332;1.89053;3.61548;
1.36342;1.89208;3.6118;
1.36352;1.89364;3.61548;
1.36362;1.89519;3.6118;
1.36372;1.89674;3.61548;
1.36382;1.89829;3.6118;
1.36392;1.89984;3.61544;
1.36402;1.90139;3.61177;
1.36412;1.90294;3.61544;
1.36422;1.90449;3.61177;
1.36432;1.90604;3.61544;
1.36442;1.90758;3.61177;
1.36452;1.90913;3.61544;
1.36462;1.91067;3.61177;
1.36472;1.91222;3.61544;
1.36482;1.91376;3.61177;
1.36492;1.9153;3.61544;
1.36502;1.91685;3.61177;
1.36512;1.91839;3.61544;
1.36522;1.91993;3.61177;
1.36532;1.92147;3.61544;
1.36542;1.92301;3.61177;
1.36552;1.92454;3.61544;
1.36562;1.92608;3.61177;
1.36572;1.92762;3.61544;
1.36582;1.92915;3.61177;
1.36592;1.93069;3.61544;
1.36602;1.93222;3.61177;
1.36612;1.93376;3.61544;
1.36622;1.93529;3.61177;
1.36632;1.93682;3.61544;
1.36642;1.93835;3.61177;
1.36652;1.93988;3.61544;
1.36662;1.94141;3.61177;
1.36672;1.94294;3.61544;
1.36682;1.94447;3.61177;
1.36692;1.946;3.61544;
1.36702;1.94752;3.61177;
1.36712;1.94905;3.61544;
1.36722;1.95057;3.61177;
1.36732;1.9521;3.61544;
1.36742;1.95362;3.61177;
1.36752;1.95515;3.61544;
1.36762;1.95667;3.61177;
1.36772;1.95819;3.61544;
1.36782;1.95971;3.61177;
1.36792;1.96123;3.61544;
1.36802;1.96275;3.61177;
1.36812;1.96427;3.61544;
1.36822;1.96578;3.61177;
1.36832;1.9673;3.61544;
1.36842;1.96882;3.61177;
1.36852;1.97033;3.61544;
1.36862;1.97185;3.61177;
1.36872;1.97336;3.61544;
1.36882;1.97487;3.61177;
1.36892;1.97638;3.61544;
1.36902;1.9779;3.61177;
1.36912;1.97941;3.61544;
1.36922;1.98092;3.61177;
1.36932;1.98243;3.61544;
1.36942;1.98393;3.61177;
1.36952;1.98544;3.61544;
1.36962;1.98695;3.61177;
1.36972;1.98845;3.61544;
1.36982;1.98996;3.61177;
1.36992;1.99146;3.61544;
1.37002;1.99297;3.61177;
1.37012;1.99447;3.61544;
1.37022;1.99597;3.61177;
1.37032;1.99747;3.61544;
1.37042;1.99898;3.61177;
1.37052;2.00048;3.61544;
1.37062;2.00197;3.61177;
1.37072;2.00347;3.61544;
1.37082;2.00497;3.61177;
1.37092;2.00647;3.61544;
1.37102;2.00796;3.61177;
1.37112;2.00946;3.61544;
1.37122;2.01096;3.61177;
1.37132;2.01245;3.61544;
1.37142;2.01394;3.61177;
1.37152;2.01544;3.61544;
1.37162;2.01693;3.61177;
1.37172;2.01842;3.61544;
1.37182;2.01991;3.61177;
1.37192;2.0214;3.61544;
1.37202;2.02289;3.61177;
1.37212;2.02438;3.61544;
1.37222;2.02586;3.61177;
1.37232;2.02735;3.61544;
1.37242;2.02884;3.61177;
1.37252;2.03032;3.61544;
1.37262;2.0318;3.61177;
1.37272;2.03329;3.61544;
1.37282;2.03477;3.61177;
1.37292;2.03625;3.61544;
1.37302;2.03773;3.61177;
1.37312;2.03922;3.61544;
1.37322;2.0407;3.61177;
1.37332;2.04217;3.61544;
1.37342;2.04365;3.61177;
1.37352;2.04513;3.61544;
1.37362;2.04661;3.61177;
1.37372;2.04808;3.61544;
1.37382;2.04956;3.61177;
1.37392;2.05103;3.61544;
1.37402;2.05251;3.61177;
1.37412;2.05398;3.61544;
1.37422;2.05545;3.61177;
1.37432;2.05693;3.61544;
1.37442;2.0584;3.61177;
1.37452;2.05987;3.61544;
1.37462;2.06134;3.61177;
1.37472;2.06281;3.61544;
1.37482;2.06427;3.61177;
1.37492;2.06574;3.61544;
1.37502;2.06721;3.61177;
1.37512;2.06867;3.61544;
1.37522;2.07014;3.61177;
1.37532;2.0716;3.61544;
1.37542;2.07307;3.61177;
1.37552;2.07453;3.61544;
1.37562;2.07599;3.61177;
1.37572;2.07745;3.61544;
1.37582;2.07892;3.61177;
1.37592;2.08038;3.61544;
1.37602;2.08184;3.61177;
1.37612;2.08329;3.61544;
1.37622;2.08475;3.61177;
1.37632;2.08621;3.61544;
1.37642;2.08767;3.61177;
1.37652;2.08912;3.61544;
1.37662;2.09058;3.61177;
1.37672;2.09203;3.61544;
1.37682;2.09348;3.61177;
1.37692;2.09494;3.61544;
1.37702;2.09639;3.61177;
1.37712;2.09784;3.61544;
1.37722;2.09929;3.61177;
1.37732;2.10074;3.61544;
1.37742;2.10219;3.61177;
1.37752;2.10364;3.61544;
1.37762;2.10509;3.61177;
1.37772;2.10653;3.61544;
1.37782;2.10798;3.61177;
1.37792;2.10943;3.61544;
1.37802;2.11087;3.61177;
1.37812;2.11231;3.61544;
1.37822;2.11376;3.61177;
1.37832;2.1152;3.61544;
1.37842;2.11664;3.61177;
1.37852;2.11808;3.61544;
1.37862;2.11952;3.61177;
1.37872;2.12096;3.61544;
1.37882;2.1224;3.61177;
1.37892;2.12384;3.61544;
1.37902;2.12528;3.61177;
1.37912;2.12672;3.61544;
1.37922;2.12815;3.61177;
1.37932;2.12959;3.61544;
1.37942;2.13102;3.61177;
1.37952;2.13246;3.61544;
1.37962;2.13389;3.61177;
1.37972;2.13532;3.61544;
1.37982;2.13675;3.61177;
1.37992;2.13819;3.61544;
1.38002;2.13962;3.61177;
1.38012;2.14105;3.61544;
1.38022;2.14247;3.61177;
1.38032;2.1439;3.61544;
1.38042;2.14533;3.61177;
1.38052;2.14676;3.61544;
1.38062;2.14818;3.61177;
1.38072;2.14961;3.61544;
1.38082;2.15103;3.61177;
1.38092;2.15246;3.61544;
1.38102;2.15388;3.61177;
1.38112;2.1553;3.61544;
1.38122;2.15673;3.61177;
1.38132;2.15815;3.61544;
1.38142;2.15957;3.61177;
1.38152;2.16099;3.61544;
1.38162;2.16241;3.61177;
1.38172;2.16382;3.61544;
1.38182;2.16524;3.61177;
1.38192;2.16666;3.61544;
1.38202;2.16808;3.61177;
1.38212;2.16949;3.61544;
1.38222;2.17091;3.61177;
1.38232;2.17232;3.61544;
1.38242;2.17373;3.61177;
1.38252;2.17515;3.61544;
1.38262;2.17656;3.61177;
1.38272;2.17797;3.61544;
1.38282;2.17938;3.61177;
1.38292;2.18079;3.61544;
1.38302;2.1822;3.61177;
1.38312;2.18361;3.61544;
1.38322;2.18502;3.61177;
1.38332;2.18642;3.61544;
1.38342;2.18783;3.61177;
1.38352;2.18923;3.61544;
1.38362;2.19064;3.61177;
1.38372;2.19204;3.61544;
1.38382;2.19345;3.61177;
1.38392;2.19485;3.61544;
1.38402;2.19625;3.61177;
1.38412;2.19765;3.61544;
1.38422;2.19905;3.61177;
1.38432;2.20045;3.61544;
1.38442;2.20185;3.61177;
1.38452;2.20325;3.61544;
1.38462;2.20465;3.61177;
1.38472;2.20605;3.61544;
1.38482;2.20744;3.61177;
1.38492;2.20884;3.61544;
1.38502;2.21024;3.61177;
1.38512;2.21163;3.61544;
1.38522;2.21302;3.61177;
1.38532;2.21442;3.61544;
1.38542;2.21581;3.61177;
1.38552;2.2172;3.61544;
1.38562;2.21859;3.61177;
1.38572;2.21998;3.61544;
1.38582;2.22137;3.61177;
1.38592;2.22276;3.61544;
1.38602;2.22415;3.61177;
1.38612;2.22554;3.61544;
1.38622;2.22692;3.61177;
1.38632;2.22831;3.61544;
1.38642;2.22969;3.61177;
1.38652;2.23108;3.61544;
1.38662;2.23246;3.61177;
1.38672;2.23385;3.61544;
1.38682;2.23523;3.61177;
1.38692;2.23661;3.61544;
1.38702;2.23799;3.61177;
1.38712;2.23937;3.61544;
1.38722;2.24075;3.61177;
1.38732;2.24213;3.61544;
1.38742;2.24351;3.61177;
1.38752;2.24489;3.61544;
1.38762;2.24627;3.61177;
1.38772;2.24764;3.61544;
1.38782;2.24902;3.61177;
1.38792;2.25039;3.61544;
1.38802;2.25177;3.61177;
1.38812;2.25314;3.61544;
1.38822;2.25451;3.61177;
1.38832;2.25589;3.61544;
1.38842;2.25726;3.61177;
1.38852;2.25863;3.61544;
1.38862;2.26;3.61177;
1.38872;2.26137;3.61544;
1.38882;2.26274;3.61177;
1.38892;2.26411;3.61544;
1.38902;2.26547;3.61177;
1.38912;2.26684;3.61544;
1.38922;2.26821;3.61177;
1.38932;2.26957;3.61544;
1.38942;2.27094;3.61177;
1.38952;2.2723;3.61544;
1.38962;2.27366;3.61177;
1.38972;2.27503;3.61544;
1.38982;2.27639;3.61177;
1.38992;2.27775;3.61544;
1.39002;2.27911;3.61177;
1.39012;2.28047;3.61544;
1.39022;2.28183;3.61177;
1.39032;2.28319;3.61544;
1.39042;2.28455;3.61177;
1.39052;2.2859;3.61544;
1.39062;2.28726;3.61177;
1.39072;2.28862;3.61544;
1.39082;2.28997;3.61177;
1.39092;2.29133;3.61544;
1.39102;2.29268;3.61177;
1.39112;2.29403;3.61544;
1.39122;2.29539;3.61177;
1.39132;2.29674;3.61544;
1.39142;2.29809;3.61177;
1.39152;2.29944;3.61544;
1.39162;2.30079;3.61177;
1.39172;2.30214;3.61544;
1.39182;2.30349;3.61177;
1.39192;2.30484;3.61544;
1.39202;2.30618;3.61177;
1.39212;2.30753;3.61544;
1.39222;2.30888;3.61177;
1.39232;2.31022;3.61544;
1.39242;2.31157;3.61177;
1.39252;2.31291;3.61544;
1.39262;2.31425;3.61177;
1.39272;2.31559;3.61544;
1.39282;2.31694;3.61177;
1.39292;2.31828;3.61544;
1.39302;2.31962;3.61177;
1.39312;2.32096;3.61544;
1.39322;2.3223;3.61177;
1.39332;2.32364;3.61544;
1.39342;2.32497;3.61177;
1.39352;2.32631;3.61544;
1.39362;2.32765;3.61177;
1.39372;2.32898;3.61544;
1.39382;2.33032;3.61177;
1.39392;2.33165;3.61544;
1.39402;2.33299;3.61177;
1.39412;2.33432;3.61544;
1.39422;2.33565;3.61177;
1.39432;2.33698;3.61544;
1.39442;2.33831;3.61177;
1.39452;2.33964;3.61544;
1.39462;2.34097;3.61177;
1.39472;2.3423;3.61544;
1.39482;2.34363;3.61177;
1.39492;2.34496;3.61544;
1.39502;2.34629;3.61177;
1.39512;2.34761;3.61544;
1.39522;2.34894;3.61177;
1.39532;2.35026;3.61544;
1.39542;2.35159;3.61177;
1.39552;2.35291;3.61544;
1.39562;2.35424;3.61177;
1.39572;2.35556;3.61544;
1.39582;2.35688;3.61177;
1.39592;2.3582;3.61544;
1.39602;2.35952;3.61177;
1.39612;2.36084;3.61544;
1.39622;2.36216;3.61177;
1.39632;2.36348;3.61544;
1.39642;2.3648;3.61177;
1.39652;2.36611;3.61544;
1.39662;2.36743;3.61177;
1.39672;2.36875;3.61544;
1.39682;2.37006;3.61177;
1.39692;2.37138;3.61544;
1.39702;2.37269;3.61177;
1.39712;2.374;3.61544;
1.39722;2.37532;3.61177;
1.39732;2.37663;3.61544;
1.39742;2.37794;3.61177;
1.39752;2.37925;3.61544;
1.39762;2.38056;3.61177;
1.39772;2.38187;3.61544;
1.39782;2.38318;3.61177;
1.39792;2.38449;3.61544;
1.39802;2.38579;3.61177;
1.39812;2.3871;3.61544;
1.39822;2.38841;3.61177;
1.39832;2.38971;3.61544;
1.39842;2.39102;3.61177;
1.39852;2.39232;3.61544;
1.39862;2.39362;3.61177;
1.39872;2.39493;3.61544;
1.39882;2.39623;3.61177;
1.39892;2.39753;3.61544;
1.39902;2.39883;3.61177;
1.39912;2.40013;3.61544;
1.39922;2.40143;3.61177;
1.39932;2.40273;3.61544;
1.39942;2.40403;3.61177;
1.39952;2.40533;3.61544;
1.39962;2.40662;3.61177;
1.39972;2.40792;3.61544;
1.39982;2.40921;3.61177;
1.39992;2.41051;3.61544;
1.40002;2.4118;3.61177;
1.40012;2.4131;3.61544;
1.40022;2.41439;3.61177;
1.40032;2.41568;3.61544;
1.40042;2.41697;3.61177;
1.40052;2.41827;3.61544;
1.40062;2.41956;3.61177;
1.40072;2.42085;3.61544;
1.40082;2.42214;3.61177;
1.40092;2.42342;3.61544;
1.40102;2.42471;3.61177;
1.40112;2.426;3.61544;
1.40122;2.42729;3.61177;
1.40132;2.42857;3.61544;
1.40142;2.42986;3.61177;
1.40152;2.43114;3.61544;
1.40162;2.43243;3.61177;
1.40172;2.43371;3.61544;
1.40182;2.43499;3.61177;
1.40192;2.43627;3.61544;
1.40202;2.43756;3.61177;
1.40212;2.43884;3.61544;
1.40222;2.44012;3.61177;
1.40232;2.4414;3.61544;
1.40242;2.44268;3.61177;
1.40252;2.44395;3.61544;
1.40262;2.44523;3.61177;
1.40272;2.44651;3.61544;
1.40282;2.44778;3.61177;
1.40292;2.44906;3.61544;
1.40302;2.45034;3.61177;
1.40312;2.45161;3.61544;
1.40322;2.45288;3.61177;
1.40332;2.45416;3.61544;
1.40342;2.45543;3.61177;
1.40352;2.4567;3.61544;
1.40362;2.45797;3.61177;
1.40372;2.45924;3.61544;
1.40382;2.46051;3.61177;
1.40392;2.46178;3.61544;
1.40402;2.46305;3.61177;
1.40412;2.46432;3.61544;
1.40422;2.46559;3.61177;
1.40432;2.46685;3.61544;
1.40442;2.46812;3.61177;
1.40452;2.46939;3.61544;
1.40462;2.47065;3.61177;
1.40472;2.47191;3.61543;
1.40482;2.47318;3.61177;
1.40492;2.47444;3.61543;
1.40502;2.4757;3.61177;
1.40512;2.47697;3.61543;
1.40522;2.47823;3.61177;
1.40532;2.47949;3.61543;
1.40542;2.48075;3.61177;
1.40552;2.48201;3.61543;
1.40562;2.48326;3.61177;
1.40572;2.48452;3.61543;
1.40582;2.48578;3.61177;
1.40592;2.48704;3.61543;
1.40602;2.48829;3.61177;
1.40612;2.48955;3.61543;
1.40622;2.4908;3.61177;
1.40632;2.49206;3.61543;
1.40642;2.49331;3.61177;
1.40652;2.49456;3.61543;
1.40662;2.49582;3.61177;
1.40672;2.49707;3.61543;
1.40682;2.49832;3.61177;
1.40692;2.49957;3.61543;
1.40702;2.50082;3.61177;
1.40712;2.50207;3.61543;
1.40722;2.50332;3.61177;
1.40732;2.50456;3.61543;
1.40742;2.50581;3.61177;
1.40752;2.50706;3.61543;
1.40762;2.50831;3.61177;
1.40772;2.50955;3.61543;
1.40782;2.5108;3.61177;
1.40792;2.51204;3.61543;
1.40802;2.51328;3.61177;
1.40812;2.51453;3.61543;
1.40822;2.51577;3.61177;
1.40832;2.51701;3.61543;
1.40842;2.51825;3.61177;
1.40852;2.51949;3.61543;
1.40862;2.52073;3.61177;
1.40872;2.52197;3.61543;
1.40882;2.52321;3.61177;
1.40892;2.52445;3.61543;
1.40902;2.52569;3.61177;
1.40912;2.52692;3.61543;
1.40922;2.52816;3.61177;
1.40932;2.52939;3.61543;
1.40942;2.53063;3.61177;
1.40952;2.53186;3.61543;
1.40962;2.5331;3.61177;
1.40972;2.53433;3.61543;
1.40982;2.53556;3.61177;
1.40992;2.53679;3.61543;
1.41002;2.53803;3.61177;
1.41012;2.53926;3.61543;
1.41022;2.54049;3.61177;
1.41032;2.54172;3.61543;
1.41042;2.54294;3.61177;
1.41052;2.54417;3.61543;
1.41062;2.5454;3.61177;
1.41072;2.54663;3.61543;
1.41082;2.54785;3.61177;
1.41092;2.54908;3.61543;
1.41102;2.5503;3.61177;
1.41112;2.55153;3.61543;
1.41122;2.55275;3.61177;
1.41132;2.55398;3.61543;
1.41142;2.5552;3.61177;
1.41152;2.55642;3.61543;
1.41162;2.55764;3.61177;
1.41172;2.55886;3.61543;
1.41182;2.56008;3.61177;
1.41192;2.5613;3.61543;
1.41202;2.56252;3.61177;
1.41212;2.56374;3.61543;
1.41222;2.56496;3.61177;
1.41232;2.56617;3.61543;
1.41242;2.56739;3.61177;
1.41252;2.56861;3.61543;
1.41262;2.56982;3.61177;
1.41272;2.57104;3.61543;
1.41282;2.57225;3.61177;
1.41292;2.57346;3.61543;
1.41302;2.57468;3.61177;
1.41312;2.57589;3.61543;
1.41322;2.5771;3.61177;
1.41332;2.57831;3.61543;
1.41342;2.57952;3.61177;
1.41352;2.58073;3.61543;
1.41362;2.58194;3.61177;
1.41372;2.58315;3.61543;
1.41382;2.58436;3.61177;
1.41392;2.58557;3.61543;
1.41402;2.58677;3.61177;
1.41412;2.58798;3.61543;
1.41422;2.58918;3.61177;
1.41432;2.59039;3.61543;
1.41442;2.59159;3.61177;
1.41452;2.5928;3.61543;
1.41462;2.594;3.61177;
1.41472;2.5952;3.61543;
1.41482;2.59641;3.61177;
1.41492;2.59761;3.61543;
1.41502;2.59881;3.61177;
1.41512;2.60001;3.61543;
1.41522;2.60121;3.61177;
1.41532;2.60241;3.61543;
1.41542;2.60361;3.61177;
1.41552;2.6048;3.61543;
1.41562;2.606;3.61177;
1.41572;2.6072;3.61543;
1.41582;2.60839;3.61177;
1.41592;2.60959;3.61543;
1.41602;2.61078;3.61177;
1.41612;2.61198;3.61543;
1.41622;2.61317;3.61177;
1.41632;2.61436;3.61543;
1.41642;2.61556;3.61177;
1.41652;2.61675;3.61543;
1.41662;2.61794;3.61177;
1.41672;2.61913;3.61543;
1.41682;2.62032;3.61177;
1.41692;2.62151;3.61543;
1.41702;2.6227;3.61177;
1.41712;2.62389;3.61543;
1.41722;2.62508;3.61177;
1.41732;2.62626;3.61543;
1.41742;2.62745;3.61177;
1.41752;2.62863;3.61543;
1.41762;2.62982;3.61177;
1.41772;2.631;3.61543;
1.41782;2.63219;3.61177;
1.41792;2.63337;3.61543;
1.41802;2.63456;3.61177;
1.41812;2.63574;3.61543;
1.41822;2.63692;3.61177;
1.41832;2.6381;3.61543;
1.41842;2.63928;3.61177;
1.41852;2.64046;3.61543;
1.41862;2.64164;3.61177;
1.41872;2.64282;3.61543;
1.41882;2.644;3.61177;
1.41892;2.64518;3.61543;
1.41902;2.64635;3.61177;
1.41912;2.64753;3.61543;
1.41922;2.64871;3.61177;
1.41932;2.64988;3.61543;
1.41942;2.65106;3.61177;
1.41952;2.65223;3.61543;
1.41962;2.6534;3.61177;
1.41972;2.65458;3.61543;
1.41982;2.65575;3.61177;
1.41992;2.65692;3.61543;
1.42002;2.65809;3.61177;
1.42012;2.65926;3.61543;
1.42022;2.66043;3.61177;
1.42032;2.6616;3.61543;
1.42042;2.66277;3.61177;
1.42052;2.66394;3.61543;
1.42062;2.66511;3.61177;
1.42072;2.66627;3.61543;
1.42082;2.66744;3.61177;
1.42092;2.66861;3.61543;
1.42102;2.66977;3.61177;
1.42112;2.67094;3.61543;
1.42122;2.6721;3.61177;
1.42132;2.67326;3.61543;
1.42142;2.67443;3.61177;
1.42152;2.67559;3.61543;
1.42162;2.67675;3.61177;
1.42172;2.67791;3.61543;
1.42182;2.67907;3.61177;
1.42192;2.68023;3.61543;
1.42202;2.68139;3.61177;
1.42212;2.68255;3.61543;
1.42222;2.68371;3.61177;
1.42232;2.68487;3.61543;
1.42242;2.68602;3.61177;
1.42252;2.68718;3.61543;
1.42262;2.68834;3.61177;
1.42272;2.68949;3.61543;
1.42282;2.69065;3.61177;
1.42292;2.6918;3.61543;
1.42302;2.69296;3.61177;
1.42312;2.69411;3.61543;
1.42322;2.69526;3.61177;
1.42332;2.69641;3.61543;
1.42342;2.69756;3.61177;
1.42352;2.69872;3.61543;
1.42362;2.69987;3.61177;
1.42372;2.70102;3.61543;
1.42382;2.70216;3.61177;
1.42392;2.70331;3.61543;
1.42402;2.70446;3.61177;
1.42412;2.70561;3.61543;
1.42422;2.70676;3.61177;
1.42432;2.7079;3.61543;
1.42442;2.70905;3.61177;
1.42452;2.71019;3.61543;
1.42462;2.71134;3.61178;
1.42472;2.71248;3.61543;
1.42482;2.71362;3.61178;
1.42492;2.71477;3.61543;
1.42502;2.71591;3.61178;
1.42512;2.71705;3.61543;
1.42522;2.71819;3.61178;
1.42532;2.71933;3.61543;
1.42542;2.72047;3.61178;
1.42552;2.72161;3.61543;
1.42562;2.72275;3.61178;
1.42572;2.72389;3.61543;
1.42582;2.72503;3.61178;
1.42592;2.72616;3.61543;
1.42602;2.7273;3.61178;
1.42612;2.72844;3.61543;
1.42622;2.72957;3.61178;
1.42632;2.73071;3.61543;
1.42642;2.73184;3.61178;
1.42652;2.73298;3.61543;
1.42662;2.73411;3.61178;
1.42672;2.73524;3.61543;
1.42682;2.73637;3.61178;
1.42692;2.7375;3.61543;
1.42702;2.73864;3.61178;
1.42712;2.73977;3.61543;
1.42722;2.7409;3.61178;
1.42732;2.74202;3.61543;
1.42742;2.74315;3.61178;
1.42752;2.74428;3.61543;
1.42762;2.74541;3.61178;
1.42772;2.74654;3.61543;
1.42782;2.74766;3.61178;
1.42792;2.74879;3.61543;
1.42802;2.74991;3.61178;
1.42812;2.75104;3.61543;
1.42822;2.75216;3.61178;
1.42832;2.75329;3.61543;
1.42842;2.75441;3.61178;
1.42852;2.75553;3.61543;
1.42862;2.75665;3.61178;
1.42872;2.75777;3.61543;
1.42882;2.7589;3.61178;
1.42892;2.76002;3.61543;
1.42902;2.76114;3.61178;
1.42912;2.76225;3.61543;
1.42922;2.76337;3.61178;
1.42932;2.76449;3.61543;
1.42942;2.76561;3.61178;
1.42952;2.76673;3.61543;
1.42962;2.76784;3.61178;
1.42972;2.76896;3.61543;
1.42982;2.77007;3.61178;
1.42992;2.77119;3.61543;
1.43002;2.7723;3.61178;
1.43012;2.77341;3.61543;
1.43022;2.77453;3.61178;
1.43032;2.77564;3.61543;
1.43042;2.77675;3.61178;
1.43052;2.77786;3.61543;
1.43062;2.77897;3.61178;
1.43072;2.78008;3.61543;
1.43082;2.78119;3.61178;
1.43092;2.7823;3.61543;
1.43102;2.78341;3.61178;
1.43112;2.78452;3.61543;
1.43122;2.78563;3.61178;
1.43132;2.78673;3.61543;
1.43142;2.78784;3.61178;
1.43152;2.78895;3.61543;
1.43162;2.79005;3.61178;
1.43172;2.79116;3.61543;
1.43182;2.79226;3.61178;
1.43192;2.79336;3.61543;
1.43202;2.79447;3.61178;
1.43212;2.79557;3.61543;
1.43222;2.79667;3.61178;
1.43232;2.79777;3.61543;
1.43242;2.79887;3.61178;
1.43252;2.79997;3.61543;
1.43262;2.80107;3.61178;
1.43272;2.80217;3.61543;
1.43282;2.80327;3.61178;
1.43292;2.80437;3.61543;
1.43302;2.80547;3.61178;
1.43312;2.80656;3.61543;
1.43322;2.80766;3.61178;
1.43332;2.80875;3.61543;
1.43342;2.80985;3.61178;
1.43352;2.81094;3.61543;
1.43362;2.81204;3.61178;
1.43372;2.81313;3.61543;
1.43382;2.81423;3.61178;
1.43392;2.81532;3.61543;
1.43402;2.81641;3.61178;
1.43412;2.8175;3.61543;
1.43422;2.81859;3.61178;
1.43432;2.81968;3.61543;
1.43442;2.82077;3.61178;
1.43452;2.82186;3.61543;
1.43462;2.82295;3.61178;
1.43472;2.82404;3.61543;
1.43482;2.82513;3.61178;
1.43492;2.82621;3.61543;
1.43502;2.8273;3.61178;
1.43512;2.82839;3.61543;
1.43522;2.82947;3.61178;
1.43532;2.83056;3.61543;
1.43542;2.83164;3.61178;
1.43552;2.83272;3.61543;
1.43562;2.83381;3.61178;
1.43572;2.83489;3.61543;
1.43582;2.83597;3.61178;
1.43592;2.83705;3.61543;
1.43602;2.83814;3.61178;
1.43612;2.83922;3.61543;
1.43622;2.8403;3.61178;
1.43632;2.84138;3.61543;
1.43642;2.84245;3.61178;
1.43652;2.84353;3.61543;
1.43662;2.84461;3.61178;
1.43672;2.84569;3.61543;
1.43682;2.84677;3.61178;
1.43692;2.84784;3.61543;
1.43702;2.84892;3.61178;
1.43712;2.84999;3.61543;
1.43722;2.85107;3.61178;
1.43732;2.85214;3.61543;
1.43742;2.85321;3.61178;
1.43752;2.85429;3.61543;
1.43762;2.85536;3.61178;
1.43772;2.85643;3.61543;
1.43782;2.8575;3.61178;
1.43792;2.85857;3.61543;
1.43802;2.85965;3.61178;
1.43812;2.86071;3.61543;
1.43822;2.86178;3.61178;
1.43832;2.86285;3.61543;
1.43842;2.86392;3.61178;
1.43852;2.86499;3.61543;
1.43862;2.86606;3.61178;
1.43872;2.86712;3.61543;
1.43882;2.86819;3.61178;
1.43892;2.86925;3.61543;
1.43902;2.87032;3.61178;
1.43912;2.87138;3.61543;
1.43922;2.87245;3.61178;
1.43932;2.87351;3.61543;
1.43942;2.87457;3.61178;
1.43952;2.87564;3.61543;
1.43962;2.8767;3.61178;
1.43972;2.87776;3.61543;
1.43982;2.87882;3.61178;
1.43992;2.87988;3.61543;
1.44002;2.88094;3.61178;
1.44012;2.882;3.61543;
1.44022;2.88306;3.61178;
1.44032;2.88412;3.61543;
1.44042;2.88517;3.61178;
1.44052;2.88623;3.61543;
1.44062;2.88729;3.61178;
1.44072;2.88834;3.61543;
1.44082;2.8894;3.61178;
1.44092;2.89045;3.61543;
1.44102;2.89151;3.61178;
1.44112;2.89256;3.61543;
1.44122;2.89362;3.61178;
1.44132;2.89467;3.61543;
1.44142;2.89572;3.61178;
1.44152;2.89677;3.61543;
1.44162;2.89782;3.61178;
1.44172;2.89887;3.61543;
1.44182;2.89993;3.61178;
1.44192;2.90097;3.61543;
1.44202;2.90202;3.61178;
1.44212;2.90307;3.61543;
1.44222;2.90412;3.61178;
1.44232;2.90517;3.61543;
1.44242;2.90622;3.61178;
1.44252;2.90726;3.61543;
1.44262;2.90831;3.61178;
1.44272;2.90935;3.61543;
1.44282;2.9104;3.61178;
1.44292;2.91144;3.61543;
1.44302;2.91249;3.61178;
1.44312;2.91353;3.61543;
1.44322;2.91457;3.61178;
1.44332;2.91562;3.61543;
1.44342;2.91666;3.61178;
1.44352;2.9177;3.61543;
1.44362;2.91874;3.61178;
1.44372;2.91978;3.61543;
1.44382;2.92082;3.61178;
1.44392;2.92186;3.61543;
1.44402;2.9229;3.61178;
1.44412;2.92394;3.61543;
1.44422;2.92497;3.61178;
1.44432;2.92601;3.61543;
1.44442;2.92705;3.61178;
1.44452;2.92808;3.61543;
1.44462;2.92912;3.61178;
1.44472;2.93015;3.61543;
1.44482;2.93119;3.61178;
1.44492;2.93222;3.61543;
1.44502;2.93326;3.61178;
1.44512;2.93429;3.61543;
1.44522;2.93532;3.61178;
1.44532;2.93635;3.61543;
1.44542;2.93739;3.61178;
1.44552;2.93842;3.61543;
1.44562;2.93945;3.61178;
1.44572;2.94048;3.61543;
1.44582;2.94151;3.61178;
1.44592;2.94254;3.61543;
1.44602;2.94356;3.61178;
1.44612;2.94459;3.61543;
1.44622;2.94562;3.61178;
1.44632;2.94665;3.61543;
1.44642;2.94767;3.61178;
1.44652;2.9487;3.61543;
1.44662;2.94972;3.61178;
1.44672;2.95075;3.61543;
1.44682;2.95177;3.61178;
1.44692;2.9528;3.61543;
1.44702;2.95382;3.61178;
1.44712;2.95484;3.61543;
1.44722;2.95586;3.61178;
1.44732;2.95689;3.61543;
1.44742;2.95791;3.61178;
1.44752;2.95893;3.61543;
1.44762;2.95995;3.61178;
1.44772;2.96097;3.61543;
1.44782;2.96199;3.61178;
1.44792;2.96301;3.61543;
1.44802;2.96402;3.61178;
1.44812;2.96504;3.61543;
1.44822;2.96606;3.61178;
1.44832;2.96708;3.61543;
1.44842;2.96809;3.61178;
1.44852;2.96911;3.61543;
1.44862;2.97012;3.61178;
1.44872;2.97114;3.61543;
1.44882;2.97215;3.61178;
1.44892;2.97316;3.61543;
1.44902;2.97418;3.61178;
1.44912;2.97519;3.61543;
1.44922;2.9762;3.61178;
1.44932;2.97721;3.61543;
1.44942;2.97822;3.61178;
1.44952;2.97924;3.61543;
1.44962;2.98025;3.61178;
1.44972;2.98125;3.61542;
1.44982;2.98226;3.61178;
1.44992;2.98327;3.61542;
1.45002;2.98428;3.61178;
1.45012;2.98529;3.61542;
1.45022;2.98629;3.61178;
1.45032;2.9873;3.61542;
1.45042;2.98831;3.61178;
1.45052;2.98931;3.61542;
1.45062;2.99032;3.61178;
1.45072;2.99132;3.61542;
1.45082;2.99233;3.61178;
1.45092;2.99333;3.61542;
1.45102;2.99433;3.61178;
1.45112;2.99534;3.61542;
1.45122;2.99634;3.61178;
1.45132;2.99734;3.61542;
1.45142;2.99834;3.61178;
1.45152;2.99934;3.61542;
1.45162;3.00034;3.61178;
1.45172;3.00134;3.61542;
1.45182;3.00234;3.61178;
1.45192;3.00334;3.61542;
1.45202;3.00434;3.61178;
1.45212;3.00533;3.61542;
1.45222;3.00633;3.61178;
1.45232;3.00733;3.61542;
1.45242;3.00832;3.61178;
1.45252;3.00932;3.61542;
1.45262;3.01031;3.61178;
1.45272;3.01131;3.61542;
1.45282;3.0123;3.61178;
1.45292;3.01329;3.61542;
1.45302;3.01429;3.61178;
1.45312;3.01528;3.61542;
1.45322;3.01627;3.61178;
1.45332;3.01726;3.61542;
1.45342;3.01825;3.61178;
1.45352;3.01925;3.61542;
1.45362;3.02024;3.61178;
1.45372;3.02122;3.61542;
1.45382;3.02221;3.61178;
1.45392;3.0232;3.61542;
1.45402;3.02419;3.61178;
1.45412;3.02518;3.61542;
1.45422;3.02617;3.61178;
1.45432;3.02715;3.61542;
1.45442;3.02814;3.61178;
1.45452;3.02912;3.61542;
1.45462;3.03011;3.61178;
1.45472;3.03109;3.61542;
1.45482;3.03208;3.61178;
1.45492;3.03306;3.61542;
1.45502;3.03404;3.61178;
1.45512;3.03503;3.61542;
1.45522;3.03601;3.61178;
1.45532;3.03699;3.61542;
1.45542;3.03797;3.61178;
1.45552;3.03895;3.61542;
1.45562;3.03993;3.61178;
1.45572;3.04091;3.61542;
1.45582;3.04189;3.61178;
1.45592;3.04287;3.61542;
1.45602;3.04385;3.61178;
1.45612;3.04483;3.61542;
1.45622;3.0458;3.61178;
1.45632;3.04678;3.61542;
1.45642;3.04776;3.61178;
1.45652;3.04873;3.61542;
1.45662;3.04971;3.61178;
1.45672;3.05068;3.61542;
1.45682;3.05166;3.61178;
1.45692;3.05263;3.61542;
1.45702;3.0536;3.61178;
1.45712;3.05458;3.61542;
1.45722;3.05555;3.61178;
1.45732;3.05652;3.61542;
1.45742;3.05749;3.61178;
1.45752;3.05846;3.61542;
1.45762;3.05943;3.61178;
1.45772;3.0604;3.61542;
1.45782;3.06137;3.61178;
1.45792;3.06234;3.61542;
1.45802;3.06331;3.61178;
1.45812;3.06428;3.61542;
1.45822;3.06525;3.61178;
1.45832;3.06621;3.61542;
1.45842;3.06718;3.61178;
1.45852;3.06814;3.61542;
1.45862;3.06911;3.61178;
1.45872;3.07008;3.61542;
1.45882;3.07104;3.61178;
1.45892;3.072;3.61542;
1.45902;3.07297;3.61178;
1.45912;3.07393;3.61542;
1.45922;3.07489;3.61178;
1.45932;3.07586;3.61542;
1.45942;3.07682;3.61178;
1.45952;3.07778;3.61542;
1.45962;3.07874;3.61178;
1.45972;3.0797;3.61542;
1.45982;3.08066;3.61178;
1.45992;3.08162;3.61542;
1.46002;3.08258;3.61178;
1.46012;3.08354;3.61542;
1.46022;3.08449;3.61178;
1.46032;3.08545;3.61542;
1.46042;3.08641;3.61178;
1.46052;3.08736;3.61542;
1.46062;3.08832;3.61178;
1.46072;3.08928;3.61542;
1.46082;3.09023;3.61178;
1.46092;3.09119;3.61542;
1.46102;3.09214;3.61178;
1.46112;3.09309;3.61542;
1.46122;3.09405;3.61178;
1.46132;3.095;3.61542;
1.46142;3.09595;3.61178;
1.46152;3.0969;3.61542;
1.46162;3.09785;3.61178;
1.46172;3.0988;3.61542;
1.46182;3.09975;3.61178;
1.46192;3.1007;3.61542;
1.46202;3.10165;3.61178;
1.46212;3.1026;3.61542;
1.46222;3.10355;3.61178;
1.46232;3.1045;3.61542;
1.46242;3.10545;3.61179;
1.46252;3.10639;3.61542;
1.46262;3.10734;3.61179;
1.46272;3.10829;3.61542;
1.46282;3.10923;3.61179;
1.46292;3.11018;3.61542;
1.46302;3.11112;3.61179;
1.46312;3.11206;3.61542;
1.46322;3.11301;3.61179;
1.46332;3.11395;3.61542;
1.46342;3.11489;3.61179;
1.46352;3.11584;3.61542;
1.46362;3.11678;3.61179;
1.46372;3.11772;3.61542;
1.46382;3.11866;3.61179;
1.46392;3.1196;3.61542;
1.46402;3.12054;3.61179;
1.46412;3.12148;3.61542;
1.46422;3.12242;3.61179;
1.46432;3.12336;3.61542;
1.46442;3.12429;3.61179;
1.46452;3.12523;3.61542;
1.46462;3.12617;3.61179;
1.46472;3.1271;3.61542;
1.46482;3.12804;3.61179;
1.46492;3.12898;3.61542;
1.46502;3.12991;3.61179;
1.46512;3.13085;3.61542;
1.46522;3.13178;3.61179;
1.46532;3.13271;3.61542;
1.46542;3.13365;3.61179;
1.46552;3.13458;3.61542;
1.46562;3.13551;3.61179;
1.46572;3.13644;3.61542;
1.46582;3.13738;3.61179;
1.46592;3.13831;3.61542;
1.46602;3.13924;3.61179;
1.46612;3.14017;3.61542;
1.46622;3.1411;3.61179;
1.46632;3.14203;3.61542;
1.46642;3.14295;3.61179;
1.46652;3.14388;3.61542;
1.46662;3.14481;3.61179;
1.46672;3.14574;3.61542;
1.46682;3.14666;3.61179;
1.46692;3.14759;3.61542;
1.46702;3.14852;3.61179;
1.46712;3.14944;3.61542;
1.46722;3.15037;3.61179;
1.46732;3.15129;3.61542;
1.46742;3.15221;3.61179;
1.46752;3.15314;3.61542;
1.46762;3.15406;3.61179;
1.46772;3.15498;3.61542;
1.46782;3.15591;3.61179;
1.46792;3.15683;3.61542;
1.46802;3.15775;3.61179;
1.46812;3.15867;3.61542;
1.46822;3.15959;3.61179;
1.46832;3.16051;3.61542;
1.46842;3.16143;3.61179;
1.46852;3.16235;3.61542;
1.46862;3.16327;3.61179;
1.46872;3.16418;3.61542;
1.46882;3.1651;3.61179;
1.46892;3.16602;3.61542;
1.46902;3.16693;3.61179;
1.46912;3.16785;3.61542;
1.46922;3.16877;3.61179;
1.46932;3.16968;3.61542;
1.46942;3.1706;3.61179;
1.46952;3.17151;3.61542;
1.46962;3.17242;3.61179;
1.46972;3.17334;3.61542;
1.46982;3.17425;3.61179;
1.46992;3.17516;3.61542;
1.47002;3.17607;3.61179;
1.47012;3.17699;3.61542;
1.47022;3.1779;3.61179;
1.47032;3.17881;3.61542;
1.47042;3.17972;3.61179;
1.47052;3.18063;3.61542;
1.47062;3.18154;3.61179;
1.47072;3.18245;3.61542;
1.47082;3.18335;3.61179;
1.47092;3.18426;3.61542;
1.47102;3.18517;3.61179;
1.47112;3.18608;3.61542;
1.47122;3.18698;3.61179;
1.47132;3.18789;3.61542;
1.47142;3.18879;3.61179;
1.47152;3.1897;3.61542;
1.47162;3.1906;3.61179;
1.47172;3.19151;3.61542;
1.47182;3.19241;3.61179;
1.47192;3.19332;3.61542;
1.47202;3.19422;3.61179;
1.47212;3.19512;3.61542;
1.47222;3.19602;3.61179;
1.47232;3.19692;3.61542;
1.47242;3.19783;3.61179;
1.47252;3.19873;3.61542;
1.47262;3.19963;3.61179;
1.47272;3.20053;3.61542;
1.47282;3.20143;3.61179;
1.47292;3.20232;3.61542;
1.47302;3.20322;3.61179;
1.47312;3.20412;3.61542;
1.47322;3.20502;3.61179;
1.47332;3.20591;3.61542;
1.47342;3.20681;3.61179;
1.47352;3.20771;3.61542;
1.47362;3.2086;3.61179;
1.47372;3.2095;3.61542;
1.47382;3.21039;3.61179;
1.47392;3.21129;3.61542;
1.47402;3.21218;3.61179;
1.47412;3.21307;3.61542;
1.47422;3.21397;3.61179;
1.47432;3.21486;3.61542;
1.47442;3.21575;3.61179;
1.47452;3.21664;3.61542;
1.47462;3.21754;3.61179;
1.47472;3.21843;3.61542;
1.47482;3.21932;3.61179;
1.47492;3.22021;3.61542;
1.47502;3.2211;3.61179;
1.47512;3.22198;3.61542;
1.47522;3.22287;3.61179;
1.47532;3.22376;3.61542;
1.47542;3.22465;3.61179;
1.47552;3.22554;3.61542;
1.47562;3.22642;3.61179;
1.47572;3.22731;3.61542;
1.47582;3.22819;3.61179;
1.47592;3.22908;3.61542;
1.47602;3.22996;3.61179;
1.47612;3.23085;3.61542;
1.47622;3.23173;3.61179;
1.47632;3.23262;3.61542;
1.47642;3.2335;3.61179;
1.47652;3.23438;3.61542;
1.47662;3.23527;3.61179;
1.47672;3.23615;3.61542;
1.47682;3.23703;3.61179;
1.47692;3.23791;3.61542;
1.47702;3.23879;3.61179;
1.47712;3.23967;3.61542;
1.47722;3.24055;3.61179;
1.47732;3.24143;3.61542;
1.47742;3.24231;3.61179;
1.47752;3.24319;3.61542;
1.47762;3.24406;3.61179;
1.47772;3.24494;3.61542;
1.47782;3.24582;3.61179;
1.47792;3.24669;3.61542;
1.47802;3.24757;3.61179;
1.47812;3.24845;3.61542;
1.47822;3.24932;3.61179;
1.47832;3.2502;3.61542;
1.47842;3.25107;3.61179;
1.47852;3.25194;3.61542;
1.47862;3.25282;3.61179;
1.47872;3.25369;3.61542;
1.47882;3.25456;3.61179;
1.47892;3.25544;3.61542;
1.47902;3.25631;3.61179;
1.47912;3.25718;3.61542;
1.47922;3.25805;3.61179;
1.47932;3.25892;3.61542;
1.47942;3.25979;3.61179;
1.47952;3.26066;3.61542;
1.47962;3.26153;3.61179;
1.47972;3.2624;3.61542;
1.47982;3.26326;3.61179;
1.47992;3.26413;3.61542;
1.48002;3.265;3.61179;
1.48012;3.26587;3.61542;
1.48022;3.26673;3.61179;
1.48032;3.2676;3.61542;
1.48042;3.26846;3.61179;
1.48052;3.26933;3.61542;
1.48062;3.27019;3.61179;
1.48072;3.27106;3.61542;
1.48082;3.27192;3.61179;
1.48092;3.27279;3.61542;
1.48102;3.27365;3.61179;
1.48112;3.27451;3.61542;
1.48122;3.27537;3.61179;
1.48132;3.27624;3.61542;
1.48142;3.2771;3.61179;
1.48152;3.27796;3.61542;
1.48162;3.27882;3.61179;
1.48172;3.27968;3.61542;
1.48182;3.28054;3.61179;
1.48192;3.2814;3.61542;
1.48202;3.28226;3.61179;
1.48212;3.28311;3.61542;
1.48222;3.28397;3.61179;
1.48232;3.28483;3.61542;
1.48242;3.28569;3.61179;
1.48252;3.28654;3.61542;
1.48262;3.2874;3.61179;
1.48272;3.28825;3.61542;
1.48282;3.28911;3.61179;
1.48292;3.28996;3.61542;
1.48302;3.29082;3.61179;
1.48312;3.29167;3.61542;
1.48322;3.29253;3.61179;
1.48332;3.29338;3.61542;
1.48342;3.29423;3.61179;
1.48352;3.29508;3.61542;
1.48362;3.29593;3.61179;
1.48372;3.29679;3.61542;
1.48382;3.29764;3.61179;
1.48392;3.29849;3.61542;
1.48402;3.29934;3.61179;
1.48412;3.30019;3.61542;
1.48422;3.30104;3.61179;
1.48432;3.30188;3.61542;
1.48442;3.30273;3.61179;
1.48452;3.30358;3.61542;
1.48462;3.30443;3.61179;
1.48472;3.30528;3.61542;
1.48482;3.30612;3.61179;
1.48492;3.30697;3.61542;
1.48502;3.30781;3.61179;
1.48512;3.30866;3.61542;
1.48522;3.3095;3.61179;
1.48532;3.31035;3.61542;
1.48542;3.31119;3.61179;
1.48552;3.31204;3.61542;
1.48562;3.31288;3.61179;
1.48572;3.31372;3.61541;
1.48582;3.31457;3.61179;
1.48592;3.31541;3.61541;
1.48602;3.31625;3.61179;
1.48612;3.31709;3.61541;
1.48622;3.31793;3.61179;
1.48632;3.31877;3.61541;
1.48642;3.31961;3.61179;
1.48652;3.32045;3.61541;
1.48662;3.32129;3.61179;
1.48672;3.32213;3.61541;
1.48682;3.32297;3.61179;
1.48692;3.3238;3.61541;
1.48702;3.32464;3.61179;
1.48712;3.32548;3.61541;
1.48722;3.32631;3.61179;
1.48732;3.32715;3.61541;
1.48742;3.32799;3.61179;
1.48752;3.32882;3.61541;
1.48762;3.32966;3.61179;
1.48772;3.33049;3.61541;
1.48782;3.33132;3.61179;
1.48792;3.33216;3.61541;
1.48802;3.33299;3.61179;
1.48812;3.33382;3.61541;
1.48822;3.33465;3.61179;
1.48832;3.33549;3.61541;
1.48842;3.33632;3.61179;
1.48852;3.33715;3.61541;
1.48862;3.33798;3.61179;
1.48872;3.33881;3.61541;
1.48882;3.33964;3.61179;
1.48892;3.34047;3.61541;
1.48902;3.3413;3.61179;
1.48912;3.34213;3.61541;
1.48922;3.34295;3.61179;
1.48932;3.34378;3.61541;
1.48942;3.34461;3.61179;
1.48952;3.34544;3.61541;
1.48962;3.34626;3.61179;
1.48972;3.34709;3.61541;
1.48982;3.34791;3.61179;
1.48992;3.34874;3.61541;
1.49002;3.34956;3.61179;
1.49012;3.35039;3.61541;
1.49022;3.35121;3.61179;
1.49032;3.35203;3.61541;
1.49042;3.35286;3.61179;
1.49052;3.35368;3.61541;
1.49062;3.3545;3.61179;
1.49072;3.35532;3.61541;
1.49082;3.35615;3.61179;
1.49092;3.35697;3.61541;
1.49102;3.35779;3.61179;
1.49112;3.35861;3.61545;
1.49122;3.35943;3.61183;
1.49132;3.36025;3.61545;
1.49142;3.36107;3.61183;
1.49152;3.36188;3.61545;
1.49162;3.3627;3.61183;
1.49172;3.36352;3.61545;
1.49182;3.36434;3.61183;
1.49192;3.36515;3.61545;
1.49202;3.36597;3.61183;
1.49212;3.36679;3.61545;
1.49222;3.3676;3.61183;
1.49232;3.36842;3.61545;
1.49242;3.36923;3.61183;
1.49252;3.37005;3.61545;
1.49262;3.37086;3.61183;
1.49272;3.37167;3.61545;
1.49282;3.37249;3.61183;
1.49292;3.3733;3.61545;
1.49302;3.37411;3.61183;
1.49312;3.37492;3.61545;
1.49322;3.37573;3.61183;
1.49332;3.37655;3.61545;
1.49342;3.37736;3.61183;
1.49352;3.37817;3.61545;
1.49362;3.37898;3.61183;
1.49372;3.37979;3.61545;
1.49382;3.3806;3.61183;
1.49392;3.3814;3.61545;
1.49402;3.38221;3.61183;
1.49412;3.38302;3.61545;
1.49413;3.38312;3.61367;
1.49415;3.38327;3.61359;
1.49416;3.38337;3.61366;
1.49417;3.38346;3.61358;
1.49419;3.3833;0.00772508;
1.4942;3.38301;0.00769079;
1.4942;3.38275;0.00772473;
1.49421;3.38244;0.00769063;
1.49422;3.38212;0.00772302;
1.49424;3.38157;0.00769043;
1.49427;3.38048;0.00772409;
1.49433;3.37851;0.00769007;
1.49443;3.37515;0.00772375;
1.49453;3.37179;0.00768983;
1.49463;3.36844;0.00772364;
1.49473;3.36509;0.00768979;
1.49483;3.36174;0.00772224;
1.49493;3.3584;0.00768843;
1.49503;3.35506;0.00772214;
1.49513;3.35172;0.00768843;
1.49523;3.34838;0.00772212;
1.49533;3.34505;0.00768842;
1.49543;3.34173;0.0077221;
1.49553;3.3384;0.00768841;
1.49563;3.33508;0.00772207;
1.49573;3.33176;0.0076884;
1.49583;3.32845;0.00772205;
1.49593;3.32514;0.00768839;
1.49603;3.32183;0.00772203;
1.49613;3.31853;0.00768838;
1.49623;3.31523;0.00772201;
1.49633;3.31193;0.00768837;
1.49643;3.30864;0.00772198;
1.49653;3.30534;0.00768836;
1.49663;3.30206;0.00772196;
1.49673;3.29877;0.00768835;
1.49683;3.29549;0.00772194;
1.49693;3.29221;0.00768834;
1.49703;3.28894;0.00772191;
1.49713;3.28567;0.00768833;
1.49723;3.2824;0.00772189;
1.49733;3.27914;0.00768832;
1.49743;3.27588;0.00772187;
1.49753;3.27262;0.00768831;
1.49763;3.26936;0.00772184;
1.49773;3.26611;0.0076883;
1.49783;3.26286;0.00772182;
1.49793;3.25962;0.00768829;
1.49803;3.25638;0.0077218;
1.49813;3.25314;0.00768828;
1.49823;3.2499;0.00772177;
1.49833;3.24667;0.00768827;
1.49843;3.24344;0.00772175;
1.49853;3.24022;0.00768826;
1.49863;3.23699;0.00772173;
1.49873;3.23377;0.00768825;
1.49883;3.23056;0.00772171;
1.49893;3.22735;0.00768824;
1.49903;3.22414;0.00772168;
1.49913;3.22093;0.00768823;
1.49923;3.21773;0.00772166;
1.49933;3.21453;0.00768822;
1.49943;3.21133;0.00772164;
1.49953;3.20814;0.00768821;
1.49963;3.20495;0.00772162;
1.49973;3.20176;0.00768821;
1.49983;3.19858;0.00772159;
1.49993;3.19539;0.0076882;
1.50003;3.19222;0.00772157;
1.50013;3.18904;0.00768819;
1.50023;3.18587;0.00772155;
1.50033;3.1827;0.00768818;
1.50043;3.17954;0.00772152;
1.50053;3.17638;0.00768817;
1.50063;3.17322;0.0077215;
1.50073;3.17006;0.00768816;
1.50083;3.16691;0.00772148;
1.50093;3.16376;0.00768815;
1.50103;3.16062;0.00772146;
1.50113;3.15747;0.00768814;
1.50123;3.15433;0.00772143;
1.50133;3.1512;0.00768813;
1.50143;3.14806;0.00772141;
1.50153;3.14493;0.00768812;
1.50163;3.14181;0.00772139;
1.50173;3.13868;0.00768811;
1.50183;3.13556;0.00772137;
1.50193;3.13244;0.00768811;
1.50203;3.12933;0.00772134;
1.50213;3.12622;0.0076881;
1.50223;3.12311;0.00772132;
1.50233;3.12;0.00768809;
1.50243;3.1169;0.0077213;
1.50253;3.1138;0.00768808;
1.50263;3.11071;0.00772128;
1.50273;3.10761;0.00768807;
1.50283;3.10453;0.00772125;
1.50293;3.10144;0.00768806;
1.50303;3.09835;0.00772123;
1.50313;3.09527;0.00768805;
1.50323;3.0922;0.00772121;
1.50333;3.08912;0.00768804;
1.50343;3.08605;0.00772119;
1.50353;3.08298;0.00768804;
1.50363;3.07992;0.00772117;
1.50373;3.07686;0.00768803;
1.50383;3.0738;0.00772114;
1.50393;3.07074;0.00768802;
1.50403;3.06769;0.00772112;
1.50413;3.06464;0.00768801;
1.50423;3.06159;0.0077211;
1.50433;3.05855;0.007688;
1.50443;3.05551;0.00772108;
1.50453;3.05247;0.00768799;
1.50463;3.04943;0.00772106;
1.50473;3.0464;0.00768799;
1.50483;3.04337;0.00772103;
1.50493;3.04035;0.00768798;
1.50503;3.03733;0.00772101;
1.50513;3.03431;0.00768797;
1.50523;3.03129;0.00772099;
1.50533;3.02828;0.00768796;
1.50543;3.02527;0.00772097;
1.50553;3.02226;0.00768795;
1.50563;3.01925;0.00772094;
1.50573;3.01625;0.00768794;
1.50583;3.01325;0.00772092;
1.50593;3.01026;0.00768794;
1.50603;3.00727;0.0077209;
1.50613;3.00428;0.00768793;
1.50623;3.00129;0.00772088;
1.50633;2.99831;0.00768792;
1.50643;2.99532;0.00772086;
1.50653;2.99235;0.00768791;
1.50663;2.98937;0.00772084;
1.50673;2.9864;0.0076879;
1.50683;2.98343;0.00772081;
1.50693;2.98047;0.0076879;
1.50703;2.9775;0.00772079;
1.50713;2.97454;0.00768789;
1.50723;2.97159;0.00772077;
1.50733;2.96863;0.00768788;
1.50743;2.96568;0.00772075;
1.50753;2.96273;0.00768787;
1.50763;2.95979;0.00772073;
1.50773;2.95685;0.00768786;
1.50783;2.95391;0.0077207;
1.50793;2.95097;0.00768786;
1.50803;2.94804;0.00772068;
1.50813;2.94511;0.00768785;
1.50823;2.94218;0.00772066;
1.50833;2.93926;0.00768784;
1.50843;2.93633;0.00772064;
1.50853;2.93342;0.00768783;
1.50863;2.9305;0.00772062;
1.50873;2.92759;0.00768782;
1.50883;2.92468;0.0077206;
1.50893;2.92177;0.00768782;
1.50903;2.91887;0.00772058;
1.50913;2.91596;0.00768781;
1.50923;2.91307;0.00772055;
1.50933;2.91017;0.0076878;
1.50943;2.90728;0.00772053;
1.50953;2.90439;0.00768779;
1.50963;2.9015;0.00772051;
1.50973;2.89862;0.00768779;
1.50983;2.89574;0.00772049;
1.50993;2.89286;0.00768778;
1.51003;2.88998;0.00772047;
1.51013;2.88711;0.00768777;
1.51023;2.88424;0.00772045;
1.51033;2.88137;0.00768776;
1.51043;2.87851;0.00772042;
1.51053;2.87565;0.00768776;
1.51063;2.87279;0.0077204;
1.51073;2.86994;0.00768775;
1.51083;2.86708;0.00772038;
1.51093;2.86423;0.00768774;
1.51103;2.86139;0.00772036;
1.51113;2.85854;0.00768773;
1.51123;2.8557;0.00772034;
1.51133;2.85286;0.00768773;
1.51143;2.85003;0.00772032;
1.51153;2.8472;0.00768772;
1.51163;2.84437;0.0077203;
1.51173;2.84154;0.00768771;
1.51183;2.83872;0.00772028;
1.51193;2.83589;0.00768771;
1.51203;2.83308;0.00772025;
1.51213;2.83026;0.0076877;
1.51223;2.82745;0.00772023;
1.51233;2.82464;0.00768769;
1.51243;2.82183;0.00772021;
1.51253;2.81903;0.00768768;
1.51263;2.81622;0.00772019;
1.51273;2.81343;0.00768768;
1.51283;2.81063;0.00772017;
1.51293;2.80784;0.00768767;
1.51303;2.80505;0.00772015;
1.51313;2.80226;0.00768766;
1.51323;2.79947;0.00772013;
1.51333;2.79669;0.00768766;
1.51343;2.79391;0.00772011;
1.51353;2.79114;0.00768765;
1.51363;2.78836;0.00772009;
1.51373;2.78559;0.00768764;
1.51383;2.78282;0.00772006;
1.51393;2.78006;0.00768764;
1.51403;2.7773;0.00772004;
1.51413;2.77454;0.00768763;
1.51423;2.77178;0.00772002;
1.51433;2.76902;0.00768762;
1.51443;2.76627;0.00772;
1.51453;2.76352;0.00768762;
1.51463;2.76078;0.00771998;
1.51473;2.75803;0.00768761;
1.51483;2.75529;0.00771996;
1.51493;2.75255;0.0076876;
1.51503;2.74982;0.00771994;
1.51513;2.74709;0.00768759;
1.51523;2.74436;0.00771992;
1.51533;2.74163;0.00768759;
1.51543;2.73891;0.0077199;
1.51553;2.73618;0.00768758;
1.51563;2.73347;0.00771988;
1.51573;2.73075;0.00768758;
1.51583;2.72804;0.00771986;
1.51593;2.72533;0.00768757;
1.51603;2.72262;0.00771984;
1.51613;2.71991;0.00768756;
1.51623;2.71721;0.00771981;
1.51633;2.71451;0.00768756;
1.51643;2.71181;0.00771979;
1.51653;2.70912;0.00768755;
1.51663;2.70643;0.00771977;
1.51673;2.70374;0.00768754;
1.51683;2.70105;0.00771975;
1.51693;2.69837;0.00768754;
1.51703;2.69569;0.00771973;
1.51713;2.69301;0.00768753;
1.51723;2.69033;0.00771971;
1.51733;2.68766;0.00768752;
1.51743;2.68499;0.00771969;
1.51753;2.68232;0.00768752;
1.51763;2.67966;0.00771967;
1.51773;2.67699;0.00768751;
1.51783;2.67433;0.00771965;
1.51793;2.67168;0.0076875;
1.51803;2.66902;0.00771963;
1.51813;2.66637;0.0076875;
1.51823;2.66372;0.00771961;
1.51833;2.66107;0.00768749;
1.51843;2.65843;0.00771959;
1.51853;2.65579;0.00768749;
1.51863;2.65315;0.00771957;
1.51873;2.65051;0.00768748;
1.51883;2.64788;0.00771955;
1.51893;2.64525;0.00768747;
1.51903;2.64262;0.00771953;
1.51913;2.64;0.00768747;
1.51923;2.63737;0.00771951;
1.51933;2.63475;0.00768746;
1.51943;2.63214;0.00771949;
1.51953;2.62952;0.00768746;
1.51963;2.62691;0.00771947;
1.51973;2.6243;0.00768745;
1.51983;2.62169;0.00771945;
1.51993;2.61909;0.00768744;
1.52003;2.61649;0.00771942;
1.52013;2.61389;0.00768744;
1.52023;2.61129;0.0077194;
1.52033;2.6087;0.00768743;
1.52043;2.6061;0.00771938;
1.52053;2.60351;0.00768743;
1.52063;2.60093;0.00771936;
1.52073;2.59834;0.00768742;
1.52083;2.59576;0.00771934;
1.52093;2.59318;0.00768741;
1.52103;2.59061;0.00771932;
1.52113;2.58803;0.00768741;
1.52123;2.58546;0.0077193;
1.52133;2.5829;0.0076874;
1.52143;2.58033;0.00771928;
1.52153;2.57777;0.0076874;
1.52163;2.57521;0.00771926;
1.52173;2.57265;0.00768739;
1.52183;2.57009;0.00771924;
1.52193;2.56754;0.00768739;
1.52203;2.56499;0.00771922;
1.52213;2.56244;0.00768738;
1.52223;2.5599;0.0077192;
1.52233;2.55735;0.00768737;
1.52243;2.55481;0.00771918;
1.52253;2.55227;0.00768737;
1.52263;2.54974;0.00771916;
1.52273;2.54721;0.00768736;
1.52283;2.54468;0.00771914;
1.52293;2.54215;0.00768736;
1.52303;2.53962;0.00771912;
1.52313;2.5371;0.00768735;
1.52323;2.53458;0.0077191;
1.52333;2.53206;0.00768735;
1.52343;2.52955;0.00771908;
1.52353;2.52704;0.00768734;
1.52363;2.52453;0.00771906;
1.52373;2.52202;0.00768734;
1.52383;2.51951;0.00771904;
1.52393;2.51701;0.00768733;
1.52403;2.51451;0.00771902;
1.52413;2.51201;0.00768733;
1.52423;2.50952;0.007719;
1.52433;2.50703;0.00768732;
1.52443;2.50454;0.00771898;
1.52453;2.50205;0.00768732;
1.52463;2.49956;0.00771896;
1.52473;2.49708;0.00768731;
1.52483;2.4946;0.00771894;
1.52493;2.49212;0.0076873;
1.52503;2.48965;0.00771892;
1.52513;2.48717;0.0076873;
1.52523;2.4847;0.0077189;
1.52533;2.48224;0.00768729;
1.52543;2.47977;0.00771888;
1.52553;2.47731;0.00768729;
1.52563;2.47485;0.00771887;
1.52573;2.47239;0.00768728;
1.52583;2.46993;0.00771885;
1.52593;2.46748;0.00768728;
1.52603;2.46503;0.00771883;
1.52613;2.46258;0.00768727;
1.52623;2.46014;0.00771881;
1.52633;2.45769;0.00768727;
1.52643;2.45525;0.00771879;
1.52653;2.45281;0.00768726;
1.52663;2.45038;0.00771877;
1.52673;2.44794;0.00768726;
1.52683;2.44551;0.00771875;
1.52693;2.44309;0.00768725;
1.52703;2.44066;0.00771873;
1.52713;2.43824;0.00768725;
1.52723;2.43581;0.00771871;
1.52733;2.43339;0.00768724;
1.52743;2.43098;0.00771869;
1.52753;2.42856;0.00768724;
1.52763;2.42615;0.00771867;
1.52773;2.42374;0.00768723;
1.52783;2.42134;0.00771865;
1.52793;2.41893;0.00768723;
1.52803;2.41653;0.00771863;
1.52813;2.41413;0.00768722;
1.52823;2.41173;0.00771861;
1.52833;2.40934;0.00768722;
1.52843;2.40695;0.00771859;
1.52853;2.40455;0.00768722;
1.52863;2.40217;0.00771857;
1.52873;2.39978;0.00768721;
1.52883;2.3974;0.00771855;
1.52893;2.39502;0.00768721;
1.52903;2.39264;0.00771853;
1.52913;2.39026;0.0076872;
1.52923;2.38789;0.00771851;
1.52933;2.38552;0.0076872;
1.52943;2.38315;0.00771849;
1.52953;2.38078;0.00768719;
1.52963;2.37842;0.00771848;
1.52973;2.37606;0.00768719;
1.52983;2.3737;0.00771846;
1.52993;2.37134;0.00768718;
1.53003;2.36899;0.00771844;
1.53013;2.36664;0.00768718;
1.53023;2.36429;0.00771842;
1.53033;2.36194;0.00768717;
1.53043;2.35959;0.0077184;
1.53053;2.35725;0.00768717;
1.53063;2.35491;0.00771838;
1.53073;2.35257;0.00768716;
1.53083;2.35024;0.00771836;
1.53093;2.3479;0.00768716;
1.53103;2.34557;0.00771834;
1.53113;2.34324;0.00768716;
1.53123;2.34092;0.00771832;
1.53133;2.33859;0.00768715;
1.53143;2.33627;0.0077183;
1.53153;2.33395;0.00768715;
1.53163;2.33163;0.00771828;
1.53173;2.32932;0.00768714;
1.53183;2.327;0.00771826;
1.53193;2.32469;0.00768714;
1.53203;2.32239;0.00771825;
1.53213;2.32008;0.00768713;
1.53223;2.31778;0.00771823;
1.53233;2.31548;0.00768713;
1.53243;2.31318;0.00771821;
1.53253;2.31088;0.00768713;
1.53263;2.30859;0.00771819;
1.53273;2.30629;0.00768712;
1.53283;2.304;0.00771817;
1.53293;2.30172;0.00768712;
1.53303;2.29943;0.00771815;
1.53313;2.29715;0.00768711;
1.53323;2.29487;0.00771813;
1.53333;2.29259;0.00768711;
1.53343;2.29031;0.00771811;
1.53353;2.28804;0.00768711;
1.53363;2.28577;0.00771809;
1.53373;2.2835;0.0076871;
1.53383;2.28123;0.00771808;
1.53393;2.27897;0.0076871;
1.53403;2.27671;0.00771806;
1.53413;2.27445;0.00768709;
1.53423;2.27219;0.00771804;
1.53433;2.26993;0.00768709;
1.53443;2.26768;0.00771802;
1.53453;2.26543;0.00768709;
1.53463;2.26318;0.007718;
1.53473;2.26093;0.00768708;
1.53483;2.25869;0.00771798;
1.53493;2.25645;0.00768708;
1.53503;2.25421;0.00771796;
1.53513;2.25197;0.00768707;
1.53523;2.24973;0.00771794;
1.53533;2.2475;0.00768707;
1.53543;2.24527;0.00771792;
1.53553;2.24304;0.00768707;
1.53563;2.24081;0.00771791;
1.53573;2.23859;0.00768706;
1.53583;2.23637;0.00771789;
1.53593;2.23415;0.00768706;
1.53603;2.23193;0.00771787;
1.53613;2.22972;0.00768803;
1.53623;2.2275;0.00771789;
1.53633;2.22529;0.00768802;
1.53643;2.22308;0.00771886;
1.53653;2.22088;0.00768802;
1.53663;2.21867;0.00771884;
1.53673;2.21647;0.00768801;
1.53683;2.21427;0.00771882;
1.53693;2.21207;0.00768801;
1.53703;2.20988;0.0077188;
1.53713;2.20768;0.007688;
1.53723;2.20549;0.00771878;
1.53733;2.2033;0.007688;
1.53743;2.20112;0.00771876;
1.53753;2.19893;0.00768799;
1.53763;2.19675;0.00771874;
1.53773;2.19457;0.00768799;
1.53783;2.19239;0.00771872;
1.53793;2.19021;0.00768798;
1.53803;2.18804;0.0077187;
1.53813;2.18587;0.00768798;
1.53823;2.1837;0.00771868;
1.53833;2.18153;0.00768797;
1.53843;2.17937;0.00771866;
1.53853;2.1772;0.00768797;
1.53863;2.17504;0.00771864;
1.53873;2.17288;0.00768796;
1.53883;2.17073;0.00771862;
1.53893;2.16857;0.00768796;
1.53903;2.16642;0.0077186;
1.53913;2.16427;0.00768795;
1.53923;2.16212;0.00771858;
1.53933;2.15998;0.00768795;
1.53943;2.15783;0.00771856;
1.53953;2.15569;0.00768794;
1.53963;2.15355;0.00771854;
1.53973;2.15142;0.00768794;
1.53983;2.14928;0.00771852;
1.53993;2.14715;0.00768793;
1.54003;2.14502;0.0077185;
1.54013;2.14289;0.00768793;
1.54023;2.14076;0.00771848;
1.54033;2.13864;0.00768792;
1.54043;2.13652;0.00771846;
1.54053;2.1344;0.00768792;
1.54063;2.13228;0.00771844;
1.54073;2.13016;0.00768792;
1.54083;2.12805;0.00771842;
1.54093;2.12594;0.00768791;
1.54103;2.12383;0.0077184;
1.54113;2.12172;0.00768791;
1.54123;2.11961;0.00771838;
1.54133;2.11751;0.0076879;
1.54143;2.11541;0.00771836;
1.54153;2.11331;0.0076879;
1.54163;2.11121;0.00771834;
1.54173;2.10912;0.00768789;
1.54183;2.10703;0.00771832;
1.54193;2.10494;0.00768789;
1.54203;2.10285;0.0077183;
1.54213;2.10076;0.00768788;
1.54223;2.09868;0.00771828;
1.54233;2.09659;0.00768788;
1.54243;2.09451;0.00771826;
1.54253;2.09243;0.00768787;
1.54263;2.09036;0.00771825;
1.54273;2.08828;0.00768787;
1.54283;2.08621;0.00771823;
1.54293;2.08414;0.00768787;
1.54303;2.08207;0.00771821;
1.54313;2.08001;0.00768786;
1.54323;2.07795;0.00771819;
1.54333;2.07588;0.00768786;
1.54343;2.07382;0.00771817;
1.54353;2.07177;0.00768785;
1.54363;2.06971;0.00771815;
1.54373;2.06766;0.00768785;
1.54383;2.06561;0.00771813;
1.54393;2.06356;0.00768784;
1.54403;2.06151;0.00771811;
1.54413;2.05946;0.00768784;
1.54423;2.05742;0.00771809;
1.54433;2.05538;0.00768784;
1.54443;2.05334;0.00771807;
1.54453;2.0513;0.00768783;
1.54463;2.04927;0.00771805;
1.54473;2.04724;0.00768783;
1.54483;2.0452;0.00771803;
1.54493;2.04318;0.00768782;
1.54503;2.04115;0.00771801;
1.54513;2.03912;0.00768782;
1.54523;2.0371;0.00771799;
1.54533;2.03508;0.00768782;
1.54543;2.03306;0.00771797;
1.54553;2.03104;0.00768781;
1.54563;2.02903;0.00771795;
1.54573;2.02702;0.00768781;
1.54583;2.02501;0.00771794;
1.54593;2.023;0.0076878;
1.54603;2.02099;0.00771792;
1.54613;2.01899;0.0076878;
1.54623;2.01698;0.0077179;
1.54633;2.01498;0.0076878;
1.54643;2.01298;0.00771788;
1.54653;2.01099;0.00768779;
1.54663;2.00899;0.00771786;
1.54673;2.007;0.00768779;
1.54683;2.00501;0.00771784;
1.54693;2.00302;0.00768778;
1.54703;2.00103;0.00771782;
1.54713;1.99905;0.00768778;
1.54723;1.99706;0.0077178;
1.54733;1.99508;0.00768778;
1.54743;1.9931;0.00771778;
1.54753;1.99113;0.00768777;
1.54763;1.98915;0.00771776;
1.54773;1.98718;0.00768777;
1.54783;1.98521;0.00771774;
1.54793;1.98324;0.00768777;
1.54803;1.98127;0.00771773;
1.54813;1.97931;0.00768776;
1.54823;1.97734;0.00771771;
1.54833;1.97538;0.00768776;
1.54843;1.97342;0.00771769;
1.54853;1.97147;0.00768775;
1.54863;1.96951;0.00771767;
1.54873;1.96756;0.00768775;
1.54883;1.96561;0.00771765;
1.54893;1.96366;0.00768775;
1.54903;1.96171;0.00771763;
1.54913;1.95976;0.00768774;
1.54923;1.95782;0.00771761;
1.54933;1.95588;0.00768774;
1.54943;1.95394;0.00771759;
1.54953;1.952;0.00768774;
1.54963;1.95006;0.00771757;
1.54973;1.94813;0.00768773;
1.54983;1.9462;0.00771755;
1.54993;1.94427;0.00768773;
1.55003;1.94234;0.00771754;
1.55013;1.94041;0.00768773;
1.55023;1.93849;0.00771752;
1.55033;1.93657;0.00768772;
1.55043;1.93465;0.0077175;
1.55053;1.93273;0.00768772;
1.55063;1.93081;0.00771748;
1.55073;1.9289;0.00768772;
1.55083;1.92698;0.00771746;
1.55093;1.92507;0.00768771;
1.55103;1.92317;0.00771744;
1.55113;1.92126;0.00768771;
1.55123;1.91935;0.00771742;
1.55133;1.91745;0.0076877;
1.55143;1.91555;0.0077174;
1.55153;1.91365;0.0076877;
1.55163;1.91175;0.00771738;
1.55173;1.90986;0.00768769;
1.55183;1.90796;0.00771736;
1.55193;1.90607;0.00768768;
1.55203;1.90418;0.00771733;
1.55213;1.90229;0.00768765;
1.55223;1.90041;0.00771728;
1.55233;1.89852;0.00768761;
1.55243;1.89664;0.00771721;
1.55253;1.89476;0.00768753;
1.55263;1.89288;0.0077171;
1.55273;1.891;0.0076874;
1.55283;1.88913;0.00771695;
1.55293;1.88726;0.00768723;
1.55303;1.88538;0.00771674;
1.55313;1.88351;0.00768699;
1.55323;1.88165;0.00771647;
1.55333;1.87978;0.00768667;
1.55343;1.87792;0.00771613;
1.55353;1.87606;0.00768627;
1.55363;1.8742;0.00771568;
1.55373;1.87234;0.00768572;
1.55383;1.87048;0.00771507;
1.55393;1.86863;0.00768495;
1.55403;1.86678;0.00771415;
1.55413;1.86492;0.00768371;
1.55423;1.86308;0.00771243;
1.55433;1.86123;0.00768087;
1.55443;1.85938;0.00770658;
1.55453;1.85754;0.00767091;
1.55463;1.8557;0.00769549;
1.55473;1.85386;0.00765887;
1.55483;1.85202;0.00768523;
1.55493;1.85019;0.00764533;
1.55494;1.84996;0.0076576;
1.55496;1.84962;0.00764505;
1.55497;1.8494;0.00762163;
1.55498;1.8492;0.00762173;
1.55498;1.84919;0.00769375;
1.55498;1.84919;0.00762622;
1.55498;1.84919;0.00763612;
1.55498;1.84918;0.00763536;
1.55498;1.84918;0.00757758;
1.55498;1.84918;0.00754036;
1.55498;1.84918;0.00732475;
1.55498;1.84918;0.00723726;
1.55498;1.84918;0.00696555;
1.55498;1.84918;0.0107626;
1.55498;1.84918;0.158613;
1.55498;1.84918;0.928159;
1.55498;1.84918;1.63153;
1.55498;1.84918;2.13535;
1.55498;1.84918;2.50427;
1.55498;1.84918;2.73906;
1.55498;1.84918;2.90814;
1.55498;1.84918;3.04545;
1.55498;1.84918;3.16076;
1.55498;1.84918;3.28747;
1.55498;1.84918;3.42285;
1.55498;1.84918;3.51572;
1.55498;1.84918;3.56648;
1.55498;1.84918;3.59145;
1.55498;1.84918;3.60186;
1.55498;1.84919;3.6093;
1.55498;1.84919;3.61068;
1.55498;1.84919;3.61356;
1.55498;1.84919;3.61265;
1.55498;1.84919;3.61426;
1.55498;1.84919;3.61295;
1.55498;1.84919;3.61428;
1.55498;1.84919;3.61299;
1.55498;1.84919;3.61426;
1.55498;1.8492;3.613;
1.55498;1.8492;3.61425;
1.55498;1.8492;3.61302;
1.55499;1.8492;3.61423;
1.55499;1.84921;3.61303;
1.55499;1.84921;3.61423;
1.55499;1.84922;3.61303;
1.55499;1.84924;3.61423;
1.55499;1.84927;3.61303;
1.55499;1.84934;3.61422;
1.555;1.84948;3.61303;
1.55502;1.84975;3.61422;
1.55505;1.85028;3.61303;
1.55512;1.85136;3.61423;
1.55522;1.85293;3.61303;
1.55532;1.85451;3.61423;
1.55542;1.85608;3.61303;
1.55552;1.85765;3.61423;
1.55562;1.85922;3.61303;
1.55572;1.86079;3.61423;
1.55582;1.86236;3.61303;
1.55592;1.86393;3.61423;
1.55602;1.8655;3.61303;
1.55612;1.86707;3.61423;
1.55622;1.86863;3.61303;
1.55632;1.8702;3.61423;
1.55642;1.87176;3.61303;
1.55652;1.87332;3.61423;
1.55662;1.87489;3.61303;
1.55672;1.87645;3.61423;
1.55682;1.87801;3.61303;
1.55692;1.87957;3.61423;
1.55702;1.88113;3.61303;
1.55712;1.88269;3.61423;
1.55722;1.88425;3.61303;
1.55732;1.88581;3.61423;
1.55742;1.88736;3.61303;
1.55752;1.88892;3.61423;
1.55762;1.89047;3.61303;
1.55772;1.89203;3.61423;
1.55782;1.89358;3.61303;
1.55792;1.89514;3.61423;
1.55802;1.89669;3.61303;
1.55812;1.89824;3.61423;
1.55822;1.89979;3.61303;
1.55832;1.90134;3.61423;
1.55842;1.90289;3.61303;
1.55852;1.90444;3.61423;
1.55862;1.90598;3.61303;
1.55872;1.90753;3.61423;
1.55882;1.90908;3.61303;
1.55892;1.91062;3.61423;
1.55902;1.91217;3.61303;
1.55912;1.91371;3.61423;
1.55922;1.91525;3.61303;
1.55932;1.91679;3.61423;
1.55942;1.91834;3.61303;
1.55952;1.91988;3.61423;
1.55962;1.92142;3.61303;
1.55972;1.92295;3.61423;
1.55982;1.92449;3.61303;
1.55992;1.92603;3.61423;
1.56002;1.92757;3.61303;
1.56012;1.9291;3.61423;
1.56022;1.93064;3.61303;
1.56032;1.93217;3.61423;
1.56042;1.93371;3.61303;
1.56052;1.93524;3.61423;
1.56062;1.93677;3.61303;
1.56072;1.9383;3.61423;
1.56082;1.93983;3.61303;
1.56092;1.94136;3.61423;
1.56102;1.94289;3.61303;
1.56112;1.94442;3.61423;
1.56122;1.94595;3.61304;
1.56132;1.94747;3.61423;
1.56142;1.949;3.61304;
1.56152;1.95052;3.61423;
1.56162;1.95205;3.61304;
1.56172;1.95357;3.61423;
1.56182;1.95509;3.61304;
1.56192;1.95662;3.61423;
1.56202;1.95814;3.61304;
1.56212;1.95966;3.61423;
1.56222;1.96118;3.61304;
1.56232;1.9627;3.61423;
1.56242;1.96421;3.61304;
1.56252;1.96573;3.61423;
1.56262;1.96725;3.61304;
1.56272;1.96876;3.61423;
1.56282;1.97028;3.61304;
1.56292;1.97179;3.61423;
1.56302;1.97331;3.61304;
1.56312;1.97482;3.61423;
1.56322;1.97633;3.61304;
1.56332;1.97784;3.61423;
1.56342;1.97936;3.61304;
1.56352;1.98087;3.61423;
1.56362;1.98237;3.61304;
1.56372;1.98388;3.61423;
1.56382;1.98539;3.61304;
1.56392;1.9869;3.61423;
1.56402;1.9884;3.61304;
1.56412;1.98991;3.61423;
1.56422;1.99141;3.61304;
1.56432;1.99292;3.61423;
1.56442;1.99442;3.61304;
1.56452;1.99592;3.61423;
1.56462;1.99742;3.61304;
1.56472;1.99893;3.61423;
1.56482;2.00043;3.61304;
1.56492;2.00192;3.61423;
1.56502;2.00342;3.61304;
1.56512;2.00492;3.61423;
1.56522;2.00642;3.61303;
1.56532;2.00791;3.61423;
1.56542;2.00941;3.61303;
1.56552;2.0109;3.61422;
1.56562;2.0124;3.61303;
1.56572;2.01389;3.61422;
1.56582;2.01538;3.61303;
1.56592;2.01688;3.61422;
1.56602;2.01837;3.61303;
1.56612;2.01986;3.61422;
1.56622;2.02135;3.61303;
1.56632;2.02284;3.61422;
1.56642;2.02433;3.61303;
1.56652;2.02581;3.61422;
1.56662;2.0273;3.61303;
1.56672;2.02879;3.61422;
1.56682;2.03027;3.61303;
1.56692;2.03175;3.61422;
1.56702;2.03324;3.61303;
1.56712;2.03472;3.61422;
1.56722;2.0362;3.61303;
1.56732;2.03768;3.61422;
1.56742;2.03917;3.61303;
1.56752;2.04065;3.61422;
1.56762;2.04212;3.61303;
1.56772;2.0436;3.61422;
1.56782;2.04508;3.61303;
1.56792;2.04656;3.61422;
1.56802;2.04803;3.61303;
1.56812;2.04951;3.61422;
1.56822;2.05098;3.61303;
1.56832;2.05246;3.61422;
1.56842;2.05393;3.61303;
1.56852;2.0554;3.61422;
1.56862;2.05688;3.61303;
1.56872;2.05835;3.61422;
1.56882;2.05982;3.61303;
1.56892;2.06129;3.61422;
1.56902;2.06276;3.61303;
1.56912;2.06422;3.61422;
1.56922;2.06569;3.61303;
1.56932;2.06716;3.61422;
1.56942;2.06863;3.61303;
1.56952;2.07009;3.61422;
1.56962;2.07155;3.61303;
1.56972;2.07302;3.61422;
1.56982;2.07448;3.61303;
1.56992;2.07594;3.61422;
1.57002;2.07741;3.61303;
1.57012;2.07887;3.61422;
1.57022;2.08033;3.61303;
1.57032;2.08179;3.61422;
1.57042;2.08324;3.61303;
1.57052;2.0847;3.61422;
1.57062;2.08616;3.61303;
1.57072;2.08762;3.61422;
1.57082;2.08907;3.61303;
1.57092;2.09053;3.61422;
1.57102;2.09198;3.61303;
1.57112;2.09343;3.61422;
1.57122;2.09489;3.61303;
1.57132;2.09634;3.61422;
1.57142;2.09779;3.61303;
1.57152;2.09924;3.61422;
1.57162;2.10069;3.61303;
1.57172;2.10214;3.61422;
1.57182;2.10359;3.61303;
1.57192;2.10504;3.61422;
1.57202;2.10648;3.61303;
1.57212;2.10793;3.61422;
1.57222;2.10938;3.61303;
1.57232;2.11082;3.61422;
1.57242;2.11227;3.61303;
1.57252;2.11371;3.61422;
1.57262;2.11515;3.61303;
1.57272;2.11659;3.61422;
1.57282;2.11803;3.61303;
1.57292;2.11948;3.61422;
1.57302;2.12092;3.61303;
1.57312;2.12235;3.61422;
1.57322;2.12379;3.61303;
1.57332;2.12523;3.61422;
1.57342;2.12667;3.61303;
1.57352;2.1281;3.61422;
1.57362;2.12954;3.61303;
1.57372;2.13097;3.61422;
1.57382;2.13241;3.61303;
1.57392;2.13384;3.61422;
1.57402;2.13527;3.61303;
1.57412;2.13671;3.61422;
1.57422;2.13814;3.61303;
1.57432;2.13957;3.61422;
1.57442;2.141;3.61303;
1.57452;2.14243;3.61422;
1.57462;2.14385;3.61303;
1.57472;2.14528;3.61422;
1.57482;2.14671;3.61303;
1.57492;2.14814;3.61422;
1.57502;2.14956;3.61303;
1.57512;2.15099;3.61422;
1.57522;2.15241;3.61303;
1.57532;2.15383;3.61422;
1.57542;2.15526;3.61303;
1.57552;2.15668;3.61422;
1.57562;2.1581;3.61303;
1.57572;2.15952;3.61422;
1.57582;2.16094;3.61303;
1.57592;2.16236;3.61422;
1.57602;2.16378;3.61303;
1.57612;2.16519;3.61422;
1.57622;2.16661;3.61303;
1.57632;2.16803;3.61422;
1.57642;2.16944;3.61303;
1.57652;2.17086;3.61422;
1.57662;2.17227;3.61303;
1.57672;2.17369;3.61422;
1.57682;2.1751;3.61303;
1.57692;2.17651;3.61422;
1.57702;2.17792;3.61303;
1.57712;2.17933;3.61422;
1.57722;2.18074;3.61303;
1.57732;2.18215;3.61422;
1.57742;2.18356;3.61303;
1.57752;2.18497;3.61422;
1.57762;2.18638;3.61303;
1.57772;2.18778;3.61422;
1.57782;2.18919;3.61304;
1.57792;2.19059;3.61422;
1.57802;2.192;3.61304;
1.57812;2.1934;3.61422;
1.57822;2.1948;3.61304;
1.57832;2.19621;3.61422;
1.57842;2.19761;3.61304;
1.57852;2.19901;3.61422;
1.57862;2.20041;3.61304;
1.57872;2.20181;3.61422;
1.57882;2.20321;3.61304;
1.57892;2.2046;3.61422;
1.57902;2.206;3.61304;
1.57912;2.2074;3.61422;
1.57922;2.20879;3.61304;
1.57932;2.21019;3.61422;
1.57942;2.21158;3.61304;
1.57952;2.21298;3.61422;
1.57962;2.21437;3.61304;
1.57972;2.21576;3.61422;
1.57982;2.21715;3.61304;
1.57992;2.21854;3.61422;
1.58002;2.21994;3.61304;
1.58012;2.22132;3.61422;
1.58022;2.22271;3.61304;
1.58032;2.2241;3.61422;
1.58042;2.22549;3.61304;
1.58052;2.22688;3.61422;
1.58062;2.22826;3.61304;
1.58072;2.22965;3.61422;
1.58082;2.23103;3.61304;
1.58092;2.23242;3.61422;
1.58102;2.2338;3.61304;
1.58112;2.23518;3.61422;
1.58122;2.23656;3.61304;
1.58132;2.23795;3.61422;
1.58142;2.23933;3.61304;
1.58152;2.24071;3.61422;
1.58162;2.24209;3.61304;
1.58172;2.24346;3.61422;
1.58182;2.24484;3.61304;
1.58192;2.24622;3.61422;
1.58202;2.2476;3.61304;
1.58212;2.24897;3.61422;
1.58222;2.25035;3.61304;
1.58232;2.25172;3.61422;
1.58242;2.25309;3.61304;
1.58252;2.25447;3.61422;
1.58262;2.25584;3.61304;
1.58272;2.25721;3.61422;
1.58282;2.25858;3.61304;
1.58292;2.25995;3.61422;
1.58302;2.26132;3.61304;
1.58312;2.26269;3.61422;
1.58322;2.26406;3.61304;
1.58332;2.26543;3.61422;
1.58342;2.26679;3.61304;
1.58352;2.26816;3.61422;
1.58362;2.26953;3.61304;
1.58372;2.27089;3.61422;
1.58382;2.27226;3.61304;
1.58392;2.27362;3.61422;
1.58402;2.27498;3.61304;
1.58412;2.27634;3.61422;
1.58422;2.2777;3.61304;
1.58432;2.27907;3.61422;
1.58442;2.28043;3.61304;
1.58452;2.28178;3.61422;
1.58462;2.28314;3.61304;
1.58472;2.2845;3.61422;
1.58482;2.28586;3.61304;
1.58492;2.28722;3.61422;
1.58502;2.28857;3.61304;
1.58512;2.28993;3.61422;
1.58522;2.29128;3.61304;
1.58532;2.29264;3.61422;
1.58542;2.29399;3.61304;
1.58552;2.29534;3.61422;
1.58562;2.29669;3.61304;
1.58572;2.29804;3.61422;
1.58582;2.2994;3.61304;
1.58592;2.30075;3.61422;
1.58602;2.30209;3.61304;
1.58612;2.30344;3.61422;
1.58622;2.30479;3.61304;
1.58632;2.30614;3.61422;
1.58642;2.30748;3.61304;
1.58652;2.30883;3.61422;
1.58662;2.31018;3.61304;
1.58672;2.31152;3.61422;
1.58682;2.31286;3.61304;
1.58692;2.31421;3.61422;
1.58702;2.31555;3.61304;
1.58712;2.31689;3.61422;
1.58722;2.31823;3.61304;
1.58732;2.31957;3.61422;
1.58742;2.32091;3.61304;
1.58752;2.32225;3.61422;
1.58762;2.32359;3.61304;
1.58772;2.32493;3.61422;
1.58782;2.32627;3.61304;
1.58792;2.3276;3.61422;
1.58802;2.32894;3.61304;
1.58812;2.33027;3.61422;
1.58822;2.33161;3.61304;
1.58832;2.33294;3.61422;
1.58842;2.33427;3.61304;
1.58852;2.33561;3.61422;
1.58862;2.33694;3.61304;
1.58872;2.33827;3.61422;
1.58882;2.3396;3.61304;
1.58892;2.34093;3.61422;
1.58902;2.34226;3.61304;
1.58912;2.34359;3.61422;
1.58922;2.34492;3.61304;
1.58932;2.34624;3.61422;
1.58942;2.34757;3.61304;
1.58952;2.34889;3.61422;
1.58962;2.35022;3.61304;
1.58972;2.35154;3.61422;
1.58982;2.35287;3.61304;
1.58992;2.35419;3.61422;
1.59002;2.35551;3.61304;
1.59012;2.35684;3.61422;
1.59022;2.35816;3.61304;
1.59032;2.35948;3.61422;
1.59042;2.3608;3.61304;
1.59052;2.36212;3.61422;
1.59062;2.36343;3.61304;
1.59072;2.36475;3.61422;
1.59082;2.36607;3.61304;
1.59092;2.36739;3.61422;
1.59102;2.3687;3.61304;
1.59112;2.37002;3.61422;
1.59122;2.37133;3.61304;
1.59132;2.37265;3.61422;
1.59142;2.37396;3.61304;
1.59152;2.37527;3.61422;
1.59162;2.37658;3.61304;
1.59172;2.3779;3.61422;
1.59182;2.37921;3.61304;
1.59192;2.38052;3.61422;
1.59202;2.38183;3.61304;
1.59212;2.38313;3.61422;
1.59222;2.38444;3.61304;
1.59232;2.38575;3.61422;
1.59242;2.38706;3.61304;
1.59252;2.38836;3.61422;
1.59262;2.38967;3.61304;
1.59272;2.39097;3.61422;
1.59282;2.39228;3.61304;
1.59292;2.39358;3.61422;
1.59302;2.39488;3.61304;
1.59312;2.39619;3.61422;
1.59322;2.39749;3.61304;
1.59332;2.39879;3.61422;
1.59342;2.40009;3.61304;
1.59352;2.40139;3.61422;
1.59362;2.40269;3.61304;
1.59372;2.40398;3.61422;
1.59382;2.40528;3.61304;
1.59392;2.40658;3.61422;
1.59402;2.40788;3.61304;
1.59412;2.40917;3.61422;
1.59422;2.41047;3.61304;
1.59432;2.41176;3.61422;
1.59442;2.41305;3.61304;
1.59452;2.41435;3.61422;
1.59462;2.41564;3.61304;
1.59472;2.41693;3.61422;
1.59482;2.41822;3.61304;
1.59492;2.41951;3.61422;
1.59502;2.4208;3.61304;
1.59512;2.42209;3.61422;
1.59522;2.42338;3.61304;
1.59532;2.42467;3.61422;
1.59542;2.42596;3.61304;
1.59552;2.42724;3.61422;
1.59562;2.42853;3.61304;
1.59572;2.42981;3.61422;
1.59582;2.4311;3.61304;
1.59592;2.43238;3.61422;
1.59602;2.43367;3.61304;
1.59612;2.43495;3.61422;
1.59622;2.43623;3.61304;
1.59632;2.43751;3.61422;
1.59642;2.43879;3.61304;
1.59652;2.44007;3.61422;
1.59662;2.44135;3.61304;
1.59672;2.44263;3.61422;
1.59682;2.44391;3.61304;
1.59692;2.44519;3.61422;
1.59702;2.44646;3.61304;
1.59712;2.44774;3.61422;
1.59722;2.44902;3.61304;
1.59732;2.45029;3.61422;
1.59742;2.45157;3.61304;
1.59752;2.45284;3.61422;
1.59762;2.45411;3.61304;
1.59772;2.45539;3.61422;
1.59782;2.45666;3.61304;
1.59792;2.45793;3.61422;
1.59802;2.4592;3.61304;
1.59812;2.46047;3.61422;
1.59822;2.46174;3.61304;
1.59832;2.46301;3.61422;
1.59842;2.46428;3.61304;
1.59852;2.46554;3.61422;
1.59862;2.46681;3.61304;
1.59872;2.46808;3.61422;
1.59882;2.46934;3.61304;
1.59892;2.47061;3.61422;
1.59902;2.47187;3.61304;
1.59912;2.47314;3.61422;
1.59922;2.4744;3.61304;
1.59932;2.47566;3.61422;
1.59942;2.47692;3.61304;
1.59952;2.47818;3.61422;
1.59962;2.47944;3.61304;
1.59972;2.4807;3.61422;
1.59982;2.48196;3.61304;
1.59992;2.48322;3.61422;
1.60002;2.48448;3.61304;
1.60012;2.48574;3.61422;
1.60022;2.48699;3.61304;
1.60032;2.48825;3.61422;
1.60042;2.48951;3.61304;
1.60052;2.49076;3.61422;
1.60062;2.49202;3.61304;
1.60072;2.49327;3.61422;
1.60082;2.49452;3.61304;
1.60092;2.49577;3.61422;
1.60102;2.49703;3.61304;
1.60112;2.49828;3.61422;
1.60122;2.49953;3.61304;
1.60132;2.50078;3.61422;
1.60142;2.50203;3.61304;
1.60152;2.50328;3.61422;
1.60162;2.50452;3.61304;
1.60172;2.50577;3.61422;
1.60182;2.50702;3.61304;
1.60192;2.50826;3.61422;
1.60202;2.50951;3.61304;
1.60212;2.51075;3.61422;
1.60222;2.512;3.61304;
1.60232;2.51324;3.61422;
1.60242;2.51448;3.61304;
1.60252;2.51573;3.61422;
1.60262;2.51697;3.61304;
1.60272;2.51821;3.61422;
1.60282;2.51945;3.61304;
1.60292;2.52069;3.61422;
1.60302;2.52193;3.61304;
1.60312;2.52317;3.61422;
1.60322;2.52441;3.61304;
1.60332;2.52564;3.61422;
1.60342;2.52688;3.61304;
1.60352;2.52812;3.61422;
1.60362;2.52935;3.61304;
1.60372;2.53059;3.61422;
1.60382;2.53182;3.61304;
1.60392;2.53306;3.61422;
1.60402;2.53429;3.61304;
1.60412;2.53552;3.61422;
1.60422;2.53675;3.61304;
1.60432;2.53798;3.61422;
1.60442;2.53921;3.61304;
1.60452;2.54044;3.61422;
1.60462;2.54167;3.61304;
1.60472;2.5429;3.61422;
1.60482;2.54413;3.61304;
1.60492;2.54536;3.61422;
1.60502;2.54659;3.61304;
1.60512;2.54781;3.61422;
1.60522;2.54904;3.61304;
1.60532;2.55026;3.61422;
1.60542;2.55149;3.61304;
1.60552;2.55271;3.61422;
1.60562;2.55393;3.61304;
1.60572;2.55516;3.61422;
1.60582;2.55638;3.61304;
1.60592;2.5576;3.61422;
1.60602;2.55882;3.61304;
1.60612;2.56004;3.61422;
1.60622;2.56126;3.61304;
1.60632;2.56248;3.61422;
1.60642;2.5637;3.61304;
1.60652;2.56492;3.61422;
1.60662;2.56613;3.61304;
1.60672;2.56735;3.61422;
1.60682;2.56857;3.61304;
1.60692;2.56978;3.61422;
1.60702;2.571;3.61304;
1.60712;2.57221;3.61422;
1.60722;2.57342;3.61304;
1.60732;2.57464;3.61422;
1.60742;2.57585;3.61304;
1.60752;2.57706;3.61422;
1.60762;2.57827;3.61304;
1.60772;2.57948;3.61422;
1.60782;2.58069;3.61304;
1.60792;2.5819;3.61422;
1.60802;2.58311;3.61304;
1.60812;2.58432;3.61422;
1.60822;2.58553;3.61304;
1.60832;2.58673;3.61422;
1.60842;2.58794;3.61304;
1.60852;2.58914;3.61422;
1.60862;2.59035;3.61304;
1.60872;2.59155;3.61422;
1.60882;2.59276;3.61304;
1.60892;2.59396;3.61422;
1.60902;2.59516;3.61304;
1.60912;2.59637;3.61422;
1.60922;2.59757;3.61304;
1.60932;2.59877;3.61422;
1.60942;2.59997;3.61304;
1.60952;2.60117;3.61422;
1.60962;2.60237;3.61304;
1.60972;2.60357;3.61422;
1.60982;2.60476;3.61304;
1.60992;2.60596;3.61422;
1.61002;2.60716;3.61304;
1.61012;2.60835;3.61422;
1.61022;2.60955;3.61304;
1.61032;2.61074;3.61422;
1.61042;2.61194;3.61304;
1.61052;2.61313;3.61422;
1.61062;2.61432;3.61304;
1.61072;2.61552;3.61422;
1.61082;2.61671;3.61304;
1.61092;2.6179;3.61422;
1.61102;2.61909;3.61304;
1.61112;2.62028;3.61422;
1.61122;2.62147;3.61304;
1.61132;2.62266;3.61422;
1.61142;2.62385;3.61304;
1.61152;2.62504;3.61422;
1.61162;2.62622;3.61304;
1.61172;2.62741;3.61422;
1.61182;2.6286;3.61304;
1.61192;2.62978;3.61422;
1.61202;2.63097;3.61304;
1.61212;2.63215;3.61422;
1.61222;2.63333;3.61304;
1.61232;2.63452;3.61422;
1.61242;2.6357;3.61304;
1.61252;2.63688;3.61422;
1.61262;2.63806;3.61304;
1.61272;2.63924;3.61422;
1.61282;2.64042;3.61304;
1.61292;2.6416;3.61422;
1.61302;2.64278;3.61304;
1.61312;2.64396;3.61422;
1.61322;2.64514;3.61304;
1.61332;2.64631;3.61422;
1.61342;2.64749;3.61304;
1.61352;2.64867;3.61422;
1.61362;2.64984;3.61304;
1.61372;2.65102;3.61422;
1.61382;2.65219;3.61304;
1.61392;2.65336;3.61422;
1.61402;2.65454;3.61304;
1.61412;2.65571;3.61422;
1.61422;2.65688;3.61304;
1.61432;2.65805;3.61422;
1.61442;2.65922;3.61304;
1.61452;2.66039;3.61422;
1.61462;2.66156;3.61304;
1.61472;2.66273;3.61422;
1.61482;2.6639;3.61304;
1.61492;2.66507;3.61422;
1.61502;2.66623;3.61304;
1.61512;2.6674;3.61422;
1.61522;2.66857;3.61304;
1.61532;2.66973;3.61422;
1.61542;2.6709;3.61304;
1.61552;2.67206;3.61422;
1.61562;2.67322;3.61304;
1.61572;2.67439;3.61422;
1.61582;2.67555;3.61304;
1.61592;2.67671;3.61422;
1.61602;2.67787;3.61304;
1.61612;2.67903;3.61422;
1.61622;2.68019;3.61304;
1.61632;2.68135;3.61422;
1.61642;2.68251;3.61304;
1.61652;2.68367;3.61422;
1.61662;2.68483;3.61304;
1.61672;2.68599;3.61422;
1.61682;2.68714;3.61304;
1.61692;2.6883;3.61422;
1.61702;2.68945;3.61304;
1.61712;2.69061;3.61422;
1.61722;2.69176;3.61304;
1.61732;2.69292;3.61422;
1.61742;2.69407;3.61304;
1.61752;2.69522;3.61422;
1.61762;2.69637;3.61304;
1.61772;2.69753;3.61422;
1.61782;2.69868;3.61304;
1.61792;2.69983;3.61422;
1.61802;2.70098;3.61304;
1.61812;2.70213;3.61422;
1.61822;2.70327;3.61304;
1.61832;2.70442;3.61422;
1.61842;2.70557;3.61304;
1.61852;2.70672;3.61422;
1.61862;2.70786;3.61304;
1.61872;2.70901;3.61422;
1.61882;2.71015;3.61304;
1.61892;2.7113;3.61422;
1.61902;2.71244;3.61304;
1.61912;2.71359;3.61422;
1.61922;2.71473;3.61304;
1.61932;2.71587;3.61422;
1.61942;2.71701;3.61304;
1.61952;2.71815;3.61422;
1.61962;2.71929;3.61304;
1.61972;2.72043;3.61422;
1.61982;2.72157;3.61304;
1.61992;2.72271;3.61422;
1.62002;2.72385;3.61304;
1.62012;2.72499;3.61422;
1.62022;2.72613;3.61304;
1.62032;2.72726;3.61422;
1.62042;2.7284;3.61304;
1.62052;2.72953;3.61422;
1.62062;2.73067;3.61304;
1.62072;2.7318;3.61422;
1.62082;2.73294;3.61304;
1.62092;2.73407;3.61422;
1.62102;2.7352;3.61304;
1.62112;2.73634;3.61422;
1.62122;2.73747;3.61304;
1.62132;2.7386;3.61422;
1.62142;2.73973;3.61304;
1.62152;2.74086;3.61422;
1.62162;2.74199;3.61304;
1.62172;2.74312;3.61422;
1.62182;2.74424;3.61304;
1.62192;2.74537;3.61422;
1.62202;2.7465;3.61304;
1.62212;2.74762;3.61422;
1.62222;2.74875;3.61304;
1.62232;2.74988;3.61422;
1.62242;2.751;3.61304;
1.62252;2.75212;3.61422;
1.62262;2.75325;3.61304;
1.62272;2.75437;3.61422;
1.62282;2.75549;3.61304;
1.62292;2.75662;3.61422;
1.62302;2.75774;3.61304;
1.62312;2.75886;3.61422;
1.62322;2.75998;3.61304;
1.62332;2.7611;3.61422;
1.62342;2.76222;3.61304;
1.62352;2.76334;3.61422;
1.62362;2.76445;3.61304;
1.62372;2.76557;3.61422;
1.62382;2.76669;3.61304;
1.62392;2.7678;3.61422;
1.62402;2.76892;3.61304;
1.62412;2.77003;3.61422;
1.62422;2.77115;3.61304;
1.62432;2.77226;3.61422;
1.62442;2.77338;3.61304;
1.62452;2.77449;3.61422;
1.62462;2.7756;3.61304;
1.62472;2.77671;3.61422;
1.62482;2.77783;3.61304;
1.62492;2.77894;3.61422;
1.62502;2.78005;3.61304;
1.62512;2.78116;3.61422;
1.62522;2.78227;3.61304;
1.62532;2.78337;3.61422;
1.62542;2.78448;3.61304;
1.62552;2.78559;3.61422;
1.62562;2.7867;3.61304;
1.62572;2.7878;3.61422;
1.62582;2.78891;3.61304;
1.62592;2.79001;3.61422;
1.62602;2.79112;3.61304;
1.62612;2.79222;3.61422;
1.62622;2.79333;3.61304;
1.62632;2.79443;3.61422;
1.62642;2.79553;3.61304;
1.62652;2.79663;3.61422;
1.62662;2.79773;3.61304;
1.62672;2.79883;3.61422;
1.62682;2.79994;3.61304;
1.62692;2.80103;3.61422;
1.62702;2.80213;3.61304;
1.62712;2.80323;3.61422;
1.62722;2.80433;3.61304;
1.62732;2.80543;3.61422;
1.62742;2.80653;3.61304;
1.62752;2.80762;3.61422;
1.62762;2.80872;3.61304;
1.62772;2.80981;3.61422;
1.62782;2.81091;3.61304;
1.62792;2.812;3.61422;
1.62802;2.8131;3.61304;
1.62812;2.81419;3.61422;
1.62822;2.81528;3.61304;
1.62832;2.81637;3.61422;
1.62842;2.81746;3.61304;
1.62852;2.81856;3.61422;
1.62862;2.81965;3.61304;
1.62872;2.82074;3.61422;
1.62882;2.82182;3.61304;
1.62892;2.82291;3.61422;
1.62902;2.824;3.61304;
1.62912;2.82509;3.61422;
1.62922;2.82618;3.61304;
1.62932;2.82726;3.61422;
1.62942;2.82835;3.61304;
1.62952;2.82943;3.61422;
1.62962;2.83052;3.61304;
1.62972;2.8316;3.61422;
1.62982;2.83269;3.61304;
1.62992;2.83377;3.61422;
1.63002;2.83485;3.61304;
1.63012;2.83594;3.61422;
1.63022;2.83702;3.61304;
1.63032;2.8381;3.61422;
1.63042;2.83918;3.61304;
1.63052;2.84026;3.61422;
1.63062;2.84134;3.61304;
1.63072;2.84242;3.61422;
1.63082;2.8435;3.61304;
1.63092;2.84457;3.61422;
1.63102;2.84565;3.61304;
1.63112;2.84673;3.61422;
1.63122;2.84781;3.61304;
1.63132;2.84888;3.61422;
1.63142;2.84996;3.61304;
1.63152;2.85103;3.61422;
1.63162;2.85211;3.61304;
1.63172;2.85318;3.61422;
1.63182;2.85425;3.61304;
1.63192;2.85532;3.61422;
1.63202;2.8564;3.61304;
1.63212;2.85747;3.61422;
1.63222;2.85854;3.61304;
1.63232;2.85961;3.61422;
1.63242;2.86068;3.61304;
1.63252;2.86175;3.61422;
1.63262;2.86282;3.61304;
1.63272;2.86389;3.61422;
1.63282;2.86495;3.61304;
1.63292;2.86602;3.61422;
1.63302;2.86709;3.61304;
1.63312;2.86815;3.61422;
1.63322;2.86922;3.61304;
1.63332;2.87028;3.61422;
1.63342;2.87135;3.61304;
1.63352;2.87241;3.61422;
1.63362;2.87348;3.61304;
1.63372;2.87454;3.61422;
1.63382;2.8756;3.61304;
1.63392;2.87666;3.61422;
1.63402;2.87772;3.61304;
1.63412;2.87878;3.61422;
1.63422;2.87985;3.61304;
1.63432;2.8809;3.61422;
1.63442;2.88196;3.61304;
1.63452;2.88302;3.61422;
1.63462;2.88408;3.61304;
1.63472;2.88514;3.61422;
1.63482;2.8862;3.61304;
1.63492;2.88725;3.61422;
1.63502;2.88831;3.61304;
1.63512;2.88936;3.61422;
1.63522;2.89042;3.61304;
1.63532;2.89147;3.61422;
1.63542;2.89253;3.61304;
1.63552;2.89358;3.61422;
1.63562;2.89463;3.61304;
1.63572;2.89569;3.61422;
1.63582;2.89674;3.61304;
1.63592;2.89779;3.61422;
1.63602;2.89884;3.61304;
1.63612;2.89989;3.61422;
1.63622;2.90094;3.61304;
1.63632;2.90199;3.61422;
1.63642;2.90304;3.61304;
1.63652;2.90409;3.61422;
1.63662;2.90513;3.61304;
1.63672;2.90618;3.61422;
1.63682;2.90723;3.61304;
1.63692;2.90827;3.61422;
1.63702;2.90932;3.61304;
1.63712;2.91036;3.61422;
1.63722;2.91141;3.61304;
1.63732;2.91245;3.61422;
1.63742;2.9135;3.61304;
1.63752;2.91454;3.61422;
1.63762;2.91558;3.61304;
1.63772;2.91662;3.61422;
1.63782;2.91766;3.61304;
1.63792;2.9187;3.61422;
1.63802;2.91974;3.61304;
1.63812;2.92078;3.61422;
1.63822;2.92182;3.61304;
1.63832;2.92286;3.61422;
1.63842;2.9239;3.61304;
1.63852;2.92494;3.61422;
1.63862;2.92598;3.61304;
1.63872;2.92701;3.61422;
1.63882;2.92805;3.61304;
1.63892;2.92908;3.61422;
1.63902;2.93012;3.61304;
1.63912;2.93115;3.61422;
1.63922;2.93219;3.61304;
1.63932;2.93322;3.61422;
1.63942;2.93425;3.61304;
1.63952;2.93529;3.61422;
1.63962;2.93632;3.61304;
1.63972;2.93735;3.61422;
1.63982;2.93838;3.61304;
1.63992;2.93941;3.61422;
1.64002;2.94044;3.61304;
1.64012;2.94147;3.61422;
1.64022;2.9425;3.61304;
1.64032;2.94353;3.61422;
1.64042;2.94456;3.61304;
1.64052;2.94558;3.61422;
1.64062;2.94661;3.61304;
1.64072;2.94764;3.61422;
1.64082;2.94866;3.61304;
1.64092;2.94969;3.61422;
1.64102;2.95071;3.61304;
1.64112;2.95174;3.61422;
1.64122;2.95276;3.61304;
1.64132;2.95378;3.61422;
1.64142;2.95481;3.61304;
1.64152;2.95583;3.61422;
1.64162;2.95685;3.61304;
1.64172;2.95787;3.61422;
1.64182;2.95889;3.61304;
1.64192;2.95991;3.61422;
1.64202;2.96093;3.61304;
1.64212;2.96195;3.61422;
1.64222;2.96297;3.61304;
1.64232;2.96399;3.61422;
1.64242;2.96501;3.61304;
1.64252;2.96602;3.61422;
1.64262;2.96704;3.61304;
1.64272;2.96806;3.61422;
1.64282;2.96907;3.61304;
1.64292;2.97009;3.61422;
1.64302;2.9711;3.61304;
1.64312;2.97212;3.61422;
1.64322;2.97313;3.61304;
1.64332;2.97414;3.61422;
1.64342;2.97516;3.61304;
1.64352;2.97617;3.61422;
1.64362;2.97718;3.61304;
1.64372;2.97819;3.61422;
1.64382;2.9792;3.61304;
1.64392;2.98021;3.61422;
1.64402;2.98122;3.61304;
1.64412;2.98223;3.61422;
1.64422;2.98324;3.61304;
1.64432;2.98425;3.61422;
1.64442;2.98525;3.61304;
1.64452;2.98626;3.61422;
1.64462;2.98727;3.61304;
1.64472;2.98827;3.61422;
1.64482;2.98928;3.61304;
1.64492;2.99028;3.61422;
1.64502;2.99129;3.61304;
1.64512;2.99229;3.61422;
1.64522;2.9933;3.61304;
1.64532;2.9943;3.61422;
1.64542;2.9953;3.61304;
1.64552;2.9963;3.61422;
1.64562;2.99731;3.61304;
1.64572;2.99831;3.61422;
1.64582;2.99931;3.61304;
1.64592;3.00031;3.61422;
1.64602;3.00131;3.61304;
1.64612;3.00231;3.61422;
1.64622;3.0033;3.61304;
1.64632;3.0043;3.61422;
1.64642;3.0053;3.61304;
1.64652;3.0063;3.61422;
1.64662;3.00729;3.61304;
1.64672;3.00829;3.61422;
1.64682;3.00928;3.61304;
1.64692;3.01028;3.61422;
1.64702;3.01127;3.61304;
1.64712;3.01227;3.61422;
1.64722;3.01326;3.61304;
1.64732;3.01425;3.61422;
1.64742;3.01525;3.61304;
1.64752;3.01624;3.61422;
1.64762;3.01723;3.61304;
1.64772;3.01822;3.61422;
1.64782;3.01921;3.61304;
1.64792;3.0202;3.61422;
1.64802;3.02119;3.61304;
1.64812;3.02218;3.61422;
1.64822;3.02317;3.61304;
1.64832;3.02416;3.61422;
1.64842;3.02514;3.61304;
1.64852;3.02613;3.61422;
1.64862;3.02712;3.61304;
1.64872;3.0281;3.61422;
1.64882;3.02909;3.61304;
1.64892;3.03008;3.61422;
1.64902;3.03106;3.61304;
1.64912;3.03204;3.61422;
1.64922;3.03303;3.61304;
1.64932;3.03401;3.61422;
1.64942;3.03499;3.61304;
1.64952;3.03598;3.61422;
1.64962;3.03696;3.61304;
1.64972;3.03794;3.61422;
1.64982;3.03892;3.61304;
1.64992;3.0399;3.61422;
1.65002;3.04088;3.61304;
1.65012;3.04186;3.61422;
1.65022;3.04284;3.61304;
1.65032;3.04382;3.61422;
1.65042;3.04479;3.61304;
1.65052;3.04577;3.61422;
1.65062;3.04675;3.61304;
1.65072;3.04772;3.61422;
1.65082;3.0487;3.61304;
1.65092;3.04967;3.61422;
1.65102;3.05065;3.61304;
1.65112;3.05162;3.61422;
1.65122;3.0526;3.61304;
1.65132;3.05357;3.61422;
1.65142;3.05454;3.61304;
1.65152;3.05552;3.61421;
1.65162;3.05649;3.61304;
1.65172;3.05746;3.61421;
1.65182;3.05843;3.61304;
1.65192;3.0594;3.61421;
1.65202;3.06037;3.61304;
1.65212;3.06134;3.61421;
1.65222;3.06231;3.61304;
1.65232;3.06328;3.61421;
1.65242;3.06425;3.61304;
1.65252;3.06521;3.61421;
1.65262;3.06618;3.61304;
1.65272;3.06715;3.61421;
1.65282;3.06811;3.61304;
1.65292;3.06908;3.61421;
1.65302;3.07004;3.61304;
1.65312;3.07101;3.61421;
1.65322;3.07197;3.61304;
1.65332;3.07294;3.61421;
1.65342;3.0739;3.61304;
1.65352;3.07486;3.61421;
1.65362;3.07582;3.61304;
1.65372;3.07679;3.61421;
1.65382;3.07775;3.61304;
1.65392;3.07871;3.61421;
1.65402;3.07967;3.61304;
1.65412;3.08063;3.61421;
1.65422;3.08159;3.61304;
1.65432;3.08255;3.61421;
1.65442;3.0835;3.61304;
1.65452;3.08446;3.61421;
1.65462;3.08542;3.61304;
1.65472;3.08638;3.61421;
1.65482;3.08733;3.61304;
1.65492;3.08829;3.61421;
1.65502;3.08924;3.61304;
1.65512;3.0902;3.61421;
1.65522;3.09115;3.61304;
1.65532;3.09211;3.61421;
1.65542;3.09306;3.61304;
1.65552;3.09401;3.61421;
1.65562;3.09497;3.61304;
1.65572;3.09592;3.61421;
1.65582;3.09687;3.61304;
1.65592;3.09782;3.61421;
1.65602;3.09877;3.61304;
1.65612;3.09972;3.61421;
1.65622;3.10067;3.61304;
1.65632;3.10162;3.61421;
1.65642;3.10257;3.61304;
1.65652;3.10352;3.61421;
1.65662;3.10447;3.61304;
1.65672;3.10541;3.61421;
1.65682;3.10636;3.61304;
1.65692;3.10731;3.61421;
1.65702;3.10825;3.61304;
1.65712;3.1092;3.61421;
1.65722;3.11014;3.61304;
1.65732;3.11109;3.61421;
1.65742;3.11203;3.61304;
1.65752;3.11298;3.61421;
1.65762;3.11392;3.61304;
1.65772;3.11486;3.61421;
1.65782;3.1158;3.61304;
1.65792;3.11675;3.61421;
1.65802;3.11769;3.61304;
1.65812;3.11863;3.61421;
1.65822;3.11957;3.61304;
1.65832;3.12051;3.61421;
1.65842;3.12145;3.61304;
1.65852;3.12239;3.61421;
1.65862;3.12332;3.61304;
1.65872;3.12426;3.61421;
1.65882;3.1252;3.61304;
1.65892;3.12614;3.61421;
1.65902;3.12707;3.61304;
1.65912;3.12801;3.61421;
1.65922;3.12895;3.61304;
1.65932;3.12988;3.61421;
1.65942;3.13081;3.61304;
1.65952;3.13175;3.61421;
1.65962;3.13268;3.61304;
1.65972;3.13362;3.61421;
1.65982;3.13455;3.61304;
1.65992;3.13548;3.61421;
1.66002;3.13641;3.61304;
1.66012;3.13734;3.61421;
1.66022;3.13828;3.61304;
1.66032;3.13921;3.61421;
1.66042;3.14014;3.61304;
1.66052;3.14107;3.61421;
1.66062;3.14199;3.61304;
1.66072;3.14292;3.61421;
1.66082;3.14385;3.61304;
1.66092;3.14478;3.61421;
1.66102;3.14571;3.61304;
1.66112;3.14663;3.61421;
1.66122;3.14756;3.61304;
1.66132;3.14848;3.61421;
1.66142;3.14941;3.61304;
1.66152;3.15033;3.61421;
1.66162;3.15126;3.61304;
1.66172;3.15218;3.61421;
1.66182;3.15311;3.61304;
1.66192;3.15403;3.61421;
1.66202;3.15495;3.61304;
1.66212;3.15587;3.61421;
1.66222;3.1568;3.61304;
1.66232;3.15772;3.61421;
1.66242;3.15864;3.61304;
1.66252;3.15956;3.61421;
1.66262;3.16048;3.61304;
1.66272;3.1614;3.61421;
1.66282;3.16232;3.61304;
1.66292;3.16323;3.61421;
1.66302;3.16415;3.61304;
1.66312;3.16507;3.61421;
1.66322;3.16599;3.61304;
1.66332;3.1669;3.61421;
1.66342;3.16782;3.61304;
1.66352;3.16874;3.61421;
1.66362;3.16965;3.61304;
1.66372;3.17057;3.61421;
1.66382;3.17148;3.61304;
1.66392;3.17239;3.61421;
1.66402;3.17331;3.61304;
1.66412;3.17422;3.61421;
1.66422;3.17513;3.61304;
1.66432;3.17604;3.61421;
1.66442;3.17696;3.61304;
1.66452;3.17787;3.61421;
1.66462;3.17878;3.61304;
1.66472;3.17969;3.61421;
1.66482;3.1806;3.61304;
1.66492;3.18151;3.61421;
1.66502;3.18242;3.61304;
1.66512;3.18332;3.61421;
1.66522;3.18423;3.61304;
1.66532;3.18514;3.61421;
1.66542;3.18605;3.61304;
1.66552;3.18695;3.61421;
1.66562;3.18786;3.61304;
1.66572;3.18876;3.61421;
1.66582;3.18967;3.61304;
1.66592;3.19057;3.61421;
1.66602;3.19148;3.61304;
1.66612;3.19238;3.61421;
1.66622;3.19329;3.61304;
1.66632;3.19419;3.61421;
1.66642;3.19509;3.61304;
1.66652;3.19599;3.61421;
1.66662;3.19689;3.61304;
1.66672;3.1978;3.61421;
1.66682;3.1987;3.61304;
1.66692;3.1996;3.61421;
1.66702;3.2005;3.61304;
1.66712;3.2014;3.61421;
1.66722;3.20229;3.61304;
1.66732;3.20319;3.61421;
1.66742;3.20409;3.61304;
1.66752;3.20499;3.61421;
1.66762;3.20588;3.61304;
1.66772;3.20678;3.61421;
1.66782;3.20768;3.61304;
1.66792;3.20857;3.61421;
1.66802;3.20947;3.61304;
1.66812;3.21036;3.61421;
1.66822;3.21126;3.61304;
1.66832;3.21215;3.61421;
1.66842;3.21304;3.61304;
1.66852;3.21394;3.61421;
1.66862;3.21483;3.61304;
1.66872;3.21572;3.61421;
1.66882;3.21661;3.61304;
1.66892;3.21751;3.61421;
1.66902;3.2184;3.61304;
1.66912;3.21929;3.61421;
1.66922;3.22018;3.61304;
1.66932;3.22107;3.61421;
1.66942;3.22195;3.61304;
1.66952;3.22284;3.61421;
1.66962;3.22373;3.61304;
1.66972;3.22462;3.61421;
1.66982;3.22551;3.61304;
1.66992;3.22639;3.61421;
1.67002;3.22728;3.61304;
1.67012;3.22816;3.61421;
1.67022;3.22905;3.61304;
1.67032;3.22993;3.61421;
1.67042;3.23082;3.61304;
1.67052;3.2317;3.61421;
1.67062;3.23259;3.61304;
1.67072;3.23347;3.61421;
1.67082;3.23435;3.61304;
1.67092;3.23524;3.61421;
1.67102;3.23612;3.61304;
1.67112;3.237;3.61421;
1.67122;3.23788;3.61304;
1.67132;3.23876;3.61421;
1.67142;3.23964;3.61304;
1.67152;3.24052;3.61421;
1.67162;3.2414;3.61304;
1.67172;3.24228;3.61421;
1.67182;3.24316;3.61304;
1.67192;3.24403;3.61421;
1.67202;3.24491;3.61304;
1.67212;3.24579;3.61421;
1.67222;3.24666;3.61304;
1.67232;3.24754;3.61421;
1.67242;3.24842;3.61304;
1.67252;3.24929;3.61421;
1.67262;3.25017;3.61304;
1.67272;3.25104;3.61421;
1.67282;3.25191;3.61304;
1.67292;3.25279;3.61421;
1.67302;3.25366;3.61304;
1.67312;3.25453;3.61421;
1.67322;3.25541;3.61304;
1.67332;3.25628;3.61421;
1.67342;3.25715;3.61304;
1.67352;3.25802;3.61421;
1.67362;3.25889;3.61304;
1.67372;3.25976;3.61421;
1.67382;3.26063;3.61304;
1.67392;3.2615;3.61421;
1.67402;3.26237;3.61304;
1.67412;3.26324;3.61421;
1.67422;3.2641;3.61304;
1.67432;3.26497;3.61421;
1.67442;3.26584;3.61304;
1.67452;3.2667;3.61421;
1.67462;3.26757;3.61304;
1.67472;3.26844;3.61421;
1.67482;3.2693;3.61304;
1.67492;3.27017;3.61421;
1.67502;3.27103;3.61304;
1.67512;3.27189;3.61421;
1.67522;3.27276;3.61304;
1.67532;3.27362;3.61421;
1.67542;3.27448;3.61304;
1.67552;3.27534;3.61421;
1.67562;3.27621;3.61304;
1.67572;3.27707;3.61421;
1.67582;3.27793;3.61304;
1.67592;3.27879;3.61421;
1.67602;3.27965;3.61304;
1.67612;3.28051;3.61421;
1.67622;3.28137;3.61304;
1.67632;3.28223;3.61421;
1.67642;3.28308;3.61304;
1.67652;3.28394;3.61421;
1.67662;3.2848;3.61305;
1.67672;3.28566;3.61421;
1.67682;3.28651;3.61305;
1.67692;3.28737;3.61421;
1.67702;3.28822;3.61305;
1.67712;3.28908;3.61421;
1.67722;3.28993;3.61305;
1.67732;3.29079;3.61421;
1.67742;3.29164;3.61305;
1.67752;3.2925;3.61421;
1.67762;3.29335;3.61305;
1.67772;3.2942;3.61421;
1.67782;3.29505;3.61305;
1.67792;3.29591;3.61421;
1.67802;3.29676;3.61305;
1.67812;3.29761;3.61421;
1.67822;3.29846;3.61305;
1.67832;3.29931;3.61421;
1.67842;3.30016;3.61305;
1.67852;3.30101;3.61421;
1.67862;3.30186;3.61305;
1.67872;3.3027;3.61421;
1.67882;3.30355;3.61305;
1.67892;3.3044;3.61421;
1.67902;3.30525;3.61305;
1.67912;3.30609;3.61421;
1.67922;3.30694;3.61305;
1.67932;3.30779;3.61421;
1.67942;3.30863;3.61305;
1.67952;3.30948;3.61421;
1.67962;3.31032;3.61305;
1.67972;3.31116;3.61421;
1.67982;3.31201;3.61305;
1.67992;3.31285;3.61421;
1.68002;3.31369;3.61305;
1.68012;3.31454;3.61421;
1.68022;3.31538;3.61305;
1.68032;3.31622;3.61421;
1.68042;3.31706;3.61305;
1.68052;3.3179;3.61421;
1.68062;3.31874;3.61305;
1.68072;3.31958;3.61421;
1.68082;3.32042;3.61305;
1.68092;3.32126;3.61421;
1.68102;3.3221;3.61305;
1.68112;3.32294;3.61421;
1.68122;3.32377;3.61305;
1.68132;3.32461;3.61421;
1.68142;3.32545;3.61305;
1.68152;3.32629;3.61421;
1.68162;3.32712;3.61305;
1.68172;3.32796;3.61421;
1.68182;3.32879;3.61305;
1.68192;3.32963;3.61421;
1.68202;3.33046;3.61305;
1.68212;3.3313;3.61421;
1.68222;3.33213;3.61305;
1.68232;3.33296;3.61421;
1.68242;3.33379;3.61305;
1.68252;3.33463;3.61421;
1.68262;3.33546;3.61305;
1.68272;3.33629;3.61421;
1.68282;3.33712;3.61305;
1.68292;3.33795;3.61421;
1.68302;3.33878;3.61305;
1.68312;3.33961;3.61421;
1.68322;3.34044;3.61305;
1.68332;3.34127;3.61421;
1.68342;3.3421;3.61305;
1.68352;3.34293;3.61421;
1.68362;3.34375;3.61305;
1.68372;3.34458;3.61421;
1.68382;3.34541;3.61305;
1.68392;3.34623;3.61421;
1.68402;3.34706;3.61305;
1.68412;3.34789;3.61421;
1.68422;3.34871;3.61305;
1.68432;3.34954;3.61421;
1.68442;3.35036;3.61305;
1.68452;3.35118;3.61421;
1.68462;3.35201;3.61305;
1.68472;3.35283;3.61421;
1.68482;3.35365;3.61305;
1.68492;3.35447;3.61421;
1.68502;3.3553;3.61305;
1.68512;3.35612;3.61421;
1.68522;3.35694;3.61305;
1.68532;3.35776;3.61421;
1.68542;3.35858;3.61305;
1.68552;3.3594;3.61421;
1.68562;3.36022;3.61305;
1.68572;3.36104;3.61421;
1.68582;3.36186;3.61305;
1.68592;3.36267;3.61421;
1.68602;3.36349;3.61305;
1.68612;3.36431;3.61421;
1.68622;3.36513;3.61305;
1.68632;3.36594;3.61421;
1.68642;3.36676;3.61305;
1.68652;3.36757;3.61421;
1.68662;3.36839;3.61305;
1.68672;3.3692;3.61421;
1.68682;3.37002;3.61305;
1.68692;3.37083;3.61421;
1.68702;3.37165;3.61305;
1.68712;3.37246;3.61421;
1.68722;3.37327;3.61305;
1.68732;3.37408;3.61421;
1.68742;3.3749;3.61305;
1.68752;3.37571;3.61421;
1.68762;3.37652;3.61305;
1.68772;3.37733;3.61421;
1.68782;3.37814;3.61305;
1.68792;3.37895;3.61421;
1.68802;3.37976;3.61305;
1.68812;3.38057;3.61421;
1.68822;3.38138;3.61305;
1.68832;3.38218;3.61421;
1.68842;3.38299;3.61305;
1.68843;3.38309;3.61363;
1.68846;3.3833;3.61363;
1.68846;3.3833;3.61435;
1.68846;3.3833;3.6145;
1.68846;3.3833;3.61499;
1.68846;3.3833;3.61702;
1.68846;3.3833;3.64711;
1.68846;3.3833;3.72246;
1.68846;3.3833;3.03042;
1.68846;3.3833;1.79856;
1.68846;3.3833;0.463841;
1.68846;3.3833;0.0340799;
1.68846;3.3833;0.00956814;
1.68846;3.3833;0.00862177;
1.68846;3.3833;0.0077161;
1.68846;3.3833;0.00796848;
1.68846;3.3833;0.00763921;
1.68846;3.3833;0.00774545;
1.68846;3.3833;0.00754787;
1.68846;3.3833;0.00757721;
1.68846;3.38329;0.00754391;
1.68846;3.38329;0.00767441;
1.68846;3.38329;0.00771035;
1.68846;3.38329;0.00770331;
1.68846;3.38329;0.00771468;
1.68846;3.38328;0.0077005;
1.68846;3.38327;0.00771621;
1.68846;3.38325;0.00769968;
1.68846;3.38321;0.00771656;
1.68847;3.38312;0.00769939;
1.68847;3.38295;0.0077165;
1.68848;3.38261;0.0076987;
1.6885;3.38192;0.0077155;
1.68854;3.38055;0.00769828;
1.68862;3.37781;0.00771488;
1.68872;3.37445;0.00769797;
1.68882;3.37109;0.00771464;
1.68892;3.36774;0.0076979;
1.68902;3.36439;0.00771505;
1.68912;3.36104;0.00769833;
1.68922;3.3577;0.00771504;
1.68932;3.35436;0.00769831;
1.68942;3.35102;0.00771502;
1.68952;3.34769;0.00769829;
1.68962;3.34436;0.007715;
1.68972;3.34103;0.00769827;
1.68982;3.33771;0.00771498;
1.68992;3.33439;0.00769825;
1.69002;3.33107;0.00771496;
1.69012;3.32776;0.00769824;
1.69022;3.32445;0.00771494;
1.69032;3.32114;0.00769822;
1.69042;3.31784;0.00771493;
1.69052;3.31454;0.0076982;
1.69062;3.31124;0.00771491;
1.69072;3.30795;0.00769818;
1.69082;3.30466;0.00771489;
1.69092;3.30137;0.00769816;
1.69102;3.29809;0.00771487;
1.69112;3.29481;0.00769815;
1.69122;3.29153;0.00771485;
1.69132;3.28826;0.00769813;
1.69142;3.28499;0.00771484;
1.69152;3.28172;0.00769811;
1.69162;3.27846;0.00771482;
1.69172;3.2752;0.00769809;
1.69182;3.27194;0.0077148;
1.69192;3.26869;0.00769807;
1.69202;3.26543;0.00771478;
1.69212;3.26219;0.00769806;
1.69222;3.25894;0.00771476;
1.69232;3.2557;0.00769804;
1.69242;3.25246;0.00771474;
1.69252;3.24923;0.00769802;
1.69262;3.246;0.00771473;
1.69272;3.24277;0.007698;
1.69282;3.23954;0.00771471;
1.69292;3.23632;0.00769799;
1.69302;3.2331;0.00771469;
1.69312;3.22989;0.00769797;
1.69322;3.22668;0.00771467;
1.69332;3.22347;0.00769795;
1.69342;3.22026;0.00771466;
1.69352;3.21706;0.00769793;
1.69362;3.21386;0.00771464;
1.69372;3.21067;0.00769791;
1.69382;3.20747;0.00771462;
1.69392;3.20428;0.0076979;
1.69402;3.2011;0.0077146;
1.69412;3.19791;0.00769788;
1.69422;3.19473;0.00771458;
1.69432;3.19156;0.00769786;
1.69442;3.18838;0.00771457;
1.69452;3.18521;0.00769784;
1.69462;3.18204;0.00771455;
1.69472;3.17888;0.00769783;
1.69482;3.17572;0.00771453;
1.69492;3.17256;0.00769781;
1.69502;3.16941;0.00771451;
1.69512;3.16626;0.00769779;
1.69522;3.16311;0.0077145;
1.69532;3.15996;0.00769777;
1.69542;3.15682;0.00771448;
1.69552;3.15368;0.00769776;
1.69562;3.15055;0.00771446;
1.69572;3.14741;0.00769774;
1.69582;3.14428;0.00771444;
1.69592;3.14116;0.00769772;
1.69602;3.13803;0.00771443;
1.69612;3.13491;0.00769771;
1.69622;3.1318;0.00771441;
1.69632;3.12868;0.00769769;
1.69642;3.12557;0.00771439;
1.69652;3.12246;0.00769767;
1.69662;3.11936;0.00771438;
1.69672;3.11626;0.00769765;
1.69682;3.11316;0.00771436;
1.69692;3.11006;0.00769764;
1.69702;3.10697;0.00771434;
1.69712;3.10388;0.00769762;
1.69722;3.1008;0.00771432;
1.69732;3.09771;0.0076976;
1.69742;3.09463;0.00771431;
1.69752;3.09156;0.00769759;
1.69762;3.08848;0.00771429;
1.69772;3.08541;0.00769757;
1.69782;3.08234;0.00771427;
1.69792;3.07928;0.00769755;
1.69802;3.07622;0.00771426;
1.69812;3.07316;0.00769753;
1.69822;3.0701;0.00771424;
1.69832;3.06705;0.00769752;
1.69842;3.064;0.00771422;
1.69852;3.06096;0.0076975;
1.69862;3.05791;0.00771421;
1.69872;3.05487;0.00769748;
1.69882;3.05184;0.00771419;
1.69892;3.0488;0.00769747;
1.69902;3.04577;0.00771417;
1.69912;3.04274;0.00769745;
1.69922;3.03972;0.00771416;
1.69932;3.0367;0.00769743;
1.69942;3.03368;0.00771414;
1.69952;3.03066;0.00769742;
1.69962;3.02765;0.00771412;
1.69972;3.02464;0.0076974;
1.69982;3.02163;0.00771411;
1.69992;3.01863;0.00769738;
1.70002;3.01563;0.00771409;
1.70012;3.01263;0.00769737;
1.70022;3.00963;0.00771407;
1.70032;3.00664;0.00769735;
1.70042;3.00365;0.00771406;
1.70052;3.00067;0.00769733;
1.70062;2.99768;0.00771404;
1.70072;2.9947;0.00769731;
1.70082;2.99173;0.00771402;
1.70092;2.98875;0.0076973;
1.70102;2.98578;0.00771401;
1.70112;2.98281;0.00769728;
1.70122;2.97985;0.00771399;
1.70132;2.97689;0.00769726;
1.70142;2.97393;0.00771398;
1.70152;2.97097;0.00769725;
1.70162;2.96802;0.00771396;
1.70172;2.96507;0.00769723;
1.70182;2.96212;0.00771394;
1.70192;2.95918;0.00769722;
1.70202;2.95623;0.00771393;
1.70212;2.9533;0.0076972;
1.70222;2.95036;0.00771391;
1.70232;2.94743;0.00769718;
1.70242;2.9445;0.0077139;
1.70252;2.94157;0.00769717;
1.70262;2.93865;0.00771388;
1.70272;2.93573;0.00769715;
1.70282;2.93281;0.00771386;
1.70292;2.92989;0.00769713;
1.70302;2.92698;0.00771385;
1.70312;2.92407;0.00769712;
1.70322;2.92116;0.00771383;
1.70332;2.91826;0.0076971;
1.70342;2.91536;0.00771382;
1.70352;2.91246;0.00769708;
1.70362;2.90957;0.0077138;
1.70372;2.90668;0.00769707;
1.70382;2.90379;0.00771378;
1.70392;2.9009;0.00769705;
1.70402;2.89802;0.00771377;
1.70412;2.89514;0.00769703;
1.70422;2.89226;0.00771375;
1.70432;2.88938;0.00769702;
1.70442;2.88651;0.00771374;
1.70452;2.88364;0.007697;
1.70462;2.88078;0.00771372;
1.70472;2.87791;0.00769699;
1.70482;2.87505;0.00771371;
1.70492;2.8722;0.00769697;
1.70502;2.86934;0.00771369;
1.70512;2.86649;0.00769695;
1.70522;2.86364;0.00771367;
1.70532;2.8608;0.00769694;
1.70542;2.85795;0.00771366;
1.70552;2.85511;0.00769692;
1.70562;2.85227;0.00771364;
1.70572;2.84944;0.00769691;
1.70582;2.84661;0.00771363;
1.70592;2.84378;0.00769689;
1.70602;2.84095;0.00771361;
1.70612;2.83813;0.00769687;
1.70622;2.83531;0.0077136;
1.70632;2.83249;0.00769686;
1.70642;2.82967;0.00771358;
1.70652;2.82686;0.00769684;
1.70662;2.82405;0.00771357;
1.70672;2.82125;0.00769683;
1.70682;2.81844;0.00771355;
1.70692;2.81564;0.00769681;
1.70702;2.81284;0.00771354;
1.70712;2.81005;0.00769679;
1.70722;2.80726;0.00771352;
1.70732;2.80447;0.00769678;
1.70742;2.80168;0.00771351;
1.70752;2.79889;0.00769676;
1.70762;2.79611;0.00771349;
1.70772;2.79333;0.00769675;
1.70782;2.79056;0.00771348;
1.70792;2.78779;0.00769673;
1.70802;2.78502;0.00771346;
1.70812;2.78225;0.00769671;
1.70822;2.77948;0.00771345;
1.70832;2.77672;0.0076967;
1.70842;2.77396;0.00771343;
1.70852;2.7712;0.00769668;
1.70862;2.76845;0.00771342;
1.70872;2.7657;0.00769667;
1.70882;2.76295;0.0077134;
1.70892;2.76021;0.00769665;
1.70902;2.75746;0.00771339;
1.70912;2.75472;0.00769664;
1.70922;2.75199;0.00771337;
1.70932;2.74925;0.00769662;
1.70942;2.74652;0.00771336;
1.70952;2.74379;0.0076966;
1.70962;2.74106;0.00771334;
1.70972;2.73834;0.00769659;
1.70982;2.73562;0.00771333;
1.70992;2.7329;0.00769657;
1.71002;2.73018;0.00771331;
1.71012;2.72747;0.00769656;
1.71022;2.72476;0.0077133;
1.71032;2.72205;0.00769654;
1.71042;2.71935;0.00771328;
1.71052;2.71665;0.00769653;
1.71062;2.71395;0.00771327;
1.71072;2.71125;0.00769651;
1.71082;2.70856;0.00771326;
1.71092;2.70587;0.0076965;
1.71102;2.70318;0.00771324;
1.71112;2.70049;0.00769648;
1.71122;2.69781;0.00771323;
1.71132;2.69513;0.00769646;
1.71142;2.69245;0.00771321;
1.71152;2.68977;0.00769645;
1.71162;2.6871;0.0077132;
1.71172;2.68443;0.00769643;
1.71182;2.68177;0.00771318;
1.71192;2.6791;0.00769642;
1.71202;2.67644;0.00771317;
1.71212;2.67378;0.0076964;
1.71222;2.67112;0.00771315;
1.71232;2.66847;0.00769639;
1.71242;2.66582;0.00771314;
1.71252;2.66317;0.00769637;
1.71262;2.66052;0.00771313;
1.71272;2.65788;0.00769636;
1.71282;2.65524;0.00771311;
1.71292;2.6526;0.00769634;
1.71302;2.64997;0.0077131;
1.71312;2.64733;0.00769633;
1.71322;2.6447;0.00771308;
1.71332;2.64208;0.00769631;
1.71342;2.63945;0.00771307;
1.71352;2.63683;0.0076963;
1.71362;2.63421;0.00771306;
1.71372;2.63159;0.00769628;
1.71382;2.62898;0.00771304;
1.71392;2.62637;0.00769627;
1.71402;2.62376;0.00771303;
1.71412;2.62115;0.00769625;
1.71422;2.61855;0.00771301;
1.71432;2.61594;0.00769624;
1.71442;2.61335;0.007713;
1.71452;2.61075;0.00769622;
1.71462;2.60816;0.00771299;
1.71472;2.60556;0.00769621;
1.71482;2.60298;0.00771297;
1.71492;2.60039;0.00769619;
1.71502;2.59781;0.00771296;
1.71512;2.59523;0.00769618;
1.71522;2.59265;0.00771295;
1.71532;2.59007;0.00769616;
1.71542;2.5875;0.00771293;
1.71552;2.58493;0.00769615;
1.71562;2.58236;0.00771292;
1.71572;2.5798;0.00769613;
1.71582;2.57723;0.0077129;
1.71592;2.57467;0.00769612;
1.71602;2.57212;0.00771289;
1.71612;2.56956;0.0076961;
1.71622;2.56701;0.00771288;
1.71632;2.56446;0.00769609;
1.71642;2.56191;0.00771286;
1.71652;2.55937;0.00769607;
1.71662;2.55682;0.00771285;
1.71672;2.55428;0.00769606;
1.71682;2.55175;0.00771284;
1.71692;2.54921;0.00769604;
1.71702;2.54668;0.00771282;
1.71712;2.54415;0.00769603;
1.71722;2.54162;0.00771281;
1.71732;2.5391;0.00769601;
1.71742;2.53658;0.0077128;
1.71752;2.53406;0.007696;
1.71762;2.53154;0.00771278;
1.71772;2.52903;0.00769598;
1.71782;2.52651;0.00771277;
1.71792;2.524;0.00769597;
1.71802;2.5215;0.00771276;
1.71812;2.51899;0.00769595;
1.71822;2.51649;0.00771274;
1.71832;2.51399;0.00769594;
1.71842;2.51149;0.00771273;
1.71852;2.509;0.00769592;
1.71862;2.50651;0.00771272;
1.71872;2.50402;0.00769591;
1.71882;2.50153;0.0077127;
1.71892;2.49905;0.00769589;
1.71902;2.49656;0.00771269;
1.71912;2.49408;0.00769588;
1.71922;2.49161;0.00771268;
1.71932;2.48913;0.00769586;
1.71942;2.48666;0.00771266;
1.71952;2.48419;0.00769585;
1.71962;2.48172;0.00771265;
1.71972;2.47926;0.00769584;
1.71982;2.4768;0.00771264;
1.71992;2.47434;0.00769582;
1.72002;2.47188;0.00771263;
1.72012;2.46942;0.00769581;
1.72022;2.46697;0.00771261;
1.72032;2.46452;0.00769579;
1.72042;2.46207;0.0077126;
1.72052;2.45963;0.00769578;
1.72062;2.45719;0.00771259;
1.72072;2.45475;0.00769576;
1.72082;2.45231;0.00771257;
1.72092;2.44987;0.00769575;
1.72102;2.44744;0.00771256;
1.72112;2.44501;0.00769573;
1.72122;2.44258;0.00771255;
1.72132;2.44015;0.00769572;
1.72142;2.43773;0.00771254;
1.72152;2.43531;0.00769571;
1.72162;2.43289;0.00771252;
1.72172;2.43048;0.00769569;
1.72182;2.42806;0.00771251;
1.72192;2.42565;0.00769568;
1.72202;2.42324;0.0077125;
1.72212;2.42084;0.00769566;
1.72222;2.41843;0.00771248;
1.72232;2.41603;0.00769565;
1.72242;2.41363;0.00771247;
1.72252;2.41123;0.00769563;
1.72262;2.40884;0.00771246;
1.72272;2.40645;0.00769562;
1.72282;2.40406;0.00771245;
1.72292;2.40167;0.00769561;
1.72302;2.39929;0.00771243;
1.72312;2.3969;0.00769559;
1.72322;2.39452;0.00771242;
1.72332;2.39215;0.00769558;
1.72342;2.38977;0.00771241;
1.72352;2.3874;0.00769556;
1.72362;2.38503;0.0077124;
1.72372;2.38266;0.00769555;
1.72382;2.38029;0.00771238;
1.72392;2.37793;0.00769554;
1.72402;2.37557;0.00771237;
1.72412;2.37321;0.00769552;
1.72422;2.37085;0.00771236;
1.72432;2.3685;0.00769551;
1.72442;2.36615;0.00771235;
1.72452;2.3638;0.00769549;
1.72462;2.36145;0.00771234;
1.72472;2.35911;0.00769548;
1.72482;2.35676;0.00771232;
1.72492;2.35442;0.00769547;
1.72502;2.35209;0.00771231;
1.72512;2.34975;0.00769545;
1.72522;2.34742;0.0077123;
1.72532;2.34509;0.00769544;
1.72542;2.34276;0.00771229;
1.72552;2.34043;0.00769542;
1.72562;2.33811;0.00771228;
1.72572;2.33579;0.00769541;
1.72582;2.33347;0.00771226;
1.72592;2.33115;0.0076954;
1.72602;2.32884;0.00771225;
1.72612;2.32652;0.00769538;
1.72622;2.32421;0.00771224;
1.72632;2.32191;0.00769537;
1.72642;2.3196;0.00771223;
1.72652;2.3173;0.00769535;
1.72662;2.315;0.00771222;
1.72672;2.3127;0.00769534;
1.72682;2.3104;0.0077122;
1.72692;2.30811;0.00769533;
1.72702;2.30582;0.00771219;
1.72712;2.30353;0.00769531;
1.72722;2.30124;0.00771218;
1.72732;2.29896;0.0076953;
1.72742;2.29668;0.00771217;
1.72752;2.2944;0.00769529;
1.72762;2.29212;0.00771216;
1.72772;2.28984;0.00769527;
1.72782;2.28757;0.00771214;
1.72792;2.2853;0.00769526;
1.72802;2.28303;0.00771213;
1.72812;2.28076;0.00769524;
1.72822;2.2785;0.00771212;
1.72832;2.27624;0.00769523;
1.72842;2.27398;0.00771211;
1.72852;2.27172;0.00769522;
1.72862;2.26946;0.0077121;
1.72872;2.26721;0.0076952;
1.72882;2.26496;0.00771209;
1.72892;2.26271;0.00769519;
1.72902;2.26047;0.00771207;
1.72912;2.25822;0.00769518;
1.72922;2.25598;0.00771206;
1.72932;2.25374;0.00769516;
1.72942;2.2515;0.00771205;
1.72952;2.24927;0.00769515;
1.72962;2.24704;0.00771204;
1.72972;2.24481;0.00769514;
1.72982;2.24258;0.00771203;
1.72992;2.24035;0.00769512;
1.73002;2.23813;0.00771202;
1.73012;2.23591;0.00769511;
1.73022;2.23369;0.00771201;
1.73032;2.23147;0.0076951;
1.73042;2.22925;0.00771199;
1.73052;2.22704;0.00769508;
1.73062;2.22483;0.00771198;
1.73072;2.22262;0.00769507;
1.73082;2.22042;0.00771197;
1.73092;2.21821;0.00769506;
1.73102;2.21601;0.00771196;
1.73112;2.21381;0.00769504;
1.73122;2.21161;0.00771195;
1.73132;2.20942;0.00769503;
1.73142;2.20723;0.00771194;
1.73152;2.20504;0.00769502;
1.73162;2.20285;0.00771193;
1.73172;2.20066;0.007695;
1.73182;2.19848;0.00771192;
1.73192;2.19629;0.00769499;
1.73202;2.19411;0.0077119;
1.73212;2.19194;0.00769498;
1.73222;2.18976;0.00771189;
1.73232;2.18759;0.00769496;
1.73242;2.18542;0.00771188;
1.73252;2.18325;0.00769495;
1.73262;2.18108;0.00771187;
1.73272;2.17892;0.00769494;
1.73282;2.17675;0.00771186;
1.73292;2.17459;0.00769492;
1.73302;2.17244;0.00771185;
1.73312;2.17028;0.00769491;
1.73322;2.16813;0.00771184;
1.73332;2.16597;0.0076949;
1.73342;2.16382;0.00771183;
1.73352;2.16168;0.00769488;
1.73362;2.15953;0.00771182;
1.73372;2.15739;0.00769487;
1.73382;2.15525;0.00771181;
1.73392;2.15311;0.00769486;
1.73402;2.15097;0.00771179;
1.73412;2.14884;0.00769484;
1.73422;2.14671;0.00771178;
1.73432;2.14458;0.00769483;
1.73442;2.14245;0.00771177;
1.73452;2.14032;0.00769482;
1.73462;2.1382;0.00771176;
1.73472;2.13608;0.0076948;
1.73482;2.13396;0.00771175;
1.73492;2.13184;0.00769479;
1.73502;2.12972;0.00771174;
1.73512;2.12761;0.00769478;
1.73522;2.1255;0.00771173;
1.73532;2.12339;0.00769477;
1.73542;2.12128;0.00771172;
1.73552;2.11918;0.00769475;
1.73562;2.11707;0.00771171;
1.73572;2.11497;0.00769474;
1.73582;2.11287;0.0077117;
1.73592;2.11078;0.00769473;
1.73602;2.10868;0.00771169;
1.73612;2.10659;0.00769471;
1.73622;2.1045;0.00771168;
1.73632;2.10241;0.0076947;
1.73642;2.10033;0.00771167;
1.73652;2.09824;0.00769469;
1.73662;2.09616;0.00771166;
1.73672;2.09408;0.00769467;
1.73682;2.092;0.00771165;
1.73692;2.08993;0.00769466;
1.73702;2.08785;0.00771164;
1.73712;2.08578;0.00769465;
1.73722;2.08371;0.00771162;
1.73732;2.08165;0.00769464;
1.73742;2.07958;0.00771161;
1.73752;2.07752;0.00769462;
1.73762;2.07546;0.0077116;
1.73772;2.0734;0.00769461;
1.73782;2.07134;0.00771159;
1.73792;2.06928;0.0076946;
1.73802;2.06723;0.00771158;
1.73812;2.06518;0.00769459;
1.73822;2.06313;0.00771157;
1.73832;2.06108;0.00769457;
1.73842;2.05904;0.00771156;
1.73852;2.057;0.00769456;
1.73862;2.05496;0.00771155;
1.73872;2.05292;0.00769455;
1.73882;2.05088;0.00771154;
1.73892;2.04885;0.00769453;
1.73902;2.04681;0.00771153;
1.73912;2.04478;0.00769452;
1.73922;2.04275;0.00771152;
1.73932;2.04073;0.00769451;
1.73942;2.0387;0.00771151;
1.73952;2.03668;0.0076945;
1.73962;2.03466;0.0077115;
1.73972;2.03264;0.00769448;
1.73982;2.03062;0.00771149;
1.73992;2.02861;0.00769447;
1.74002;2.0266;0.00771148;
1.74012;2.02459;0.00769446;
1.74022;2.02258;0.00771147;
1.74032;2.02057;0.00769445;
1.74042;2.01857;0.00771146;
1.74052;2.01657;0.00769443;
1.74062;2.01457;0.00771145;
1.74072;2.01257;0.00769442;
1.74082;2.01057;0.00771144;
1.74092;2.00858;0.00769441;
1.74102;2.00658;0.00771143;
1.74112;2.00459;0.0076944;
1.74122;2.00261;0.00771142;
1.74132;2.00062;0.00769438;
1.74142;1.99863;0.00771141;
1.74152;1.99665;0.00769437;
1.74162;1.99467;0.0077114;
1.74172;1.99269;0.00769436;
1.74182;1.99072;0.00771139;
1.74192;1.98874;0.00769435;
1.74202;1.98677;0.00771138;
1.74212;1.9848;0.00769433;
1.74222;1.98283;0.00771137;
1.74232;1.98086;0.00769432;
1.74242;1.9789;0.00771136;
1.74252;1.97694;0.00769431;
1.74262;1.97498;0.00771135;
1.74272;1.97302;0.0076943;
1.74282;1.97106;0.00771134;
1.74292;1.9691;0.00769428;
1.74302;1.96715;0.00771133;
1.74312;1.9652;0.00769427;
1.74322;1.96325;0.00771133;
1.74332;1.9613;0.00769426;
1.74342;1.95936;0.00771132;
1.74352;1.95742;0.00769425;
1.74362;1.95547;0.00771131;
1.74372;1.95354;0.00769424;
1.74382;1.9516;0.0077113;
1.74392;1.94966;0.00769422;
1.74402;1.94773;0.00771129;
1.74412;1.9458;0.00769421;
1.74422;1.94387;0.00771128;
1.74432;1.94194;0.0076942;
1.74442;1.94001;0.00771127;
1.74452;1.93809;0.00769419;
1.74462;1.93617;0.00771126;
1.74472;1.93425;0.00769417;
1.74482;1.93233;0.00771125;
1.74492;1.93041;0.00769416;
1.74502;1.9285;0.00771124;
1.74512;1.92659;0.00769415;
1.74522;1.92468;0.00771123;
1.74532;1.92277;0.00769414;
1.74542;1.92086;0.00771122;
1.74552;1.91896;0.00769413;
1.74562;1.91705;0.00771121;
1.74572;1.91515;0.00769411;
1.74582;1.91325;0.0077112;
1.74592;1.91136;0.0076941;
1.74602;1.90946;0.00771119;
1.74612;1.90757;0.00769408;
1.74622;1.90568;0.00771117;
1.74632;1.90379;0.00769406;
1.74642;1.9019;0.00771114;
1.74652;1.90001;0.00769402;
1.74662;1.89813;0.00771108;
1.74672;1.89625;0.00769353;
1.74682;1.89437;0.00771052;
1.74692;1.89249;0.00769344;
1.74702;1.89061;0.00771036;
1.74712;1.88874;0.00769331;
1.74722;1.88687;0.00771014;
1.74732;1.885;0.00769314;
1.74742;1.88313;0.00770984;
1.74752;1.88126;0.00769292;
1.74762;1.87939;0.00770946;
1.74772;1.87753;0.00769264;
1.74782;1.87567;0.00770896;
1.74792;1.87381;0.00769227;
1.74802;1.87195;0.00770829;
1.74812;1.8701;0.00769176;
1.74822;1.86824;0.00770733;
1.74832;1.86639;0.00769099;
1.74842;1.86454;0.00770574;
1.74852;1.86269;0.00768952;
1.74862;1.86085;0.00770172;
1.74872;1.859;0.00768443;
1.74882;1.85716;0.00768868;
1.74892;1.85532;0.00767573;
1.74902;1.85348;0.00767439;
1.74912;1.85164;0.00766792;
1.74922;1.84981;0.00765178;
1.74924;1.84958;0.00762405;
1.74926;1.84921;0.00762189;
1.74926;1.84921;0.00767411;
1.74926;1.84921;0.00766328;
1.74926;1.8492;0.00765602;
1.74926;1.8492;0.00761338;
1.74926;1.8492;0.0075759;
1.74926;1.8492;0.00735222;
1.74926;1.8492;0.156582;
1.74926;1.8492;1.88667;
1.74926;1.8492;2.9909;
1.74926;1.8492;3.11769;
1.74926;1.8492;3.27546;
1.74926;1.8492;3.39539;
1.74926;1.8492;3.45268;
1.74926;1.8492;3.51051;
1.74926;1.8492;3.54213;
1.74926;1.8492;3.57775;
1.74926;1.8492;3.59106;
1.74926;1.8492;3.60816;
1.74926;1.8492;3.60871;
1.74926;1.8492;3.61537;
1.74926;1.8492;3.61145;
1.74926;1.84921;3.61576;
1.74926;1.84921;3.61154;
1.74926;1.84921;3.61572;
1.74926;1.84922;3.61157;
1.74926;1.84923;3.61565;
1.74926;1.84926;3.6116;
1.74926;1.8493;3.61564;
1.74927;1.8494;3.61156;
1.74928;1.84959;3.61563;
1.74931;1.84997;3.61156;
1.74935;1.85073;3.61563;
1.74945;1.85226;3.61156;
1.74955;1.85383;3.61563;
1.74965;1.8554;3.61156;
1.74975;1.85698;3.61563;
1.74985;1.85855;3.61156;
1.74995;1.86012;3.61563;
1.75005;1.86169;3.61156;
1.75015;1.86326;3.61563;
1.75025;1.86482;3.61156;
1.75035;1.86639;3.61563;
1.75045;1.86796;3.61156;
1.75055;1.86952;3.61563;
1.75065;1.87109;3.61156;
1.75075;1.87265;3.61563;
1.75085;1.87422;3.61156;
1.75095;1.87578;3.61563;
1.75105;1.87734;3.61156;
1.75115;1.8789;3.61563;
1.75125;1.88046;3.61156;
1.75135;1.88202;3.61563;
1.75145;1.88358;3.61156;
1.75155;1.88514;3.61563;
1.75165;1.88669;3.61156;
1.75175;1.88825;3.61563;
1.75185;1.88981;3.61156;
1.75195;1.89136;3.61568;
1.75205;1.89291;3.6116;
1.75215;1.89447;3.61568;
1.75225;1.89602;3.6116;
1.75235;1.89757;3.61568;
1.75245;1.89912;3.61156;
1.75255;1.90067;3.61563;
1.75265;1.90222;3.61156;
1.75275;1.90377;3.61563;
1.75285;1.90532;3.61156;
1.75295;1.90686;3.61563;
1.75305;1.90841;3.61156;
1.75315;1.90996;3.61563;
1.75325;1.9115;3.61156;
1.75335;1.91304;3.61563;
1.75345;1.91459;3.61156;
1.75355;1.91613;3.61563;
1.75365;1.91767;3.61156;
1.75375;1.91921;3.61563;
1.75385;1.92075;3.61156;
1.75395;1.92229;3.61563;
1.75405;1.92383;3.61156;
1.75415;1.92537;3.61563;
1.75425;1.92691;3.61156;
1.75435;1.92844;3.61563;
1.75445;1.92998;3.61156;
1.75455;1.93151;3.61563;
1.75465;1.93304;3.61156;
1.75475;1.93458;3.61563;
1.75485;1.93611;3.61156;
1.75495;1.93764;3.61563;
1.75505;1.93917;3.61156;
1.75515;1.9407;3.61563;
1.75525;1.94223;3.61156;
1.75535;1.94376;3.61563;
1.75545;1.94529;3.61156;
1.75555;1.94682;3.61563;
1.75565;1.94834;3.61156;
1.75575;1.94987;3.61563;
1.75585;1.95139;3.61156;
1.75595;1.95292;3.61563;
1.75605;1.95444;3.61156;
1.75615;1.95596;3.61563;
1.75625;1.95748;3.61156;
1.75635;1.959;3.61563;
1.75645;1.96052;3.61156;
1.75655;1.96204;3.61563;
1.75665;1.96356;3.61156;
1.75675;1.96508;3.61563;
1.75685;1.9666;3.61156;
1.75695;1.96811;3.61563;
1.75705;1.96963;3.61156;
1.75715;1.97114;3.61563;
1.75725;1.97266;3.61156;
1.75735;1.97417;3.61563;
1.75745;1.97568;3.61156;
1.75755;1.97719;3.61563;
1.75765;1.9787;3.61156;
1.75775;1.98022;3.61563;
1.75785;1.98172;3.61156;
1.75795;1.98323;3.61563;
1.75805;1.98474;3.61156;
1.75815;1.98625;3.61563;
1.75825;1.98775;3.61156;
1.75835;1.98926;3.61563;
1.75845;1.99077;3.61156;
1.75855;1.99227;3.61563;
1.75865;1.99377;3.61156;
1.75875;1.99528;3.61563;
1.75885;1.99678;3.61156;
1.75895;1.99828;3.61563;
1.75905;1.99978;3.61156;
1.75915;2.00128;3.61563;
1.75925;2.00278;3.61156;
1.75935;2.00428;3.61563;
1.75945;2.00577;3.61156;
1.75955;2.00727;3.61563;
1.75965;2.00877;3.61156;
1.75975;2.01026;3.61563;
1.75985;2.01176;3.61156;
1.75995;2.01325;3.61563;
1.76005;2.01474;3.61156;
1.76015;2.01623;3.61563;
1.76025;2.01773;3.61156;
1.76035;2.01922;3.61563;
1.76045;2.02071;3.61156;
1.76055;2.0222;3.61563;
1.76065;2.02368;3.61156;
1.76075;2.02517;3.61563;
1.76085;2.02666;3.61156;
1.76095;2.02815;3.61563;
1.76105;2.02963;3.61156;
1.76115;2.03112;3.61563;
1.76125;2.0326;3.61156;
1.76135;2.03408;3.61563;
1.76145;2.03557;3.61156;
1.76155;2.03705;3.61563;
1.76165;2.03853;3.61156;
1.76175;2.04001;3.61563;
1.76185;2.04149;3.61156;
1.76195;2.04297;3.61563;
1.76205;2.04444;3.61156;
1.76215;2.04592;3.61563;
1.76225;2.0474;3.61156;
1.76235;2.04887;3.61563;
1.76245;2.05035;3.61156;
1.76255;2.05182;3.61563;
1.76265;2.0533;3.61156;
1.76275;2.05477;3.61563;
1.76285;2.05624;3.61156;
1.76295;2.05771;3.61563;
1.76305;2.05919;3.61156;
1.76315;2.06066;3.61563;
1.76325;2.06212;3.61156;
1.76335;2.06359;3.61563;
1.76345;2.06506;3.61156;
1.76355;2.06653;3.61563;
1.76365;2.06799;3.61156;
1.76375;2.06946;3.61563;
1.76385;2.07092;3.61156;
1.76395;2.07239;3.61563;
1.76405;2.07385;3.61156;
1.76415;2.07531;3.61563;
1.76425;2.07678;3.61156;
1.76435;2.07824;3.61563;
1.76445;2.0797;3.61156;
1.76455;2.08116;3.61563;
1.76465;2.08262;3.61156;
1.76475;2.08407;3.61563;
1.76485;2.08553;3.61156;
1.76495;2.08699;3.61563;
1.76505;2.08845;3.61156;
1.76515;2.0899;3.61563;
1.76525;2.09136;3.61156;
1.76535;2.09281;3.61563;
1.76545;2.09426;3.61156;
1.76555;2.09571;3.61563;
1.76565;2.09717;3.61156;
1.76575;2.09862;3.61563;
1.76585;2.10007;3.61156;
1.76595;2.10152;3.61563;
1.76605;2.10297;3.61156;
1.76615;2.10441;3.61563;
1.76625;2.10586;3.61156;
1.76635;2.10731;3.61563;
1.76645;2.10875;3.61156;
1.76655;2.1102;3.61563;
1.76665;2.11164;3.61156;
1.76675;2.11309;3.61563;
1.76685;2.11453;3.61156;
1.76695;2.11597;3.61563;
1.76705;2.11741;3.61156;
1.76715;2.11886;3.61563;
1.76725;2.1203;3.61156;
1.76735;2.12173;3.61563;
1.76745;2.12317;3.61156;
1.76755;2.12461;3.61563;
1.76765;2.12605;3.61156;
1.76775;2.12749;3.61563;
1.76785;2.12892;3.61156;
1.76795;2.13036;3.61563;
1.76805;2.13179;3.61156;
1.76815;2.13322;3.61563;
1.76825;2.13466;3.61156;
1.76835;2.13609;3.61563;
1.76845;2.13752;3.61156;
1.76855;2.13895;3.61563;
1.76865;2.14038;3.61156;
1.76875;2.14181;3.61563;
1.76885;2.14324;3.61156;
1.76895;2.14467;3.61563;
1.76905;2.1461;3.61156;
1.76915;2.14752;3.61563;
1.76925;2.14895;3.61156;
1.76935;2.15037;3.61563;
1.76945;2.1518;3.61156;
1.76955;2.15322;3.61563;
1.76965;2.15464;3.61156;
1.76975;2.15607;3.61563;
1.76985;2.15749;3.61156;
1.76995;2.15891;3.61563;
1.77005;2.16033;3.61156;
1.77015;2.16175;3.61563;
1.77025;2.16317;3.61156;
1.77035;2.16458;3.61563;
1.77045;2.166;3.61156;
1.77055;2.16742;3.61563;
1.77065;2.16883;3.61156;
1.77075;2.17025;3.61563;
1.77085;2.17166;3.61156;
1.77095;2.17308;3.61563;
1.77105;2.17449;3.61156;
1.77115;2.1759;3.61563;
1.77125;2.17731;3.61156;
1.77135;2.17873;3.61563;
1.77145;2.18014;3.61156;
1.77155;2.18155;3.61563;
1.77165;2.18295;3.61156;
1.77175;2.18436;3.61563;
1.77185;2.18577;3.61156;
1.77195;2.18718;3.61563;
1.77205;2.18858;3.61156;
1.77215;2.18999;3.61563;
1.77225;2.19139;3.61156;
1.77235;2.1928;3.61563;
1.77245;2.1942;3.61156;
1.77255;2.1956;3.61563;
1.77265;2.197;3.61156;
1.77275;2.1984;3.61563;
1.77285;2.1998;3.61156;
1.77295;2.2012;3.61563;
1.77305;2.2026;3.61156;
1.77315;2.204;3.61563;
1.77325;2.2054;3.61156;
1.77335;2.2068;3.61563;
1.77345;2.20819;3.61156;
1.77355;2.20959;3.61563;
1.77365;2.21098;3.61156;
1.77375;2.21238;3.61563;
1.77385;2.21377;3.61156;
1.77395;2.21516;3.61563;
1.77405;2.21655;3.61156;
1.77415;2.21795;3.61563;
1.77425;2.21934;3.61156;
1.77435;2.22073;3.61563;
1.77445;2.22212;3.61156;
1.77455;2.2235;3.61563;
1.77465;2.22489;3.61156;
1.77475;2.22628;3.61563;
1.77485;2.22767;3.61156;
1.77495;2.22905;3.61563;
1.77505;2.23044;3.61156;
1.77515;2.23182;3.61563;
1.77525;2.2332;3.61156;
1.77535;2.23459;3.61563;
1.77545;2.23597;3.61156;
1.77555;2.23735;3.61563;
1.77565;2.23873;3.61156;
1.77575;2.24011;3.61563;
1.77585;2.24149;3.61156;
1.77595;2.24287;3.61563;
1.77605;2.24425;3.61156;
1.77615;2.24563;3.61563;
1.77625;2.247;3.61156;
1.77635;2.24838;3.61563;
1.77645;2.24975;3.61156;
1.77655;2.25113;3.61563;
1.77665;2.2525;3.61156;
1.77675;2.25388;3.61563;
1.77685;2.25525;3.61156;
1.77695;2.25662;3.61563;
1.77705;2.25799;3.61156;
1.77715;2.25936;3.61563;
1.77725;2.26073;3.61156;
1.77735;2.2621;3.61563;
1.77745;2.26347;3.61156;
1.77755;2.26484;3.61563;
1.77765;2.26621;3.61156;
1.77775;2.26757;3.61563;
1.77785;2.26894;3.61156;
1.77795;2.2703;3.61563;
1.77805;2.27167;3.61156;
1.77815;2.27303;3.61563;
1.77825;2.27439;3.61156;
1.77835;2.27576;3.61563;
1.77845;2.27712;3.61156;
1.77855;2.27848;3.61563;
1.77865;2.27984;3.61156;
1.77875;2.2812;3.61563;
1.77885;2.28256;3.61156;
1.77895;2.28392;3.61563;
1.77905;2.28527;3.61156;
1.77915;2.28663;3.61563;
1.77925;2.28799;3.61156;
1.77935;2.28934;3.61563;
1.77945;2.2907;3.61156;
1.77955;2.29205;3.61563;
1.77965;2.29341;3.61156;
1.77975;2.29476;3.61563;
1.77985;2.29611;3.61156;
1.77995;2.29746;3.61563;
1.78005;2.29881;3.61156;
1.78015;2.30016;3.61563;
1.78025;2.30151;3.61156;
1.78035;2.30286;3.61563;
1.78045;2.30421;3.61156;
1.78055;2.30556;3.61563;
1.78065;2.3069;3.61156;
1.78075;2.30825;3.61563;
1.78085;2.3096;3.61156;
1.78095;2.31094;3.61563;
1.78105;2.31229;3.61156;
1.78115;2.31363;3.61563;
1.78125;2.31497;3.61156;
1.78135;2.31631;3.61563;
1.78145;2.31766;3.61156;
1.78155;2.319;3.61563;
1.78165;2.32034;3.61156;
1.78175;2.32168;3.61563;
1.78185;2.32301;3.61156;
1.78195;2.32435;3.61563;
1.78205;2.32569;3.61156;
1.78215;2.32703;3.61563;
1.78225;2.32836;3.61156;
1.78235;2.3297;3.61563;
1.78245;2.33103;3.61156;
1.78255;2.33237;3.61563;
1.78265;2.3337;3.61156;
1.78275;2.33503;3.61563;
1.78285;2.33636;3.61156;
1.78295;2.3377;3.61563;
1.78305;2.33903;3.61156;
1.78315;2.34036;3.61563;
1.78325;2.34169;3.61157;
1.78335;2.34302;3.61563;
1.78345;2.34434;3.61157;
1.78355;2.34567;3.61563;
1.78365;2.347;3.61157;
1.78375;2.34832;3.61563;
1.78385;2.34965;3.61157;
1.78395;2.35097;3.61563;
1.78405;2.3523;3.61157;
1.78415;2.35362;3.61563;
1.78425;2.35494;3.61157;
1.78435;2.35627;3.61563;
1.78445;2.35759;3.61157;
1.78455;2.35891;3.61563;
1.78465;2.36023;3.61157;
1.78475;2.36155;3.61563;
1.78485;2.36287;3.61157;
1.78495;2.36419;3.61563;
1.78505;2.3655;3.61157;
1.78515;2.36682;3.61563;
1.78525;2.36814;3.61157;
1.78535;2.36945;3.61563;
1.78545;2.37077;3.61157;
1.78555;2.37208;3.61563;
1.78565;2.37339;3.61157;
1.78575;2.37471;3.61563;
1.78585;2.37602;3.61157;
1.78595;2.37733;3.61563;
1.78605;2.37864;3.61157;
1.78615;2.37995;3.61563;
1.78625;2.38126;3.61157;
1.78635;2.38257;3.61563;
1.78645;2.38388;3.61157;
1.78655;2.38519;3.61562;
1.78665;2.38649;3.61157;
1.78675;2.3878;3.61562;
1.78685;2.38911;3.61157;
1.78695;2.39041;3.61562;
1.78705;2.39172;3.61157;
1.78715;2.39302;3.61562;
1.78725;2.39432;3.61157;
1.78735;2.39562;3.61562;
1.78745;2.39693;3.61157;
1.78755;2.39823;3.61562;
1.78765;2.39953;3.61157;
1.78775;2.40083;3.61562;
1.78785;2.40213;3.61157;
1.78795;2.40343;3.61562;
1.78805;2.40472;3.61157;
1.78815;2.40602;3.61562;
1.78825;2.40732;3.61157;
1.78835;2.40861;3.61562;
1.78845;2.40991;3.61157;
1.78855;2.4112;3.61562;
1.78865;2.4125;3.61157;
1.78875;2.41379;3.61562;
1.78885;2.41508;3.61157;
1.78895;2.41638;3.61562;
1.78905;2.41767;3.61157;
1.78915;2.41896;3.61562;
1.78925;2.42025;3.61157;
1.78935;2.42154;3.61562;
1.78945;2.42283;3.61157;
1.78955;2.42411;3.61562;
1.78965;2.4254;3.61157;
1.78975;2.42669;3.61562;
1.78985;2.42797;3.61157;
1.78995;2.42926;3.61562;
1.79005;2.43055;3.61157;
1.79015;2.43183;3.61562;
1.79025;2.43311;3.61157;
1.79035;2.4344;3.61562;
1.79045;2.43568;3.61157;
1.79055;2.43696;3.61562;
1.79065;2.43824;3.61157;
1.79075;2.43952;3.61562;
1.79085;2.4408;3.61157;
1.79095;2.44208;3.61562;
1.79105;2.44336;3.61157;
1.79115;2.44464;3.61562;
1.79125;2.44592;3.61157;
1.79135;2.44719;3.61562;
1.79145;2.44847;3.61157;
1.79155;2.44974;3.61562;
1.79165;2.45102;3.61157;
1.79175;2.45229;3.61562;
1.79185;2.45357;3.61157;
1.79195;2.45484;3.61562;
1.79205;2.45611;3.61157;
1.79215;2.45738;3.61562;
1.79225;2.45865;3.61157;
1.79235;2.45992;3.61562;
1.79245;2.46119;3.61157;
1.79255;2.46246;3.61562;
1.79265;2.46373;3.61157;
1.79275;2.465;3.61562;
1.79285;2.46627;3.61157;
1.79295;2.46753;3.61562;
1.79305;2.4688;3.61157;
1.79315;2.47006;3.61562;
1.79325;2.47133;3.61157;
1.79335;2.47259;3.61562;
1.79345;2.47385;3.61157;
1.79355;2.47512;3.61562;
1.79365;2.47638;3.61157;
1.79375;2.47764;3.61562;
1.79385;2.4789;3.61157;
1.79395;2.48016;3.61562;
1.79405;2.48142;3.61157;
1.79415;2.48268;3.61562;
1.79425;2.48394;3.61157;
1.79435;2.4852;3.61562;
1.79445;2.48645;3.61157;
1.79455;2.48771;3.61562;
1.79465;2.48897;3.61157;
1.79475;2.49022;3.61562;
1.79485;2.49148;3.61157;
1.79495;2.49273;3.61562;
1.79505;2.49398;3.61157;
1.79515;2.49523;3.61562;
1.79525;2.49649;3.61157;
1.79535;2.49774;3.61562;
1.79545;2.49899;3.61157;
1.79555;2.50024;3.61562;
1.79565;2.50149;3.61157;
1.79575;2.50274;3.61562;
1.79585;2.50399;3.61157;
1.79595;2.50523;3.61562;
1.79605;2.50648;3.61157;
1.79615;2.50773;3.61562;
1.79625;2.50897;3.61157;
1.79635;2.51022;3.61562;
1.79645;2.51146;3.61157;
1.79655;2.51271;3.61562;
1.79665;2.51395;3.61157;
1.79675;2.51519;3.61562;
1.79685;2.51643;3.61157;
1.79695;2.51768;3.61562;
1.79705;2.51892;3.61157;
1.79715;2.52016;3.61562;
1.79725;2.5214;3.61157;
1.79735;2.52263;3.61562;
1.79745;2.52387;3.61157;
1.79755;2.52511;3.61562;
1.79765;2.52635;3.61157;
1.79775;2.52758;3.61562;
1.79785;2.52882;3.61157;
1.79795;2.53006;3.61562;
1.79805;2.53129;3.61157;
1.79815;2.53252;3.61562;
1.79825;2.53376;3.61157;
1.79835;2.53499;3.61562;
1.79845;2.53622;3.61157;
1.79855;2.53745;3.61562;
1.79865;2.53868;3.61157;
1.79875;2.53991;3.61562;
1.79885;2.54114;3.61157;
1.79895;2.54237;3.61562;
1.79905;2.5436;3.61157;
1.79915;2.54483;3.61562;
1.79925;2.54606;3.61157;
1.79935;2.54728;3.61562;
1.79945;2.54851;3.61157;
1.79955;2.54974;3.61562;
1.79965;2.55096;3.61157;
1.79975;2.55218;3.61562;
1.79985;2.55341;3.61157;
1.79995;2.55463;3.61562;
1.80005;2.55585;3.61157;
1.80015;2.55707;3.61562;
1.80025;2.5583;3.61157;
1.80035;2.55952;3.61562;
1.80045;2.56074;3.61157;
1.80055;2.56196;3.61562;
1.80065;2.56317;3.61157;
1.80075;2.56439;3.61562;
1.80085;2.56561;3.61157;
1.80095;2.56683;3.61562;
1.80105;2.56804;3.61157;
1.80115;2.56926;3.61562;
1.80125;2.57047;3.61157;
1.80135;2.57169;3.61562;
1.80145;2.5729;3.61157;
1.80155;2.57411;3.61562;
1.80165;2.57533;3.61157;
1.80175;2.57654;3.61562;
1.80185;2.57775;3.61157;
1.80195;2.57896;3.61562;
1.80205;2.58017;3.61157;
1.80215;2.58138;3.61562;
1.80225;2.58259;3.61157;
1.80235;2.5838;3.61562;
1.80245;2.58501;3.61157;
1.80255;2.58621;3.61562;
1.80265;2.58742;3.61157;
1.80275;2.58863;3.61562;
1.80285;2.58983;3.61157;
1.80295;2.59104;3.61562;
1.80305;2.59224;3.61157;
1.80315;2.59344;3.61562;
1.80325;2.59465;3.61157;
1.80335;2.59585;3.61562;
1.80345;2.59705;3.61157;
1.80355;2.59825;3.61562;
1.80365;2.59945;3.61157;
1.80375;2.60065;3.61562;
1.80385;2.60185;3.61157;
1.80395;2.60305;3.61562;
1.80405;2.60425;3.61157;
1.80415;2.60545;3.61562;
1.80425;2.60664;3.61157;
1.80435;2.60784;3.61562;
1.80445;2.60903;3.61157;
1.80455;2.61023;3.61562;
1.80465;2.61142;3.61157;
1.80475;2.61262;3.61562;
1.80485;2.61381;3.61157;
1.80495;2.615;3.61562;
1.80505;2.6162;3.61157;
1.80515;2.61739;3.61562;
1.80525;2.61858;3.61157;
1.80535;2.61977;3.61562;
1.80545;2.62096;3.61157;
1.80555;2.62215;3.61562;
1.80565;2.62334;3.61157;
1.80575;2.62452;3.61562;
1.80585;2.62571;3.61157;
1.80595;2.6269;3.61562;
1.80605;2.62808;3.61157;
1.80615;2.62927;3.61562;
1.80625;2.63046;3.61157;
1.80635;2.63164;3.61562;
1.80645;2.63282;3.61157;
1.80655;2.63401;3.61562;
1.80665;2.63519;3.61157;
1.80675;2.63637;3.61562;
1.80685;2.63755;3.61157;
1.80695;2.63873;3.61562;
1.80705;2.63991;3.61157;
1.80715;2.64109;3.61562;
1.80725;2.64227;3.61157;
1.80735;2.64345;3.61562;
1.80745;2.64463;3.61157;
1.80755;2.64581;3.61562;
1.80765;2.64698;3.61157;
1.80775;2.64816;3.61562;
1.80785;2.64933;3.61157;
1.80795;2.65051;3.61562;
1.80805;2.65168;3.61157;
1.80815;2.65286;3.61562;
1.80825;2.65403;3.61157;
1.80835;2.6552;3.61562;
1.80845;2.65638;3.61157;
1.80855;2.65755;3.61562;
1.80865;2.65872;3.61157;
1.80875;2.65989;3.61562;
1.80885;2.66106;3.61157;
1.80895;2.66223;3.61562;
1.80905;2.6634;3.61157;
1.80915;2.66456;3.61562;
1.80925;2.66573;3.61157;
1.80935;2.6669;3.61562;
1.80945;2.66806;3.61157;
1.80955;2.66923;3.61562;
1.80965;2.67039;3.61157;
1.80975;2.67156;3.61562;
1.80985;2.67272;3.61157;
1.80995;2.67389;3.61562;
1.81005;2.67505;3.61157;
1.81015;2.67621;3.61562;
1.81025;2.67737;3.61157;
1.81035;2.67853;3.61562;
1.81045;2.67969;3.61157;
1.81055;2.68085;3.61562;
1.81065;2.68201;3.61157;
1.81075;2.68317;3.61562;
1.81085;2.68433;3.61157;
1.81095;2.68549;3.61562;
1.81105;2.68664;3.61157;
1.81115;2.6878;3.61562;
1.81125;2.68896;3.61157;
1.81135;2.69011;3.61562;
1.81145;2.69127;3.61157;
1.81155;2.69242;3.61562;
1.81165;2.69357;3.61157;
1.81175;2.69473;3.61562;
1.81185;2.69588;3.61157;
1.81195;2.69703;3.61562;
1.81205;2.69818;3.61157;
1.81215;2.69933;3.61562;
1.81225;2.70048;3.61157;
1.81235;2.70163;3.61562;
1.81245;2.70278;3.61157;
1.81255;2.70393;3.61562;
1.81265;2.70508;3.61157;
1.81275;2.70622;3.61562;
1.81285;2.70737;3.61157;
1.81295;2.70852;3.61562;
1.81305;2.70966;3.61157;
1.81315;2.71081;3.61562;
1.81325;2.71195;3.61157;
1.81335;2.71309;3.61562;
1.81345;2.71424;3.61157;
1.81355;2.71538;3.61562;
1.81365;2.71652;3.61157;
1.81375;2.71766;3.61562;
1.81385;2.7188;3.61157;
1.81395;2.71994;3.61562;
1.81405;2.72108;3.61157;
1.81415;2.72222;3.61562;
1.81425;2.72336;3.61157;
1.81435;2.7245;3.61562;
1.81445;2.72564;3.61157;
1.81455;2.72677;3.61562;
1.81465;2.72791;3.61157;
1.81475;2.72905;3.61562;
1.81485;2.73018;3.61157;
1.81495;2.73132;3.61562;
1.81505;2.73245;3.61157;
1.81515;2.73358;3.61562;
1.81525;2.73472;3.61157;
1.81535;2.73585;3.61562;
1.81545;2.73698;3.61157;
1.81555;2.73811;3.61562;
1.81565;2.73924;3.61157;
1.81575;2.74037;3.61562;
1.81585;2.7415;3.61157;
1.81595;2.74263;3.61562;
1.81605;2.74376;3.61158;
1.81615;2.74489;3.61562;
1.81625;2.74601;3.61158;
1.81635;2.74714;3.61562;
1.81645;2.74827;3.61158;
1.81655;2.74939;3.61562;
1.81665;2.75052;3.61158;
1.81675;2.75164;3.61562;
1.81685;2.75276;3.61158;
1.81695;2.75389;3.61562;
1.81705;2.75501;3.61158;
1.81715;2.75613;3.61562;
1.81725;2.75725;3.61158;
1.81735;2.75838;3.61562;
1.81745;2.7595;3.61158;
1.81755;2.76062;3.61562;
1.81765;2.76173;3.61158;
1.81775;2.76285;3.61562;
1.81785;2.76397;3.61158;
1.81795;2.76509;3.61562;
1.81805;2.76621;3.61158;
1.81815;2.76732;3.61562;
1.81825;2.76844;3.61158;
1.81835;2.76955;3.61562;
1.81845;2.77067;3.61158;
1.81855;2.77178;3.61562;
1.81865;2.7729;3.61158;
1.81875;2.77401;3.61562;
1.81885;2.77512;3.61158;
1.81895;2.77624;3.61562;
1.81905;2.77735;3.61158;
1.81915;2.77846;3.61562;
1.81925;2.77957;3.61158;
1.81935;2.78068;3.61562;
1.81945;2.78179;3.61158;
1.81955;2.7829;3.61562;
1.81965;2.784;3.61158;
1.81975;2.78511;3.61562;
1.81985;2.78622;3.61158;
1.81995;2.78733;3.61562;
1.82005;2.78843;3.61158;
1.82015;2.78954;3.61562;
1.82025;2.79064;3.61158;
1.82035;2.79175;3.61562;
1.82045;2.79285;3.61158;
1.82055;2.79395;3.61562;
1.82065;2.79506;3.61158;
1.82075;2.79616;3.61562;
1.82085;2.79726;3.61158;
1.82095;2.79836;3.61561;
1.82105;2.79946;3.61158;
1.82115;2.80056;3.61561;
1.82125;2.80166;3.61158;
1.82135;2.80276;3.61561;
1.82145;2.80386;3.61158;
1.82155;2.80496;3.61561;
1.82165;2.80605;3.61158;
1.82175;2.80715;3.61561;
1.82185;2.80825;3.61158;
1.82195;2.80934;3.61561;
1.82205;2.81044;3.61158;
1.82215;2.81153;3.61561;
1.82225;2.81262;3.61158;
1.82235;2.81372;3.61561;
1.82245;2.81481;3.61158;
1.82255;2.8159;3.61561;
1.82265;2.81699;3.61158;
1.82275;2.81809;3.61561;
1.82285;2.81918;3.61158;
1.82295;2.82027;3.61561;
1.82305;2.82136;3.61158;
1.82315;2.82244;3.61561;
1.82325;2.82353;3.61158;
1.82335;2.82462;3.61561;
1.82345;2.82571;3.61158;
1.82355;2.8268;3.61561;
1.82365;2.82788;3.61158;
1.82375;2.82897;3.61561;
1.82385;2.83005;3.61158;
1.82395;2.83114;3.61561;
1.82405;2.83222;3.61158;
1.82415;2.8333;3.61561;
1.82425;2.83439;3.61158;
1.82435;2.83547;3.61561;
1.82445;2.83655;3.61158;
1.82455;2.83763;3.61561;
1.82465;2.83871;3.61158;
1.82475;2.83979;3.61561;
1.82485;2.84087;3.61158;
1.82495;2.84195;3.61561;
1.82505;2.84303;3.61158;
1.82515;2.84411;3.61561;
1.82525;2.84519;3.61158;
1.82535;2.84627;3.61561;
1.82545;2.84734;3.61158;
1.82555;2.84842;3.61561;
1.82565;2.84949;3.61158;
1.82575;2.85057;3.61561;
1.82585;2.85164;3.61158;
1.82595;2.85272;3.61561;
1.82605;2.85379;3.61158;
1.82615;2.85486;3.61561;
1.82625;2.85593;3.61158;
1.82635;2.85701;3.61561;
1.82645;2.85808;3.61158;
1.82655;2.85915;3.61561;
1.82665;2.86022;3.61158;
1.82675;2.86129;3.61561;
1.82685;2.86236;3.61158;
1.82695;2.86343;3.61561;
1.82705;2.86449;3.61158;
1.82715;2.86556;3.61561;
1.82725;2.86663;3.61158;
1.82735;2.86769;3.61561;
1.82745;2.86876;3.61158;
1.82755;2.86983;3.61561;
1.82765;2.87089;3.61158;
1.82775;2.87195;3.61561;
1.82785;2.87302;3.61158;
1.82795;2.87408;3.61561;
1.82805;2.87514;3.61158;
1.82815;2.87621;3.61561;
1.82825;2.87727;3.61158;
1.82835;2.87833;3.61561;
1.82845;2.87939;3.61158;
1.82855;2.88045;3.61561;
1.82865;2.88151;3.61158;
1.82875;2.88257;3.61561;
1.82885;2.88363;3.61158;
1.82895;2.88468;3.61561;
1.82905;2.88574;3.61158;
1.82915;2.8868;3.61561;
1.82925;2.88785;3.61158;
1.82935;2.88891;3.61561;
1.82945;2.88996;3.61158;
1.82955;2.89102;3.61561;
1.82965;2.89207;3.61158;
1.82975;2.89313;3.61561;
1.82985;2.89418;3.61158;
1.82995;2.89523;3.61561;
1.83005;2.89628;3.61158;
1.83015;2.89734;3.61561;
1.83025;2.89839;3.61158;
1.83035;2.89944;3.61561;
1.83045;2.90049;3.61158;
1.83055;2.90154;3.61561;
1.83065;2.90259;3.61158;
1.83075;2.90363;3.61561;
1.83085;2.90468;3.61158;
1.83095;2.90573;3.61561;
1.83105;2.90678;3.61158;
1.83115;2.90782;3.61561;
1.83125;2.90887;3.61158;
1.83135;2.90991;3.61561;
1.83145;2.91096;3.61158;
1.83155;2.912;3.61561;
1.83165;2.91305;3.61158;
1.83175;2.91409;3.61561;
1.83185;2.91513;3.61158;
1.83195;2.91617;3.61561;
1.83205;2.91722;3.61158;
1.83215;2.91826;3.61561;
1.83225;2.9193;3.61158;
1.83235;2.92034;3.61561;
1.83245;2.92138;3.61158;
1.83255;2.92242;3.61561;
1.83265;2.92345;3.61158;
1.83275;2.92449;3.61561;
1.83285;2.92553;3.61158;
1.83295;2.92657;3.61561;
1.83305;2.9276;3.61158;
1.83315;2.92864;3.61561;
1.83325;2.92967;3.61158;
1.83335;2.93071;3.61561;
1.83345;2.93174;3.61158;
1.83355;2.93278;3.61561;
1.83365;2.93381;3.61158;
1.83375;2.93484;3.61561;
1.83385;2.93588;3.61158;
1.83395;2.93691;3.61561;
1.83405;2.93794;3.61158;
1.83415;2.93897;3.61561;
1.83425;2.94;3.61158;
1.83435;2.94103;3.61561;
1.83445;2.94206;3.61158;
1.83455;2.94309;3.61561;
1.83465;2.94411;3.61158;
1.83475;2.94514;3.61561;
1.83485;2.94617;3.61158;
1.83495;2.9472;3.61561;
1.83505;2.94822;3.61158;
1.83515;2.94925;3.61561;
1.83525;2.95027;3.61158;
1.83535;2.9513;3.61561;
1.83545;2.95232;3.61158;
1.83555;2.95334;3.61561;
1.83565;2.95437;3.61158;
1.83575;2.95539;3.61561;
1.83585;2.95641;3.61158;
1.83595;2.95743;3.61561;
1.83605;2.95845;3.61158;
1.83615;2.95947;3.61561;
1.83625;2.96049;3.61158;
1.83635;2.96151;3.61561;
1.83645;2.96253;3.61158;
1.83655;2.96355;3.61561;
1.83665;2.96457;3.61158;
1.83675;2.96559;3.61561;
1.83685;2.9666;3.61158;
1.83695;2.96762;3.61561;
1.83705;2.96864;3.61158;
1.83715;2.96965;3.61561;
1.83725;2.97067;3.61158;
1.83735;2.97168;3.61561;
1.83745;2.97269;3.61158;
1.83755;2.97371;3.61561;
1.83765;2.97472;3.61158;
1.83775;2.97573;3.61561;
1.83785;2.97674;3.61158;
1.83795;2.97776;3.61561;
1.83805;2.97877;3.61158;
1.83815;2.97978;3.61561;
1.83825;2.98079;3.61158;
1.83835;2.9818;3.61561;
1.83845;2.9828;3.61158;
1.83855;2.98381;3.61561;
1.83865;2.98482;3.61158;
1.83875;2.98583;3.61561;
1.83885;2.98683;3.61158;
1.83895;2.98784;3.61561;
1.83905;2.98885;3.61158;
1.83915;2.98985;3.61561;
1.83925;2.99086;3.61158;
1.83935;2.99186;3.61561;
1.83945;2.99286;3.61158;
1.83955;2.99387;3.61561;
1.83965;2.99487;3.61158;
1.83975;2.99587;3.61561;
1.83985;2.99687;3.61158;
1.83995;2.99788;3.61561;
1.84005;2.99888;3.61158;
1.84015;2.99988;3.61561;
1.84025;3.00088;3.61158;
1.84035;3.00188;3.61561;
1.84045;3.00287;3.61158;
1.84055;3.00387;3.61561;
1.84065;3.00487;3.61158;
1.84075;3.00587;3.61561;
1.84085;3.00686;3.61158;
1.84095;3.00786;3.61561;
1.84105;3.00886;3.61158;
1.84115;3.00985;3.61561;
1.84125;3.01085;3.61158;
1.84135;3.01184;3.61561;
1.84145;3.01283;3.61158;
1.84155;3.01383;3.61561;
1.84165;3.01482;3.61158;
1.84175;3.01581;3.61561;
1.84185;3.0168;3.61158;
1.84195;3.01779;3.61561;
1.84205;3.01879;3.61158;
1.84215;3.01978;3.61561;
1.84225;3.02077;3.61158;
1.84235;3.02175;3.61561;
1.84245;3.02274;3.61158;
1.84255;3.02373;3.61561;
1.84265;3.02472;3.61158;
1.84275;3.02571;3.61561;
1.84285;3.02669;3.61158;
1.84295;3.02768;3.61561;
1.84305;3.02867;3.61158;
1.84315;3.02965;3.61561;
1.84325;3.03064;3.61158;
1.84335;3.03162;3.61561;
1.84345;3.0326;3.61158;
1.84355;3.03359;3.61561;
1.84365;3.03457;3.61158;
1.84375;3.03555;3.61561;
1.84385;3.03653;3.61158;
1.84395;3.03752;3.61561;
1.84405;3.0385;3.61158;
1.84415;3.03948;3.61561;
1.84425;3.04046;3.61158;
1.84435;3.04144;3.61561;
1.84445;3.04242;3.61158;
1.84455;3.04339;3.61561;
1.84465;3.04437;3.61158;
1.84475;3.04535;3.61561;
1.84485;3.04633;3.61159;
1.84495;3.0473;3.61561;
1.84505;3.04828;3.61159;
1.84515;3.04925;3.61561;
1.84525;3.05023;3.61159;
1.84535;3.0512;3.61561;
1.84545;3.05218;3.61159;
1.84555;3.05315;3.61561;
1.84565;3.05412;3.61159;
1.84575;3.0551;3.61561;
1.84585;3.05607;3.61159;
1.84595;3.05704;3.61561;
1.84605;3.05801;3.61159;
1.84615;3.05898;3.61561;
1.84625;3.05995;3.61159;
1.84635;3.06092;3.61561;
1.84645;3.06189;3.61159;
1.84655;3.06286;3.61561;
1.84665;3.06383;3.61159;
1.84675;3.0648;3.61561;
1.84685;3.06576;3.61159;
1.84695;3.06673;3.61561;
1.84705;3.0677;3.61159;
1.84715;3.06866;3.61561;
1.84725;3.06963;3.61159;
1.84735;3.07059;3.61561;
1.84745;3.07156;3.61159;
1.84755;3.07252;3.61561;
1.84765;3.07348;3.61159;
1.84775;3.07445;3.61561;
1.84785;3.07541;3.61159;
1.84795;3.07637;3.61561;
1.84805;3.07733;3.61159;
1.84815;3.07829;3.61561;
1.84825;3.07925;3.61159;
1.84835;3.08021;3.61561;
1.84845;3.08117;3.61159;
1.84855;3.08213;3.61561;
1.84865;3.08309;3.61159;
1.84875;3.08405;3.61561;
1.84885;3.08501;3.61159;
1.84895;3.08596;3.61561;
1.84905;3.08692;3.61159;
1.84915;3.08788;3.61561;
1.84925;3.08883;3.61159;
1.84935;3.08979;3.61561;
1.84945;3.09074;3.61159;
1.84955;3.0917;3.61561;
1.84965;3.09265;3.61159;
1.84975;3.0936;3.61561;
1.84985;3.09456;3.61159;
1.84995;3.09551;3.61561;
1.85005;3.09646;3.61159;
1.85015;3.09741;3.61561;
1.85025;3.09836;3.61159;
1.85035;3.09931;3.61561;
1.85045;3.10026;3.61159;
1.85055;3.10121;3.61561;
1.85065;3.10216;3.61159;
1.85075;3.10311;3.61561;
1.85085;3.10406;3.61159;
1.85095;3.10501;3.61561;
1.85105;3.10595;3.61159;
1.85115;3.1069;3.6156;
1.85125;3.10785;3.61159;
1.85135;3.10879;3.6156;
1.85145;3.10974;3.61159;
1.85155;3.11068;3.6156;
1.85165;3.11163;3.61159;
1.85175;3.11257;3.6156;
1.85185;3.11351;3.61159;
1.85195;3.11446;3.6156;
1.85205;3.1154;3.61159;
1.85215;3.11634;3.6156;
1.85225;3.11728;3.61159;
1.85235;3.11822;3.6156;
1.85245;3.11916;3.61159;
1.85255;3.1201;3.6156;
1.85265;3.12104;3.61159;
1.85275;3.12198;3.6156;
1.85285;3.12292;3.61159;
1.85295;3.12386;3.6156;
1.85305;3.1248;3.61159;
1.85315;3.12573;3.6156;
1.85325;3.12667;3.61159;
1.85335;3.12761;3.6156;
1.85345;3.12854;3.61159;
1.85355;3.12948;3.6156;
1.85365;3.13041;3.61159;
1.85375;3.13135;3.6156;
1.85385;3.13228;3.61159;
1.85395;3.13321;3.6156;
1.85405;3.13415;3.61159;
1.85415;3.13508;3.6156;
1.85425;3.13601;3.61159;
1.85435;3.13694;3.6156;
1.85445;3.13787;3.61159;
1.85455;3.13881;3.6156;
1.85465;3.13974;3.61159;
1.85475;3.14067;3.6156;
1.85485;3.14159;3.61159;
1.85495;3.14252;3.6156;
1.85505;3.14345;3.61159;
1.85515;3.14438;3.6156;
1.85525;3.14531;3.61159;
1.85535;3.14623;3.6156;
1.85545;3.14716;3.61159;
1.85555;3.14809;3.6156;
1.85565;3.14901;3.61159;
1.85575;3.14994;3.6156;
1.85585;3.15086;3.61159;
1.85595;3.15179;3.6156;
1.85605;3.15271;3.61159;
1.85615;3.15363;3.6156;
1.85625;3.15456;3.61159;
1.85635;3.15548;3.6156;
1.85645;3.1564;3.61159;
1.85655;3.15732;3.6156;
1.85665;3.15824;3.61159;
1.85675;3.15916;3.6156;
1.85685;3.16008;3.61159;
1.85695;3.161;3.6156;
1.85705;3.16192;3.61159;
1.85715;3.16284;3.6156;
1.85725;3.16376;3.61159;
1.85735;3.16468;3.6156;
1.85745;3.16559;3.61159;
1.85755;3.16651;3.6156;
1.85765;3.16743;3.61159;
1.85775;3.16834;3.6156;
1.85785;3.16926;3.61159;
1.85795;3.17017;3.6156;
1.85805;3.17109;3.61159;
1.85815;3.172;3.6156;
1.85825;3.17291;3.61159;
1.85835;3.17383;3.6156;
1.85845;3.17474;3.61159;
1.85855;3.17565;3.6156;
1.85865;3.17656;3.61159;
1.85875;3.17747;3.6156;
1.85885;3.17839;3.61159;
1.85895;3.1793;3.6156;
1.85905;3.18021;3.61159;
1.85915;3.18112;3.6156;
1.85925;3.18202;3.61159;
1.85935;3.18293;3.6156;
1.85945;3.18384;3.61159;
1.85955;3.18475;3.6156;
1.85965;3.18566;3.61159;
1.85975;3.18656;3.6156;
1.85985;3.18747;3.61159;
1.85995;3.18837;3.6156;
1.86005;3.18928;3.61159;
1.86015;3.19018;3.6156;
1.86025;3.19109;3.61159;
1.86035;3.19199;3.6156;
1.86045;3.1929;3.61159;
1.86055;3.1938;3.6156;
1.86065;3.1947;3.61159;
1.86075;3.1956;3.6156;
1.86085;3.19651;3.61159;
1.86095;3.19741;3.6156;
1.86105;3.19831;3.61159;
1.86115;3.19921;3.6156;
1.86125;3.20011;3.61159;
1.86135;3.20101;3.6156;
1.86145;3.20191;3.61159;
1.86155;3.20281;3.6156;
1.86165;3.2037;3.61159;
1.86175;3.2046;3.6156;
1.86185;3.2055;3.61159;
1.86195;3.2064;3.6156;
1.86205;3.20729;3.61159;
1.86215;3.20819;3.6156;
1.86225;3.20908;3.61159;
1.86235;3.20998;3.6156;
1.86245;3.21087;3.61159;
1.86255;3.21177;3.6156;
1.86265;3.21266;3.61159;
1.86275;3.21355;3.6156;
1.86285;3.21445;3.61159;
1.86295;3.21534;3.6156;
1.86305;3.21623;3.61159;
1.86315;3.21712;3.6156;
1.86325;3.21801;3.61159;
1.86335;3.2189;3.6156;
1.86345;3.21979;3.61159;
1.86355;3.22068;3.6156;
1.86365;3.22157;3.61159;
1.86375;3.22246;3.6156;
1.86385;3.22335;3.61159;
1.86395;3.22424;3.6156;
1.86405;3.22512;3.61159;
1.86415;3.22601;3.6156;
1.86425;3.2269;3.61159;
1.86435;3.22778;3.6156;
1.86445;3.22867;3.61159;
1.86455;3.22955;3.6156;
1.86465;3.23044;3.61159;
1.86475;3.23132;3.6156;
1.86485;3.23221;3.61159;
1.86495;3.23309;3.6156;
1.86505;3.23397;3.61159;
1.86515;3.23486;3.6156;
1.86525;3.23574;3.61159;
1.86535;3.23662;3.6156;
1.86545;3.2375;3.61159;
1.86555;3.23838;3.6156;
1.86565;3.23926;3.61159;
1.86575;3.24014;3.6156;
1.86585;3.24102;3.61159;
1.86595;3.2419;3.6156;
1.86605;3.24278;3.61159;
1.86615;3.24366;3.6156;
1.86625;3.24453;3.61159;
1.86635;3.24541;3.6156;
1.86645;3.24629;3.61159;
1.86655;3.24716;3.6156;
1.86665;3.24804;3.61159;
1.86675;3.24892;3.6156;
1.86685;3.24979;3.61159;
1.86695;3.25066;3.6156;
1.86705;3.25154;3.61159;
1.86715;3.25241;3.6156;
1.86725;3.25329;3.61159;
1.86735;3.25416;3.6156;
1.86745;3.25503;3.61159;
1.86755;3.2559;3.6156;
1.86765;3.25677;3.61159;
1.86775;3.25764;3.6156;
1.86785;3.25852;3.61159;
1.86795;3.25939;3.6156;
1.86805;3.26026;3.61159;
1.86815;3.26112;3.6156;
1.86825;3.26199;3.61159;
1.86835;3.26286;3.6156;
1.86845;3.26373;3.61159;
1.86855;3.2646;3.6156;
1.86865;3.26546;3.61159;
1.86875;3.26633;3.6156;
1.86885;3.2672;3.61159;
1.86895;3.26806;3.6156;
1.86905;3.26893;3.61159;
1.86915;3.26979;3.6156;
1.86925;3.27066;3.61159;
1.86935;3.27152;3.6156;
1.86945;3.27239;3.61159;
1.86955;3.27325;3.6156;
1.86965;3.27411;3.61159;
1.86975;3.27497;3.6156;
1.86985;3.27584;3.61159;
1.86995;3.2767;3.6156;
1.87005;3.27756;3.61159;
1.87015;3.27842;3.6156;
1.87025;3.27928;3.61159;
1.87035;3.28014;3.6156;
1.87045;3.281;3.61159;
1.87055;3.28186;3.6156;
1.87065;3.28271;3.61159;
1.87075;3.28357;3.6156;
1.87085;3.28443;3.61159;
1.87095;3.28529;3.6156;
1.87105;3.28614;3.61159;
1.87115;3.287;3.6156;
1.87125;3.28786;3.61159;
1.87135;3.28871;3.6156;
1.87145;3.28957;3.61159;
1.87155;3.29042;3.6156;
1.87165;3.29128;3.61159;
1.87175;3.29213;3.6156;
1.87185;3.29298;3.61159;
1.87195;3.29384;3.6156;
1.87205;3.29469;3.6116;
1.87215;3.29554;3.6156;
1.87225;3.29639;3.6116;
1.87235;3.29724;3.6156;
1.87245;3.29809;3.6116;
1.87255;3.29894;3.6156;
1.87265;3.29979;3.6116;
1.87275;3.30064;3.6156;
1.87285;3.30149;3.6116;
1.87295;3.30234;3.6156;
1.87305;3.30319;3.6116;
1.87315;3.30404;3.6156;
1.87325;3.30488;3.6116;
1.87335;3.30573;3.6156;
1.87345;3.30658;3.6116;
1.87355;3.30742;3.6156;
1.87365;3.30827;3.6116;
1.87375;3.30911;3.6156;
1.87385;3.30996;3.6116;
1.87395;3.3108;3.6156;
1.87405;3.31165;3.6116;
1.87415;3.31249;3.6156;
1.87425;3.31333;3.6116;
1.87435;3.31417;3.6156;
1.87445;3.31502;3.6116;
1.87455;3.31586;3.6156;
1.87465;3.3167;3.6116;
1.87475;3.31754;3.6156;
1.87485;3.31838;3.6116;
1.87495;3.31922;3.6156;
1.87505;3.32006;3.6116;
1.87515;3.3209;3.6156;
1.87525;3.32174;3.6116;
1.87535;3.32258;3.6156;
1.87545;3.32341;3.6116;
1.87555;3.32425;3.6156;
1.87565;3.32509;3.6116;
1.87575;3.32593;3.6156;
1.87585;3.32676;3.6116;
1.87595;3.3276;3.6156;
1.87605;3.32843;3.6116;
1.87615;3.32927;3.6156;
1.87625;3.3301;3.6116;
1.87635;3.33094;3.6156;
1.87645;3.33177;3.6116;
1.87655;3.3326;3.6156;
1.87665;3.33344;3.6116;
1.87675;3.33427;3.6156;
1.87685;3.3351;3.6116;
1.87695;3.33593;3.6156;
1.87705;3.33676;3.6116;
1.87715;3.33759;3.6156;
1.87725;3.33842;3.6116;
1.87735;3.33925;3.6156;
1.87745;3.34008;3.6116;
1.87755;3.34091;3.6156;
1.87765;3.34174;3.6116;
1.87775;3.34257;3.6156;
1.87785;3.3434;3.6116;
1.87795;3.34422;3.6156;
1.87805;3.34505;3.6116;
1.87815;3.34588;3.6156;
1.87825;3.3467;3.6116;
1.87835;3.34753;3.6156;
1.87845;3.34836;3.6116;
1.87855;3.34918;3.6156;
1.87865;3.35;3.6116;
1.87875;3.35083;3.6156;
1.87885;3.35165;3.6116;
1.87895;3.35248;3.6156;
1.87905;3.3533;3.6116;
1.87915;3.35412;3.6156;
1.87925;3.35494;3.6116;
1.87935;3.35576;3.61559;
1.87945;3.35659;3.6116;
1.87955;3.35741;3.61559;
1.87965;3.35823;3.61164;
1.87975;3.35905;3.61564;
1.87985;3.35987;3.61164;
1.87995;3.36069;3.61564;
1.88005;3.3615;3.61164;
1.88015;3.36232;3.61564;
1.88025;3.36314;3.61164;
1.88035;3.36396;3.61564;
1.88045;3.36477;3.61164;
1.88055;3.36559;3.61564;
1.88065;3.36641;3.61164;
1.88075;3.36722;3.61564;
1.88085;3.36804;3.61164;
1.88095;3.36885;3.61564;
1.88105;3.36967;3.61164;
1.88115;3.37048;3.61564;
1.88125;3.3713;3.61164;
1.88135;3.37211;3.61564;
1.88145;3.37292;3.61164;
1.88155;3.37373;3.61564;
1.88165;3.37455;3.61164;
1.88175;3.37536;3.61564;
1.88185;3.37617;3.61164;
1.88195;3.37698;3.61564;
1.88205;3.37779;3.61164;
1.88215;3.3786;3.61564;
1.88225;3.37941;3.61164;
1.88235;3.38022;3.61564;
1.88245;3.38103;3.61164;
1.88255;3.38184;3.61564;
1.88265;3.38264;3.61164;
1.88266;3.38275;3.61369;
1.88268;3.38289;3.61356;
1.88269;3.38298;3.61369;
1.8827;3.38305;3.61355;
1.88271;3.38311;3.6137;
1.88272;3.38317;3.61355;
1.88272;3.38322;3.6137;
1.88273;3.38328;3.61354;
1.88274;3.38334;3.61371;
1.88275;3.38342;3.61353;
1.88276;3.38351;3.61371;
1.88276;3.38351;3.61322;
1.88276;3.38352;3.61348;
1.88276;3.38352;3.61357;
1.88276;3.38352;3.61361;
1.88276;3.38352;3.61364;
1.88276;3.38352;3.61363;
1.88276;3.38353;3.61365;
1.88276;3.38353;3.61363;
1.88276;3.38354;3.61365;
1.88276;3.38355;3.61365;
1.88276;3.38355;3.61365;
1.88276;3.38355;3.61366;
1.88276;3.38355;3.61366;
1.88276;3.38356;3.6137;
1.88276;3.38356;3.6137;
1.88276;3.38356;3.61371;
1.88276;3.38356;3.61372;
1.88276;3.38356;3.61374;
1.88276;3.38356;3.61382;
1.88276;3.38356;0.638925;
1.88276;3.38355;0.0065591;
1.88276;3.38355;0.00841606;
1.88276;3.38355;0.0078607;
1.88276;3.38355;0.00720413;
1.88276;3.38355;0.00831223;
1.88276;3.38355;0.00705645;
1.88276;3.38354;0.00835915;
1.88276;3.38354;0.0070764;
1.88276;3.38354;0.00832428;
1.88276;3.38354;0.00711961;
1.88276;3.38354;0.00828213;
1.88276;3.38353;0.00715438;
1.88276;3.38353;0.0082538;
1.88276;3.38352;0.00717407;
1.88276;3.38352;0.00824014;
1.88277;3.3835;0.00718199;
1.88277;3.38347;0.00823566;
1.88277;3.38341;0.00718401;
1.88277;3.38329;0.00823456;
1.88278;3.38305;0.00718411;
1.88279;3.38257;0.00823432;
1.88282;3.38162;0.00718322;
1.88288;3.3797;0.00823432;
1.88298;3.37634;0.00718218;
1.88308;3.37298;0.00823433;
1.88318;3.36963;0.0071819;
1.88328;3.36627;0.00823431;
1.88338;3.36293;0.00718186;
1.88348;3.35958;0.00823429;
1.88358;3.35624;0.00718184;
1.88368;3.3529;0.00823426;
1.88378;3.34956;0.00718183;
1.88388;3.34623;0.00823424;
1.88398;3.3429;0.00718182;
1.88408;3.33958;0.00823421;
1.88418;3.33626;0.00718181;
1.88428;3.33294;0.00823419;
1.88438;3.32962;0.0071818;
1.88448;3.32631;0.00823416;
1.88458;3.323;0.00718178;
1.88468;3.3197;0.00823414;
1.88478;3.3164;0.00718177;
1.88488;3.3131;0.00823411;
1.88498;3.3098;0.00718176;
1.88508;3.30651;0.00823409;
1.88518;3.30322;0.00718175;
1.88528;3.29994;0.00823406;
1.88538;3.29665;0.00718174;
1.88548;3.29337;0.00823404;
1.88558;3.2901;0.00718173;
1.88568;3.28683;0.00823401;
1.88578;3.28356;0.00718172;
1.88588;3.28029;0.00823399;
1.88598;3.27703;0.0071817;
1.88608;3.27377;0.00823396;
1.88618;3.27051;0.00718169;
1.88628;3.26726;0.00823394;
1.88638;3.26401;0.00718168;
1.88648;3.26077;0.00823391;
1.88658;3.25752;0.00718167;
1.88668;3.25428;0.00823389;
1.88678;3.25105;0.00718166;
1.88688;3.24781;0.00823386;
1.88698;3.24458;0.00718165;
1.88708;3.24136;0.00823384;
1.88718;3.23813;0.00718164;
1.88728;3.23491;0.00823381;
1.88738;3.2317;0.00718163;
1.88748;3.22848;0.00823378;
1.88758;3.22527;0.00718162;
1.88768;3.22206;0.00823376;
1.88778;3.21886;0.0071816;
1.88788;3.21566;0.00823373;
1.88798;3.21246;0.00718159;
1.88808;3.20927;0.00823371;
1.88818;3.20608;0.00718158;
1.88828;3.20289;0.00823368;
1.88838;3.1997;0.00718157;
1.88848;3.19652;0.00823366;
1.88858;3.19334;0.00718156;
1.88868;3.19017;0.00823363;
1.88878;3.18699;0.00718155;
1.88888;3.18383;0.00823361;
1.88898;3.18066;0.00718154;
1.88908;3.1775;0.00823358;
1.88918;3.17434;0.00718153;
1.88928;3.17118;0.00823356;
1.88938;3.16803;0.00718152;
1.88948;3.16488;0.00823353;
1.88958;3.16173;0.00718151;
1.88968;3.15859;0.00823351;
1.88978;3.15545;0.0071815;
1.88988;3.15231;0.00823348;
1.88998;3.14917;0.00718149;
1.89008;3.14604;0.00823346;
1.89018;3.14291;0.00718148;
1.89028;3.13979;0.00823343;
1.89038;3.13667;0.00718147;
1.89048;3.13355;0.00823341;
1.89058;3.13043;0.00718146;
1.89068;3.12732;0.00823338;
1.89078;3.12421;0.00718145;
1.89088;3.1211;0.00823336;
1.89098;3.118;0.00718144;
1.89108;3.1149;0.00823333;
1.89118;3.1118;0.00718143;
1.89128;3.10871;0.00823331;
1.89138;3.10562;0.00718142;
1.89148;3.10253;0.00823328;
1.89158;3.09945;0.00718141;
1.89168;3.09636;0.00823325;
1.89178;3.09329;0.0071814;
1.89188;3.09021;0.00823323;
1.89198;3.08714;0.0071814;
1.89208;3.08407;0.0082332;
1.89218;3.081;0.00718139;
1.89228;3.07794;0.00823318;
1.89238;3.07488;0.00718138;
1.89248;3.07182;0.00823315;
1.89258;3.06877;0.00718137;
1.89268;3.06572;0.00823313;
1.89278;3.06267;0.00718136;
1.89288;3.05962;0.0082331;
1.89298;3.05658;0.00718135;
1.89308;3.05354;0.00823308;
1.89318;3.05051;0.00718134;
1.89328;3.04748;0.00823305;
1.89338;3.04445;0.00718133;
1.89348;3.04142;0.00823303;
1.89358;3.0384;0.00718132;
1.89368;3.03537;0.008233;
1.89378;3.03236;0.00718132;
1.89388;3.02934;0.00823298;
1.89398;3.02633;0.00718131;
1.89408;3.02332;0.00823295;
1.89418;3.02032;0.0071813;
1.89428;3.01731;0.00823293;
1.89438;3.01431;0.00718129;
1.89448;3.01132;0.0082329;
1.89458;3.00832;0.00718128;
1.89468;3.00533;0.00823288;
1.89478;3.00235;0.00718127;
1.89488;2.99936;0.00823285;
1.89498;2.99638;0.00718126;
1.89508;2.9934;0.00823283;
1.89518;2.99043;0.00718126;
1.89528;2.98745;0.0082328;
1.89538;2.98448;0.00718125;
1.89548;2.98152;0.00823277;
1.89558;2.97855;0.00718124;
1.89568;2.97559;0.00823275;
1.89578;2.97263;0.00718123;
1.89588;2.96968;0.00823272;
1.89598;2.96673;0.00718122;
1.89608;2.96378;0.0082327;
1.89618;2.96083;0.00718122;
1.89628;2.95789;0.00823267;
1.89638;2.95495;0.00718121;
1.89648;2.95201;0.00823265;
1.89658;2.94908;0.0071812;
1.89668;2.94615;0.00823262;
1.89678;2.94322;0.00718119;
1.89688;2.94029;0.0082326;
1.89698;2.93737;0.00718118;
1.89708;2.93445;0.00823257;
1.89718;2.93153;0.00718118;
1.89728;2.92862;0.00823255;
1.89738;2.92571;0.00718117;
1.89748;2.9228;0.00823252;
1.89758;2.91989;0.00718116;
1.89768;2.91699;0.0082325;
1.89778;2.91409;0.00718115;
1.89788;2.9112;0.00823247;
1.89798;2.9083;0.00718115;
1.89808;2.90541;0.00823245;
1.89818;2.90252;0.00718114;
1.89828;2.89964;0.00823242;
1.89838;2.89676;0.00718113;
1.89848;2.89388;0.0082324;
1.89858;2.891;0.00718113;
1.89868;2.88813;0.00823237;
1.89878;2.88526;0.00718112;
1.89888;2.88239;0.00823234;
1.89898;2.87952;0.00718111;
1.89908;2.87666;0.00823232;
1.89918;2.8738;0.0071811;
1.89928;2.87095;0.00823229;
1.89938;2.86809;0.0071811;
1.89948;2.86524;0.00823227;
1.89958;2.8624;0.00718109;
1.89968;2.85955;0.00823224;
1.89978;2.85671;0.00718108;
1.89988;2.85387;0.00823222;
1.89998;2.85103;0.00718108;
1.90008;2.8482;0.00823219;
1.90018;2.84537;0.00718107;
1.90028;2.84254;0.00823217;
1.90038;2.83972;0.00718106;
1.90048;2.83689;0.00823214;
1.90058;2.83407;0.00718106;
1.90068;2.83126;0.00823212;
1.90078;2.82844;0.00718105;
1.90088;2.82563;0.00823209;
1.90098;2.82282;0.00718105;
1.90108;2.82002;0.00823207;
1.90118;2.81722;0.00718104;
1.90128;2.81442;0.00823204;
1.90138;2.81162;0.00718103;
1.90148;2.80883;0.00823202;
1.90158;2.80603;0.00718103;
1.90168;2.80325;0.00823199;
1.90178;2.80046;0.00718102;
1.90188;2.79768;0.00823196;
1.90198;2.7949;0.00718101;
1.90208;2.79212;0.00823194;
1.90218;2.78934;0.00718101;
1.90228;2.78657;0.00823191;
1.90238;2.7838;0.007181;
1.90248;2.78104;0.00823189;
1.90258;2.77827;0.007181;
1.90268;2.77551;0.00823186;
1.90278;2.77275;0.00718099;
1.90288;2.77;0.00823184;
1.90298;2.76725;0.00718098;
1.90308;2.7645;0.00823181;
1.90318;2.76175;0.00718098;
1.90328;2.75901;0.00823179;
1.90338;2.75626;0.00718097;
1.90348;2.75352;0.00823176;
1.90358;2.75079;0.00718097;
1.90368;2.74805;0.00823174;
1.90378;2.74532;0.00718096;
1.90388;2.7426;0.00823171;
1.90398;2.73987;0.00718096;
1.90408;2.73715;0.00823169;
1.90418;2.73443;0.00718095;
1.90428;2.73171;0.00823166;
1.90438;2.729;0.00718095;
1.90448;2.72629;0.00823164;
1.90458;2.72358;0.00718094;
1.90468;2.72087;0.00823161;
1.90478;2.71817;0.00718094;
1.90488;2.71547;0.00823158;
1.90498;2.71277;0.00718093;
1.90508;2.71007;0.00823156;
1.90518;2.70738;0.00718092;
1.90528;2.70469;0.00823153;
1.90538;2.702;0.00718092;
1.90548;2.69932;0.00823151;
1.90558;2.69664;0.00718091;
1.90568;2.69396;0.00823148;
1.90578;2.69128;0.00718091;
1.90588;2.68861;0.00823146;
1.90598;2.68593;0.0071809;
1.90608;2.68326;0.00823143;
1.90618;2.6806;0.0071809;
1.90628;2.67794;0.00823141;
1.90638;2.67527;0.0071809;
1.90648;2.67262;0.00823138;
1.90658;2.66996;0.00718089;
1.90668;2.66731;0.00823136;
1.90678;2.66466;0.00718089;
1.90688;2.66201;0.00823133;
1.90698;2.65937;0.00718088;
1.90708;2.65672;0.00823131;
1.90718;2.65408;0.00718088;
1.90728;2.65145;0.00823128;
1.90738;2.64881;0.00718087;
1.90748;2.64618;0.00823125;
1.90758;2.64355;0.00718087;
1.90768;2.64093;0.00823123;
1.90778;2.6383;0.00718086;
1.90788;2.63568;0.0082312;
1.90798;2.63306;0.00718086;
1.90808;2.63045;0.00823118;
1.90818;2.62783;0.00718085;
1.90828;2.62522;0.00823115;
1.90838;2.62262;0.00718085;
1.90848;2.62001;0.00823113;
1.90858;2.61741;0.00718085;
1.90868;2.61481;0.0082311;
1.90878;2.61221;0.00718084;
1.90888;2.60961;0.00823108;
1.90898;2.60702;0.00718084;
1.90908;2.60443;0.00823105;
1.90918;2.60184;0.00718083;
1.90928;2.59926;0.00823103;
1.90938;2.59668;0.00718083;
1.90948;2.5941;0.008231;
1.90958;2.59152;0.00718083;
1.90968;2.58895;0.00823098;
1.90978;2.58637;0.00718082;
1.90988;2.58381;0.00823095;
1.90998;2.58124;0.00718082;
1.91008;2.57867;0.00823092;
1.91018;2.57611;0.00718082;
1.91028;2.57355;0.0082309;
1.91038;2.571;0.00718081;
1.91048;2.56844;0.00823087;
1.91058;2.56589;0.00718081;
1.91068;2.56334;0.00823085;
1.91078;2.5608;0.0071808;
1.91088;2.55825;0.00823082;
1.91098;2.55571;0.0071808;
1.91108;2.55317;0.0082308;
1.91118;2.55064;0.0071808;
1.91128;2.5481;0.00823077;
1.91138;2.54557;0.00718079;
1.91148;2.54304;0.00823075;
1.91158;2.54052;0.00718079;
1.91168;2.53799;0.00823072;
1.91178;2.53547;0.00718079;
1.91188;2.53295;0.0082307;
1.91198;2.53044;0.00718079;
1.91208;2.52793;0.00823067;
1.91218;2.52541;0.00718078;
1.91228;2.52291;0.00823064;
1.91238;2.5204;0.00718078;
1.91248;2.5179;0.00823062;
1.91258;2.5154;0.00718078;
1.91268;2.5129;0.00823059;
1.91278;2.5104;0.00718077;
1.91288;2.50791;0.00823057;
1.91298;2.50542;0.00718077;
1.91308;2.50293;0.00823054;
1.91318;2.50044;0.00718077;
1.91328;2.49796;0.00823052;
1.91338;2.49548;0.00718076;
1.91348;2.493;0.00823049;
1.91358;2.49052;0.00718076;
1.91368;2.48805;0.00823047;
1.91378;2.48558;0.00718076;
1.91388;2.48311;0.00823044;
1.91398;2.48064;0.00718076;
1.91408;2.47818;0.00823042;
1.91418;2.47572;0.00718075;
1.91428;2.47326;0.00823039;
1.91438;2.4708;0.00718075;
1.91448;2.46835;0.00823036;
1.91458;2.4659;0.00718075;
1.91468;2.46345;0.00823034;
1.91478;2.461;0.00718075;
1.91488;2.45856;0.00823031;
1.91498;2.45612;0.00718074;
1.91508;2.45368;0.00823029;
1.91518;2.45124;0.00718074;
1.91528;2.44881;0.00823026;
1.91538;2.44638;0.00718074;
1.91548;2.44395;0.00823024;
1.91558;2.44152;0.00718074;
1.91568;2.43909;0.00823021;
1.91578;2.43667;0.00718074;
1.91588;2.43425;0.00823019;
1.91598;2.43183;0.00718073;
1.91608;2.42942;0.00823016;
1.91618;2.42701;0.00718073;
1.91628;2.4246;0.00823014;
1.91638;2.42219;0.00718073;
1.91648;2.41978;0.00823011;
1.91658;2.41738;0.00718073;
1.91668;2.41498;0.00823008;
1.91678;2.41258;0.00718073;
1.91688;2.41019;0.00823006;
1.91698;2.40779;0.00718072;
1.91708;2.4054;0.00823003;
1.91718;2.40301;0.00718072;
1.91728;2.40063;0.00823001;
1.91738;2.39824;0.00718072;
1.91748;2.39586;0.00822998;
1.91758;2.39348;0.00718072;
1.91768;2.39111;0.00822996;
1.91778;2.38873;0.00718072;
1.91788;2.38636;0.00822993;
1.91798;2.38399;0.00718072;
1.91808;2.38162;0.00822991;
1.91818;2.37926;0.00718071;
1.91828;2.3769;0.00822988;
1.91838;2.37454;0.00718071;
1.91848;2.37218;0.00822986;
1.91858;2.36982;0.00718071;
1.91868;2.36747;0.00822983;
1.91878;2.36512;0.00718071;
1.91888;2.36277;0.0082298;
1.91898;2.36042;0.00718071;
1.91908;2.35808;0.00822978;
1.91918;2.35574;0.00718071;
1.91928;2.3534;0.00822975;
1.91938;2.35106;0.00718071;
1.91948;2.34873;0.00822973;
1.91958;2.3464;0.0071807;
1.91968;2.34407;0.0082297;
1.91978;2.34174;0.0071807;
1.91988;2.33941;0.00822968;
1.91998;2.33709;0.0071807;
1.92008;2.33477;0.00822965;
1.92018;2.33245;0.0071807;
1.92028;2.33014;0.00822963;
1.92038;2.32782;0.0071807;
1.92048;2.32551;0.0082296;
1.92058;2.3232;0.0071807;
1.92068;2.3209;0.00822957;
1.92078;2.31859;0.0071807;
1.92088;2.31629;0.00822955;
1.92098;2.31399;0.0071807;
1.92108;2.31169;0.00822952;
1.92118;2.3094;0.0071807;
1.92128;2.30711;0.0082295;
1.92138;2.30482;0.0071807;
1.92148;2.30253;0.00822947;
1.92158;2.30024;0.0071807;
1.92168;2.29796;0.00822945;
1.92178;2.29568;0.0071807;
1.92188;2.2934;0.00822942;
1.92198;2.29112;0.0071807;
1.92208;2.28885;0.0082294;
1.92218;2.28657;0.0071807;
1.92228;2.2843;0.00822937;
1.92238;2.28204;0.00718069;
1.92248;2.27977;0.00822935;
1.92258;2.27751;0.00718069;
1.92268;2.27525;0.00822932;
1.92278;2.27299;0.00718069;
1.92288;2.27073;0.00822929;
1.92298;2.26848;0.00718069;
1.92308;2.26623;0.00822927;
1.92318;2.26398;0.00718069;
1.92328;2.26173;0.00822924;
1.92338;2.25948;0.00718069;
1.92348;2.25724;0.00822922;
1.92358;2.255;0.00718069;
1.92368;2.25276;0.00822919;
1.92378;2.25053;0.00718069;
1.92388;2.24829;0.00822917;
1.92398;2.24606;0.00718069;
1.92408;2.24383;0.00822914;
1.92418;2.2416;0.00718069;
1.92428;2.23938;0.00822912;
1.92438;2.23716;0.00718069;
1.92448;2.23494;0.00822909;
1.92458;2.23272;0.00718069;
1.92468;2.2305;0.00822906;
1.92478;2.22829;0.00718069;
1.92488;2.22607;0.00822904;
1.92498;2.22387;0.00718069;
1.92508;2.22166;0.00822901;
1.92518;2.21945;0.00718069;
1.92528;2.21725;0.00822899;
1.92538;2.21505;0.00718069;
1.92548;2.21285;0.00822896;
1.92558;2.21065;0.00718069;
1.92568;2.20846;0.00822894;
1.92578;2.20627;0.0071807;
1.92588;2.20408;0.00822891;
1.92598;2.20189;0.0071807;
1.92608;2.19971;0.00822889;
1.92618;2.19752;0.0071807;
1.92628;2.19534;0.00822886;
1.92638;2.19316;0.0071807;
1.92648;2.19099;0.00822883;
1.92658;2.18881;0.0071807;
1.92668;2.18664;0.00822881;
1.92678;2.18447;0.0071807;
1.92688;2.1823;0.00822878;
1.92698;2.18013;0.0071807;
1.92708;2.17797;0.00822876;
1.92718;2.17581;0.0071807;
1.92728;2.17365;0.00822873;
1.92738;2.17149;0.0071807;
1.92748;2.16934;0.00822871;
1.92758;2.16718;0.0071807;
1.92768;2.16503;0.00822868;
1.92778;2.16289;0.0071807;
1.92788;2.16074;0.00822866;
1.92798;2.15859;0.0071807;
1.92808;2.15645;0.00822863;
1.92818;2.15431;0.0071807;
1.92828;2.15217;0.0082286;
1.92838;2.15004;0.00718071;
1.92848;2.1479;0.00822858;
1.92858;2.14577;0.00718071;
1.92868;2.14364;0.00822855;
1.92878;2.14152;0.00718071;
1.92888;2.13939;0.00822853;
1.92898;2.13727;0.00718071;
1.92908;2.13515;0.0082285;
1.92918;2.13303;0.00718071;
1.92928;2.13091;0.00822848;
1.92938;2.1288;0.00718071;
1.92948;2.12669;0.00822845;
1.92958;2.12457;0.00718071;
1.92968;2.12247;0.00822843;
1.92978;2.12036;0.00718071;
1.92988;2.11826;0.0082284;
1.92998;2.11615;0.00718072;
1.93008;2.11405;0.00822837;
1.93018;2.11196;0.00718072;
1.93028;2.10986;0.00822835;
1.93038;2.10777;0.00718072;
1.93048;2.10568;0.00822832;
1.93058;2.10359;0.00718072;
1.93068;2.1015;0.0082283;
1.93078;2.09941;0.00718072;
1.93088;2.09733;0.00822827;
1.93098;2.09525;0.00718072;
1.93108;2.09317;0.00822825;
1.93118;2.09109;0.00718073;
1.93128;2.08902;0.00822822;
1.93138;2.08695;0.00718073;
1.93148;2.08488;0.0082282;
1.93158;2.08281;0.00718073;
1.93168;2.08074;0.00822817;
1.93178;2.07868;0.00718073;
1.93188;2.07661;0.00822814;
1.93198;2.07455;0.00718073;
1.93208;2.0725;0.00822812;
1.93218;2.07044;0.00718074;
1.93228;2.06839;0.00822809;
1.93238;2.06633;0.00718074;
1.93248;2.06428;0.00822807;
1.93258;2.06224;0.00718074;
1.93268;2.06019;0.00822804;
1.93278;2.05815;0.00718074;
1.93288;2.0561;0.00822802;
1.93298;2.05406;0.00718074;
1.93308;2.05203;0.00822799;
1.93318;2.04999;0.00718075;
1.93328;2.04796;0.00822796;
1.93338;2.04592;0.00718075;
1.93348;2.04389;0.00822794;
1.93358;2.04187;0.00718075;
1.93368;2.03984;0.00822791;
1.93378;2.03782;0.00718075;
1.93388;2.0358;0.00822789;
1.93398;2.03378;0.00718075;
1.93408;2.03176;0.00822786;
1.93418;2.02974;0.00718076;
1.93428;2.02773;0.00822784;
1.93438;2.02572;0.00718076;
1.93448;2.02371;0.00822781;
1.93458;2.0217;0.00718076;
1.93468;2.0197;0.00822779;
1.93478;2.01769;0.00718076;
1.93488;2.01569;0.00822776;
1.93498;2.01369;0.00718077;
1.93508;2.01169;0.00822773;
1.93518;2.0097;0.00718077;
1.93528;2.00771;0.00822771;
1.93538;2.00571;0.00718077;
1.93548;2.00372;0.00822768;
1.93558;2.00174;0.00718078;
1.93568;1.99975;0.00822766;
1.93578;1.99777;0.00718078;
1.93588;1.99579;0.00822763;
1.93598;1.99381;0.00718078;
1.93608;1.99183;0.00822761;
1.93618;1.98985;0.00718078;
1.93628;1.98788;0.00822758;
1.93638;1.98591;0.00718079;
1.93648;1.98394;0.00822755;
1.93658;1.98197;0.00718079;
1.93668;1.98;0.00822753;
1.93678;1.97804;0.00718079;
1.93688;1.97608;0.0082275;
1.93698;1.97412;0.0071808;
1.93708;1.97216;0.00822748;
1.93718;1.9702;0.0071808;
1.93728;1.96825;0.00822745;
1.93738;1.9663;0.0071808;
1.93748;1.96435;0.00822743;
1.93758;1.9624;0.00718081;
1.93768;1.96045;0.0082274;
1.93778;1.95851;0.00718081;
1.93788;1.95657;0.00822738;
1.93798;1.95463;0.00718081;
1.93808;1.95269;0.00822735;
1.93818;1.95075;0.00718082;
1.93828;1.94882;0.00822732;
1.93838;1.94688;0.00718082;
1.93848;1.94495;0.0082273;
1.93858;1.94302;0.00718082;
1.93868;1.9411;0.00822727;
1.93878;1.93917;0.00718083;
1.93888;1.93725;0.00822725;
1.93898;1.93533;0.00718083;
1.93908;1.93341;0.00822722;
1.93918;1.93149;0.00718083;
1.93928;1.92958;0.0082272;
1.93938;1.92766;0.00718084;
1.93948;1.92575;0.00822717;
1.93958;1.92384;0.00718084;
1.93968;1.92193;0.00822714;
1.93978;1.92003;0.00718084;
1.93988;1.91812;0.00822712;
1.93998;1.91622;0.00718084;
1.94008;1.91432;0.00822709;
1.94018;1.91242;0.00718084;
1.94028;1.91053;0.00822707;
1.94038;1.90863;0.00718084;
1.94048;1.90674;0.00822704;
1.94058;1.90485;0.00718081;
1.94068;1.90296;0.00822702;
1.94078;1.90107;0.00718076;
1.94088;1.89919;0.008227;
1.94098;1.89731;0.00718065;
1.94108;1.89543;0.00822698;
1.94118;1.89355;0.00718045;
1.94128;1.89167;0.00822697;
1.94138;1.88979;0.00718015;
1.94148;1.88792;0.00822697;
1.94158;1.88605;0.00717972;
1.94168;1.88418;0.00822698;
1.94178;1.88231;0.00717914;
1.94188;1.88044;0.0082205;
1.94198;1.87858;0.00717837;
1.94208;1.87672;0.00822702;
1.94218;1.87486;0.00717733;
1.94228;1.873;0.00822707;
1.94238;1.87114;0.00717585;
1.94248;1.86929;0.00822714;
1.94258;1.86743;0.00717347;
1.94268;1.86558;0.00822727;
1.94278;1.86373;0.00716824;
1.94288;1.86188;0.00822753;
1.94298;1.86004;0.00714807;
1.94308;1.85819;0.00822836;
1.94318;1.85635;0.00711952;
1.94328;1.85451;0.00823145;
1.94338;1.85267;0.00708226;
1.94348;1.85084;0.0082361;
1.94348;1.85081;0.00763067;
1.94348;1.85081;3.50587;
1.94348;1.85083;3.71231;
1.94349;1.85086;3.52397;
1.94349;1.85087;3.68587;
1.94349;1.85087;3.58761;
1.94349;1.85087;3.62444;
1.94349;1.85088;3.61151;
1.94349;1.85088;3.61387;
1.94349;1.85088;3.61368;
1.94349;1.85088;3.61353;
1.94349;1.85088;3.61373;
1.94349;1.85089;3.61352;
1.94349;1.8509;3.61374;
1.94349;1.85092;3.61352;
1.94349;1.85095;3.61374;
1.9435;1.85102;3.61352;
1.94351;1.85116;3.61374;
1.94352;1.85144;3.61352;
1.94356;1.85199;3.61374;
1.94363;1.85309;3.61352;
1.94373;1.85467;3.61374;
1.94383;1.85624;3.61352;
1.94393;1.85781;3.61374;
1.94403;1.85938;3.61352;
1.94413;1.86095;3.61374;
1.94423;1.86252;3.61352;
1.94433;1.86409;3.61374;
1.94443;1.86566;3.61352;
1.94453;1.86722;3.61374;
1.94463;1.86879;3.61352;
1.94473;1.87036;3.61374;
1.94483;1.87192;3.61352;
1.94493;1.87348;3.61374;
1.94503;1.87505;3.61352;
1.94513;1.87661;3.61374;
1.94523;1.87817;3.61352;
1.94533;1.87973;3.61374;
1.94543;1.88129;3.61352;
1.94553;1.88285;3.61374;
1.94563;1.88441;3.61352;
1.94573;1.88596;3.61374;
1.94583;1.88752;3.61352;
1.94593;1.88908;3.61374;
1.94603;1.89063;3.61352;
1.94613;1.89219;3.61374;
1.94623;1.89374;3.61352;
1.94633;1.89529;3.61374;
1.94643;1.89685;3.61352;
1.94653;1.8984;3.61374;
1.94663;1.89995;3.61352;
1.94673;1.9015;3.61374;
1.94683;1.90305;3.61352;
1.94693;1.90459;3.61374;
1.94703;1.90614;3.61352;
1.94713;1.90769;3.61374;
1.94723;1.90923;3.61352;
1.94733;1.91078;3.61374;
1.94743;1.91232;3.61352;
1.94753;1.91387;3.61374;
1.94763;1.91541;3.61352;
1.94773;1.91695;3.61374;
1.94783;1.91849;3.61352;
1.94793;1.92003;3.61374;
1.94803;1.92157;3.61352;
1.94813;1.92311;3.61374;
1.94823;1.92465;3.61352;
1.94833;1.92619;3.61374;
1.94843;1.92772;3.61352;
1.94853;1.92926;3.61374;
1.94863;1.93079;3.61352;
1.94873;1.93233;3.61374;
1.94883;1.93386;3.61352;
1.94893;1.93539;3.61374;
1.94903;1.93693;3.61352;
1.94913;1.93846;3.61374;
1.94923;1.93999;3.61352;
1.94933;1.94152;3.61374;
1.94943;1.94305;3.61352;
1.94953;1.94457;3.61374;
1.94963;1.9461;3.61352;
1.94973;1.94763;3.61374;
1.94983;1.94915;3.61352;
1.94993;1.95068;3.61374;
1.95003;1.9522;3.61352;
1.95013;1.95373;3.61374;
1.95023;1.95525;3.61352;
1.95033;1.95677;3.61374;
1.95043;1.95829;3.61352;
1.95053;1.95981;3.61374;
1.95063;1.96133;3.61352;
1.95073;1.96285;3.61374;
1.95083;1.96437;3.61352;
1.95093;1.96589;3.61374;
1.95103;1.9674;3.61352;
1.95113;1.96892;3.61374;
1.95123;1.97043;3.61352;
1.95133;1.97195;3.61374;
1.95143;1.97346;3.61352;
1.95153;1.97497;3.61374;
1.95163;1.97649;3.61352;
1.95173;1.978;3.61374;
1.95183;1.97951;3.61352;
1.95193;1.98102;3.61374;
1.95203;1.98253;3.61352;
1.95213;1.98404;3.61374;
1.95223;1.98554;3.61352;
1.95233;1.98705;3.61374;
1.95243;1.98856;3.61352;
1.95253;1.99006;3.61374;
1.95263;1.99157;3.61352;
1.95273;1.99307;3.61374;
1.95283;1.99457;3.61352;
1.95293;1.99607;3.61374;
1.95303;1.99758;3.61352;
1.95313;1.99908;3.61374;
1.95323;2.00058;3.61352;
1.95333;2.00208;3.61374;
1.95343;2.00358;3.61352;
1.95353;2.00507;3.61374;
1.95363;2.00657;3.61352;
1.95373;2.00807;3.61374;
1.95383;2.00956;3.61352;
1.95393;2.01106;3.61374;
1.95403;2.01255;3.61352;
1.95413;2.01404;3.61374;
1.95423;2.01554;3.61352;
1.95433;2.01703;3.61374;
1.95443;2.01852;3.61352;
1.95453;2.02001;3.61374;
1.95463;2.0215;3.61352;
1.95473;2.02299;3.61374;
1.95483;2.02448;3.61352;
1.95493;2.02596;3.61374;
1.95503;2.02745;3.61352;
1.95513;2.02894;3.61374;
1.95523;2.03042;3.61352;
1.95533;2.03191;3.61374;
1.95543;2.03339;3.61352;
1.95553;2.03487;3.61374;
1.95563;2.03635;3.61352;
1.95573;2.03784;3.61374;
1.95583;2.03932;3.61352;
1.95593;2.0408;3.61374;
1.95603;2.04227;3.61352;
1.95613;2.04375;3.61374;
1.95623;2.04523;3.61352;
1.95633;2.04671;3.61374;
1.95643;2.04818;3.61352;
1.95653;2.04966;3.61374;
1.95663;2.05113;3.61352;
1.95673;2.05261;3.61374;
1.95683;2.05408;3.61352;
1.95693;2.05555;3.61374;
1.95703;2.05703;3.61352;
1.95713;2.0585;3.61374;
1.95723;2.05997;3.61352;
1.95733;2.06144;3.61374;
1.95743;2.06291;3.61352;
1.95753;2.06437;3.61374;
1.95763;2.06584;3.61352;
1.95773;2.06731;3.61374;
1.95783;2.06877;3.61352;
1.95793;2.07024;3.61374;
1.95803;2.0717;3.61352;
1.95813;2.07317;3.61374;
1.95823;2.07463;3.61352;
1.95833;2.07609;3.61374;
1.95843;2.07755;3.61352;
1.95853;2.07901;3.61374;
1.95863;2.08047;3.61352;
1.95873;2.08193;3.61374;
1.95883;2.08339;3.61352;
1.95893;2.08485;3.61374;
1.95903;2.08631;3.61352;
1.95913;2.08776;3.61374;
1.95923;2.08922;3.61352;
1.95933;2.09067;3.61374;
1.95943;2.09213;3.61352;
1.95953;2.09358;3.61374;
1.95963;2.09504;3.61352;
1.95973;2.09649;3.61374;
1.95983;2.09794;3.61352;
1.95993;2.09939;3.61374;
1.96003;2.10084;3.61352;
1.96013;2.10229;3.61374;
1.96023;2.10374;3.61352;
1.96033;2.10518;3.61374;
1.96043;2.10663;3.61352;
1.96053;2.10808;3.61374;
1.96063;2.10952;3.61352;
1.96073;2.11097;3.61374;
1.96083;2.11241;3.61352;
1.96093;2.11386;3.61374;
1.96103;2.1153;3.61352;
1.96113;2.11674;3.61374;
1.96123;2.11818;3.61352;
1.96133;2.11962;3.61374;
1.96143;2.12106;3.61352;
1.96153;2.1225;3.61374;
1.96163;2.12394;3.61352;
1.96173;2.12538;3.61374;
1.96183;2.12681;3.61352;
1.96193;2.12825;3.61374;
1.96203;2.12968;3.61352;
1.96213;2.13112;3.61374;
1.96223;2.13255;3.61352;
1.96233;2.13399;3.61374;
1.96243;2.13542;3.61352;
1.96253;2.13685;3.61374;
1.96263;2.13828;3.61352;
1.96273;2.13971;3.61374;
1.96283;2.14114;3.61352;
1.96293;2.14257;3.61374;
1.96303;2.144;3.61352;
1.96313;2.14543;3.61374;
1.96323;2.14685;3.61352;
1.96333;2.14828;3.61374;
1.96343;2.14971;3.61352;
1.96353;2.15113;3.61374;
1.96363;2.15255;3.61352;
1.96373;2.15398;3.61374;
1.96383;2.1554;3.61352;
1.96393;2.15682;3.61374;
1.96403;2.15824;3.61352;
1.96413;2.15966;3.61374;
1.96423;2.16108;3.61352;
1.96433;2.1625;3.61374;
1.96443;2.16392;3.61352;
1.96453;2.16534;3.61374;
1.96463;2.16676;3.61352;
1.96473;2.16817;3.61374;
1.96483;2.16959;3.61352;
1.96493;2.171;3.61374;
1.96503;2.17242;3.61352;
1.96513;2.17383;3.61374;
1.96523;2.17524;3.61352;
1.96533;2.17665;3.61374;
1.96543;2.17807;3.61352;
1.96553;2.17948;3.61374;
1.96563;2.18089;3.61352;
1.96573;2.18229;3.61374;
1.96583;2.1837;3.61352;
1.96593;2.18511;3.61374;
1.96603;2.18652;3.61352;
1.96613;2.18792;3.61374;
1.96623;2.18933;3.61352;
1.96633;2.19073;3.61374;
1.96643;2.19214;3.61352;
1.96653;2.19354;3.61374;
1.96663;2.19495;3.61352;
1.96673;2.19635;3.61374;
1.96683;2.19775;3.61352;
1.96693;2.19915;3.61374;
1.96703;2.20055;3.61352;
1.96713;2.20195;3.61374;
1.96723;2.20335;3.61352;
1.96733;2.20475;3.61374;
1.96743;2.20614;3.61352;
1.96753;2.20754;3.61374;
1.96763;2.20893;3.61352;
1.96773;2.21033;3.61374;
1.96783;2.21172;3.61352;
1.96793;2.21312;3.61374;
1.96803;2.21451;3.61352;
1.96813;2.2159;3.61374;
1.96823;2.21729;3.61352;
1.96833;2.21869;3.61374;
1.96843;2.22008;3.61352;
1.96853;2.22147;3.61374;
1.96863;2.22285;3.61352;
1.96873;2.22424;3.61374;
1.96883;2.22563;3.61352;
1.96893;2.22702;3.61374;
1.96903;2.2284;3.61352;
1.96913;2.22979;3.61374;
1.96923;2.23117;3.61352;
1.96933;2.23256;3.61374;
1.96943;2.23394;3.61352;
1.96953;2.23532;3.61374;
1.96963;2.2367;3.61352;
1.96973;2.23809;3.61374;
1.96983;2.23947;3.61352;
1.96993;2.24085;3.61374;
1.97003;2.24223;3.61352;
1.97013;2.2436;3.61374;
1.97023;2.24498;3.61352;
1.97033;2.24636;3.61374;
1.97043;2.24774;3.61352;
1.97053;2.24911;3.61374;
1.97063;2.25049;3.61352;
1.97073;2.25186;3.61374;
1.97083;2.25323;3.61352;
1.97093;2.25461;3.61374;
1.97103;2.25598;3.61352;
1.97113;2.25735;3.61374;
1.97123;2.25872;3.61352;
1.97133;2.26009;3.61374;
1.97143;2.26146;3.61352;
1.97153;2.26283;3.61374;
1.97163;2.2642;3.61352;
1.97173;2.26557;3.61374;
1.97183;2.26693;3.61352;
1.97193;2.2683;3.61374;
1.97203;2.26966;3.61352;
1.97213;2.27103;3.61374;
1.97223;2.27239;3.61352;
1.97233;2.27376;3.61374;
1.97243;2.27512;3.61352;
1.97253;2.27648;3.61374;
1.97263;2.27784;3.61352;
1.97273;2.2792;3.61374;
1.97283;2.28056;3.61352;
1.97293;2.28192;3.61374;
1.97303;2.28328;3.61352;
1.97313;2.28464;3.61374;
1.97323;2.286;3.61352;
1.97333;2.28735;3.61374;
1.97343;2.28871;3.61352;
1.97353;2.29006;3.61374;
1.97363;2.29142;3.61352;
1.97373;2.29277;3.61374;
1.97383;2.29413;3.61352;
1.97393;2.29548;3.61374;
1.97403;2.29683;3.61352;
1.97413;2.29818;3.61374;
1.97423;2.29953;3.61352;
1.97433;2.30088;3.61374;
1.97443;2.30223;3.61352;
1.97453;2.30358;3.61374;
1.97463;2.30493;3.61352;
1.97473;2.30627;3.61374;
1.97483;2.30762;3.61352;
1.97493;2.30897;3.61374;
1.97503;2.31031;3.61352;
1.97513;2.31166;3.61374;
1.97523;2.313;3.61352;
1.97533;2.31434;3.61374;
1.97543;2.31569;3.61352;
1.97553;2.31703;3.61374;
1.97563;2.31837;3.61352;
1.97573;2.31971;3.61374;
1.97583;2.32105;3.61352;
1.97593;2.32239;3.61374;
1.97603;2.32373;3.61352;
1.97613;2.32506;3.61374;
1.97623;2.3264;3.61352;
1.97633;2.32774;3.61374;
1.97643;2.32907;3.61352;
1.97653;2.33041;3.61374;
1.97663;2.33174;3.61352;
1.97673;2.33308;3.61374;
1.97683;2.33441;3.61352;
1.97693;2.33574;3.61374;
1.97703;2.33707;3.61352;
1.97713;2.3384;3.61374;
1.97723;2.33973;3.61352;
1.97733;2.34106;3.61374;
1.97743;2.34239;3.61352;
1.97753;2.34372;3.61374;
1.97763;2.34505;3.61352;
1.97773;2.34638;3.61374;
1.97783;2.3477;3.61352;
1.97793;2.34903;3.61374;
1.97803;2.35035;3.61352;
1.97813;2.35168;3.61374;
1.97823;2.353;3.61352;
1.97833;2.35433;3.61374;
1.97843;2.35565;3.61352;
1.97853;2.35697;3.61374;
1.97863;2.35829;3.61352;
1.97873;2.35961;3.61374;
1.97883;2.36093;3.61352;
1.97893;2.36225;3.61374;
1.97903;2.36357;3.61352;
1.97913;2.36489;3.61374;
1.97923;2.3662;3.61352;
1.97933;2.36752;3.61374;
1.97943;2.36884;3.61352;
1.97953;2.37015;3.61374;
1.97963;2.37147;3.61352;
1.97973;2.37278;3.61374;
1.97983;2.37409;3.61352;
1.97993;2.37541;3.61374;
1.98003;2.37672;3.61352;
1.98013;2.37803;3.61374;
1.98023;2.37934;3.61352;
1.98033;2.38065;3.61374;
1.98043;2.38196;3.61352;
1.98053;2.38327;3.61374;
1.98063;2.38457;3.61352;
1.98073;2.38588;3.61374;
1.98083;2.38719;3.61352;
1.98093;2.38849;3.61374;
1.98103;2.3898;3.61352;
1.98113;2.3911;3.61374;
1.98123;2.39241;3.61352;
1.98133;2.39371;3.61374;
1.98143;2.39501;3.61352;
1.98153;2.39632;3.61374;
1.98163;2.39762;3.61352;
1.98173;2.39892;3.61374;
1.98183;2.40022;3.61352;
1.98193;2.40152;3.61374;
1.98203;2.40282;3.61352;
1.98213;2.40412;3.61374;
1.98223;2.40541;3.61352;
1.98233;2.40671;3.61374;
1.98243;2.40801;3.61352;
1.98253;2.4093;3.61374;
1.98263;2.4106;3.61352;
1.98273;2.41189;3.61374;
1.98283;2.41319;3.61352;
1.98293;2.41448;3.61374;
1.98303;2.41577;3.61352;
1.98313;2.41706;3.61374;
1.98323;2.41835;3.61352;
1.98333;2.41964;3.61374;
1.98343;2.42093;3.61352;
1.98353;2.42222;3.61374;
1.98363;2.42351;3.61352;
1.98373;2.4248;3.61374;
1.98383;2.42609;3.61352;
1.98393;2.42737;3.61374;
1.98403;2.42866;3.61352;
1.98413;2.42994;3.61374;
1.98423;2.43123;3.61352;
1.98433;2.43251;3.61374;
1.98443;2.4338;3.61352;
1.98453;2.43508;3.61374;
1.98463;2.43636;3.61352;
1.98473;2.43764;3.61374;
1.98483;2.43892;3.61352;
1.98493;2.4402;3.61374;
1.98503;2.44148;3.61352;
1.98513;2.44276;3.61374;
1.98523;2.44404;3.61352;
1.98533;2.44532;3.61374;
1.98543;2.44659;3.61352;
1.98553;2.44787;3.61374;
1.98563;2.44915;3.61352;
1.98573;2.45042;3.61374;
1.98583;2.4517;3.61352;
1.98593;2.45297;3.61374;
1.98603;2.45424;3.61352;
1.98613;2.45552;3.61374;
1.98623;2.45679;3.61352;
1.98633;2.45806;3.61374;
1.98643;2.45933;3.61352;
1.98653;2.4606;3.61374;
1.98663;2.46187;3.61352;
1.98673;2.46314;3.61374;
1.98683;2.4644;3.61352;
1.98693;2.46567;3.61374;
1.98703;2.46694;3.61352;
1.98713;2.46821;3.61374;
1.98723;2.46947;3.61352;
1.98733;2.47074;3.61374;
1.98743;2.472;3.61352;
1.98753;2.47326;3.61374;
1.98763;2.47453;3.61352;
1.98773;2.47579;3.61374;
1.98783;2.47705;3.61352;
1.98793;2.47831;3.61374;
1.98803;2.47957;3.61352;
1.98813;2.48083;3.61374;
1.98823;2.48209;3.61352;
1.98833;2.48335;3.61374;
1.98843;2.48461;3.61352;
1.98853;2.48586;3.61374;
1.98863;2.48712;3.61352;
1.98873;2.48838;3.61374;
1.98883;2.48963;3.61352;
1.98893;2.49089;3.61374;
1.98903;2.49214;3.61352;
1.98913;2.4934;3.61374;
1.98923;2.49465;3.61352;
1.98933;2.4959;3.61374;
1.98943;2.49715;3.61352;
1.98953;2.4984;3.61374;
1.98963;2.49965;3.61352;
1.98973;2.5009;3.61374;
1.98983;2.50215;3.61352;
1.98993;2.5034;3.61374;
1.99003;2.50465;3.61352;
1.99013;2.5059;3.61374;
1.99023;2.50714;3.61352;
1.99033;2.50839;3.61374;
1.99043;2.50963;3.61352;
1.99053;2.51088;3.61374;
1.99063;2.51212;3.61352;
1.99073;2.51337;3.61374;
1.99083;2.51461;3.61352;
1.99093;2.51585;3.61374;
1.99103;2.51709;3.61352;
1.99113;2.51834;3.61374;
1.99123;2.51958;3.61352;
1.99133;2.52082;3.61374;
1.99143;2.52206;3.61352;
1.99153;2.52329;3.61374;
1.99163;2.52453;3.61352;
1.99173;2.52577;3.61374;
1.99183;2.52701;3.61352;
1.99193;2.52824;3.61374;
1.99203;2.52948;3.61352;
1.99213;2.53071;3.61374;
1.99223;2.53195;3.61352;
1.99233;2.53318;3.61374;
1.99243;2.53441;3.61352;
1.99253;2.53565;3.61374;
1.99263;2.53688;3.61352;
1.99273;2.53811;3.61374;
1.99283;2.53934;3.61352;
1.99293;2.54057;3.61374;
1.99303;2.5418;3.61352;
1.99313;2.54303;3.61374;
1.99323;2.54426;3.61352;
1.99333;2.54548;3.61374;
1.99343;2.54671;3.61352;
1.99353;2.54794;3.61374;
1.99363;2.54916;3.61352;
1.99373;2.55039;3.61374;
1.99383;2.55161;3.61352;
1.99393;2.55283;3.61374;
1.99403;2.55406;3.61352;
1.99413;2.55528;3.61374;
1.99423;2.5565;3.61352;
1.99433;2.55772;3.61374;
1.99443;2.55894;3.61352;
1.99453;2.56017;3.61374;
1.99463;2.56138;3.61352;
1.99473;2.5626;3.61374;
1.99483;2.56382;3.61352;
1.99493;2.56504;3.61374;
1.99503;2.56626;3.61352;
1.99513;2.56747;3.61374;
1.99523;2.56869;3.61352;
1.99533;2.5699;3.61374;
1.99543;2.57112;3.61352;
1.99553;2.57233;3.61374;
1.99563;2.57355;3.61352;
1.99573;2.57476;3.61374;
1.99583;2.57597;3.61352;
1.99593;2.57718;3.61374;
1.99603;2.57839;3.61352;
1.99613;2.5796;3.61374;
1.99623;2.58081;3.61352;
1.99633;2.58202;3.61374;
1.99643;2.58323;3.61352;
1.99653;2.58444;3.61374;
1.99663;2.58565;3.61352;
1.99673;2.58685;3.61374;
1.99683;2.58806;3.61352;
1.99693;2.58927;3.61374;
1.99703;2.59047;3.61352;
1.99713;2.59168;3.61374;
1.99723;2.59288;3.61352;
1.99733;2.59408;3.61374;
1.99743;2.59529;3.61352;
1.99753;2.59649;3.61374;
1.99763;2.59769;3.61352;
1.99773;2.59889;3.61374;
1.99783;2.60009;3.61352;
1.99793;2.60129;3.61374;
1.99803;2.60249;3.61352;
1.99813;2.60369;3.61374;
1.99823;2.60488;3.61352;
1.99833;2.60608;3.61374;
1.99843;2.60728;3.61352;
1.99853;2.60847;3.61374;
1.99863;2.60967;3.61352;
1.99873;2.61086;3.61374;
1.99883;2.61206;3.61352;
1.99893;2.61325;3.61374;
1.99903;2.61445;3.61352;
1.99913;2.61564;3.61374;
1.99923;2.61683;3.61352;
1.99933;2.61802;3.61374;
1.99943;2.61921;3.61352;
1.99953;2.6204;3.61374;
1.99963;2.62159;3.61352;
1.99973;2.62278;3.61374;
1.99983;2.62397;3.61352;
1.99991;2.62499;3.61374;
2;2.62601;3.61352;
