time;P(R3);
0;0.00204123;
1e-06;0.00204123;
2e-06;0.00204123;
4e-06;0.00204123;
8e-06;0.00204123;
1.6e-05;0.00204123;
3.2e-05;0.00204123;
6.4e-05;0.00204123;
0.000128;0.00204123;
0.000228;0.00204123;
0.000328;0.00204123;
0.000428;0.00204123;
0.000528;0.00204123;
0.000628;0.00204123;
0.000728;0.00204123;
0.000828;0.00204123;
0.000928;0.00204123;
0.001028;0.00204123;
0.001128;0.00204123;
0.001228;0.00204123;
0.001328;0.00204123;
0.001428;0.00204123;
0.001528;0.00204123;
0.001628;0.00204123;
0.001728;0.00204123;
0.001828;0.00204123;
0.001928;0.00204123;
0.002028;0.00204123;
0.002128;0.00204123;
0.002228;0.00204123;
0.002328;0.00204123;
0.002428;0.00204122;
0.002528;0.00204122;
0.002628;0.00204121;
0.002728;0.0020412;
0.002828;0.00204119;
0.002928;0.00204116;
0.003028;0.00204113;
0.003128;0.00204107;
0.003228;0.00204098;
0.003328;0.00204085;
0.003428;0.00204064;
0.003528;0.00204032;
0.003628;0.00203981;
0.003728;0.00203903;
0.003828;0.00203782;
0.003928;0.00203595;
0.004028;0.00203301;
0.004128;0.00202841;
0.004228;0.00202115;
0.004328;0.00200955;
0.004428;0.00199066;
0.004528;0.00195891;
0.004628;0.00190236;
0.004728;0.00177267;
0.00480106;0.00142805;
0.00486884;0.00110473;
0.00496003;0.000708952;
0.00506003;0.000352817;
0.00516003;0.000113245;
0.00526003;1.02041e-05;
0.00536003;1.57232e-08;
0.00546003;1.16229e-12;
0.00556003;3.76611e-17;
0.00566003;-7.1915e-16;
0.00576003;-1.21817e-20;
0.00577253;4.7791e-23;
0.00579753;2.9369e-23;
0.00582093;2.18313e-26;
0.0058378;2.11836e-26;
0.00585352;2.06679e-26;
0.0058735;2.04236e-26;
0.00591346;1.98775e-26;
0.00599339;1.95447e-26;
0.00609339;1.918e-26;
0.00619339;1.92013e-26;
0.00620589;1.91544e-26;
0.00623089;1.91887e-26;
0.00623167;1.92885e-26;
0.0062317;1.92846e-26;
0.00623175;1.92815e-26;
0.00623185;1.92672e-26;
0.00623187;1.92587e-26;
0.00623192;1.92363e-26;
0.00623202;1.90982e-26;
0.00623204;1.89983e-26;
0.00623208;1.83874e-26;
0.00623212;2.0207e-23;
0.00623214;0.000387846;
0.00623217;0.00524331;
0.00623219;0.00568658;
0.0062322;0.00673096;
0.00623221;0.00744451;
0.00623222;0.00781036;
0.00623224;0.00820834;
0.00623225;0.00839031;
0.00623227;0.00865471;
0.00623229;0.0087347;
0.00623232;0.00888062;
0.00623236;0.00887198;
0.00623241;0.00893936;
0.00623248;0.008896;
0.00623258;0.00894306;
0.00623273;0.00889711;
0.00623299;0.00894261;
0.00623336;0.00889741;
0.0062341;0.00894179;
0.00623542;0.00889771;
0.00623806;0.00894163;
0.00624334;0.00889724;
0.00625391;0.0089416;
0.00627503;0.00889724;
0.00631729;0.0089416;
0.0064018;0.00889724;
0.0065018;0.0089416;
0.0066018;0.00889724;
0.0067018;0.0089416;
0.0068018;0.00889724;
0.0069018;0.0089416;
0.0070018;0.00889724;
0.0071018;0.0089416;
0.0072018;0.00889724;
0.0073018;0.0089416;
0.0074018;0.00889724;
0.0075018;0.0089416;
0.0076018;0.00889724;
0.0077018;0.0089416;
0.0078018;0.00889724;
0.0079018;0.0089416;
0.0080018;0.00889724;
0.0081018;0.0089416;
0.0082018;0.00889724;
0.0083018;0.0089416;
0.0084018;0.00889724;
0.0085018;0.0089416;
0.0086018;0.00889724;
0.0087018;0.0089416;
0.0088018;0.00889725;
0.0089018;0.0089416;
0.0090018;0.00889725;
0.0091018;0.0089416;
0.0092018;0.00889725;
0.0093018;0.0089416;
0.0094018;0.00889725;
0.0095018;0.0089416;
0.0096018;0.00889725;
0.0097018;0.0089416;
0.0098018;0.00889725;
0.0099018;0.0089416;
0.0100018;0.00889725;
0.0101018;0.0089416;
0.0102018;0.00889725;
0.0103018;0.0089416;
0.0104018;0.00889725;
0.0105018;0.00894159;
0.0106018;0.00889725;
0.0107018;0.00894159;
0.0108018;0.00889725;
0.0109018;0.00894159;
0.0110018;0.00889725;
0.0111018;0.00894159;
0.0112018;0.00889725;
0.0113018;0.00894159;
0.0114018;0.00889725;
0.0115018;0.00894159;
0.0116018;0.00889725;
0.0117018;0.00894159;
0.0118018;0.00889725;
0.0119018;0.00894159;
0.0120018;0.00889725;
0.0121018;0.00894159;
0.0122018;0.00889725;
0.0123018;0.00894159;
0.0124018;0.00889725;
0.0125018;0.00894159;
0.0126018;0.00889725;
0.0127018;0.00894159;
0.0128018;0.00889725;
0.0129018;0.00894159;
0.0130018;0.00889725;
0.0131018;0.00894159;
0.0132018;0.00889725;
0.0133018;0.00894159;
0.0134018;0.00889725;
0.0135018;0.00894159;
0.0136018;0.00889725;
0.0137018;0.00894159;
0.0138018;0.00889725;
0.0139018;0.00894159;
0.0140018;0.00889725;
0.0141018;0.00894159;
0.0142018;0.00889725;
0.0143018;0.00894159;
0.0144018;0.00889725;
0.0145018;0.00894159;
0.0146018;0.00889726;
0.0147018;0.00894159;
0.0148018;0.00889726;
0.0149018;0.00894159;
0.0150018;0.00889726;
0.0151018;0.00894159;
0.0152018;0.00889726;
0.0153018;0.00894159;
0.0154018;0.00889726;
0.0155018;0.00894159;
0.0156018;0.00889726;
0.0157018;0.00894159;
0.0158018;0.00889726;
0.0159018;0.00894159;
0.0160018;0.00889726;
0.0161018;0.00894159;
0.0162018;0.00889726;
0.0163018;0.00894159;
0.0164018;0.00889726;
0.0165018;0.00894159;
0.0166018;0.00889726;
0.0167018;0.00894159;
0.0168018;0.00889726;
0.0169018;0.00894158;
0.0170018;0.00889726;
0.0171018;0.00894158;
0.0172018;0.00889726;
0.0173018;0.00894158;
0.0174018;0.00889726;
0.0175018;0.00894158;
0.0176018;0.00889726;
0.0177018;0.00894158;
0.0178018;0.00889726;
0.0179018;0.00894158;
0.0180018;0.00889726;
0.0181018;0.00894158;
0.0182018;0.00889726;
0.0183018;0.00894158;
0.0184018;0.00889726;
0.0185018;0.00894158;
0.0186018;0.00889726;
0.0187018;0.00894158;
0.0188018;0.00889726;
0.0189018;0.00894158;
0.0190018;0.00889726;
0.0191018;0.00894158;
0.0192018;0.00889726;
0.0193018;0.00894158;
0.0194018;0.00889726;
0.0195018;0.00894158;
0.0196018;0.00889726;
0.0197018;0.00894158;
0.0198018;0.00889727;
0.0199018;0.00894158;
0.0200018;0.00889727;
0.0201018;0.00894158;
0.0202018;0.00889727;
0.0203018;0.00894158;
0.0204018;0.00889727;
0.0205018;0.00894158;
0.0206018;0.00889727;
0.0207018;0.00894158;
0.0208018;0.00889727;
0.0209018;0.00894158;
0.0210018;0.00889727;
0.0211018;0.00894158;
0.0212018;0.00889727;
0.0213018;0.00894158;
0.0214018;0.00889727;
0.0215018;0.00894158;
0.0216018;0.00889727;
0.0217018;0.00894158;
0.0218018;0.00889727;
0.0219018;0.00894158;
0.0220018;0.00889727;
0.0221018;0.00894158;
0.0222018;0.00889727;
0.0223018;0.00894158;
0.0224018;0.00889727;
0.0225018;0.00894157;
0.0226018;0.00889727;
0.0227018;0.00894157;
0.0228018;0.00889727;
0.0229018;0.00894157;
0.0230018;0.00889727;
0.0231018;0.00894157;
0.0232018;0.00889727;
0.0233018;0.00894157;
0.0234018;0.00889727;
0.0235018;0.00894157;
0.0236018;0.00889727;
0.0237018;0.00894157;
0.0238018;0.00889727;
0.0239018;0.00894157;
0.0240018;0.00889727;
0.0241018;0.00894157;
0.0242018;0.00889727;
0.0243018;0.00894157;
0.0244018;0.00889728;
0.0245018;0.00894157;
0.0246018;0.00889728;
0.0247018;0.00894157;
0.0248018;0.00889728;
0.0249018;0.00894157;
0.0250018;0.00889728;
0.0251018;0.00894157;
0.0252018;0.00889728;
0.0253018;0.00894157;
0.0254018;0.00889728;
0.0255018;0.00894157;
0.0256018;0.00889728;
0.0257018;0.00894157;
0.0258018;0.00889728;
0.0259018;0.00894157;
0.0260018;0.00889728;
0.0261018;0.00894157;
0.0262018;0.00889728;
0.0263018;0.00894157;
0.0264018;0.00889728;
0.0265018;0.00894157;
0.0266018;0.00889728;
0.0267018;0.00894157;
0.0268018;0.00889728;
0.0269018;0.00894157;
0.0270018;0.00889728;
0.0271018;0.00894157;
0.0272018;0.00889728;
0.0273018;0.00894157;
0.0274018;0.00889728;
0.0275018;0.00894156;
0.0276018;0.00889728;
0.0277018;0.00894156;
0.0278018;0.00889728;
0.0279018;0.00894156;
0.0280018;0.00889728;
0.0281018;0.00894156;
0.0282018;0.00889728;
0.0283018;0.00894156;
0.0284018;0.00889728;
0.0285018;0.00894156;
0.0286018;0.00889728;
0.0287018;0.00894156;
0.0288018;0.00889728;
0.0289018;0.00894156;
0.0290018;0.00889729;
0.0291018;0.00894156;
0.0292018;0.00889729;
0.0293018;0.00894156;
0.0294018;0.00889729;
0.0295018;0.00894156;
0.0296018;0.00889729;
0.0297018;0.00894156;
0.0298018;0.00889729;
0.0299018;0.00894156;
0.0300018;0.00889729;
0.0301018;0.00894156;
0.0302018;0.00889729;
0.0303018;0.00894156;
0.0304018;0.00889729;
0.0305018;0.00894156;
0.0306018;0.00889729;
0.0307018;0.00894156;
0.0308018;0.00889729;
0.0309018;0.00894156;
0.0310018;0.00889729;
0.0311018;0.00894156;
0.0312018;0.00889729;
0.0313018;0.00894156;
0.0314018;0.00889729;
0.0315018;0.00894156;
0.0316018;0.00889729;
0.0317018;0.00894156;
0.0318018;0.00889729;
0.0319018;0.00894156;
0.0320018;0.00889729;
0.0321018;0.00894156;
0.0322018;0.00889729;
0.0323018;0.00894155;
0.0324018;0.00889729;
0.0325018;0.00894155;
0.0326018;0.00889729;
0.0327018;0.00894155;
0.0328018;0.00889729;
0.0329018;0.00894155;
0.0330018;0.00889729;
0.0331018;0.00894155;
0.0332018;0.0088973;
0.0333018;0.00894155;
0.0334018;0.0088973;
0.0335018;0.00894155;
0.0336018;0.0088973;
0.0337018;0.00894155;
0.0338018;0.0088973;
0.0339018;0.00894155;
0.0340018;0.0088973;
0.0341018;0.00894155;
0.0342018;0.0088973;
0.0343018;0.00894155;
0.0344018;0.0088973;
0.0345018;0.00894155;
0.0346018;0.0088973;
0.0347018;0.00894155;
0.0348018;0.0088973;
0.0349018;0.00894155;
0.0350018;0.0088973;
0.0351018;0.00894155;
0.0352018;0.0088973;
0.0353018;0.00894155;
0.0354018;0.0088973;
0.0355018;0.00894155;
0.0356018;0.0088973;
0.0357018;0.00894155;
0.0358018;0.0088973;
0.0359018;0.00894155;
0.0360018;0.0088973;
0.0361018;0.00894155;
0.0362018;0.0088973;
0.0363018;0.00894155;
0.0364018;0.0088973;
0.0365018;0.00894155;
0.0366018;0.0088973;
0.0367018;0.00894154;
0.0368018;0.0088973;
0.0369018;0.00894154;
0.0370018;0.0088973;
0.0371018;0.00894154;
0.0372018;0.00889731;
0.0373018;0.00894154;
0.0374018;0.00889731;
0.0375018;0.00894154;
0.0376018;0.00889731;
0.0377018;0.00894154;
0.0378018;0.00889731;
0.0379018;0.00894154;
0.0380018;0.00889731;
0.0381018;0.00894154;
0.0382018;0.00889731;
0.0383018;0.00894154;
0.0384018;0.00889731;
0.0385018;0.00894154;
0.0386018;0.00889731;
0.0387018;0.00894154;
0.0388018;0.00889731;
0.0389018;0.00894154;
0.0390018;0.00889731;
0.0391018;0.00894154;
0.0392018;0.00889731;
0.0393018;0.00894154;
0.0394018;0.00889731;
0.0395018;0.00894154;
0.0396018;0.00889731;
0.0397018;0.00894154;
0.0398018;0.00889731;
0.0399018;0.00894154;
0.0400018;0.00889731;
0.0401018;0.00894154;
0.0402018;0.00889731;
0.0403018;0.00894154;
0.0404018;0.00889731;
0.0405018;0.00894154;
0.0406018;0.00889731;
0.0407018;0.00894154;
0.0408018;0.00889731;
0.0409018;0.00894153;
0.0410018;0.00889732;
0.0411018;0.00894153;
0.0412018;0.00889732;
0.0413018;0.00894153;
0.0414018;0.00889732;
0.0415018;0.00894153;
0.0416018;0.00889732;
0.0417018;0.00894153;
0.0418018;0.00889732;
0.0419018;0.00894153;
0.0420018;0.00889732;
0.0421018;0.00894153;
0.0422018;0.00889732;
0.0423018;0.00894153;
0.0424018;0.00889732;
0.0425018;0.00894153;
0.0426018;0.00889732;
0.0427018;0.00894153;
0.0428018;0.00889732;
0.0429018;0.00894153;
0.0430018;0.00889732;
0.0431018;0.00894153;
0.0432018;0.00889732;
0.0433018;0.00894153;
0.0434018;0.00889732;
0.0435018;0.00894153;
0.0436018;0.00889732;
0.0437018;0.00894153;
0.0438018;0.00889732;
0.0439018;0.00894153;
0.0440018;0.00889732;
0.0441018;0.00894153;
0.0442018;0.00889732;
0.0443018;0.00894153;
0.0444018;0.00889732;
0.0445018;0.00894153;
0.0446018;0.00889733;
0.0447018;0.00894153;
0.0448018;0.00889733;
0.0449018;0.00894152;
0.0450018;0.00889733;
0.0451018;0.00894152;
0.0452018;0.00889733;
0.0453018;0.00894152;
0.0454018;0.00889733;
0.0455018;0.00894152;
0.0456018;0.00889733;
0.0457018;0.00894152;
0.0458018;0.00889733;
0.0459018;0.00894152;
0.0460018;0.00889733;
0.0461018;0.00894152;
0.0462018;0.00889733;
0.0463018;0.00894152;
0.0464018;0.00889733;
0.0465018;0.00894152;
0.0466018;0.00889733;
0.0467018;0.00894152;
0.0468018;0.00889733;
0.0469018;0.00894152;
0.0470018;0.00889733;
0.0471018;0.00894152;
0.0472018;0.00889733;
0.0473018;0.00894152;
0.0474018;0.00889733;
0.0475018;0.00894152;
0.0476018;0.00889733;
0.0477018;0.00894152;
0.0478018;0.00889733;
0.0479018;0.00894152;
0.0480018;0.00889733;
0.0481018;0.00894152;
0.0482018;0.00889734;
0.0483018;0.00894152;
0.0484018;0.00889734;
0.0485018;0.00894152;
0.0486018;0.00889734;
0.0487018;0.00894152;
0.0488018;0.00889734;
0.0489018;0.00894151;
0.0490018;0.00889734;
0.0491018;0.00894151;
0.0492018;0.00889734;
0.0493018;0.00894151;
0.0494018;0.00889734;
0.0495018;0.00894151;
0.0496018;0.00889734;
0.0497018;0.00894151;
0.0498018;0.00889734;
0.0499018;0.00894151;
0.0500018;0.00889734;
0.0501018;0.00894151;
0.0502018;0.00889734;
0.0503018;0.00894151;
0.0504018;0.00889734;
0.0505018;0.00894151;
0.0506018;0.00889734;
0.0507018;0.00894151;
0.0508018;0.00889734;
0.0509018;0.00894151;
0.0510018;0.00889734;
0.0511018;0.00894151;
0.0512018;0.00889734;
0.0513018;0.00894151;
0.0514018;0.00889734;
0.0515018;0.00894151;
0.0516018;0.00889734;
0.0517018;0.00894151;
0.0518018;0.00889735;
0.0519018;0.00894151;
0.0520018;0.00889735;
0.0521018;0.00894151;
0.0522018;0.00889735;
0.0523018;0.00894151;
0.0524018;0.00889735;
0.0525018;0.00894151;
0.0526018;0.00889735;
0.0527018;0.0089415;
0.0528018;0.00889735;
0.0529018;0.0089415;
0.0530018;0.00889735;
0.0531018;0.0089415;
0.0532018;0.00889735;
0.0533018;0.0089415;
0.0534018;0.00889735;
0.0535018;0.0089415;
0.0536018;0.00889735;
0.0537018;0.0089415;
0.0538018;0.00889735;
0.0539018;0.0089415;
0.0540018;0.00889735;
0.0541018;0.0089415;
0.0542018;0.00889735;
0.0543018;0.0089415;
0.0544018;0.00889735;
0.0545018;0.0089415;
0.0546018;0.00889735;
0.0547018;0.0089415;
0.0548018;0.00889735;
0.0549018;0.0089415;
0.0550018;0.00889735;
0.0551018;0.0089415;
0.0552018;0.00889736;
0.0553018;0.0089415;
0.0554018;0.00889736;
0.0555018;0.0089415;
0.0556018;0.00889736;
0.0557018;0.0089415;
0.0558018;0.00889736;
0.0559018;0.0089415;
0.0560018;0.00889736;
0.0561018;0.0089415;
0.0562018;0.00889736;
0.0563018;0.00894149;
0.0564018;0.00889736;
0.0565018;0.00894149;
0.0566018;0.00889736;
0.0567018;0.00894149;
0.0568018;0.00889736;
0.0569018;0.00894149;
0.0570018;0.00889736;
0.0571018;0.00894149;
0.0572018;0.00889736;
0.0573018;0.00894149;
0.0574018;0.00889736;
0.0575018;0.00894149;
0.0576018;0.00889736;
0.0577018;0.00894149;
0.0578018;0.00889736;
0.0579018;0.00894149;
0.0580018;0.00889736;
0.0581018;0.00894149;
0.0582018;0.00889736;
0.0583018;0.00894149;
0.0584018;0.00889736;
0.0585018;0.00894149;
0.0586018;0.00889737;
0.0587018;0.00894149;
0.0588018;0.00889737;
0.0589018;0.00894149;
0.0590018;0.00889737;
0.0591018;0.00894149;
0.0592018;0.00889737;
0.0593018;0.00894149;
0.0594018;0.00889737;
0.0595018;0.00894149;
0.0596018;0.00889737;
0.0597018;0.00894149;
0.0598018;0.00889737;
0.0599018;0.00894148;
0.0600018;0.00889737;
0.0601018;0.00894148;
0.0602018;0.00889737;
0.0603018;0.00894148;
0.0604018;0.00889737;
0.0605018;0.00894148;
0.0606018;0.00889737;
0.0607018;0.00894148;
0.0608018;0.00889737;
0.0609018;0.00894148;
0.0610018;0.00889737;
0.0611018;0.00894148;
0.0612018;0.00889737;
0.0613018;0.00894148;
0.0614018;0.00889737;
0.0615018;0.00894148;
0.0616018;0.00889737;
0.0617018;0.00894148;
0.0618018;0.00889738;
0.0619018;0.00894148;
0.0620018;0.00889738;
0.0621018;0.00894148;
0.0622018;0.00889738;
0.0623018;0.00894148;
0.0624018;0.00889738;
0.0625018;0.00894148;
0.0626018;0.00889738;
0.0627018;0.00894148;
0.0628018;0.00889738;
0.0629018;0.00894148;
0.0630018;0.00889738;
0.0631018;0.00894148;
0.0632018;0.00889738;
0.0633018;0.00894148;
0.0634018;0.00889738;
0.0635018;0.00894147;
0.0636018;0.00889738;
0.0637018;0.00894147;
0.0638018;0.00889738;
0.0639018;0.00894147;
0.0640018;0.00889738;
0.0641018;0.00894147;
0.0642018;0.00889738;
0.0643018;0.00894147;
0.0644018;0.00889738;
0.0645018;0.00894147;
0.0646018;0.00889738;
0.0647018;0.00894147;
0.0648018;0.00889738;
0.0649018;0.00894147;
0.0650018;0.00889739;
0.0651018;0.00894147;
0.0652018;0.00889739;
0.0653018;0.00894147;
0.0654018;0.00889739;
0.0655018;0.00894147;
0.0656018;0.00889739;
0.0657018;0.00894147;
0.0658018;0.00889739;
0.0659018;0.00894147;
0.0660018;0.00889739;
0.0661018;0.00894147;
0.0662018;0.00889739;
0.0663018;0.00894147;
0.0664018;0.00889739;
0.0665018;0.00894147;
0.0666018;0.00889739;
0.0667018;0.00894147;
0.0668018;0.00889739;
0.0669018;0.00894146;
0.0670018;0.00889739;
0.0671018;0.00894146;
0.0672018;0.00889739;
0.0673018;0.00894146;
0.0674018;0.00889739;
0.0675018;0.00894146;
0.0676018;0.00889739;
0.0677018;0.00894146;
0.0678018;0.00889739;
0.0679018;0.00894146;
0.0680018;0.00889739;
0.0681018;0.00894146;
0.0682018;0.0088974;
0.0683018;0.00894146;
0.0684018;0.0088974;
0.0685018;0.00894146;
0.0686018;0.0088974;
0.0687018;0.00894146;
0.0688018;0.0088974;
0.0689018;0.00894146;
0.0690018;0.0088974;
0.0691018;0.00894146;
0.0692018;0.0088974;
0.0693018;0.00894146;
0.0694018;0.0088974;
0.0695018;0.00894146;
0.0696018;0.0088974;
0.0697018;0.00894146;
0.0698018;0.0088974;
0.0699018;0.00894146;
0.0700018;0.0088974;
0.0701018;0.00894146;
0.0702018;0.0088974;
0.0703018;0.00894145;
0.0704018;0.0088974;
0.0705018;0.00894145;
0.0706018;0.0088974;
0.0707018;0.00894145;
0.0708018;0.0088974;
0.0709018;0.00894145;
0.0710018;0.0088974;
0.0711018;0.00894145;
0.0712018;0.00889741;
0.0713018;0.00894145;
0.0714018;0.00889741;
0.0715018;0.00894145;
0.0716018;0.00889741;
0.0717018;0.00894145;
0.0718018;0.00889741;
0.0719018;0.00894145;
0.0720018;0.00889741;
0.0721018;0.00894145;
0.0722018;0.00889741;
0.0723018;0.00894145;
0.0724018;0.00889741;
0.0725018;0.00894145;
0.0726018;0.00889741;
0.0727018;0.00894145;
0.0728018;0.00889741;
0.0729018;0.00894145;
0.0730018;0.00889741;
0.0731018;0.00894145;
0.0732018;0.00889741;
0.0733018;0.00894145;
0.0734018;0.00889741;
0.0735018;0.00894144;
0.0736018;0.00889741;
0.0737018;0.00894144;
0.0738018;0.00889741;
0.0739018;0.00894144;
0.0740018;0.00889741;
0.0741018;0.00894144;
0.0742018;0.00889742;
0.0743018;0.00894144;
0.0744018;0.00889742;
0.0745018;0.00894144;
0.0746018;0.00889742;
0.0747018;0.00894144;
0.0748018;0.00889742;
0.0749018;0.00894144;
0.0750018;0.00889742;
0.0751018;0.00894144;
0.0752018;0.00889742;
0.0753018;0.00894144;
0.0754018;0.00889742;
0.0755018;0.00894144;
0.0756018;0.00889742;
0.0757018;0.00894144;
0.0758018;0.00889742;
0.0759018;0.00894144;
0.0760018;0.00889742;
0.0761018;0.00894144;
0.0762018;0.00889742;
0.0763018;0.00894144;
0.0764018;0.00889742;
0.0765018;0.00894144;
0.0766018;0.00889742;
0.0767018;0.00894143;
0.0768018;0.00889742;
0.0769018;0.00894143;
0.0770018;0.00889742;
0.0771018;0.00894143;
0.0772018;0.00889743;
0.0773018;0.00894143;
0.0774018;0.00889743;
0.0775018;0.00894143;
0.0776018;0.00889743;
0.0777018;0.00894143;
0.0778018;0.00889743;
0.0779018;0.00894143;
0.0780018;0.00889743;
0.0781018;0.00894143;
0.0782018;0.00889743;
0.0783018;0.00894143;
0.0784018;0.00889743;
0.0785018;0.00894143;
0.0786018;0.00889743;
0.0787018;0.00894143;
0.0788018;0.00889743;
0.0789018;0.00894143;
0.0790018;0.00889743;
0.0791018;0.00894143;
0.0792018;0.00889743;
0.0793018;0.00894143;
0.0794018;0.00889743;
0.0795018;0.00894143;
0.0796018;0.00889743;
0.0797018;0.00894143;
0.0798018;0.00889743;
0.0799018;0.00894142;
0.0800018;0.00889743;
0.0801018;0.00894142;
0.0802018;0.00889744;
0.0803018;0.00894142;
0.0804018;0.00889744;
0.0805018;0.00894142;
0.0806018;0.00889744;
0.0807018;0.00894142;
0.0808018;0.00889744;
0.0809018;0.00894142;
0.0810018;0.00889744;
0.0811018;0.00894142;
0.0812018;0.00889744;
0.0813018;0.00894142;
0.0814018;0.00889744;
0.0815018;0.00894142;
0.0816018;0.00889744;
0.0817018;0.00894142;
0.0818018;0.00889744;
0.0819018;0.00894142;
0.0820018;0.00889744;
0.0821018;0.00894142;
0.0822018;0.00889744;
0.0823018;0.00894142;
0.0824018;0.00889744;
0.0825018;0.00894142;
0.0826018;0.00889744;
0.0827018;0.00894142;
0.0828018;0.00889744;
0.0829018;0.00894142;
0.0830018;0.00889744;
0.0831018;0.00894141;
0.0832018;0.00889745;
0.0833018;0.00894141;
0.0834018;0.00889745;
0.0835018;0.00894141;
0.0836018;0.00889745;
0.0837018;0.00894141;
0.0838018;0.00889745;
0.0839018;0.00894141;
0.0840018;0.00889745;
0.0841018;0.00894141;
0.0842018;0.00889745;
0.0843018;0.00894141;
0.0844018;0.00889745;
0.0845018;0.00894141;
0.0846018;0.00889745;
0.0847018;0.00894141;
0.0848018;0.00889745;
0.0849018;0.00894141;
0.0850018;0.00889745;
0.0851018;0.00894141;
0.0852018;0.00889745;
0.0853018;0.00894141;
0.0854018;0.00889745;
0.0855018;0.00894141;
0.0856018;0.00889745;
0.0857018;0.00894141;
0.0858018;0.00889745;
0.0859018;0.00894141;
0.0860018;0.00889746;
0.0861018;0.00894141;
0.0862018;0.00889746;
0.0863018;0.0089414;
0.0864018;0.00889746;
0.0865018;0.0089414;
0.0866018;0.00889746;
0.0867018;0.0089414;
0.0868018;0.00889746;
0.0869018;0.0089414;
0.0870018;0.00889746;
0.0871018;0.0089414;
0.0872018;0.00889746;
0.0873018;0.0089414;
0.0874018;0.00889746;
0.0875018;0.0089414;
0.0876018;0.00889746;
0.0877018;0.0089414;
0.0878018;0.00889746;
0.0879018;0.0089414;
0.0880018;0.00889746;
0.0881018;0.0089414;
0.0882018;0.00889746;
0.0883018;0.0089414;
0.0884018;0.00889746;
0.0885018;0.0089414;
0.0886018;0.00889746;
0.0887018;0.0089414;
0.0888018;0.00889746;
0.0889018;0.0089414;
0.0890018;0.00889747;
0.0891018;0.0089414;
0.0892018;0.00889747;
0.0893018;0.00894139;
0.0894018;0.00889747;
0.0895018;0.00894139;
0.0896018;0.00889747;
0.0897018;0.00894139;
0.0898018;0.00889747;
0.0899018;0.00894139;
0.0900018;0.00889747;
0.0901018;0.00894139;
0.0902018;0.00889747;
0.0903018;0.00894139;
0.0904018;0.00889747;
0.0905018;0.00894139;
0.0906018;0.00889747;
0.0907018;0.00894139;
0.0908018;0.00889747;
0.0909018;0.00894139;
0.0910018;0.00889747;
0.0911018;0.00894139;
0.0912018;0.00889747;
0.0913018;0.00894139;
0.0914018;0.00889747;
0.0915018;0.00894139;
0.0916018;0.00889747;
0.0917018;0.00894139;
0.0918018;0.00889748;
0.0919018;0.00894139;
0.0920018;0.00889748;
0.0921018;0.00894139;
0.0922018;0.00889748;
0.0923018;0.00894138;
0.0924018;0.00889748;
0.0925018;0.00894138;
0.0926018;0.00889748;
0.0927018;0.00894138;
0.0928018;0.00889748;
0.0929018;0.00894138;
0.0930018;0.00889748;
0.0931018;0.00894138;
0.0932018;0.00889748;
0.0933018;0.00894138;
0.0934018;0.00889748;
0.0935018;0.00894138;
0.0936018;0.00889748;
0.0937018;0.00894138;
0.0938018;0.00889748;
0.0939018;0.00894138;
0.0940018;0.00889748;
0.0941018;0.00894138;
0.0942018;0.00889748;
0.0943018;0.00894138;
0.0944018;0.00889748;
0.0945018;0.00894138;
0.0946018;0.00889749;
0.0947018;0.00894138;
0.0948018;0.00889749;
0.0949018;0.00894138;
0.0950018;0.00889749;
0.0951018;0.00894138;
0.0952018;0.00889749;
0.0953018;0.00894137;
0.0954018;0.00889749;
0.0955018;0.00894137;
0.0956018;0.00889749;
0.0957018;0.00894137;
0.0958018;0.00889749;
0.0959018;0.00894137;
0.0960018;0.00889749;
0.0961018;0.00894137;
0.0962018;0.00889749;
0.0963018;0.00894137;
0.0964018;0.00889749;
0.0965018;0.00894137;
0.0966018;0.00889749;
0.0967018;0.00894137;
0.0968018;0.00889749;
0.0969018;0.00894137;
0.0970018;0.00889749;
0.0971018;0.00894137;
0.0972018;0.00889749;
0.0973018;0.00894137;
0.0974018;0.0088975;
0.0975018;0.00894137;
0.0976018;0.0088975;
0.0977018;0.00894137;
0.0978018;0.0088975;
0.0979018;0.00894137;
0.0980018;0.0088975;
0.0981018;0.00894137;
0.0982018;0.0088975;
0.0983018;0.00894136;
0.0984018;0.0088975;
0.0985018;0.00894136;
0.0986018;0.0088975;
0.0987018;0.00894136;
0.0988018;0.0088975;
0.0989018;0.00894136;
0.0990018;0.0088975;
0.0991018;0.00894136;
0.0992018;0.0088975;
0.0993018;0.00894136;
0.0994018;0.0088975;
0.0995018;0.00894136;
0.0996018;0.0088975;
0.0997018;0.00894136;
0.0998018;0.0088975;
0.0999018;0.00894136;
0.100002;0.0088975;
0.100102;0.00894136;
0.100202;0.00889751;
0.100302;0.00894136;
0.100402;0.00889751;
0.100502;0.00894136;
0.100602;0.00889751;
0.100702;0.00894136;
0.100802;0.00889751;
0.100902;0.00894136;
0.101002;0.00889751;
0.101102;0.00894136;
0.101202;0.00889751;
0.101302;0.00894135;
0.101402;0.00889751;
0.101502;0.00894135;
0.101602;0.00889751;
0.101702;0.00894135;
0.101802;0.00889751;
0.101902;0.00894135;
0.102002;0.00889751;
0.102102;0.00894135;
0.102202;0.00889751;
0.102302;0.00894135;
0.102402;0.00889751;
0.102502;0.00894135;
0.102602;0.00889751;
0.102702;0.00894135;
0.102802;0.00889751;
0.102902;0.00894135;
0.103002;0.00889752;
0.103102;0.00894135;
0.103202;0.00889752;
0.103302;0.00894135;
0.103402;0.00889752;
0.103502;0.00894135;
0.103602;0.00889752;
0.103702;0.00894135;
0.103802;0.00889752;
0.103902;0.00894135;
0.104002;0.00889752;
0.104102;0.00894135;
0.104202;0.00889752;
0.104302;0.00894134;
0.104402;0.00889752;
0.104502;0.00894134;
0.104602;0.00889752;
0.104702;0.00894134;
0.104802;0.00889752;
0.104902;0.00894134;
0.105002;0.00889752;
0.105102;0.00894134;
0.105202;0.00889752;
0.105302;0.00894134;
0.105402;0.00889752;
0.105502;0.00894134;
0.105602;0.00889753;
0.105702;0.00894134;
0.105802;0.00889753;
0.105902;0.00894134;
0.106002;0.00889753;
0.106102;0.00894134;
0.106202;0.00889753;
0.106302;0.00894134;
0.106402;0.00889753;
0.106502;0.00894134;
0.106602;0.00889753;
0.106702;0.00894134;
0.106802;0.00889753;
0.106902;0.00894134;
0.107002;0.00889753;
0.107102;0.00894133;
0.107202;0.00889753;
0.107302;0.00894133;
0.107402;0.00889753;
0.107502;0.00894133;
0.107602;0.00889753;
0.107702;0.00894133;
0.107802;0.00889753;
0.107902;0.00894133;
0.108002;0.00889753;
0.108102;0.00894133;
0.108202;0.00889753;
0.108302;0.00894133;
0.108402;0.00889754;
0.108502;0.00894133;
0.108602;0.00889754;
0.108702;0.00894133;
0.108802;0.00889754;
0.108902;0.00894133;
0.109002;0.00889754;
0.109102;0.00894133;
0.109202;0.00889754;
0.109302;0.00894133;
0.109402;0.00889754;
0.109502;0.00894133;
0.109602;0.00889754;
0.109702;0.00894133;
0.109802;0.00889754;
0.109902;0.00894133;
0.110002;0.00889754;
0.110102;0.00894132;
0.110202;0.00889754;
0.110302;0.00894132;
0.110402;0.00889754;
0.110502;0.00894132;
0.110602;0.00889754;
0.110702;0.00894132;
0.110802;0.00889754;
0.110902;0.00894132;
0.111002;0.00889755;
0.111102;0.00894132;
0.111202;0.00889755;
0.111302;0.00894132;
0.111402;0.00889755;
0.111502;0.00894132;
0.111602;0.00889755;
0.111702;0.00894132;
0.111802;0.00889755;
0.111902;0.00894132;
0.112002;0.00889755;
0.112102;0.00894132;
0.112202;0.00889755;
0.112302;0.00894132;
0.112402;0.00889755;
0.112502;0.00894132;
0.112602;0.00889755;
0.112702;0.00894132;
0.112802;0.00889755;
0.112902;0.00894131;
0.113002;0.00889755;
0.113102;0.00894131;
0.113202;0.00889755;
0.113302;0.00894131;
0.113402;0.00889755;
0.113502;0.00894131;
0.113602;0.00889755;
0.113702;0.00894131;
0.113802;0.00889756;
0.113902;0.00894131;
0.114002;0.00889756;
0.114102;0.00894131;
0.114202;0.00889756;
0.114302;0.00894131;
0.114402;0.00889756;
0.114502;0.00894131;
0.114602;0.00889756;
0.114702;0.00894131;
0.114802;0.00889756;
0.114902;0.00894131;
0.115002;0.00889756;
0.115102;0.00894131;
0.115202;0.00889756;
0.115302;0.00894131;
0.115402;0.00889756;
0.115502;0.00894131;
0.115602;0.00889756;
0.115702;0.0089413;
0.115802;0.00889756;
0.115902;0.0089413;
0.116002;0.00889756;
0.116102;0.0089413;
0.116202;0.00889756;
0.116302;0.0089413;
0.116402;0.00889757;
0.116502;0.0089413;
0.116602;0.00889757;
0.116702;0.0089413;
0.116802;0.00889757;
0.116902;0.0089413;
0.117002;0.00889757;
0.117102;0.0089413;
0.117202;0.00889757;
0.117302;0.0089413;
0.117402;0.00889757;
0.117502;0.0089413;
0.117602;0.00889757;
0.117702;0.0089413;
0.117802;0.00889757;
0.117902;0.0089413;
0.118002;0.00889757;
0.118102;0.0089413;
0.118202;0.00889757;
0.118302;0.0089413;
0.118402;0.00889757;
0.118502;0.00894129;
0.118602;0.00889757;
0.118702;0.00894129;
0.118802;0.00889757;
0.118902;0.00894129;
0.119002;0.00889758;
0.119102;0.00894129;
0.119202;0.00889758;
0.119302;0.00894129;
0.119402;0.00889758;
0.119502;0.00894129;
0.119602;0.00889758;
0.119702;0.00894129;
0.119802;0.00889758;
0.119902;0.00894129;
0.120002;0.00889758;
0.120102;0.00894129;
0.120202;0.00889758;
0.120302;0.00894129;
0.120402;0.00889758;
0.120502;0.00894129;
0.120602;0.00889758;
0.120702;0.00894129;
0.120802;0.00889758;
0.120902;0.00894129;
0.121002;0.00889758;
0.121102;0.00894129;
0.121202;0.00889758;
0.121302;0.00894128;
0.121402;0.00889758;
0.121502;0.00894128;
0.121602;0.00889759;
0.121702;0.00894128;
0.121802;0.00889759;
0.121902;0.00894128;
0.122002;0.00889759;
0.122102;0.00894128;
0.122202;0.00889759;
0.122302;0.00894128;
0.122402;0.00889759;
0.122502;0.00894128;
0.122602;0.00889759;
0.122702;0.00894128;
0.122802;0.00889759;
0.122902;0.00894128;
0.123002;0.00889759;
0.123102;0.00894128;
0.123202;0.00889759;
0.123302;0.00894128;
0.123402;0.00889759;
0.123502;0.00894128;
0.123602;0.00889759;
0.123702;0.00894128;
0.123802;0.00889759;
0.123902;0.00894128;
0.124002;0.00889759;
0.124102;0.00894127;
0.124202;0.00889759;
0.124302;0.00894127;
0.124402;0.0088976;
0.124502;0.00894127;
0.124602;0.0088976;
0.124702;0.00894127;
0.124802;0.0088976;
0.124902;0.00894127;
0.125002;0.0088976;
0.125102;0.00894127;
0.125202;0.0088976;
0.125302;0.00894127;
0.125402;0.0088976;
0.125502;0.00894127;
0.125602;0.0088976;
0.125702;0.00894127;
0.125802;0.0088976;
0.125902;0.00894127;
0.126002;0.0088976;
0.126102;0.00894127;
0.126202;0.0088976;
0.126302;0.00894127;
0.126402;0.0088976;
0.126502;0.00894127;
0.126602;0.0088976;
0.126702;0.00894127;
0.126802;0.0088976;
0.126902;0.00894126;
0.127002;0.00889761;
0.127102;0.00894126;
0.127202;0.00889761;
0.127302;0.00894126;
0.127402;0.00889761;
0.127502;0.00894126;
0.127602;0.00889761;
0.127702;0.00894126;
0.127802;0.00889761;
0.127902;0.00894126;
0.128002;0.00889761;
0.128102;0.00894126;
0.128202;0.00889761;
0.128302;0.00894126;
0.128402;0.00889761;
0.128502;0.00894126;
0.128602;0.00889761;
0.128702;0.00894126;
0.128802;0.00889761;
0.128902;0.00894126;
0.129002;0.00889761;
0.129102;0.00894126;
0.129202;0.00889761;
0.129302;0.00894126;
0.129402;0.00889761;
0.129502;0.00894126;
0.129602;0.00889762;
0.129702;0.00894125;
0.129802;0.00889762;
0.129902;0.00894125;
0.130002;0.00889762;
0.130102;0.00894125;
0.130202;0.00889762;
0.130302;0.00894125;
0.130402;0.00889762;
0.130502;0.00894125;
0.130602;0.00889762;
0.130702;0.00894125;
0.130802;0.00889762;
0.130902;0.00894125;
0.131002;0.00889762;
0.131102;0.00894125;
0.131202;0.00889762;
0.131302;0.00894125;
0.131402;0.00889762;
0.131502;0.00894125;
0.131602;0.00889762;
0.131702;0.00894125;
0.131802;0.00889762;
0.131902;0.00894125;
0.132002;0.00889762;
0.132102;0.00894125;
0.132202;0.00889763;
0.132302;0.00894125;
0.132402;0.00889763;
0.132502;0.00894124;
0.132602;0.00889763;
0.132702;0.00894124;
0.132802;0.00889763;
0.132902;0.00894124;
0.133002;0.00889763;
0.133102;0.00894124;
0.133202;0.00889763;
0.133302;0.00894124;
0.133402;0.00889763;
0.133502;0.00894124;
0.133602;0.00889763;
0.133702;0.00894124;
0.133802;0.00889763;
0.133902;0.00894124;
0.134002;0.00889763;
0.134102;0.00894124;
0.134202;0.00889763;
0.134302;0.00894124;
0.134402;0.00889763;
0.134502;0.00894124;
0.134602;0.00889763;
0.134702;0.00894124;
0.134802;0.00889764;
0.134902;0.00894124;
0.135002;0.00889764;
0.135102;0.00894124;
0.135202;0.00889764;
0.135302;0.00894123;
0.135402;0.00889764;
0.135502;0.00894123;
0.135602;0.00889764;
0.135702;0.00894123;
0.135802;0.00889764;
0.135902;0.00894123;
0.136002;0.00889764;
0.136102;0.00894123;
0.136202;0.00889764;
0.136302;0.00894123;
0.136402;0.00889764;
0.136502;0.00894123;
0.136602;0.00889764;
0.136702;0.00894123;
0.136802;0.00889764;
0.136902;0.00894123;
0.137002;0.00889764;
0.137102;0.00894123;
0.137202;0.00889765;
0.137302;0.00894123;
0.137402;0.00889765;
0.137502;0.00894123;
0.137602;0.00889765;
0.137702;0.00894123;
0.137802;0.00889765;
0.137902;0.00894122;
0.138002;0.00889765;
0.138102;0.00894122;
0.138202;0.00889765;
0.138302;0.00894122;
0.138402;0.00889765;
0.138502;0.00894122;
0.138602;0.00889765;
0.138702;0.00894122;
0.138802;0.00889765;
0.138902;0.00894122;
0.139002;0.00889765;
0.139102;0.00894122;
0.139202;0.00889765;
0.139302;0.00894122;
0.139402;0.00889765;
0.139502;0.00894122;
0.139602;0.00889765;
0.139702;0.00894122;
0.139802;0.00889766;
0.139902;0.00894122;
0.140002;0.00889766;
0.140102;0.00894122;
0.140202;0.00889766;
0.140302;0.00894122;
0.140402;0.00889766;
0.140502;0.00894122;
0.140602;0.00889766;
0.140702;0.00894121;
0.140802;0.00889766;
0.140902;0.00894121;
0.141002;0.00889766;
0.141102;0.00894121;
0.141202;0.00889766;
0.141302;0.00894121;
0.141402;0.00889766;
0.141502;0.00894121;
0.141602;0.00889766;
0.141702;0.00894121;
0.141802;0.00889766;
0.141902;0.00894121;
0.142002;0.00889766;
0.142102;0.00894121;
0.142202;0.00889766;
0.142302;0.00894121;
0.142402;0.00889767;
0.142502;0.00894121;
0.142602;0.00889767;
0.142702;0.00894121;
0.142802;0.00889767;
0.142902;0.00894121;
0.143002;0.00889767;
0.143102;0.00894121;
0.143202;0.00889767;
0.143302;0.00894121;
0.143402;0.00889767;
0.143502;0.0089412;
0.143602;0.00889767;
0.143702;0.0089412;
0.143802;0.00889767;
0.143902;0.0089412;
0.144002;0.00889767;
0.144102;0.0089412;
0.144202;0.00889767;
0.144302;0.0089412;
0.144402;0.00889767;
0.144502;0.0089412;
0.144602;0.00889767;
0.144702;0.0089412;
0.144802;0.00889767;
0.144902;0.0089412;
0.145002;0.00889768;
0.145102;0.0089412;
0.145202;0.00889768;
0.145302;0.0089412;
0.145402;0.00889768;
0.145502;0.0089412;
0.145602;0.00889768;
0.145702;0.0089412;
0.145802;0.00889768;
0.145902;0.0089412;
0.146002;0.00889768;
0.146102;0.00894119;
0.146202;0.00889768;
0.146302;0.00894119;
0.146402;0.00889768;
0.146502;0.00894119;
0.146602;0.00889768;
0.146702;0.00894119;
0.146802;0.00889768;
0.146902;0.00894119;
0.147002;0.00889768;
0.147102;0.00894119;
0.147202;0.00889768;
0.147302;0.00894119;
0.147402;0.00889769;
0.147502;0.00894119;
0.147602;0.00889769;
0.147702;0.00894119;
0.147802;0.00889769;
0.147902;0.00894119;
0.148002;0.00889769;
0.148102;0.00894119;
0.148202;0.00889769;
0.148302;0.00894119;
0.148402;0.00889769;
0.148502;0.00894119;
0.148602;0.00889769;
0.148702;0.00894119;
0.148802;0.00889769;
0.148902;0.00894118;
0.149002;0.00889769;
0.149102;0.00894118;
0.149202;0.00889769;
0.149302;0.00894118;
0.149402;0.00889769;
0.149502;0.00894118;
0.149602;0.00889769;
0.149702;0.00894118;
0.149802;0.00889769;
0.149902;0.00894118;
0.150002;0.0088977;
0.150102;0.00894118;
0.150202;0.0088977;
0.150302;0.00894118;
0.150402;0.0088977;
0.150502;0.00894118;
0.150602;0.0088977;
0.150702;0.00894118;
0.150802;0.0088977;
0.150902;0.00894118;
0.151002;0.0088977;
0.151102;0.00894118;
0.151202;0.0088977;
0.151302;0.00894118;
0.151402;0.0088977;
0.151502;0.00894117;
0.151602;0.0088977;
0.151702;0.00894117;
0.151802;0.0088977;
0.151902;0.00894117;
0.152002;0.0088977;
0.152102;0.00894117;
0.152202;0.0088977;
0.152302;0.00894117;
0.152402;0.0088977;
0.152502;0.00894117;
0.152602;0.00889771;
0.152702;0.00894117;
0.152802;0.00889771;
0.152902;0.00894117;
0.153002;0.00889771;
0.153102;0.00894117;
0.153202;0.00889771;
0.153302;0.00894117;
0.153402;0.00889771;
0.153502;0.00894117;
0.153602;0.00889771;
0.153702;0.00894117;
0.153802;0.00889771;
0.153902;0.00894117;
0.154002;0.00889771;
0.154102;0.00894116;
0.154202;0.00889771;
0.154302;0.00894116;
0.154402;0.00889771;
0.154502;0.00894116;
0.154602;0.00889771;
0.154702;0.00894116;
0.154802;0.00889771;
0.154902;0.00894116;
0.155002;0.00889772;
0.155102;0.00894116;
0.155202;0.00889772;
0.155302;0.00894116;
0.155402;0.00889772;
0.155502;0.00894116;
0.155602;0.00889772;
0.155702;0.00894116;
0.155802;0.00889772;
0.155902;0.00894116;
0.156002;0.00889772;
0.156102;0.00894116;
0.156202;0.00889772;
0.156302;0.00894116;
0.156402;0.00889772;
0.156502;0.00894116;
0.156602;0.00889772;
0.156702;0.00894116;
0.156802;0.00889772;
0.156902;0.00894115;
0.157002;0.00889772;
0.157102;0.00894115;
0.157202;0.00889772;
0.157302;0.00894115;
0.157402;0.00889772;
0.157502;0.00894115;
0.157602;0.00889773;
0.157702;0.00894115;
0.157802;0.00889773;
0.157902;0.00894115;
0.158002;0.00889773;
0.158102;0.00894115;
0.158202;0.00889773;
0.158302;0.00894115;
0.158402;0.00889773;
0.158502;0.00894115;
0.158602;0.00889773;
0.158702;0.00894115;
0.158802;0.00889773;
0.158902;0.00894115;
0.159002;0.00889773;
0.159102;0.00894115;
0.159202;0.00889773;
0.159302;0.00894115;
0.159402;0.00889773;
0.159502;0.00894114;
0.159602;0.00889773;
0.159702;0.00894114;
0.159802;0.00889773;
0.159902;0.00894114;
0.160002;0.00889774;
0.160102;0.00894114;
0.160202;0.00889774;
0.160302;0.00894114;
0.160402;0.00889774;
0.160502;0.00894114;
0.160602;0.00889774;
0.160702;0.00894114;
0.160802;0.00889774;
0.160902;0.00894114;
0.161002;0.00889774;
0.161102;0.00894114;
0.161202;0.00889774;
0.161302;0.00894114;
0.161402;0.00889774;
0.161502;0.00894114;
0.161602;0.00889774;
0.161702;0.00894114;
0.161802;0.00889774;
0.161902;0.00894114;
0.162002;0.00889774;
0.162102;0.00894113;
0.162202;0.00889774;
0.162302;0.00894113;
0.162402;0.00889774;
0.162502;0.00894113;
0.162602;0.00889775;
0.162702;0.00894113;
0.162802;0.00889775;
0.162902;0.00894113;
0.163002;0.00889775;
0.163102;0.00894113;
0.163202;0.00889775;
0.163302;0.00894113;
0.163402;0.00889775;
0.163502;0.00894113;
0.163602;0.00889775;
0.163702;0.00894113;
0.163802;0.00889775;
0.163902;0.00894113;
0.164002;0.00889775;
0.164102;0.00894113;
0.164202;0.00889775;
0.164302;0.00894113;
0.164402;0.00889775;
0.164502;0.00894113;
0.164602;0.00889775;
0.164702;0.00894113;
0.164802;0.00889775;
0.164902;0.00894112;
0.165002;0.00889776;
0.165102;0.00894112;
0.165202;0.00889776;
0.165302;0.00894112;
0.165402;0.00889776;
0.165502;0.00894112;
0.165602;0.00889776;
0.165702;0.00894112;
0.165802;0.00889776;
0.165902;0.00894112;
0.166002;0.00889776;
0.166102;0.00894112;
0.166202;0.00889776;
0.166302;0.00894112;
0.166402;0.00889776;
0.166502;0.00894112;
0.166602;0.00889776;
0.166702;0.00894112;
0.166802;0.00889776;
0.166902;0.00894112;
0.167002;0.00889776;
0.167102;0.00894112;
0.167202;0.00889776;
0.167302;0.00894112;
0.167402;0.00889776;
0.167502;0.00894111;
0.167602;0.00889777;
0.167702;0.00894111;
0.167802;0.00889777;
0.167902;0.00894111;
0.168002;0.00889777;
0.168102;0.00894111;
0.168202;0.00889777;
0.168302;0.00894111;
0.168402;0.00889777;
0.168502;0.00894111;
0.168602;0.00889777;
0.168702;0.00894111;
0.168802;0.00889777;
0.168902;0.00894111;
0.169002;0.00889777;
0.169102;0.00894111;
0.169202;0.00889777;
0.169302;0.00894111;
0.169402;0.00889777;
0.169502;0.00894111;
0.169602;0.00889777;
0.169702;0.00894111;
0.169802;0.00889777;
0.169902;0.00894111;
0.170002;0.00889778;
0.170102;0.0089411;
0.170202;0.00889778;
0.170302;0.0089411;
0.170402;0.00889778;
0.170502;0.0089411;
0.170602;0.00889778;
0.170702;0.0089411;
0.170802;0.00889778;
0.170902;0.0089411;
0.171002;0.00889778;
0.171102;0.0089411;
0.171202;0.00889778;
0.171302;0.0089411;
0.171402;0.00889778;
0.171502;0.0089411;
0.171602;0.00889778;
0.171702;0.0089411;
0.171802;0.00889778;
0.171902;0.0089411;
0.172002;0.00889778;
0.172102;0.0089411;
0.172202;0.00889778;
0.172302;0.0089411;
0.172402;0.00889778;
0.172502;0.0089411;
0.172602;0.00889779;
0.172702;0.00894109;
0.172802;0.00889779;
0.172902;0.00894109;
0.173002;0.00889779;
0.173102;0.00894109;
0.173202;0.00889779;
0.173302;0.00894109;
0.173402;0.00889779;
0.173502;0.00894109;
0.173602;0.00889779;
0.173702;0.00894109;
0.173802;0.00889779;
0.173902;0.00894109;
0.174002;0.00889779;
0.174102;0.00894109;
0.174202;0.00889779;
0.174302;0.00894109;
0.174402;0.00889779;
0.174502;0.00894109;
0.174602;0.00889779;
0.174702;0.00894109;
0.174802;0.00889779;
0.174902;0.00894109;
0.175002;0.0088978;
0.175102;0.00894109;
0.175202;0.0088978;
0.175302;0.00894108;
0.175402;0.0088978;
0.175502;0.00894108;
0.175602;0.0088978;
0.175702;0.00894108;
0.175802;0.0088978;
0.175902;0.00894108;
0.176002;0.0088978;
0.176102;0.00894108;
0.176202;0.0088978;
0.176302;0.00894108;
0.176402;0.0088978;
0.176502;0.00894108;
0.176602;0.0088978;
0.176702;0.00894108;
0.176802;0.0088978;
0.176902;0.00894108;
0.177002;0.0088978;
0.177102;0.00894108;
0.177202;0.0088978;
0.177302;0.00894108;
0.177402;0.00889781;
0.177502;0.00894108;
0.177602;0.00889781;
0.177702;0.00894108;
0.177802;0.00889781;
0.177902;0.00894107;
0.178002;0.00889781;
0.178102;0.00894107;
0.178202;0.00889781;
0.178302;0.00894107;
0.178402;0.00889781;
0.178502;0.00894107;
0.178602;0.00889781;
0.178702;0.00894107;
0.178802;0.00889781;
0.178902;0.00894107;
0.179002;0.00889781;
0.179102;0.00894107;
0.179202;0.00889781;
0.179302;0.00894107;
0.179402;0.00889781;
0.179502;0.00894107;
0.179602;0.00889781;
0.179702;0.00894107;
0.179802;0.00889781;
0.179902;0.00894107;
0.180002;0.00889782;
0.180102;0.00894107;
0.180202;0.00889782;
0.180302;0.00894107;
0.180402;0.00889782;
0.180502;0.00894106;
0.180602;0.00889782;
0.180702;0.00894106;
0.180802;0.00889782;
0.180902;0.00894106;
0.181002;0.00889782;
0.181102;0.00894106;
0.181202;0.00889782;
0.181302;0.00894106;
0.181402;0.00889782;
0.181502;0.00894106;
0.181602;0.00889782;
0.181702;0.00894106;
0.181802;0.00889782;
0.181902;0.00894106;
0.182002;0.00889782;
0.182102;0.00894106;
0.182202;0.00889782;
0.182302;0.00894106;
0.182402;0.00889783;
0.182502;0.00894106;
0.182602;0.00889783;
0.182702;0.00894106;
0.182802;0.00889783;
0.182902;0.00894106;
0.183002;0.00889783;
0.183102;0.00894105;
0.183202;0.00889783;
0.183302;0.00894105;
0.183402;0.00889783;
0.183502;0.00894105;
0.183602;0.00889783;
0.183702;0.00894105;
0.183802;0.00889783;
0.183902;0.00894105;
0.184002;0.00889783;
0.184102;0.00894105;
0.184202;0.00889783;
0.184302;0.00894105;
0.184402;0.00889783;
0.184502;0.00894105;
0.184602;0.00889783;
0.184702;0.00894105;
0.184802;0.00889784;
0.184902;0.00894105;
0.185002;0.00889784;
0.185102;0.00894105;
0.185202;0.00889784;
0.185302;0.00894105;
0.185402;0.00889784;
0.185502;0.00894105;
0.185602;0.00889784;
0.185702;0.00894105;
0.185802;0.00889784;
0.185902;0.00894104;
0.186002;0.00889784;
0.186102;0.00894104;
0.186202;0.00889784;
0.186302;0.00894104;
0.186402;0.00889784;
0.186502;0.00894104;
0.186602;0.00889784;
0.186702;0.00894104;
0.186802;0.00889784;
0.186902;0.00894104;
0.187002;0.00889784;
0.187102;0.00894104;
0.187202;0.00889784;
0.187302;0.00894104;
0.187402;0.00889785;
0.187502;0.00894104;
0.187602;0.00889785;
0.187702;0.00894104;
0.187802;0.00889785;
0.187902;0.00894104;
0.188002;0.00889785;
0.188102;0.00894104;
0.188202;0.00889785;
0.188302;0.00894104;
0.188402;0.00889785;
0.188502;0.00894103;
0.188602;0.00889785;
0.188702;0.00894103;
0.188802;0.00889785;
0.188902;0.00894103;
0.189002;0.00889785;
0.189102;0.00894103;
0.189202;0.00889785;
0.189302;0.00894103;
0.189402;0.00889785;
0.189502;0.00894103;
0.189602;0.00889785;
0.189702;0.00894103;
0.189802;0.00889786;
0.189902;0.00894103;
0.190002;0.00889786;
0.190102;0.00894103;
0.190202;0.00889786;
0.190302;0.00894103;
0.190402;0.00889786;
0.190502;0.00894103;
0.190602;0.00889786;
0.190702;0.00894103;
0.190802;0.00889786;
0.190902;0.00894103;
0.191002;0.00889786;
0.191102;0.00894102;
0.191202;0.00889786;
0.191302;0.00894102;
0.191402;0.00889786;
0.191502;0.00894102;
0.191602;0.00889786;
0.191702;0.00894102;
0.191802;0.00889786;
0.191902;0.00894102;
0.192002;0.00889786;
0.192102;0.00894102;
0.192202;0.00889787;
0.192302;0.00894102;
0.192402;0.00889787;
0.192502;0.00894102;
0.192602;0.00889787;
0.192702;0.00894102;
0.192802;0.00889787;
0.192902;0.00894102;
0.193002;0.00889787;
0.193102;0.00894102;
0.193202;0.00889787;
0.193302;0.00894102;
0.193402;0.00889787;
0.193502;0.00894102;
0.193602;0.00889787;
0.193702;0.00894101;
0.193802;0.00889787;
0.193902;0.00894101;
0.194002;0.00889787;
0.194102;0.00894101;
0.194202;0.00889787;
0.194302;0.00894101;
0.194402;0.00889787;
0.194502;0.00894101;
0.194602;0.00889788;
0.194702;0.00894101;
0.194802;0.00889788;
0.194902;0.00894101;
0.195002;0.00889788;
0.195102;0.00894101;
0.195202;0.00889788;
0.195302;0.00894101;
0.195402;0.00889788;
0.195502;0.00894101;
0.195602;0.00889788;
0.195702;0.00894101;
0.195802;0.00889788;
0.195902;0.00894101;
0.196002;0.00889788;
0.196102;0.008941;
0.196202;0.00889788;
0.196302;0.008941;
0.196402;0.00889788;
0.196502;0.008941;
0.196602;0.00889788;
0.196702;0.008941;
0.196802;0.00889788;
0.196902;0.008941;
0.197002;0.00889788;
0.197102;0.008941;
0.197202;0.00889789;
0.197302;0.008941;
0.197402;0.00889789;
0.197502;0.008941;
0.197602;0.00889789;
0.197702;0.008941;
0.197802;0.00889789;
0.197902;0.008941;
0.198002;0.00889789;
0.198102;0.008941;
0.198202;0.00889789;
0.198302;0.008941;
0.198402;0.00889789;
0.198502;0.008941;
0.198602;0.00889789;
0.198702;0.00894099;
0.198802;0.00889789;
0.198902;0.00894099;
0.199002;0.00889789;
0.199102;0.00894099;
0.199202;0.00889789;
0.199302;0.00894099;
0.199402;0.00889789;
0.199502;0.00894099;
0.199602;0.0088979;
0.199702;0.00894099;
0.199802;0.0088979;
0.199902;0.00894099;
0.200002;0.0088979;
0.200102;0.00894099;
0.200202;0.0088979;
0.200302;0.00894099;
0.200402;0.0088979;
0.200502;0.00894099;
0.200602;0.0088979;
0.200702;0.00894099;
0.200802;0.0088979;
0.200902;0.00894099;
0.201002;0.0088979;
0.201102;0.00894099;
0.201202;0.0088979;
0.201302;0.00894098;
0.201402;0.0088979;
0.201502;0.00894098;
0.201602;0.0088979;
0.201702;0.00894098;
0.201802;0.0088979;
0.201902;0.00894098;
0.202002;0.00889791;
0.202102;0.00894098;
0.202202;0.00889791;
0.202302;0.00894098;
0.202402;0.00889791;
0.202502;0.00894098;
0.202602;0.00889791;
0.202702;0.00894098;
0.202802;0.00889791;
0.202902;0.00894098;
0.203002;0.00889791;
0.203102;0.00894098;
0.203202;0.00889791;
0.203302;0.00894098;
0.203402;0.00889791;
0.203502;0.00894098;
0.203602;0.00889791;
0.203702;0.00894098;
0.203802;0.00889791;
0.203902;0.00894097;
0.204002;0.00889791;
0.204102;0.00894097;
0.204202;0.00889791;
0.204302;0.00894097;
0.204402;0.00889792;
0.204502;0.00894097;
0.204602;0.00889792;
0.204702;0.00894097;
0.204802;0.00889792;
0.204902;0.00894097;
0.205002;0.00889792;
0.205102;0.00894097;
0.205202;0.00889792;
0.205302;0.00894097;
0.205402;0.00889792;
0.205502;0.00894097;
0.205602;0.00889792;
0.205702;0.00894097;
0.205802;0.00889792;
0.205902;0.00894097;
0.206002;0.00889792;
0.206102;0.00894097;
0.206202;0.00889792;
0.206302;0.00894097;
0.206402;0.00889792;
0.206502;0.00894096;
0.206602;0.00889792;
0.206702;0.00894096;
0.206802;0.00889793;
0.206902;0.00894096;
0.207002;0.00889793;
0.207102;0.00894096;
0.207202;0.00889793;
0.207302;0.00894096;
0.207402;0.00889793;
0.207502;0.00894096;
0.207602;0.00889793;
0.207702;0.00894096;
0.207802;0.00889793;
0.207902;0.00894096;
0.208002;0.00889793;
0.208102;0.00894096;
0.208202;0.00889793;
0.208302;0.00894096;
0.208402;0.00889793;
0.208502;0.00894096;
0.208602;0.00889793;
0.208702;0.00894096;
0.208802;0.00889793;
0.208902;0.00894096;
0.209002;0.00889793;
0.209102;0.00894095;
0.209202;0.00889794;
0.209302;0.00894095;
0.209402;0.00889794;
0.209502;0.00894095;
0.209602;0.00889794;
0.209702;0.00894095;
0.209802;0.00889794;
0.209902;0.00894095;
0.210002;0.00889794;
0.210102;0.00894095;
0.210202;0.00889794;
0.210302;0.00894095;
0.210402;0.00889794;
0.210502;0.00894095;
0.210602;0.00889794;
0.210702;0.00894095;
0.210802;0.00889794;
0.210902;0.00894095;
0.211002;0.00889794;
0.211102;0.00894095;
0.211202;0.00889794;
0.211302;0.00894095;
0.211402;0.00889794;
0.211502;0.00894095;
0.211602;0.00889794;
0.211702;0.00894094;
0.211802;0.00889795;
0.211902;0.00894094;
0.212002;0.00889795;
0.212102;0.00894094;
0.212202;0.00889795;
0.212302;0.00894094;
0.212402;0.00889795;
0.212502;0.00894094;
0.212602;0.00889795;
0.212702;0.00894094;
0.212802;0.00889795;
0.212902;0.00894094;
0.213002;0.00889795;
0.213102;0.00894094;
0.213202;0.00889795;
0.213302;0.00894094;
0.213402;0.00889795;
0.213502;0.00894094;
0.213602;0.00889795;
0.213702;0.00894094;
0.213802;0.00889795;
0.213902;0.00894094;
0.214002;0.00889795;
0.214102;0.00894094;
0.214202;0.00889796;
0.214302;0.00894093;
0.214402;0.00889796;
0.214502;0.00894093;
0.214602;0.00889796;
0.214702;0.00894093;
0.214802;0.00889796;
0.214902;0.00894093;
0.215002;0.00889796;
0.215102;0.00894093;
0.215202;0.00889796;
0.215302;0.00894093;
0.215402;0.00889796;
0.215502;0.00894093;
0.215602;0.00889796;
0.215702;0.00894093;
0.215802;0.00889796;
0.215902;0.00894093;
0.216002;0.00889796;
0.216102;0.00894093;
0.216202;0.00889796;
0.216302;0.00894093;
0.216402;0.00889796;
0.216502;0.00894093;
0.216602;0.00889797;
0.216702;0.00894093;
0.216802;0.00889797;
0.216902;0.00894092;
0.217002;0.00889797;
0.217102;0.00894092;
0.217202;0.00889797;
0.217302;0.00894092;
0.217402;0.00889797;
0.217502;0.00894092;
0.217602;0.00889797;
0.217702;0.00894092;
0.217802;0.00889797;
0.217902;0.00894092;
0.218002;0.00889797;
0.218102;0.00894092;
0.218202;0.00889797;
0.218302;0.00894092;
0.218402;0.00889797;
0.218502;0.00894092;
0.218602;0.00889797;
0.218702;0.00894092;
0.218802;0.00889797;
0.218902;0.00894092;
0.219002;0.00889798;
0.219102;0.00894092;
0.219202;0.00889798;
0.219302;0.00894092;
0.219402;0.00889798;
0.219502;0.00894091;
0.219602;0.00889798;
0.219702;0.00894091;
0.219802;0.00889798;
0.219902;0.00894091;
0.220002;0.00889798;
0.220102;0.00894091;
0.220202;0.00889798;
0.220302;0.00894091;
0.220402;0.00889798;
0.220502;0.00894091;
0.220602;0.00889798;
0.220702;0.00894091;
0.220802;0.00889798;
0.220902;0.00894091;
0.221002;0.00889798;
0.221102;0.00894091;
0.221202;0.00889798;
0.221302;0.00894091;
0.221402;0.00889799;
0.221502;0.00894091;
0.221602;0.00889799;
0.221702;0.00894091;
0.221802;0.00889799;
0.221902;0.0089409;
0.222002;0.00889799;
0.222102;0.0089409;
0.222202;0.00889799;
0.222302;0.0089409;
0.222402;0.00889799;
0.222502;0.0089409;
0.222602;0.00889799;
0.222702;0.0089409;
0.222802;0.00889799;
0.222902;0.0089409;
0.223002;0.00889799;
0.223102;0.0089409;
0.223202;0.00889799;
0.223302;0.0089409;
0.223402;0.00889799;
0.223502;0.0089409;
0.223602;0.00889799;
0.223702;0.0089409;
0.223802;0.008898;
0.223902;0.0089409;
0.224002;0.008898;
0.224102;0.0089409;
0.224202;0.008898;
0.224302;0.0089409;
0.224402;0.008898;
0.224502;0.00894089;
0.224602;0.008898;
0.224702;0.00894089;
0.224802;0.008898;
0.224902;0.00894089;
0.225002;0.008898;
0.225102;0.00894089;
0.225202;0.008898;
0.225302;0.00894089;
0.225402;0.008898;
0.225502;0.00894089;
0.225602;0.008898;
0.225702;0.00894089;
0.225802;0.008898;
0.225902;0.00894089;
0.226002;0.008898;
0.226102;0.00894089;
0.226202;0.00889801;
0.226302;0.00894089;
0.226402;0.00889801;
0.226502;0.00894089;
0.226602;0.00889801;
0.226702;0.00894089;
0.226802;0.00889801;
0.226902;0.00894089;
0.227002;0.00889801;
0.227102;0.00894088;
0.227202;0.00889801;
0.227302;0.00894088;
0.227402;0.00889801;
0.227502;0.00894088;
0.227602;0.00889801;
0.227702;0.00894088;
0.227802;0.00889801;
0.227902;0.00894088;
0.228002;0.00889801;
0.228102;0.00894088;
0.228202;0.00889801;
0.228302;0.00894088;
0.228402;0.00889801;
0.228502;0.00894088;
0.228602;0.00889801;
0.228702;0.00894088;
0.228802;0.00889802;
0.228902;0.00894088;
0.229002;0.00889802;
0.229102;0.00894088;
0.229202;0.00889802;
0.229302;0.00894088;
0.229402;0.00889802;
0.229502;0.00894088;
0.229602;0.00889802;
0.229702;0.00894087;
0.229802;0.00889802;
0.229902;0.00894087;
0.230002;0.00889802;
0.230102;0.00894087;
0.230202;0.00889802;
0.230302;0.00894087;
0.230402;0.00889802;
0.230502;0.00894087;
0.230602;0.00889802;
0.230702;0.00894087;
0.230802;0.00889802;
0.230902;0.00894087;
0.231002;0.00889802;
0.231102;0.00894087;
0.231202;0.00889803;
0.231302;0.00894087;
0.231402;0.00889803;
0.231502;0.00894087;
0.231602;0.00889803;
0.231702;0.00894087;
0.231802;0.00889803;
0.231902;0.00894087;
0.232002;0.00889803;
0.232102;0.00894087;
0.232202;0.00889803;
0.232302;0.00894086;
0.232402;0.00889803;
0.232502;0.00894086;
0.232602;0.00889803;
0.232702;0.00894086;
0.232802;0.00889803;
0.232902;0.00894086;
0.233002;0.00889803;
0.233102;0.00894086;
0.233202;0.00889803;
0.233302;0.00894086;
0.233402;0.00889803;
0.233502;0.00894086;
0.233602;0.00889804;
0.233702;0.00894086;
0.233802;0.00889804;
0.233902;0.00894086;
0.234002;0.00889804;
0.234102;0.00894086;
0.234202;0.00889804;
0.234302;0.00894086;
0.234402;0.00889804;
0.234502;0.00894086;
0.234602;0.00889804;
0.234702;0.00894085;
0.234802;0.00889804;
0.234902;0.00894085;
0.235002;0.00889804;
0.235102;0.00894085;
0.235202;0.00889804;
0.235302;0.00894085;
0.235402;0.00889804;
0.235502;0.00894085;
0.235602;0.00889804;
0.235702;0.00894085;
0.235802;0.00889804;
0.235902;0.00894085;
0.236002;0.00889805;
0.236102;0.00894085;
0.236202;0.00889805;
0.236302;0.00894085;
0.236402;0.00889805;
0.236502;0.00894085;
0.236602;0.00889805;
0.236702;0.00894085;
0.236802;0.00889805;
0.236902;0.00894085;
0.237002;0.00889805;
0.237102;0.00894085;
0.237202;0.00889805;
0.237302;0.00894084;
0.237402;0.00889805;
0.237502;0.00894084;
0.237602;0.00889805;
0.237702;0.00894084;
0.237802;0.00889805;
0.237902;0.00894084;
0.238002;0.00889805;
0.238102;0.00894084;
0.238202;0.00889805;
0.238302;0.00894084;
0.238402;0.00889806;
0.238502;0.00894084;
0.238602;0.00889806;
0.238702;0.00894084;
0.238802;0.00889806;
0.238902;0.00894084;
0.239002;0.00889806;
0.239102;0.00894084;
0.239202;0.00889806;
0.239302;0.00894084;
0.239402;0.00889806;
0.239502;0.00894084;
0.239602;0.00889806;
0.239702;0.00894084;
0.239802;0.00889806;
0.239902;0.00894083;
0.240002;0.00889806;
0.240102;0.00894083;
0.240202;0.00889806;
0.240302;0.00894083;
0.240402;0.00889806;
0.240502;0.00894083;
0.240602;0.00889806;
0.240702;0.00894083;
0.240802;0.00889807;
0.240902;0.00894083;
0.241002;0.00889807;
0.241102;0.00894083;
0.241202;0.00889807;
0.241302;0.00894083;
0.241402;0.00889807;
0.241502;0.00894083;
0.241602;0.00889807;
0.241702;0.00894083;
0.241802;0.00889807;
0.241902;0.00894083;
0.242002;0.00889807;
0.242102;0.00894083;
0.242202;0.00889807;
0.242302;0.00894083;
0.242402;0.00889807;
0.242502;0.00894082;
0.242602;0.00889807;
0.242702;0.00894082;
0.242802;0.00889807;
0.242902;0.00894082;
0.243002;0.00889807;
0.243102;0.00894082;
0.243202;0.00889808;
0.243302;0.00894082;
0.243402;0.00889808;
0.243502;0.00894082;
0.243602;0.00889808;
0.243702;0.00894082;
0.243802;0.00889808;
0.243902;0.00894082;
0.244002;0.00889808;
0.244102;0.00894082;
0.244202;0.00889808;
0.244302;0.00894082;
0.244402;0.00889808;
0.244502;0.00894082;
0.244602;0.00889808;
0.244702;0.00894082;
0.244802;0.00889808;
0.244902;0.00894082;
0.245002;0.00889808;
0.245102;0.00894081;
0.245202;0.00889808;
0.245302;0.00894081;
0.245402;0.00889808;
0.245502;0.00894081;
0.245602;0.00889809;
0.245702;0.00894081;
0.245802;0.00889809;
0.245902;0.00894081;
0.246002;0.00889809;
0.246102;0.00894081;
0.246202;0.00889809;
0.246302;0.00894081;
0.246402;0.00889809;
0.246502;0.00894081;
0.246602;0.00889809;
0.246702;0.00894081;
0.246802;0.00889809;
0.246902;0.00894081;
0.247002;0.00889809;
0.247102;0.00894081;
0.247202;0.00889809;
0.247302;0.00894081;
0.247402;0.00889809;
0.247502;0.0089408;
0.247602;0.00889809;
0.247702;0.0089408;
0.247802;0.00889809;
0.247902;0.0089408;
0.248002;0.0088981;
0.248102;0.0089408;
0.248202;0.0088981;
0.248302;0.0089408;
0.248402;0.0088981;
0.248502;0.0089408;
0.248602;0.0088981;
0.248702;0.0089408;
0.248802;0.0088981;
0.248902;0.0089408;
0.249002;0.0088981;
0.249102;0.0089408;
0.249202;0.0088981;
0.249302;0.0089408;
0.249402;0.0088981;
0.249502;0.0089408;
0.249602;0.0088981;
0.249702;0.0089408;
0.249802;0.0088981;
0.249902;0.0089408;
0.250002;0.0088981;
0.250102;0.00894079;
0.250202;0.0088981;
0.250302;0.00894079;
0.250402;0.00889811;
0.250502;0.00894079;
0.250602;0.00889811;
0.250702;0.00894079;
0.250802;0.00889811;
0.250902;0.00894079;
0.251002;0.00889811;
0.251102;0.00894079;
0.251202;0.00889811;
0.251302;0.00894079;
0.251402;0.00889811;
0.251502;0.00894079;
0.251602;0.00889811;
0.251702;0.00894079;
0.251802;0.00889811;
0.251902;0.00894079;
0.252002;0.00889811;
0.252102;0.00894079;
0.252202;0.00889811;
0.252302;0.00894079;
0.252402;0.00889811;
0.252502;0.00894079;
0.252602;0.00889811;
0.252702;0.00894078;
0.252802;0.00889812;
0.252902;0.00894078;
0.253002;0.00889812;
0.253102;0.00894078;
0.253202;0.00889812;
0.253302;0.00894078;
0.253402;0.00889812;
0.253502;0.00894078;
0.253602;0.00889812;
0.253702;0.00894078;
0.253802;0.00889812;
0.253902;0.00894078;
0.254002;0.00889812;
0.254102;0.00894078;
0.254202;0.00889812;
0.254302;0.00894078;
0.254402;0.00889812;
0.254502;0.00894078;
0.254602;0.00889812;
0.254702;0.00894078;
0.254802;0.00889812;
0.254902;0.00894078;
0.255002;0.00889812;
0.255102;0.00894078;
0.255202;0.00889813;
0.255302;0.00894077;
0.255402;0.00889813;
0.255502;0.00894077;
0.255602;0.00889813;
0.255702;0.00894077;
0.255802;0.00889813;
0.255902;0.00894077;
0.256002;0.00889813;
0.256102;0.00894077;
0.256202;0.00889813;
0.256302;0.00894077;
0.256402;0.00889813;
0.256502;0.00894077;
0.256602;0.00889813;
0.256702;0.00894077;
0.256802;0.00889813;
0.256902;0.00894077;
0.257002;0.00889813;
0.257102;0.00894077;
0.257202;0.00889813;
0.257302;0.00894077;
0.257402;0.00889813;
0.257502;0.00894077;
0.257602;0.00889814;
0.257702;0.00894076;
0.257802;0.00889814;
0.257902;0.00894076;
0.258002;0.00889814;
0.258102;0.00894076;
0.258202;0.00889814;
0.258302;0.00894076;
0.258402;0.00889814;
0.258502;0.00894076;
0.258602;0.00889814;
0.258702;0.00894076;
0.258802;0.00889814;
0.258902;0.00894076;
0.259002;0.00889814;
0.259102;0.00894076;
0.259202;0.00889814;
0.259302;0.00894076;
0.259402;0.00889814;
0.259502;0.00894076;
0.259602;0.00889814;
0.259702;0.00894076;
0.259802;0.00889814;
0.259902;0.00894076;
0.260002;0.00889815;
0.260102;0.00894076;
0.260202;0.00889815;
0.260302;0.00894075;
0.260402;0.00889815;
0.260502;0.00894075;
0.260602;0.00889815;
0.260702;0.00894075;
0.260802;0.00889815;
0.260902;0.00894075;
0.261002;0.00889815;
0.261102;0.00894075;
0.261202;0.00889815;
0.261302;0.00894075;
0.261402;0.00889815;
0.261502;0.00894075;
0.261602;0.00889815;
0.261702;0.00894075;
0.261802;0.00889815;
0.261902;0.00894075;
0.262002;0.00889815;
0.262102;0.00894075;
0.262202;0.00889815;
0.262302;0.00894075;
0.262402;0.00889816;
0.262502;0.00894075;
0.262602;0.00889816;
0.262702;0.00894075;
0.262802;0.00889816;
0.262902;0.00894074;
0.263002;0.00889816;
0.263102;0.00894074;
0.263202;0.00889816;
0.263302;0.00894074;
0.263402;0.00889816;
0.263502;0.00894074;
0.263602;0.00889816;
0.263702;0.00894074;
0.263802;0.00889816;
0.263902;0.00894074;
0.264002;0.00889816;
0.264102;0.00894074;
0.264202;0.00889816;
0.264302;0.00894074;
0.264402;0.00889816;
0.264502;0.00894074;
0.264602;0.00889816;
0.264702;0.00894074;
0.264802;0.00889816;
0.264902;0.00894074;
0.265002;0.00889817;
0.265102;0.00894074;
0.265202;0.00889817;
0.265302;0.00894074;
0.265402;0.00889817;
0.265502;0.00894073;
0.265602;0.00889817;
0.265702;0.00894073;
0.265802;0.00889817;
0.265902;0.00894073;
0.266002;0.00889817;
0.266102;0.00894073;
0.266202;0.00889817;
0.266302;0.00894073;
0.266402;0.00889817;
0.266502;0.00894073;
0.266602;0.00889817;
0.266702;0.00894073;
0.266802;0.00889817;
0.266902;0.00894073;
0.267002;0.00889817;
0.267102;0.00894073;
0.267202;0.00889817;
0.267302;0.00894073;
0.267402;0.00889818;
0.267502;0.00894073;
0.267602;0.00889818;
0.267702;0.00894073;
0.267802;0.00889818;
0.267902;0.00894072;
0.268002;0.00889818;
0.268102;0.00894072;
0.268202;0.00889818;
0.268302;0.00894072;
0.268402;0.00889818;
0.268502;0.00894072;
0.268602;0.00889818;
0.268702;0.00894072;
0.268802;0.00889818;
0.268902;0.00894072;
0.269002;0.00889818;
0.269102;0.00894072;
0.269202;0.00889818;
0.269302;0.00894072;
0.269402;0.00889818;
0.269502;0.00894072;
0.269602;0.00889818;
0.269702;0.00894072;
0.269802;0.00889819;
0.269902;0.00894072;
0.270002;0.00889819;
0.270102;0.00894072;
0.270202;0.00889819;
0.270302;0.00894072;
0.270402;0.00889819;
0.270502;0.00894071;
0.270602;0.00889819;
0.270702;0.00894071;
0.270802;0.00889819;
0.270902;0.00894071;
0.271002;0.00889819;
0.271102;0.00894071;
0.271202;0.00889819;
0.271302;0.00894071;
0.271402;0.00889819;
0.271502;0.00894071;
0.271602;0.00889819;
0.271702;0.00894071;
0.271802;0.00889819;
0.271902;0.00894071;
0.272002;0.00889819;
0.272102;0.00894071;
0.272202;0.0088982;
0.272302;0.00894071;
0.272402;0.0088982;
0.272502;0.00894071;
0.272602;0.0088982;
0.272702;0.00894071;
0.272802;0.0088982;
0.272902;0.00894071;
0.273002;0.0088982;
0.273102;0.0089407;
0.273202;0.0088982;
0.273302;0.0089407;
0.273402;0.0088982;
0.273502;0.0089407;
0.273602;0.0088982;
0.273702;0.0089407;
0.273802;0.0088982;
0.273902;0.0089407;
0.274002;0.0088982;
0.274102;0.0089407;
0.274202;0.0088982;
0.274302;0.0089407;
0.274402;0.0088982;
0.274502;0.0089407;
0.274602;0.00889821;
0.274702;0.0089407;
0.274802;0.00889821;
0.274902;0.0089407;
0.275002;0.00889821;
0.275102;0.0089407;
0.275202;0.00889821;
0.275302;0.0089407;
0.275402;0.00889821;
0.275502;0.0089407;
0.275602;0.00889821;
0.275702;0.00894069;
0.275802;0.00889821;
0.275902;0.00894069;
0.276002;0.00889821;
0.276102;0.00894069;
0.276202;0.00889821;
0.276302;0.00894069;
0.276402;0.00889821;
0.276502;0.00894069;
0.276602;0.00889821;
0.276702;0.00894069;
0.276802;0.00889821;
0.276902;0.00894069;
0.277002;0.00889822;
0.277102;0.00894069;
0.277202;0.00889822;
0.277302;0.00894069;
0.277402;0.00889822;
0.277502;0.00894069;
0.277602;0.00889822;
0.277702;0.00894069;
0.277802;0.00889822;
0.277902;0.00894069;
0.278002;0.00889822;
0.278102;0.00894068;
0.278202;0.00889822;
0.278302;0.00894068;
0.278402;0.00889822;
0.278502;0.00894068;
0.278602;0.00889822;
0.278702;0.00894068;
0.278802;0.00889822;
0.278902;0.00894068;
0.279002;0.00889822;
0.279102;0.00894068;
0.279202;0.00889822;
0.279302;0.00894068;
0.279402;0.00889823;
0.279502;0.00894068;
0.279602;0.00889823;
0.279702;0.00894068;
0.279802;0.00889823;
0.279902;0.00894068;
0.280002;0.00889823;
0.280102;0.00894068;
0.280202;0.00889823;
0.280302;0.00894068;
0.280402;0.00889823;
0.280502;0.00894068;
0.280602;0.00889823;
0.280702;0.00894067;
0.280802;0.00889823;
0.280902;0.00894067;
0.281002;0.00889823;
0.281102;0.00894067;
0.281202;0.00889823;
0.281302;0.00894067;
0.281402;0.00889823;
0.281502;0.00894067;
0.281602;0.00889823;
0.281702;0.00894067;
0.281802;0.00889824;
0.281902;0.00894067;
0.282002;0.00889824;
0.282102;0.00894067;
0.282202;0.00889824;
0.282302;0.00894067;
0.282402;0.00889824;
0.282502;0.00894067;
0.282602;0.00889824;
0.282702;0.00894067;
0.282802;0.00889824;
0.282902;0.00894067;
0.283002;0.00889824;
0.283102;0.00894067;
0.283202;0.00889824;
0.283302;0.00894066;
0.283402;0.00889824;
0.283502;0.00894066;
0.283602;0.00889824;
0.283702;0.00894066;
0.283802;0.00889824;
0.283902;0.00894066;
0.284002;0.00889824;
0.284102;0.00894066;
0.284202;0.00889825;
0.284302;0.00894066;
0.284402;0.00889825;
0.284502;0.00894066;
0.284602;0.00889825;
0.284702;0.00894066;
0.284802;0.00889825;
0.284902;0.00894066;
0.285002;0.00889825;
0.285102;0.00894066;
0.285202;0.00889825;
0.285302;0.00894066;
0.285402;0.00889825;
0.285502;0.00894066;
0.285602;0.00889825;
0.285702;0.00894066;
0.285802;0.00889825;
0.285902;0.00894065;
0.286002;0.00889825;
0.286102;0.00894065;
0.286202;0.00889825;
0.286302;0.00894065;
0.286402;0.00889825;
0.286502;0.00894065;
0.286602;0.00889826;
0.286702;0.00894065;
0.286802;0.00889826;
0.286902;0.00894065;
0.287002;0.00889826;
0.287102;0.00894065;
0.287202;0.00889826;
0.287302;0.00894065;
0.287402;0.00889826;
0.287502;0.00894065;
0.287602;0.00889826;
0.287702;0.00894065;
0.287802;0.00889826;
0.287902;0.00894065;
0.288002;0.00889826;
0.288102;0.00894065;
0.288202;0.00889826;
0.288302;0.00894064;
0.288402;0.00889826;
0.288502;0.00894064;
0.288602;0.00889826;
0.288702;0.00894064;
0.288802;0.00889826;
0.288902;0.00894064;
0.289002;0.00889827;
0.289102;0.00894064;
0.289202;0.00889827;
0.289302;0.00894064;
0.289402;0.00889827;
0.289502;0.00894064;
0.289602;0.00889827;
0.289702;0.00894064;
0.289802;0.00889827;
0.289902;0.00894064;
0.290002;0.00889827;
0.290102;0.00894064;
0.290202;0.00889827;
0.290302;0.00894064;
0.290402;0.00889827;
0.290502;0.00894064;
0.290602;0.00889827;
0.290702;0.00894064;
0.290802;0.00889827;
0.290902;0.00894063;
0.291002;0.00889827;
0.291102;0.00894063;
0.291202;0.00889827;
0.291302;0.00894063;
0.291402;0.00889828;
0.291502;0.00894063;
0.291602;0.00889828;
0.291702;0.00894063;
0.291802;0.00889828;
0.291902;0.00894063;
0.292002;0.00889828;
0.292102;0.00894063;
0.292202;0.00889828;
0.292302;0.00894063;
0.292402;0.00889828;
0.292502;0.00894063;
0.292602;0.00889828;
0.292702;0.00894063;
0.292802;0.00889828;
0.292902;0.00894063;
0.293002;0.00889828;
0.293102;0.00894063;
0.293202;0.00889828;
0.293302;0.00894063;
0.293402;0.00889828;
0.293502;0.00894062;
0.293602;0.00889828;
0.293702;0.00894062;
0.293802;0.00889829;
0.293902;0.00894062;
0.294002;0.00889829;
0.294102;0.00894062;
0.294202;0.00889829;
0.294302;0.00894062;
0.294402;0.00889829;
0.294502;0.00894062;
0.294602;0.00889829;
0.294702;0.00894062;
0.294802;0.00889829;
0.294902;0.00894062;
0.295002;0.00889829;
0.295102;0.00894062;
0.295202;0.00889829;
0.295302;0.00894062;
0.295402;0.00889829;
0.295502;0.00894062;
0.295602;0.00889829;
0.295702;0.00894062;
0.295802;0.00889829;
0.295902;0.00894061;
0.296002;0.00889829;
0.296102;0.00894061;
0.296202;0.0088983;
0.296302;0.00894061;
0.296402;0.0088983;
0.296502;0.00894061;
0.296602;0.0088983;
0.296702;0.00894061;
0.296802;0.0088983;
0.296902;0.00894061;
0.297002;0.0088983;
0.297102;0.00894061;
0.297202;0.0088983;
0.297302;0.00894061;
0.297402;0.0088983;
0.297502;0.00894061;
0.297602;0.0088983;
0.297702;0.00894061;
0.297802;0.0088983;
0.297902;0.00894061;
0.298002;0.0088983;
0.298102;0.00894061;
0.298202;0.0088983;
0.298302;0.00894061;
0.298402;0.0088983;
0.298502;0.0089406;
0.298602;0.00889831;
0.298702;0.0089406;
0.298802;0.00889831;
0.298902;0.0089406;
0.299002;0.00889831;
0.299102;0.0089406;
0.299202;0.00889831;
0.299302;0.0089406;
0.299402;0.00889831;
0.299502;0.0089406;
0.299602;0.00889831;
0.299702;0.0089406;
0.299802;0.00889831;
0.299902;0.0089406;
0.300002;0.00889831;
0.300102;0.0089406;
0.300202;0.00889831;
0.300302;0.0089406;
0.300402;0.00889831;
0.300502;0.0089406;
0.300602;0.00889831;
0.300702;0.0089406;
0.300802;0.00889831;
0.300902;0.0089406;
0.301002;0.00889832;
0.301102;0.00894059;
0.301202;0.00889832;
0.301302;0.00894059;
0.301402;0.00889832;
0.301502;0.00894059;
0.301602;0.00889832;
0.301702;0.00894059;
0.301802;0.00889832;
0.301902;0.00894059;
0.302002;0.00889832;
0.302102;0.00894059;
0.302202;0.00889832;
0.302302;0.00894059;
0.302402;0.00889832;
0.302502;0.00894059;
0.302602;0.00889832;
0.302702;0.00894059;
0.302802;0.00889832;
0.302902;0.00894059;
0.303002;0.00889832;
0.303102;0.00894059;
0.303202;0.00889832;
0.303302;0.00894059;
0.303402;0.00889833;
0.303502;0.00894059;
0.303602;0.00889833;
0.303702;0.00894058;
0.303802;0.00889833;
0.303902;0.00894058;
0.304002;0.00889833;
0.304102;0.00894058;
0.304202;0.00889833;
0.304302;0.00894058;
0.304402;0.00889833;
0.304502;0.00894058;
0.304602;0.00889833;
0.304702;0.00894058;
0.304802;0.00889833;
0.304902;0.00894058;
0.305002;0.00889833;
0.305102;0.00894058;
0.305202;0.00889833;
0.305302;0.00894058;
0.305402;0.00889833;
0.305502;0.00894058;
0.305602;0.00889833;
0.305702;0.00894058;
0.305802;0.00889834;
0.305902;0.00894058;
0.306002;0.00889834;
0.306102;0.00894057;
0.306202;0.00889834;
0.306302;0.00894057;
0.306402;0.00889834;
0.306502;0.00894057;
0.306602;0.00889834;
0.306702;0.00894057;
0.306802;0.00889834;
0.306902;0.00894057;
0.307002;0.00889834;
0.307102;0.00894057;
0.307202;0.00889834;
0.307302;0.00894057;
0.307402;0.00889834;
0.307502;0.00894057;
0.307602;0.00889834;
0.307702;0.00894057;
0.307802;0.00889834;
0.307902;0.00894057;
0.308002;0.00889834;
0.308102;0.00894057;
0.308202;0.00889835;
0.308302;0.00894057;
0.308402;0.00889835;
0.308502;0.00894057;
0.308602;0.00889835;
0.308702;0.00894056;
0.308802;0.00889835;
0.308902;0.00894056;
0.309002;0.00889835;
0.309102;0.00894056;
0.309202;0.00889835;
0.309302;0.00894056;
0.309402;0.00889835;
0.309502;0.00894056;
0.309602;0.00889835;
0.309702;0.00894056;
0.309802;0.00889835;
0.309902;0.00894056;
0.310002;0.00889835;
0.310102;0.00894056;
0.310202;0.00889835;
0.310302;0.00894056;
0.310402;0.00889835;
0.310502;0.00894056;
0.310602;0.00889836;
0.310702;0.00894056;
0.310802;0.00889836;
0.310902;0.00894056;
0.311002;0.00889836;
0.311102;0.00894056;
0.311202;0.00889836;
0.311302;0.00894055;
0.311402;0.00889836;
0.311502;0.00894055;
0.311602;0.00889836;
0.311702;0.00894055;
0.311802;0.00889836;
0.311902;0.00894055;
0.312002;0.00889836;
0.312102;0.00894055;
0.312202;0.00889836;
0.312302;0.00894055;
0.312402;0.00889836;
0.312502;0.00894055;
0.312602;0.00889836;
0.312702;0.00894055;
0.312802;0.00889836;
0.312902;0.00894055;
0.313002;0.00889837;
0.313102;0.00894055;
0.313202;0.00889837;
0.313302;0.00894055;
0.313402;0.00889837;
0.313502;0.00894055;
0.313602;0.00889837;
0.313702;0.00894055;
0.313802;0.00889837;
0.313902;0.00894054;
0.314002;0.00889837;
0.314102;0.00894054;
0.314202;0.00889837;
0.314302;0.00894054;
0.314402;0.00889837;
0.314502;0.00894054;
0.314602;0.00889837;
0.314702;0.00894054;
0.314802;0.00889837;
0.314902;0.00894054;
0.315002;0.00889837;
0.315102;0.00894054;
0.315202;0.00889837;
0.315302;0.00894054;
0.315402;0.00889837;
0.315502;0.00894054;
0.315602;0.00889838;
0.315702;0.00894054;
0.315802;0.00889838;
0.315902;0.00894054;
0.316002;0.00889838;
0.316102;0.00894054;
0.316202;0.00889838;
0.316302;0.00894053;
0.316402;0.00889838;
0.316502;0.00894053;
0.316602;0.00889838;
0.316702;0.00894053;
0.316802;0.00889838;
0.316902;0.00894053;
0.317002;0.00889838;
0.317102;0.00894053;
0.317202;0.00889838;
0.317302;0.00894053;
0.317402;0.00889838;
0.317502;0.00894053;
0.317602;0.00889838;
0.317702;0.00894053;
0.317802;0.00889838;
0.317902;0.00894053;
0.318002;0.00889839;
0.318102;0.00894053;
0.318202;0.00889839;
0.318302;0.00894053;
0.318402;0.00889839;
0.318502;0.00894053;
0.318602;0.00889839;
0.318702;0.00894053;
0.318802;0.00889839;
0.318902;0.00894052;
0.319002;0.00889839;
0.319102;0.00894052;
0.319202;0.00889839;
0.319302;0.00894052;
0.319402;0.00889839;
0.319502;0.00894052;
0.319602;0.00889839;
0.319702;0.00894052;
0.319802;0.00889839;
0.319902;0.00894052;
0.320002;0.00889839;
0.320102;0.00894052;
0.320202;0.00889839;
0.320302;0.00894052;
0.320402;0.0088984;
0.320502;0.00894052;
0.320602;0.0088984;
0.320702;0.00894052;
0.320802;0.0088984;
0.320902;0.00894052;
0.321002;0.0088984;
0.321102;0.00894052;
0.321202;0.0088984;
0.321302;0.00894052;
0.321402;0.0088984;
0.321502;0.00894051;
0.321602;0.0088984;
0.321702;0.00894051;
0.321802;0.0088984;
0.321902;0.00894051;
0.322002;0.0088984;
0.322102;0.00894051;
0.322202;0.0088984;
0.322302;0.00894051;
0.322402;0.0088984;
0.322502;0.00894051;
0.322602;0.0088984;
0.322702;0.00894051;
0.322802;0.00889841;
0.322902;0.00894051;
0.323002;0.00889841;
0.323102;0.00894051;
0.323202;0.00889841;
0.323302;0.00894051;
0.323402;0.00889841;
0.323502;0.00894051;
0.323602;0.00889841;
0.323702;0.00894051;
0.323802;0.00889841;
0.323902;0.00894051;
0.324002;0.00889841;
0.324102;0.0089405;
0.324202;0.00889841;
0.324302;0.0089405;
0.324402;0.00889841;
0.324502;0.0089405;
0.324602;0.00889841;
0.324702;0.0089405;
0.324802;0.00889841;
0.324902;0.0089405;
0.325002;0.00889841;
0.325102;0.0089405;
0.325202;0.00889842;
0.325302;0.0089405;
0.325402;0.00889842;
0.325502;0.0089405;
0.325602;0.00889842;
0.325702;0.0089405;
0.325802;0.00889842;
0.325902;0.0089405;
0.326002;0.00889842;
0.326102;0.0089405;
0.326202;0.00889842;
0.326302;0.0089405;
0.326402;0.00889842;
0.326502;0.00894049;
0.326602;0.00889842;
0.326702;0.00894049;
0.326802;0.00889842;
0.326902;0.00894049;
0.327002;0.00889842;
0.327102;0.00894049;
0.327202;0.00889842;
0.327302;0.00894049;
0.327402;0.00889842;
0.327502;0.00894049;
0.327602;0.00889843;
0.327702;0.00894049;
0.327802;0.00889843;
0.327902;0.00894049;
0.328002;0.00889843;
0.328102;0.00894049;
0.328202;0.00889843;
0.328302;0.00894049;
0.328402;0.00889843;
0.328502;0.00894049;
0.328602;0.00889843;
0.328702;0.00894049;
0.328802;0.00889843;
0.328902;0.00894049;
0.329002;0.00889843;
0.329102;0.00894048;
0.329202;0.00889843;
0.329302;0.00894048;
0.329402;0.00889843;
0.329502;0.00894048;
0.329602;0.00889843;
0.329702;0.00894048;
0.329802;0.00889843;
0.329902;0.00894048;
0.330002;0.00889844;
0.330102;0.00894048;
0.330202;0.00889844;
0.330302;0.00894048;
0.330402;0.00889844;
0.330502;0.00894048;
0.330602;0.00889844;
0.330702;0.00894048;
0.330802;0.00889844;
0.330902;0.00894048;
0.331002;0.00889844;
0.331102;0.00894048;
0.331202;0.00889844;
0.331302;0.00894048;
0.331402;0.00889844;
0.331502;0.00894048;
0.331602;0.00889844;
0.331702;0.00894047;
0.331802;0.00889844;
0.331902;0.00894047;
0.332002;0.00889844;
0.332102;0.00894047;
0.332202;0.00889844;
0.332302;0.00894047;
0.332402;0.00889845;
0.332502;0.00894047;
0.332602;0.00889845;
0.332702;0.00894047;
0.332802;0.00889845;
0.332902;0.00894047;
0.333002;0.00889845;
0.333102;0.00894047;
0.333202;0.00889845;
0.333302;0.00894047;
0.333402;0.00889845;
0.333502;0.00894047;
0.333602;0.00889845;
0.333702;0.00894047;
0.333802;0.00889845;
0.333902;0.00894047;
0.334002;0.00889845;
0.334102;0.00894047;
0.334202;0.00889845;
0.334302;0.00894046;
0.334402;0.00889845;
0.334502;0.00894046;
0.334602;0.00889845;
0.334702;0.00894046;
0.334802;0.00889846;
0.334902;0.00894046;
0.335002;0.00889846;
0.335102;0.00894046;
0.335202;0.00889846;
0.335302;0.00894046;
0.335402;0.00889846;
0.335502;0.00894046;
0.335602;0.00889846;
0.335702;0.00894046;
0.335802;0.00889846;
0.335902;0.00894046;
0.336002;0.00889846;
0.336102;0.00894046;
0.336202;0.00889846;
0.336302;0.00894046;
0.336402;0.00889846;
0.336502;0.00894046;
0.336602;0.00889846;
0.336702;0.00894045;
0.336802;0.00889846;
0.336902;0.00894045;
0.337002;0.00889846;
0.337102;0.00894045;
0.337202;0.00889847;
0.337302;0.00894045;
0.337402;0.00889847;
0.337502;0.00894045;
0.337602;0.00889847;
0.337702;0.00894045;
0.337802;0.00889847;
0.337902;0.00894045;
0.338002;0.00889847;
0.338102;0.00894045;
0.338202;0.00889847;
0.338302;0.00894045;
0.338402;0.00889847;
0.338502;0.00894045;
0.338602;0.00889847;
0.338702;0.00894045;
0.338802;0.00889847;
0.338902;0.00894045;
0.339002;0.00889847;
0.339102;0.00894045;
0.339202;0.00889847;
0.339302;0.00894044;
0.339402;0.00889847;
0.339502;0.00894044;
0.339602;0.00889848;
0.339702;0.00894044;
0.339802;0.00889848;
0.339902;0.00894044;
0.340002;0.00889848;
0.340102;0.00894044;
0.340202;0.00889848;
0.340302;0.00894044;
0.340402;0.00889848;
0.340502;0.00894044;
0.340602;0.00889848;
0.340702;0.00894044;
0.340802;0.00889848;
0.340902;0.00894044;
0.341002;0.00889848;
0.341102;0.00894044;
0.341202;0.00889848;
0.341302;0.00894044;
0.341402;0.00889848;
0.341502;0.00894044;
0.341602;0.00889848;
0.341702;0.00894044;
0.341802;0.00889848;
0.341902;0.00894043;
0.342002;0.00889849;
0.342102;0.00894043;
0.342202;0.00889849;
0.342302;0.00894043;
0.342402;0.00889849;
0.342502;0.00894043;
0.342602;0.00889849;
0.342702;0.00894043;
0.342802;0.00889849;
0.342902;0.00894043;
0.343002;0.00889849;
0.343102;0.00894043;
0.343202;0.00889849;
0.343302;0.00894043;
0.343402;0.00889849;
0.343502;0.00894043;
0.343602;0.00889849;
0.343702;0.00894043;
0.343802;0.00889849;
0.343902;0.00894043;
0.344002;0.00889849;
0.344102;0.00894043;
0.344202;0.00889849;
0.344302;0.00894043;
0.344402;0.0088985;
0.344502;0.00894042;
0.344602;0.0088985;
0.344702;0.00894042;
0.344802;0.0088985;
0.344902;0.00894042;
0.345002;0.0088985;
0.345102;0.00894042;
0.345202;0.0088985;
0.345302;0.00894042;
0.345402;0.0088985;
0.345502;0.00894042;
0.345602;0.0088985;
0.345702;0.00894042;
0.345802;0.0088985;
0.345902;0.00894042;
0.346002;0.0088985;
0.346102;0.00894042;
0.346202;0.0088985;
0.346302;0.00894042;
0.346402;0.0088985;
0.346502;0.00894042;
0.346602;0.0088985;
0.346702;0.00894042;
0.346802;0.0088985;
0.346902;0.00894042;
0.347002;0.00889851;
0.347102;0.00894041;
0.347202;0.00889851;
0.347302;0.00894041;
0.347402;0.00889851;
0.347502;0.00894041;
0.347602;0.00889851;
0.347702;0.00894041;
0.347802;0.00889851;
0.347902;0.00894041;
0.348002;0.00889851;
0.348102;0.00894041;
0.348202;0.00889851;
0.348302;0.00894041;
0.348402;0.00889851;
0.348502;0.00894041;
0.348602;0.00889851;
0.348702;0.00894041;
0.348802;0.00889851;
0.348902;0.00894041;
0.349002;0.00889851;
0.349102;0.00894041;
0.349202;0.00889851;
0.349302;0.00894041;
0.349402;0.00889852;
0.349502;0.0089404;
0.349602;0.00889852;
0.349702;0.0089404;
0.349802;0.00889852;
0.349902;0.0089404;
0.350002;0.00889852;
0.350102;0.0089404;
0.350202;0.00889852;
0.350302;0.0089404;
0.350402;0.00889852;
0.350502;0.0089404;
0.350602;0.00889852;
0.350702;0.0089404;
0.350802;0.00889852;
0.350902;0.0089404;
0.351002;0.00889852;
0.351102;0.0089404;
0.351202;0.00889852;
0.351302;0.0089404;
0.351402;0.00889852;
0.351502;0.0089404;
0.351602;0.00889852;
0.351702;0.0089404;
0.351802;0.00889853;
0.351902;0.0089404;
0.352002;0.00889853;
0.352102;0.00894039;
0.352202;0.00889853;
0.352302;0.00894039;
0.352402;0.00889853;
0.352502;0.00894039;
0.352602;0.00889853;
0.352702;0.00894039;
0.352802;0.00889853;
0.352902;0.00894039;
0.353002;0.00889853;
0.353102;0.00894039;
0.353202;0.00889853;
0.353302;0.00894039;
0.353402;0.00889853;
0.353502;0.00894039;
0.353602;0.00889853;
0.353702;0.00894039;
0.353802;0.00889853;
0.353902;0.00894039;
0.354002;0.00889853;
0.354102;0.00894039;
0.354202;0.00889854;
0.354302;0.00894039;
0.354402;0.00889854;
0.354502;0.00894039;
0.354602;0.00889854;
0.354702;0.00894038;
0.354802;0.00889854;
0.354902;0.00894038;
0.355002;0.00889854;
0.355102;0.00894038;
0.355202;0.00889854;
0.355302;0.00894038;
0.355402;0.00889854;
0.355502;0.00894038;
0.355602;0.00889854;
0.355702;0.00894038;
0.355802;0.00889854;
0.355902;0.00894038;
0.356002;0.00889854;
0.356102;0.00894038;
0.356202;0.00889854;
0.356302;0.00894038;
0.356402;0.00889854;
0.356502;0.00894038;
0.356602;0.00889855;
0.356702;0.00894038;
0.356802;0.00889855;
0.356902;0.00894038;
0.357002;0.00889855;
0.357102;0.00894038;
0.357202;0.00889855;
0.357302;0.00894037;
0.357402;0.00889855;
0.357502;0.00894037;
0.357602;0.00889855;
0.357702;0.00894037;
0.357802;0.00889855;
0.357902;0.00894037;
0.358002;0.00889855;
0.358102;0.00894037;
0.358202;0.00889855;
0.358302;0.00894037;
0.358402;0.00889855;
0.358502;0.00894037;
0.358602;0.00889855;
0.358702;0.00894037;
0.358802;0.00889855;
0.358902;0.00894037;
0.359002;0.00889856;
0.359102;0.00894037;
0.359202;0.00889856;
0.359302;0.00894037;
0.359402;0.00889856;
0.359502;0.00894037;
0.359602;0.00889856;
0.359702;0.00894036;
0.359802;0.00889856;
0.359902;0.00894036;
0.360002;0.00889856;
0.360102;0.00894036;
0.360202;0.00889856;
0.360302;0.00894036;
0.360402;0.00889856;
0.360502;0.00894036;
0.360602;0.00889856;
0.360702;0.00894036;
0.360802;0.00889856;
0.360902;0.00894036;
0.361002;0.00889856;
0.361102;0.00894036;
0.361202;0.00889856;
0.361302;0.00894036;
0.361402;0.00889857;
0.361502;0.00894036;
0.361602;0.00889857;
0.361702;0.00894036;
0.361802;0.00889857;
0.361902;0.00894036;
0.362002;0.00889857;
0.362102;0.00894036;
0.362202;0.00889857;
0.362302;0.00894035;
0.362402;0.00889857;
0.362502;0.00894035;
0.362602;0.00889857;
0.362702;0.00894035;
0.362802;0.00889857;
0.362902;0.00894035;
0.363002;0.00889857;
0.363102;0.00894035;
0.363202;0.00889857;
0.363302;0.00894035;
0.363402;0.00889857;
0.363502;0.00894035;
0.363602;0.00889857;
0.363702;0.00894035;
0.363802;0.00889858;
0.363902;0.00894035;
0.364002;0.00889858;
0.364102;0.00894035;
0.364202;0.00889858;
0.364302;0.00894035;
0.364402;0.00889858;
0.364502;0.00894035;
0.364602;0.00889858;
0.364702;0.00894035;
0.364802;0.00889858;
0.364902;0.00894034;
0.365002;0.00889858;
0.365102;0.00894034;
0.365202;0.00889858;
0.365302;0.00894034;
0.365402;0.00889858;
0.365502;0.00894034;
0.365602;0.00889858;
0.365702;0.00894034;
0.365802;0.00889858;
0.365902;0.00894034;
0.366002;0.00889858;
0.366102;0.00894034;
0.366202;0.00889859;
0.366302;0.00894034;
0.366402;0.00889859;
0.366502;0.00894034;
0.366602;0.00889859;
0.366702;0.00894034;
0.366802;0.00889859;
0.366902;0.00894034;
0.367002;0.00889859;
0.367102;0.00894034;
0.367202;0.00889859;
0.367302;0.00894034;
0.367402;0.00889859;
0.367502;0.00894033;
0.367602;0.00889859;
0.367702;0.00894033;
0.367802;0.00889859;
0.367902;0.00894033;
0.368002;0.00889859;
0.368102;0.00894033;
0.368202;0.00889859;
0.368302;0.00894033;
0.368402;0.00889859;
0.368502;0.00894033;
0.368602;0.0088986;
0.368702;0.00894033;
0.368802;0.0088986;
0.368902;0.00894033;
0.369002;0.0088986;
0.369102;0.00894033;
0.369202;0.0088986;
0.369302;0.00894033;
0.369402;0.0088986;
0.369502;0.00894033;
0.369602;0.0088986;
0.369702;0.00894033;
0.369802;0.0088986;
0.369902;0.00894033;
0.370002;0.0088986;
0.370102;0.00894032;
0.370202;0.0088986;
0.370302;0.00894032;
0.370402;0.0088986;
0.370502;0.00894032;
0.370602;0.0088986;
0.370702;0.00894032;
0.370802;0.0088986;
0.370902;0.00894032;
0.371002;0.0088986;
0.371102;0.00894032;
0.371202;0.00889861;
0.371302;0.00894032;
0.371402;0.00889861;
0.371502;0.00894032;
0.371602;0.00889861;
0.371702;0.00894032;
0.371802;0.00889861;
0.371902;0.00894032;
0.372002;0.00889861;
0.372102;0.00894032;
0.372202;0.00889861;
0.372302;0.00894032;
0.372402;0.00889861;
0.372502;0.00894031;
0.372602;0.00889861;
0.372702;0.00894031;
0.372802;0.00889861;
0.372902;0.00894031;
0.373002;0.00889861;
0.373102;0.00894031;
0.373202;0.00889861;
0.373302;0.00894031;
0.373402;0.00889861;
0.373502;0.00894031;
0.373602;0.00889862;
0.373702;0.00894031;
0.373802;0.00889862;
0.373902;0.00894031;
0.374002;0.00889862;
0.374102;0.00894031;
0.374202;0.00889862;
0.374302;0.00894031;
0.374402;0.00889862;
0.374502;0.00894031;
0.374602;0.00889862;
0.374702;0.00894031;
0.374802;0.00889862;
0.374902;0.00894031;
0.375002;0.00889862;
0.375102;0.0089403;
0.375202;0.00889862;
0.375302;0.0089403;
0.375402;0.00889862;
0.375502;0.0089403;
0.375602;0.00889862;
0.375702;0.0089403;
0.375802;0.00889862;
0.375902;0.0089403;
0.376002;0.00889863;
0.376102;0.0089403;
0.376202;0.00889863;
0.376302;0.0089403;
0.376402;0.00889863;
0.376502;0.0089403;
0.376602;0.00889863;
0.376702;0.0089403;
0.376802;0.00889863;
0.376902;0.0089403;
0.377002;0.00889863;
0.377102;0.0089403;
0.377202;0.00889863;
0.377302;0.0089403;
0.377402;0.00889863;
0.377502;0.0089403;
0.377602;0.00889863;
0.377702;0.00894029;
0.377802;0.00889863;
0.377902;0.00894029;
0.378002;0.00889863;
0.378102;0.00894029;
0.378202;0.00889863;
0.378302;0.00894029;
0.378402;0.00889864;
0.378502;0.00894029;
0.378602;0.00889864;
0.378702;0.00894029;
0.378802;0.00889864;
0.378902;0.00894029;
0.379002;0.00889864;
0.379102;0.00894029;
0.379202;0.00889864;
0.379302;0.00894029;
0.379402;0.00889864;
0.379502;0.00894029;
0.379602;0.00889864;
0.379702;0.00894029;
0.379802;0.00889864;
0.379902;0.00894029;
0.380002;0.00889864;
0.380102;0.00894029;
0.380202;0.00889864;
0.380302;0.00894028;
0.380402;0.00889864;
0.380502;0.00894028;
0.380602;0.00889864;
0.380702;0.00894028;
0.380802;0.00889865;
0.380902;0.00894028;
0.381002;0.00889865;
0.381102;0.00894028;
0.381202;0.00889865;
0.381302;0.00894028;
0.381402;0.00889865;
0.381502;0.00894028;
0.381602;0.00889865;
0.381702;0.00894028;
0.381802;0.00889865;
0.381902;0.00894028;
0.382002;0.00889865;
0.382102;0.00894028;
0.382202;0.00889865;
0.382302;0.00894028;
0.382402;0.00889865;
0.382502;0.00894028;
0.382602;0.00889865;
0.382702;0.00894028;
0.382802;0.00889865;
0.382902;0.00894027;
0.383002;0.00889865;
0.383102;0.00894027;
0.383202;0.00889866;
0.383302;0.00894027;
0.383402;0.00889866;
0.383502;0.00894027;
0.383602;0.00889866;
0.383702;0.00894027;
0.383802;0.00889866;
0.383902;0.00894027;
0.384002;0.00889866;
0.384102;0.00894027;
0.384202;0.00889866;
0.384302;0.00894027;
0.384402;0.00889866;
0.384502;0.00894027;
0.384602;0.00889866;
0.384702;0.00894027;
0.384802;0.00889866;
0.384902;0.00894027;
0.385002;0.00889866;
0.385102;0.00894027;
0.385202;0.00889866;
0.385302;0.00894026;
0.385402;0.00889866;
0.385502;0.00894026;
0.385602;0.00889867;
0.385702;0.00894026;
0.385802;0.00889867;
0.385902;0.00894026;
0.386002;0.00889867;
0.386102;0.00894026;
0.386202;0.00889867;
0.386302;0.00894026;
0.386402;0.00889867;
0.386502;0.00894026;
0.386602;0.00889867;
0.386702;0.00894026;
0.386802;0.00889867;
0.386902;0.00894026;
0.387002;0.00889867;
0.387102;0.00894026;
0.387202;0.00889867;
0.387302;0.00894026;
0.387402;0.00889867;
0.387502;0.00894026;
0.387602;0.00889867;
0.387702;0.00894026;
0.387802;0.00889867;
0.387902;0.00894025;
0.388002;0.00889867;
0.388102;0.00894025;
0.388202;0.00889868;
0.388302;0.00894025;
0.388402;0.00889868;
0.388502;0.00894025;
0.388602;0.00889868;
0.388702;0.00894025;
0.388802;0.00889868;
0.388902;0.00894025;
0.389002;0.00889868;
0.389102;0.00894025;
0.389202;0.00889868;
0.389302;0.00894025;
0.389402;0.00889868;
0.389502;0.00894025;
0.389602;0.00889868;
0.389702;0.00894025;
0.389802;0.00889868;
0.389902;0.00894025;
0.390002;0.00889868;
0.390102;0.00894025;
0.390202;0.00889868;
0.390302;0.00894025;
0.390402;0.00889868;
0.390502;0.00894024;
0.390602;0.00889869;
0.390702;0.00894024;
0.390802;0.00889869;
0.390902;0.00894024;
0.391002;0.00889869;
0.391102;0.00894024;
0.391202;0.00889869;
0.391302;0.00894024;
0.391402;0.00889869;
0.391502;0.00894024;
0.391602;0.00889869;
0.391702;0.00894024;
0.391802;0.00889869;
0.391902;0.00894024;
0.392002;0.00889869;
0.392102;0.00894024;
0.392202;0.00889869;
0.392302;0.00894024;
0.392402;0.00889869;
0.392502;0.00894024;
0.392602;0.00889869;
0.392702;0.00894024;
0.392802;0.00889869;
0.392902;0.00894024;
0.393002;0.0088987;
0.393102;0.00894023;
0.393202;0.0088987;
0.393302;0.00894023;
0.393402;0.0088987;
0.393502;0.00894023;
0.393602;0.0088987;
0.393702;0.00894023;
0.393802;0.0088987;
0.393902;0.00894023;
0.394002;0.0088987;
0.394102;0.00894023;
0.394202;0.0088987;
0.394302;0.00894023;
0.394402;0.0088987;
0.394502;0.00894023;
0.394602;0.0088987;
0.394702;0.00894023;
0.394802;0.0088987;
0.394902;0.00894023;
0.395002;0.0088987;
0.395102;0.00894023;
0.395202;0.0088987;
0.395302;0.00894023;
0.395402;0.00889871;
0.395502;0.00894023;
0.395602;0.00889871;
0.395702;0.00894022;
0.395802;0.00889871;
0.395902;0.00894022;
0.396002;0.00889871;
0.396102;0.00894022;
0.396202;0.00889871;
0.396302;0.00894022;
0.396402;0.00889871;
0.396502;0.00894022;
0.396602;0.00889871;
0.396702;0.00894022;
0.396802;0.00889871;
0.396902;0.00894022;
0.397002;0.00889871;
0.397102;0.00894022;
0.397202;0.00889871;
0.397302;0.00894022;
0.397402;0.00889871;
0.397502;0.00894022;
0.397602;0.00889871;
0.397702;0.00894022;
0.397802;0.00889872;
0.397902;0.00894022;
0.398002;0.00889872;
0.398102;0.00894022;
0.398202;0.00889872;
0.398302;0.00894021;
0.398402;0.00889872;
0.398502;0.00894021;
0.398602;0.00889872;
0.398702;0.00894021;
0.398802;0.00889872;
0.398902;0.00894021;
0.399002;0.00889872;
0.399102;0.00894021;
0.399202;0.00889872;
0.399302;0.00894021;
0.399402;0.00889872;
0.399502;0.00894021;
0.399602;0.00889872;
0.399702;0.00894021;
0.399802;0.00889872;
0.399902;0.00894021;
0.400002;0.00889872;
0.400102;0.00894021;
0.400202;0.00889873;
0.400302;0.00894021;
0.400402;0.00889873;
0.400502;0.00894021;
0.400602;0.00889873;
0.400702;0.00894021;
0.400802;0.00889873;
0.400902;0.0089402;
0.401002;0.00889873;
0.401102;0.0089402;
0.401202;0.00889873;
0.401302;0.0089402;
0.401402;0.00889873;
0.401502;0.0089402;
0.401602;0.00889873;
0.401702;0.0089402;
0.401802;0.00889873;
0.401902;0.0089402;
0.402002;0.00889873;
0.402102;0.0089402;
0.402202;0.00889873;
0.402302;0.0089402;
0.402402;0.00889873;
0.402502;0.0089402;
0.402602;0.00889873;
0.402702;0.0089402;
0.402802;0.00889874;
0.402902;0.0089402;
0.403002;0.00889874;
0.403102;0.0089402;
0.403202;0.00889874;
0.403302;0.00894019;
0.403402;0.00889874;
0.403502;0.00894019;
0.403602;0.00889874;
0.403702;0.00894019;
0.403802;0.00889874;
0.403902;0.00894019;
0.404002;0.00889874;
0.404102;0.00894019;
0.404202;0.00889874;
0.404302;0.00894019;
0.404402;0.00889874;
0.404502;0.00894019;
0.404602;0.00889874;
0.404702;0.00894019;
0.404802;0.00889874;
0.404902;0.00894019;
0.405002;0.00889874;
0.405102;0.00894019;
0.405202;0.00889875;
0.405302;0.00894019;
0.405402;0.00889875;
0.405502;0.00894019;
0.405602;0.00889875;
0.405702;0.00894019;
0.405802;0.00889875;
0.405902;0.00894018;
0.406002;0.00889875;
0.406102;0.00894018;
0.406202;0.00889875;
0.406302;0.00894018;
0.406402;0.00889875;
0.406502;0.00894018;
0.406602;0.00889875;
0.406702;0.00894018;
0.406802;0.00889875;
0.406902;0.00894018;
0.407002;0.00889875;
0.407102;0.00894018;
0.407202;0.00889875;
0.407302;0.00894018;
0.407402;0.00889875;
0.407502;0.00894018;
0.407602;0.00889876;
0.407702;0.00894018;
0.407802;0.00889876;
0.407902;0.00894018;
0.408002;0.00889876;
0.408102;0.00894018;
0.408202;0.00889876;
0.408302;0.00894018;
0.408402;0.00889876;
0.408502;0.00894017;
0.408602;0.00889876;
0.408702;0.00894017;
0.408802;0.00889876;
0.408902;0.00894017;
0.409002;0.00889876;
0.409102;0.00894017;
0.409202;0.00889876;
0.409302;0.00894017;
0.409402;0.00889876;
0.409502;0.00894017;
0.409602;0.00889876;
0.409702;0.00894017;
0.409802;0.00889876;
0.409902;0.00894017;
0.410002;0.00889877;
0.410102;0.00894017;
0.410202;0.00889877;
0.410302;0.00894017;
0.410402;0.00889877;
0.410502;0.00894017;
0.410602;0.00889877;
0.410702;0.00894017;
0.410802;0.00889877;
0.410902;0.00894017;
0.411002;0.00889877;
0.411102;0.00894016;
0.411202;0.00889877;
0.411302;0.00894016;
0.411402;0.00889877;
0.411502;0.00894016;
0.411602;0.00889877;
0.411702;0.00894016;
0.411802;0.00889877;
0.411902;0.00894016;
0.412002;0.00889877;
0.412102;0.00894016;
0.412202;0.00889877;
0.412302;0.00894016;
0.412402;0.00889878;
0.412502;0.00894016;
0.412602;0.00889878;
0.412702;0.00894016;
0.412802;0.00889878;
0.412902;0.00894016;
0.413002;0.00889878;
0.413102;0.00894016;
0.413202;0.00889878;
0.413302;0.00894016;
0.413402;0.00889878;
0.413502;0.00894016;
0.413602;0.00889878;
0.413702;0.00894015;
0.413802;0.00889878;
0.413902;0.00894015;
0.414002;0.00889878;
0.414102;0.00894015;
0.414202;0.00889878;
0.414302;0.00894015;
0.414402;0.00889878;
0.414502;0.00894015;
0.414602;0.00889878;
0.414702;0.00894015;
0.414802;0.00889879;
0.414902;0.00894015;
0.415002;0.00889879;
0.415102;0.00894015;
0.415202;0.00889879;
0.415302;0.00894015;
0.415402;0.00889879;
0.415502;0.00894015;
0.415602;0.00889879;
0.415702;0.00894015;
0.415802;0.00889879;
0.415902;0.00894015;
0.416002;0.00889879;
0.416102;0.00894015;
0.416202;0.00889879;
0.416302;0.00894014;
0.416402;0.00889879;
0.416502;0.00894014;
0.416602;0.00889879;
0.416702;0.00894014;
0.416802;0.00889879;
0.416902;0.00894014;
0.417002;0.00889879;
0.417102;0.00894014;
0.417202;0.00889879;
0.417302;0.00894014;
0.417402;0.0088988;
0.417502;0.00894014;
0.417602;0.0088988;
0.417702;0.00894014;
0.417802;0.0088988;
0.417902;0.00894014;
0.418002;0.0088988;
0.418102;0.00894014;
0.418202;0.0088988;
0.418302;0.00894014;
0.418402;0.0088988;
0.418502;0.00894014;
0.418602;0.0088988;
0.418702;0.00894014;
0.418802;0.0088988;
0.418902;0.00894013;
0.419002;0.0088988;
0.419102;0.00894013;
0.419202;0.0088988;
0.419302;0.00894013;
0.419402;0.0088988;
0.419502;0.00894013;
0.419602;0.0088988;
0.419702;0.00894013;
0.419802;0.00889881;
0.419902;0.00894013;
0.420002;0.00889881;
0.420102;0.00894013;
0.420202;0.00889881;
0.420302;0.00894013;
0.420402;0.00889881;
0.420502;0.00894013;
0.420602;0.00889881;
0.420702;0.00894013;
0.420802;0.00889881;
0.420902;0.00894013;
0.421002;0.00889881;
0.421102;0.00894013;
0.421202;0.00889881;
0.421302;0.00894012;
0.421402;0.00889881;
0.421502;0.00894012;
0.421602;0.00889881;
0.421702;0.00894012;
0.421802;0.00889881;
0.421902;0.00894012;
0.422002;0.00889881;
0.422102;0.00894012;
0.422202;0.00889882;
0.422302;0.00894012;
0.422402;0.00889882;
0.422502;0.00894012;
0.422602;0.00889882;
0.422702;0.00894012;
0.422802;0.00889882;
0.422902;0.00894012;
0.423002;0.00889882;
0.423102;0.00894012;
0.423202;0.00889882;
0.423302;0.00894012;
0.423402;0.00889882;
0.423502;0.00894012;
0.423602;0.00889882;
0.423702;0.00894012;
0.423802;0.00889882;
0.423902;0.00894011;
0.424002;0.00889882;
0.424102;0.00894011;
0.424202;0.00889882;
0.424302;0.00894011;
0.424402;0.00889882;
0.424502;0.00894011;
0.424602;0.00889883;
0.424702;0.00894011;
0.424802;0.00889883;
0.424902;0.00894011;
0.425002;0.00889883;
0.425102;0.00894011;
0.425202;0.00889883;
0.425302;0.00894011;
0.425402;0.00889883;
0.425502;0.00894011;
0.425602;0.00889883;
0.425702;0.00894011;
0.425802;0.00889883;
0.425902;0.00894011;
0.426002;0.00889883;
0.426102;0.00894011;
0.426202;0.00889883;
0.426302;0.00894011;
0.426402;0.00889883;
0.426502;0.0089401;
0.426602;0.00889883;
0.426702;0.0089401;
0.426802;0.00889883;
0.426902;0.0089401;
0.427002;0.00889884;
0.427102;0.0089401;
0.427202;0.00889884;
0.427302;0.0089401;
0.427402;0.00889884;
0.427502;0.0089401;
0.427602;0.00889884;
0.427702;0.0089401;
0.427802;0.00889884;
0.427902;0.0089401;
0.428002;0.00889884;
0.428102;0.0089401;
0.428202;0.00889884;
0.428302;0.0089401;
0.428402;0.00889884;
0.428502;0.0089401;
0.428602;0.00889884;
0.428702;0.0089401;
0.428802;0.00889884;
0.428902;0.0089401;
0.429002;0.00889884;
0.429102;0.00894009;
0.429202;0.00889884;
0.429302;0.00894009;
0.429402;0.00889884;
0.429502;0.00894009;
0.429602;0.00889885;
0.429702;0.00894009;
0.429802;0.00889885;
0.429902;0.00894009;
0.430002;0.00889885;
0.430102;0.00894009;
0.430202;0.00889885;
0.430302;0.00894009;
0.430402;0.00889885;
0.430502;0.00894009;
0.430602;0.00889885;
0.430702;0.00894009;
0.430802;0.00889885;
0.430902;0.00894009;
0.431002;0.00889885;
0.431102;0.00894009;
0.431202;0.00889885;
0.431302;0.00894009;
0.431402;0.00889885;
0.431502;0.00894009;
0.431602;0.00889885;
0.431702;0.00894008;
0.431802;0.00889885;
0.431902;0.00894008;
0.432002;0.00889886;
0.432102;0.00894008;
0.432202;0.00889886;
0.432302;0.00894008;
0.432402;0.00889886;
0.432502;0.00894008;
0.432602;0.00889886;
0.432702;0.00894008;
0.432802;0.00889886;
0.432902;0.00894008;
0.433002;0.00889886;
0.433102;0.00894008;
0.433202;0.00889886;
0.433302;0.00894008;
0.433402;0.00889886;
0.433502;0.00894008;
0.433602;0.00889886;
0.433702;0.00894008;
0.433802;0.00889886;
0.433902;0.00894008;
0.434002;0.00889886;
0.434102;0.00894008;
0.434202;0.00889886;
0.434302;0.00894007;
0.434402;0.00889887;
0.434502;0.00894007;
0.434602;0.00889887;
0.434702;0.00894007;
0.434802;0.00889887;
0.434902;0.00894007;
0.435002;0.00889887;
0.435102;0.00894007;
0.435202;0.00889887;
0.435302;0.00894007;
0.435402;0.00889887;
0.435502;0.00894007;
0.435602;0.00889887;
0.435702;0.00894007;
0.435802;0.00889887;
0.435902;0.00894007;
0.436002;0.00889887;
0.436102;0.00894007;
0.436202;0.00889887;
0.436302;0.00894007;
0.436402;0.00889887;
0.436502;0.00894007;
0.436602;0.00889887;
0.436702;0.00894007;
0.436802;0.00889888;
0.436902;0.00894006;
0.437002;0.00889888;
0.437102;0.00894006;
0.437202;0.00889888;
0.437302;0.00894006;
0.437402;0.00889888;
0.437502;0.00894006;
0.437602;0.00889888;
0.437702;0.00894006;
0.437802;0.00889888;
0.437902;0.00894006;
0.438002;0.00889888;
0.438102;0.00894006;
0.438202;0.00889888;
0.438302;0.00894006;
0.438402;0.00889888;
0.438502;0.00894006;
0.438602;0.00889888;
0.438702;0.00894006;
0.438802;0.00889888;
0.438902;0.00894006;
0.439002;0.00889888;
0.439102;0.00894006;
0.439202;0.00889888;
0.439302;0.00894006;
0.439402;0.00889889;
0.439502;0.00894005;
0.439602;0.00889889;
0.439702;0.00894005;
0.439802;0.00889889;
0.439902;0.00894005;
0.440002;0.00889889;
0.440102;0.00894005;
0.440202;0.00889889;
0.440302;0.00894005;
0.440402;0.00889889;
0.440502;0.00894005;
0.440602;0.00889889;
0.440702;0.00894005;
0.440802;0.00889889;
0.440902;0.00894005;
0.441002;0.00889889;
0.441102;0.00894005;
0.441202;0.00889889;
0.441302;0.00894005;
0.441402;0.00889889;
0.441502;0.00894005;
0.441602;0.00889889;
0.441702;0.00894005;
0.441802;0.0088989;
0.441902;0.00894005;
0.442002;0.0088989;
0.442102;0.00894004;
0.442202;0.0088989;
0.442302;0.00894004;
0.442402;0.0088989;
0.442502;0.00894004;
0.442602;0.0088989;
0.442702;0.00894004;
0.442802;0.0088989;
0.442902;0.00894004;
0.443002;0.0088989;
0.443102;0.00894004;
0.443202;0.0088989;
0.443302;0.00894004;
0.443402;0.0088989;
0.443502;0.00894004;
0.443602;0.0088989;
0.443702;0.00894004;
0.443802;0.0088989;
0.443902;0.00894004;
0.444002;0.0088989;
0.444102;0.00894004;
0.444202;0.00889891;
0.444302;0.00894004;
0.444402;0.00889891;
0.444502;0.00894004;
0.444602;0.00889891;
0.444702;0.00894003;
0.444802;0.00889891;
0.444902;0.00894003;
0.445002;0.00889891;
0.445102;0.00894003;
0.445202;0.00889891;
0.445302;0.00894003;
0.445402;0.00889891;
0.445502;0.00894003;
0.445602;0.00889891;
0.445702;0.00894003;
0.445802;0.00889891;
0.445902;0.00894003;
0.446002;0.00889891;
0.446102;0.00894003;
0.446202;0.00889891;
0.446302;0.00894003;
0.446402;0.00889891;
0.446502;0.00894003;
0.446602;0.00889892;
0.446702;0.00894003;
0.446802;0.00889892;
0.446902;0.00894003;
0.447002;0.00889892;
0.447102;0.00894003;
0.447202;0.00889892;
0.447302;0.00894002;
0.447402;0.00889892;
0.447502;0.00894002;
0.447602;0.00889892;
0.447702;0.00894002;
0.447802;0.00889892;
0.447902;0.00894002;
0.448002;0.00889892;
0.448102;0.00894002;
0.448202;0.00889892;
0.448302;0.00894002;
0.448402;0.00889892;
0.448502;0.00894002;
0.448602;0.00889892;
0.448702;0.00894002;
0.448802;0.00889892;
0.448902;0.00894002;
0.449002;0.00889892;
0.449102;0.00894002;
0.449202;0.00889893;
0.449302;0.00894002;
0.449402;0.00889893;
0.449502;0.00894002;
0.449602;0.00889893;
0.449702;0.00894001;
0.449802;0.00889893;
0.449902;0.00894001;
0.450002;0.00889893;
0.450102;0.00894001;
0.450202;0.00889893;
0.450302;0.00894001;
0.450402;0.00889893;
0.450502;0.00894001;
0.450602;0.00889893;
0.450702;0.00894001;
0.450802;0.00889893;
0.450902;0.00894001;
0.451002;0.00889893;
0.451102;0.00894001;
0.451202;0.00889893;
0.451302;0.00894001;
0.451402;0.00889893;
0.451502;0.00894001;
0.451602;0.00889894;
0.451702;0.00894001;
0.451802;0.00889894;
0.451902;0.00894001;
0.452002;0.00889894;
0.452102;0.00894001;
0.452202;0.00889894;
0.452302;0.00894;
0.452402;0.00889894;
0.452502;0.00894;
0.452602;0.00889894;
0.452702;0.00894;
0.452802;0.00889894;
0.452902;0.00894;
0.453002;0.00889894;
0.453102;0.00894;
0.453202;0.00889894;
0.453302;0.00894;
0.453402;0.00889894;
0.453502;0.00894;
0.453602;0.00889894;
0.453702;0.00894;
0.453802;0.00889894;
0.453902;0.00894;
0.454002;0.00889895;
0.454102;0.00894;
0.454202;0.00889895;
0.454302;0.00894;
0.454402;0.00889895;
0.454502;0.00894;
0.454602;0.00889895;
0.454702;0.00894;
0.454802;0.00889895;
0.454902;0.00893999;
0.455002;0.00889895;
0.455102;0.00893999;
0.455202;0.00889895;
0.455302;0.00893999;
0.455402;0.00889895;
0.455502;0.00893999;
0.455602;0.00889895;
0.455702;0.00893999;
0.455802;0.00889895;
0.455902;0.00893999;
0.456002;0.00889895;
0.456102;0.00893999;
0.456202;0.00889895;
0.456302;0.00893999;
0.456402;0.00889896;
0.456502;0.00893999;
0.456602;0.00889896;
0.456702;0.00893999;
0.456802;0.00889896;
0.456902;0.00893999;
0.457002;0.00889896;
0.457102;0.00893999;
0.457202;0.00889896;
0.457302;0.00893999;
0.457402;0.00889896;
0.457502;0.00893998;
0.457602;0.00889896;
0.457702;0.00893998;
0.457802;0.00889896;
0.457902;0.00893998;
0.458002;0.00889896;
0.458102;0.00893998;
0.458202;0.00889896;
0.458302;0.00893998;
0.458402;0.00889896;
0.458502;0.00893998;
0.458602;0.00889896;
0.458702;0.00893998;
0.458802;0.00889896;
0.458902;0.00893998;
0.459002;0.00889897;
0.459102;0.00893998;
0.459202;0.00889897;
0.459302;0.00893998;
0.459402;0.00889897;
0.459502;0.00893998;
0.459602;0.00889897;
0.459702;0.00893998;
0.459802;0.00889897;
0.459902;0.00893998;
0.460002;0.00889897;
0.460102;0.00893997;
0.460202;0.00889897;
0.460302;0.00893997;
0.460402;0.00889897;
0.460502;0.00893997;
0.460602;0.00889897;
0.460702;0.00893997;
0.460802;0.00889897;
0.460902;0.00893997;
0.461002;0.00889897;
0.461102;0.00893997;
0.461202;0.00889897;
0.461302;0.00893997;
0.461402;0.00889898;
0.461502;0.00893997;
0.461602;0.00889898;
0.461702;0.00893997;
0.461802;0.00889898;
0.461902;0.00893997;
0.462002;0.00889898;
0.462102;0.00893997;
0.462202;0.00889898;
0.462302;0.00893997;
0.462402;0.00889898;
0.462502;0.00893997;
0.462602;0.00889898;
0.462702;0.00893996;
0.462802;0.00889898;
0.462902;0.00893996;
0.463002;0.00889898;
0.463102;0.00893996;
0.463202;0.00889898;
0.463302;0.00893996;
0.463402;0.00889898;
0.463502;0.00893996;
0.463602;0.00889898;
0.463702;0.00893996;
0.463802;0.00889899;
0.463902;0.00893996;
0.464002;0.00889899;
0.464102;0.00893996;
0.464202;0.00889899;
0.464302;0.00893996;
0.464402;0.00889899;
0.464502;0.00893996;
0.464602;0.00889899;
0.464702;0.00893996;
0.464802;0.00889899;
0.464902;0.00893996;
0.465002;0.00889899;
0.465102;0.00893996;
0.465202;0.00889899;
0.465302;0.00893995;
0.465402;0.00889944;
0.465502;0.00894043;
0.465602;0.00889944;
0.465702;0.00894043;
0.465802;0.00889944;
0.465902;0.00894043;
0.466002;0.00889944;
0.466102;0.00894043;
0.466202;0.00889944;
0.466302;0.00894042;
0.466402;0.00889944;
0.466502;0.00894042;
0.466602;0.00889944;
0.466702;0.00894042;
0.466802;0.00889944;
0.466902;0.00894042;
0.467002;0.00889944;
0.467102;0.00894042;
0.467202;0.00889945;
0.467302;0.00894042;
0.467402;0.00889945;
0.467502;0.00894042;
0.467602;0.00889945;
0.467702;0.00894042;
0.467802;0.00889945;
0.467902;0.00894042;
0.468002;0.00889945;
0.468102;0.00894042;
0.468202;0.00889945;
0.468302;0.00894042;
0.468402;0.00889945;
0.468502;0.00894042;
0.468602;0.00889945;
0.468702;0.00894042;
0.468802;0.00889945;
0.468902;0.00894042;
0.469002;0.00889945;
0.469102;0.00894041;
0.469202;0.00889945;
0.469302;0.00894041;
0.469402;0.00889945;
0.469502;0.00894041;
0.469602;0.00889945;
0.469702;0.00894041;
0.469802;0.00889945;
0.469902;0.00894041;
0.470002;0.00889945;
0.470102;0.00894041;
0.470202;0.00889946;
0.470302;0.00894041;
0.470402;0.00889946;
0.470502;0.00894041;
0.470602;0.00889946;
0.470702;0.00894041;
0.470802;0.00889946;
0.470902;0.00894041;
0.471002;0.00889946;
0.471102;0.00894041;
0.471202;0.00889946;
0.471302;0.00894041;
0.471402;0.00889946;
0.471502;0.00894041;
0.471602;0.00889946;
0.471702;0.00893995;
0.471802;0.00889901;
0.471902;0.00893993;
0.472002;0.00889902;
0.472102;0.00893993;
0.472202;0.00889902;
0.472302;0.00893993;
0.472402;0.00889902;
0.472502;0.00893993;
0.472602;0.00889902;
0.472702;0.00893993;
0.472802;0.00889947;
0.472902;0.0089404;
0.473002;0.00889947;
0.473102;0.0089404;
0.473202;0.00889947;
0.473302;0.0089404;
0.473402;0.00889947;
0.473502;0.0089404;
0.473514;0.00891983;
0.473535;0.00891982;
0.473549;0.00891983;
0.473562;0.00891983;
0.473562;0.0089311;
0.473563;2.65598e-26;
0.473563;1.73139e-26;
0.473563;2.34767e-26;
0.473564;1.76516e-26;
0.473564;2.23071e-26;
0.473564;1.805e-26;
0.473564;2.13955e-26;
0.473564;1.84022e-26;
0.473565;2.07957e-26;
0.473565;1.87673e-26;
0.473565;2.03721e-26;
0.473565;1.90291e-26;
0.473566;2.00921e-26;
0.473566;1.92072e-26;
0.473566;1.99141e-26;
0.473567;1.93193e-26;
0.473567;1.98177e-26;
0.473568;1.93755e-26;
0.473569;1.97733e-26;
0.473571;1.94e-26;
0.473573;1.97531e-26;
0.473577;1.94111e-26;
0.473582;1.97433e-26;
0.473589;1.94159e-26;
0.473599;1.97381e-26;
0.473616;1.94175e-26;
0.473648;1.97355e-26;
0.47371;1.94173e-26;
0.47381;1.97344e-26;
0.47391;1.94169e-26;
0.47401;1.97335e-26;
0.47411;1.94167e-26;
0.47421;1.97327e-26;
0.47431;1.94165e-26;
0.47441;1.97319e-26;
0.47451;1.94164e-26;
0.47461;1.97312e-26;
0.47471;1.94164e-26;
0.47481;1.97306e-26;
0.47491;1.94165e-26;
0.47501;1.97301e-26;
0.47511;1.94166e-26;
0.47521;1.97296e-26;
0.47531;1.94168e-26;
0.47541;1.97291e-26;
0.47551;1.94171e-26;
0.47561;1.97286e-26;
0.47571;1.94173e-26;
0.47581;1.97282e-26;
0.47591;1.94176e-26;
0.47601;1.97278e-26;
0.47611;1.94179e-26;
0.47621;1.97274e-26;
0.47631;1.94182e-26;
0.47641;1.9727e-26;
0.47651;1.94185e-26;
0.47661;1.97266e-26;
0.47671;1.94188e-26;
0.47681;1.97263e-26;
0.47691;1.94191e-26;
0.47701;1.97259e-26;
0.47711;1.94195e-26;
0.47721;1.97255e-26;
0.47731;1.94198e-26;
0.47741;1.97251e-26;
0.47751;1.94201e-26;
0.47761;1.97247e-26;
0.47771;1.94204e-26;
0.47781;1.97244e-26;
0.47791;1.94207e-26;
0.47801;1.9724e-26;
0.47811;1.9421e-26;
0.47821;1.97236e-26;
0.47831;1.94214e-26;
0.47841;1.97232e-26;
0.47851;1.94217e-26;
0.47861;1.97229e-26;
0.47871;1.9422e-26;
0.47881;1.97225e-26;
0.47891;1.94223e-26;
0.47901;1.97221e-26;
0.47911;1.94226e-26;
0.47921;1.97217e-26;
0.47931;1.9423e-26;
0.47941;1.97214e-26;
0.47951;1.94233e-26;
0.47961;1.9721e-26;
0.47971;1.94236e-26;
0.47981;1.97206e-26;
0.47991;1.94239e-26;
0.48001;1.97203e-26;
0.48011;1.94242e-26;
0.48021;1.97199e-26;
0.48031;1.94245e-26;
0.48041;1.97195e-26;
0.48051;1.94249e-26;
0.48061;1.97191e-26;
0.48071;1.94252e-26;
0.48081;1.97188e-26;
0.48091;1.94255e-26;
0.48101;1.97184e-26;
0.48111;1.94258e-26;
0.48121;1.9718e-26;
0.48131;1.94261e-26;
0.48141;1.97177e-26;
0.48151;1.94264e-26;
0.48161;1.97173e-26;
0.48171;1.94268e-26;
0.48181;1.97169e-26;
0.48191;1.94271e-26;
0.48201;1.97165e-26;
0.48211;1.94274e-26;
0.48221;1.97162e-26;
0.48231;1.94277e-26;
0.48241;1.97158e-26;
0.48251;1.9428e-26;
0.48261;1.97154e-26;
0.48271;1.94283e-26;
0.48281;1.97151e-26;
0.48291;1.94286e-26;
0.48301;1.97147e-26;
0.48311;1.9429e-26;
0.48321;1.97143e-26;
0.48331;1.94293e-26;
0.48341;1.9714e-26;
0.48351;1.94296e-26;
0.48361;1.97136e-26;
0.48371;1.94299e-26;
0.48381;1.97132e-26;
0.48391;1.94302e-26;
0.48401;1.97129e-26;
0.48411;1.94305e-26;
0.48421;1.97125e-26;
0.48431;1.94308e-26;
0.48441;1.97121e-26;
0.48451;1.94312e-26;
0.48461;1.97118e-26;
0.48471;1.94315e-26;
0.48481;1.97114e-26;
0.48491;1.94318e-26;
0.48501;1.9711e-26;
0.48511;1.94321e-26;
0.48521;1.97107e-26;
0.48531;1.94324e-26;
0.48541;1.97103e-26;
0.48551;1.94327e-26;
0.48561;1.97099e-26;
0.48571;1.9433e-26;
0.48581;1.97096e-26;
0.48591;1.94333e-26;
0.48601;1.97092e-26;
0.48611;1.94336e-26;
0.48621;1.97088e-26;
0.48631;1.9434e-26;
0.48641;1.97085e-26;
0.48651;1.94343e-26;
0.48661;1.97081e-26;
0.48671;1.94346e-26;
0.48681;1.97077e-26;
0.48691;1.94349e-26;
0.48701;1.97074e-26;
0.48711;1.94352e-26;
0.48721;1.9707e-26;
0.48731;1.94355e-26;
0.48741;1.97067e-26;
0.48751;1.94358e-26;
0.48761;1.97063e-26;
0.48771;1.94361e-26;
0.48781;1.97059e-26;
0.48791;1.94364e-26;
0.48801;1.97056e-26;
0.48811;1.94367e-26;
0.48821;1.97052e-26;
0.48831;1.94371e-26;
0.48841;1.97048e-26;
0.48851;1.94374e-26;
0.48861;1.97045e-26;
0.48871;1.94377e-26;
0.48881;1.97041e-26;
0.48891;1.9438e-26;
0.48901;1.97038e-26;
0.48911;1.94383e-26;
0.48921;1.97034e-26;
0.48931;1.94386e-26;
0.48941;1.9703e-26;
0.48951;1.94389e-26;
0.48961;1.97027e-26;
0.48971;1.94392e-26;
0.48981;1.97023e-26;
0.48991;1.94395e-26;
0.49001;1.9702e-26;
0.49011;1.94398e-26;
0.49021;1.97016e-26;
0.49031;1.94401e-26;
0.49041;1.97013e-26;
0.49051;1.94404e-26;
0.49061;1.97009e-26;
0.49071;1.94407e-26;
0.49081;1.97005e-26;
0.49091;1.9441e-26;
0.49101;1.97002e-26;
0.49111;1.94414e-26;
0.49121;1.96998e-26;
0.49131;1.94417e-26;
0.49141;1.96995e-26;
0.49151;1.9442e-26;
0.49161;1.96991e-26;
0.49171;1.94423e-26;
0.49181;1.96988e-26;
0.49191;1.94426e-26;
0.49201;1.96984e-26;
0.49211;1.94429e-26;
0.49221;1.9698e-26;
0.49231;1.94432e-26;
0.49241;1.96977e-26;
0.49251;1.94435e-26;
0.49261;1.96973e-26;
0.49271;1.94438e-26;
0.49281;1.9697e-26;
0.49291;1.94441e-26;
0.49301;1.96966e-26;
0.49311;1.94444e-26;
0.49321;1.96963e-26;
0.49331;1.94447e-26;
0.49341;1.96959e-26;
0.49351;1.9445e-26;
0.49361;1.96956e-26;
0.49371;1.94453e-26;
0.49381;1.96952e-26;
0.49391;1.94456e-26;
0.49401;1.96948e-26;
0.49411;1.94459e-26;
0.49421;1.96945e-26;
0.49431;1.94462e-26;
0.49441;1.96941e-26;
0.49451;1.94465e-26;
0.49461;1.96938e-26;
0.49471;1.94468e-26;
0.49481;1.96934e-26;
0.49491;1.94471e-26;
0.49501;1.96931e-26;
0.49511;1.94474e-26;
0.49521;1.96927e-26;
0.49531;1.94477e-26;
0.49541;1.96924e-26;
0.49551;1.9448e-26;
0.49561;1.9692e-26;
0.49571;1.94483e-26;
0.49581;1.96917e-26;
0.49591;1.94486e-26;
0.49601;1.96913e-26;
0.49611;1.94489e-26;
0.49621;1.9691e-26;
0.49631;1.94492e-26;
0.49641;1.96906e-26;
0.49651;1.94495e-26;
0.49661;1.96903e-26;
0.49671;1.94498e-26;
0.49681;1.96899e-26;
0.49691;1.94501e-26;
0.49701;1.96896e-26;
0.49711;1.94504e-26;
0.49721;1.96892e-26;
0.49731;1.94507e-26;
0.49741;1.96889e-26;
0.49751;1.9451e-26;
0.49761;1.96885e-26;
0.49771;1.94513e-26;
0.49781;1.96882e-26;
0.49791;1.94516e-26;
0.49801;1.96878e-26;
0.49811;1.94519e-26;
0.49821;1.96875e-26;
0.49831;1.94522e-26;
0.49841;1.96871e-26;
0.49851;1.94525e-26;
0.49861;1.96868e-26;
0.49871;1.94528e-26;
0.49881;1.96864e-26;
0.49891;1.94531e-26;
0.49901;1.96861e-26;
0.49911;1.94534e-26;
0.49921;1.96858e-26;
0.49931;1.94537e-26;
0.49941;1.96854e-26;
0.49951;1.9454e-26;
0.49961;1.96851e-26;
0.49971;1.94543e-26;
0.49981;1.96847e-26;
0.49991;1.94546e-26;
0.50001;1.96844e-26;
0.50011;1.94549e-26;
0.50021;1.9684e-26;
0.50031;1.94552e-26;
0.50041;1.96837e-26;
0.50051;1.94555e-26;
0.50061;1.96833e-26;
0.50071;1.94558e-26;
0.50081;1.9683e-26;
0.50091;1.94561e-26;
0.50101;1.96826e-26;
0.50111;1.94564e-26;
0.50121;1.96823e-26;
0.50131;1.94567e-26;
0.50141;1.9682e-26;
0.50151;1.9457e-26;
0.50161;1.96816e-26;
0.50171;1.94573e-26;
0.50181;1.96813e-26;
0.50191;1.94576e-26;
0.50201;1.96809e-26;
0.50211;1.94579e-26;
0.50221;1.96806e-26;
0.50231;1.94582e-26;
0.50241;1.96802e-26;
0.50251;1.94585e-26;
0.50261;1.96799e-26;
0.50271;1.94587e-26;
0.50281;1.96796e-26;
0.50291;1.9459e-26;
0.50301;1.96792e-26;
0.50311;1.94593e-26;
0.50321;1.96789e-26;
0.50331;1.94596e-26;
0.50341;1.96785e-26;
0.50351;1.94599e-26;
0.50361;1.96782e-26;
0.50371;1.94602e-26;
0.50381;1.96779e-26;
0.50391;1.94605e-26;
0.50401;1.96775e-26;
0.50411;1.94608e-26;
0.50421;1.96772e-26;
0.50431;1.94611e-26;
0.50441;1.96768e-26;
0.50451;1.94614e-26;
0.50461;1.96765e-26;
0.50471;1.94617e-26;
0.50481;1.96762e-26;
0.50491;1.9462e-26;
0.50501;1.96758e-26;
0.50511;1.94623e-26;
0.50521;1.96755e-26;
0.50531;1.94626e-26;
0.50541;1.96751e-26;
0.50551;1.94628e-26;
0.50561;1.96748e-26;
0.50571;1.94631e-26;
0.50581;1.96745e-26;
0.50591;1.94634e-26;
0.50601;1.96741e-26;
0.50611;1.94637e-26;
0.50621;1.96738e-26;
0.50631;1.9464e-26;
0.50641;1.96734e-26;
0.50651;1.94643e-26;
0.50661;1.96731e-26;
0.50671;1.94646e-26;
0.50681;1.96728e-26;
0.50691;1.94649e-26;
0.50701;1.96724e-26;
0.50711;1.94652e-26;
0.50721;1.96721e-26;
0.50731;1.94655e-26;
0.50741;1.96718e-26;
0.50751;1.94658e-26;
0.50761;1.96714e-26;
0.50771;1.9466e-26;
0.50781;1.96711e-26;
0.50791;1.94663e-26;
0.50801;1.96708e-26;
0.50811;1.94666e-26;
0.50821;1.96704e-26;
0.50831;1.94669e-26;
0.50841;1.96701e-26;
0.50851;1.94672e-26;
0.50861;1.96698e-26;
0.50871;1.94675e-26;
0.50881;1.96694e-26;
0.50891;1.94678e-26;
0.50901;1.96691e-26;
0.50911;1.94681e-26;
0.50921;1.96688e-26;
0.50931;1.94683e-26;
0.50941;1.96684e-26;
0.50951;1.94686e-26;
0.50961;1.96681e-26;
0.50971;1.94689e-26;
0.50981;1.96678e-26;
0.50991;1.94692e-26;
0.51001;1.96674e-26;
0.51011;1.94695e-26;
0.51021;1.96671e-26;
0.51031;1.94698e-26;
0.51041;1.96668e-26;
0.51051;1.94701e-26;
0.51061;1.96664e-26;
0.51071;1.94704e-26;
0.51081;1.96661e-26;
0.51091;1.94706e-26;
0.51101;1.96658e-26;
0.51111;1.94709e-26;
0.51121;1.96654e-26;
0.51131;1.94712e-26;
0.51141;1.96651e-26;
0.51151;1.94715e-26;
0.51161;1.96648e-26;
0.51171;1.94718e-26;
0.51181;1.96644e-26;
0.51191;1.94721e-26;
0.51201;1.96641e-26;
0.51211;1.94724e-26;
0.51221;1.96638e-26;
0.51231;1.94726e-26;
0.51241;1.96635e-26;
0.51251;1.94729e-26;
0.51261;1.96631e-26;
0.51271;1.94732e-26;
0.51281;1.96628e-26;
0.51291;1.94735e-26;
0.51301;1.96625e-26;
0.51311;1.94738e-26;
0.51321;1.96621e-26;
0.51331;1.94741e-26;
0.51341;1.96618e-26;
0.51351;1.94743e-26;
0.51361;1.96615e-26;
0.51371;1.94746e-26;
0.51381;1.96612e-26;
0.51391;1.94749e-26;
0.51401;1.96608e-26;
0.51411;1.94752e-26;
0.51421;1.96605e-26;
0.51431;1.94755e-26;
0.51441;1.96602e-26;
0.51451;1.94758e-26;
0.51461;1.96598e-26;
0.51471;1.9476e-26;
0.51481;1.96595e-26;
0.51491;1.94763e-26;
0.51501;1.96592e-26;
0.51511;1.94766e-26;
0.51521;1.96589e-26;
0.51531;1.94769e-26;
0.51541;1.96585e-26;
0.51551;1.94772e-26;
0.51561;1.96582e-26;
0.51571;1.94774e-26;
0.51581;1.96579e-26;
0.51591;1.94777e-26;
0.51601;1.96576e-26;
0.51611;1.9478e-26;
0.51621;1.96572e-26;
0.51631;1.94783e-26;
0.51641;1.96569e-26;
0.51651;1.94786e-26;
0.51661;1.96566e-26;
0.51671;1.94789e-26;
0.51681;1.96563e-26;
0.51691;1.94791e-26;
0.51701;1.96559e-26;
0.51711;1.94794e-26;
0.51721;1.96556e-26;
0.51731;1.94797e-26;
0.51741;1.96553e-26;
0.51751;1.948e-26;
0.51761;1.9655e-26;
0.51771;1.94803e-26;
0.51781;1.96546e-26;
0.51791;1.94805e-26;
0.51801;1.96543e-26;
0.51811;1.94808e-26;
0.51821;1.9654e-26;
0.51831;1.94811e-26;
0.51841;1.96537e-26;
0.51851;1.94814e-26;
0.51861;1.96534e-26;
0.51871;1.94816e-26;
0.51881;1.9653e-26;
0.51891;1.94819e-26;
0.51901;1.96527e-26;
0.51911;1.94822e-26;
0.51921;1.96524e-26;
0.51931;1.94825e-26;
0.51941;1.96521e-26;
0.51951;1.94828e-26;
0.51961;1.96518e-26;
0.51971;1.9483e-26;
0.51981;1.96514e-26;
0.51991;1.94833e-26;
0.52001;1.96511e-26;
0.52011;1.94836e-26;
0.52021;1.96508e-26;
0.52031;1.94839e-26;
0.52041;1.96505e-26;
0.52051;1.94841e-26;
0.52061;1.96502e-26;
0.52071;1.94844e-26;
0.52081;1.96498e-26;
0.52091;1.94847e-26;
0.52101;1.96495e-26;
0.52111;1.9485e-26;
0.52121;1.96492e-26;
0.52131;1.94853e-26;
0.52141;1.96489e-26;
0.52151;1.94855e-26;
0.52161;1.96486e-26;
0.52171;1.94858e-26;
0.52181;1.96482e-26;
0.52191;1.94861e-26;
0.52201;1.96479e-26;
0.52211;1.94864e-26;
0.52221;1.96476e-26;
0.52231;1.94866e-26;
0.52241;1.96473e-26;
0.52251;1.94869e-26;
0.52261;1.9647e-26;
0.52271;1.94872e-26;
0.52281;1.96467e-26;
0.52291;1.94875e-26;
0.52301;1.96463e-26;
0.52311;1.94877e-26;
0.52321;1.9646e-26;
0.52331;1.9488e-26;
0.52341;1.96457e-26;
0.52351;1.94883e-26;
0.52361;1.96454e-26;
0.52371;1.94885e-26;
0.52381;1.96451e-26;
0.52391;1.94888e-26;
0.52401;1.96448e-26;
0.52411;1.94891e-26;
0.52421;1.96445e-26;
0.52431;1.94894e-26;
0.52441;1.96441e-26;
0.52451;1.94896e-26;
0.52461;1.96438e-26;
0.52471;1.94899e-26;
0.52481;1.96435e-26;
0.52491;1.94902e-26;
0.52501;1.96432e-26;
0.52511;1.94905e-26;
0.52521;1.96429e-26;
0.52531;1.94907e-26;
0.52541;1.96426e-26;
0.52551;1.9491e-26;
0.52561;1.96423e-26;
0.52571;1.94913e-26;
0.52581;1.96419e-26;
0.52591;1.94915e-26;
0.52601;1.96416e-26;
0.52611;1.94918e-26;
0.52621;1.96413e-26;
0.52631;1.94921e-26;
0.52641;1.9641e-26;
0.52651;1.94924e-26;
0.52661;1.96407e-26;
0.52671;1.94926e-26;
0.52681;1.96404e-26;
0.52691;1.94929e-26;
0.52701;1.96401e-26;
0.52711;1.94932e-26;
0.52721;1.96398e-26;
0.52731;1.94934e-26;
0.52741;1.96395e-26;
0.52751;1.94937e-26;
0.52761;1.96391e-26;
0.52771;1.9494e-26;
0.52781;1.96388e-26;
0.52791;1.94943e-26;
0.52801;1.96385e-26;
0.52811;1.94945e-26;
0.52821;1.96382e-26;
0.52831;1.94948e-26;
0.52841;1.96379e-26;
0.52851;1.94951e-26;
0.52861;1.96376e-26;
0.52871;1.94953e-26;
0.52881;1.96373e-26;
0.52891;1.94956e-26;
0.52901;1.9637e-26;
0.52911;1.94959e-26;
0.52921;1.96367e-26;
0.52931;1.94961e-26;
0.52941;1.96364e-26;
0.52951;1.94964e-26;
0.52961;1.9636e-26;
0.52971;1.94967e-26;
0.52981;1.96357e-26;
0.52991;1.94969e-26;
0.53001;1.96354e-26;
0.53011;1.94972e-26;
0.53021;1.96351e-26;
0.53031;1.94975e-26;
0.53041;1.96348e-26;
0.53051;1.94977e-26;
0.53061;1.96345e-26;
0.53071;1.9498e-26;
0.53081;1.96342e-26;
0.53091;1.94983e-26;
0.53101;1.96339e-26;
0.53111;1.94985e-26;
0.53121;1.96336e-26;
0.53131;1.94988e-26;
0.53141;1.96333e-26;
0.53151;1.94991e-26;
0.53161;1.9633e-26;
0.53171;1.94993e-26;
0.53181;1.96327e-26;
0.53191;1.94996e-26;
0.53201;1.96324e-26;
0.53211;1.94999e-26;
0.53221;1.96321e-26;
0.53231;1.95001e-26;
0.53241;1.96318e-26;
0.53251;1.95004e-26;
0.53261;1.96315e-26;
0.53271;1.95007e-26;
0.53281;1.96311e-26;
0.53291;1.95009e-26;
0.53301;1.96308e-26;
0.53311;1.95012e-26;
0.53321;1.96305e-26;
0.53331;1.95015e-26;
0.53341;1.96302e-26;
0.53351;1.95017e-26;
0.53361;1.96299e-26;
0.53371;1.9502e-26;
0.53381;1.96296e-26;
0.53391;1.95023e-26;
0.53401;1.96293e-26;
0.53411;1.95025e-26;
0.53421;1.9629e-26;
0.53431;1.95028e-26;
0.53441;1.96287e-26;
0.53451;1.95031e-26;
0.53461;1.96284e-26;
0.53471;1.95033e-26;
0.53481;1.96281e-26;
0.53491;1.95036e-26;
0.53501;1.96278e-26;
0.53511;1.95038e-26;
0.53521;1.96275e-26;
0.53531;1.95041e-26;
0.53541;1.96272e-26;
0.53551;1.95044e-26;
0.53561;1.96269e-26;
0.53571;1.95046e-26;
0.53581;1.96266e-26;
0.53591;1.95049e-26;
0.53601;1.96263e-26;
0.53611;1.95052e-26;
0.53621;1.9626e-26;
0.53631;1.95054e-26;
0.53641;1.96257e-26;
0.53651;1.95057e-26;
0.53661;1.96254e-26;
0.53671;1.95059e-26;
0.53681;1.96251e-26;
0.53691;1.95062e-26;
0.53701;1.96248e-26;
0.53711;1.95065e-26;
0.53721;1.96245e-26;
0.53731;1.95067e-26;
0.53741;1.96242e-26;
0.53751;1.9507e-26;
0.53761;1.96239e-26;
0.53771;1.95072e-26;
0.53781;1.96236e-26;
0.53791;1.95075e-26;
0.53801;1.96233e-26;
0.53811;1.95078e-26;
0.53821;1.9623e-26;
0.53831;1.9508e-26;
0.53841;1.96227e-26;
0.53851;1.95083e-26;
0.53861;1.96224e-26;
0.53871;1.95085e-26;
0.53881;1.96221e-26;
0.53891;1.95088e-26;
0.53901;1.96218e-26;
0.53911;1.95091e-26;
0.53921;1.96215e-26;
0.53931;1.95093e-26;
0.53941;1.96212e-26;
0.53951;1.95096e-26;
0.53961;1.96209e-26;
0.53971;1.95098e-26;
0.53981;1.96206e-26;
0.53991;1.95101e-26;
0.54001;1.96203e-26;
0.54011;1.95104e-26;
0.54021;1.96201e-26;
0.54031;1.95106e-26;
0.54041;1.96198e-26;
0.54051;1.95109e-26;
0.54061;1.96195e-26;
0.54071;1.95111e-26;
0.54081;1.96192e-26;
0.54091;1.95114e-26;
0.54101;1.96189e-26;
0.54111;1.95116e-26;
0.54121;1.96186e-26;
0.54131;1.95119e-26;
0.54141;1.96183e-26;
0.54151;1.95122e-26;
0.54161;1.9618e-26;
0.54171;1.95124e-26;
0.54181;1.96177e-26;
0.54191;1.95127e-26;
0.54201;1.96174e-26;
0.54211;1.95129e-26;
0.54221;1.96171e-26;
0.54231;1.95132e-26;
0.54241;1.96168e-26;
0.54251;1.95134e-26;
0.54261;1.96165e-26;
0.54271;1.95137e-26;
0.54281;1.96162e-26;
0.54291;1.9514e-26;
0.54301;1.96159e-26;
0.54311;1.95142e-26;
0.54321;1.96156e-26;
0.54331;1.95145e-26;
0.54341;1.96154e-26;
0.54351;1.95147e-26;
0.54361;1.96151e-26;
0.54371;1.9515e-26;
0.54381;1.96148e-26;
0.54391;1.95152e-26;
0.54401;1.96145e-26;
0.54411;1.95155e-26;
0.54421;1.96142e-26;
0.54431;1.95157e-26;
0.54441;1.96139e-26;
0.54451;1.9516e-26;
0.54461;1.96136e-26;
0.54471;1.95163e-26;
0.54481;1.96133e-26;
0.54491;1.95165e-26;
0.54501;1.9613e-26;
0.54511;1.95168e-26;
0.54521;1.96127e-26;
0.54531;1.9517e-26;
0.54541;1.96124e-26;
0.54551;1.95173e-26;
0.54561;1.96122e-26;
0.54571;1.95175e-26;
0.54581;1.96119e-26;
0.54591;1.95178e-26;
0.54601;1.96116e-26;
0.54611;1.9518e-26;
0.54621;1.96113e-26;
0.54631;1.95183e-26;
0.54641;1.9611e-26;
0.54651;1.95185e-26;
0.54661;1.96107e-26;
0.54671;1.95188e-26;
0.54681;1.96104e-26;
0.54691;1.9519e-26;
0.54701;1.96101e-26;
0.54711;1.95193e-26;
0.54721;1.96099e-26;
0.54731;1.95195e-26;
0.54741;1.96096e-26;
0.54751;1.95198e-26;
0.54761;1.96093e-26;
0.54771;1.952e-26;
0.54781;1.9609e-26;
0.54791;1.95203e-26;
0.54801;1.96087e-26;
0.54811;1.95205e-26;
0.54821;1.96084e-26;
0.54831;1.95208e-26;
0.54841;1.96081e-26;
0.54851;1.9521e-26;
0.54861;1.96078e-26;
0.54871;1.95213e-26;
0.54881;1.96076e-26;
0.54891;1.95215e-26;
0.54901;1.96073e-26;
0.54911;1.95218e-26;
0.54921;1.9607e-26;
0.54931;1.9522e-26;
0.54941;1.96067e-26;
0.54951;1.95223e-26;
0.54961;1.96064e-26;
0.54971;1.95225e-26;
0.54981;1.96061e-26;
0.54991;1.95228e-26;
0.55001;1.96059e-26;
0.55011;1.9523e-26;
0.55021;1.96056e-26;
0.55031;1.95233e-26;
0.55041;1.96053e-26;
0.55051;1.95235e-26;
0.55061;1.9605e-26;
0.55071;1.95238e-26;
0.55081;1.96047e-26;
0.55091;1.9524e-26;
0.55101;1.96044e-26;
0.55111;1.95243e-26;
0.55121;1.96041e-26;
0.55131;1.95245e-26;
0.55141;1.96039e-26;
0.55151;1.95248e-26;
0.55161;1.96036e-26;
0.55171;1.9525e-26;
0.55181;1.96033e-26;
0.55191;1.95253e-26;
0.55201;1.9603e-26;
0.55211;1.95255e-26;
0.55221;1.96027e-26;
0.55231;1.95258e-26;
0.55241;1.96025e-26;
0.55251;1.9526e-26;
0.55261;1.96022e-26;
0.55271;1.95263e-26;
0.55281;1.96019e-26;
0.55291;1.95265e-26;
0.55301;1.96016e-26;
0.55311;1.95268e-26;
0.55321;1.96013e-26;
0.55331;1.9527e-26;
0.55341;1.96011e-26;
0.55351;1.95273e-26;
0.55361;1.96008e-26;
0.55371;1.95275e-26;
0.55381;1.96005e-26;
0.55391;1.95277e-26;
0.55401;1.96002e-26;
0.55411;1.9528e-26;
0.55421;1.95999e-26;
0.55431;1.95282e-26;
0.55441;1.95997e-26;
0.55451;1.95285e-26;
0.55461;1.95994e-26;
0.55471;1.95287e-26;
0.55481;1.95991e-26;
0.55491;1.9529e-26;
0.55501;1.95988e-26;
0.55511;1.95292e-26;
0.55521;1.95985e-26;
0.55531;1.95295e-26;
0.55541;1.95983e-26;
0.55551;1.95297e-26;
0.55561;1.9598e-26;
0.55571;1.953e-26;
0.55581;1.95977e-26;
0.55591;1.95302e-26;
0.55601;1.95974e-26;
0.55611;1.95304e-26;
0.55621;1.95971e-26;
0.55631;1.95307e-26;
0.55641;1.95969e-26;
0.55651;1.95309e-26;
0.55661;1.95966e-26;
0.55671;1.95312e-26;
0.55681;1.95963e-26;
0.55691;1.95314e-26;
0.55701;1.9596e-26;
0.55711;1.95317e-26;
0.55721;1.95958e-26;
0.55731;1.95319e-26;
0.55741;1.95955e-26;
0.55751;1.95321e-26;
0.55761;1.95952e-26;
0.55771;1.95324e-26;
0.55781;1.95949e-26;
0.55791;1.95326e-26;
0.55801;1.95947e-26;
0.55811;1.95329e-26;
0.55821;1.95944e-26;
0.55831;1.95331e-26;
0.55841;1.95941e-26;
0.55851;1.95334e-26;
0.55861;1.95938e-26;
0.55871;1.95336e-26;
0.55881;1.95936e-26;
0.55891;1.95338e-26;
0.55901;1.95933e-26;
0.55911;1.95341e-26;
0.55921;1.9593e-26;
0.55931;1.95343e-26;
0.55941;1.95927e-26;
0.55951;1.95346e-26;
0.55961;1.95925e-26;
0.55971;1.95348e-26;
0.55981;1.95922e-26;
0.55991;1.9535e-26;
0.56001;1.95919e-26;
0.56011;1.95353e-26;
0.56021;1.95916e-26;
0.56031;1.95355e-26;
0.56041;1.95914e-26;
0.56051;1.95358e-26;
0.56061;1.95911e-26;
0.56071;1.9536e-26;
0.56081;1.95908e-26;
0.56091;1.95362e-26;
0.56101;1.95906e-26;
0.56111;1.95365e-26;
0.56121;1.95903e-26;
0.56131;1.95367e-26;
0.56141;1.959e-26;
0.56151;1.9537e-26;
0.56161;1.95897e-26;
0.56171;1.95372e-26;
0.56181;1.95895e-26;
0.56191;1.95374e-26;
0.56201;1.95892e-26;
0.56211;1.95377e-26;
0.56221;1.95889e-26;
0.56231;1.95379e-26;
0.56241;1.95887e-26;
0.56251;1.95382e-26;
0.56261;1.95884e-26;
0.56271;1.95384e-26;
0.56281;1.95881e-26;
0.56291;1.95386e-26;
0.56301;1.95878e-26;
0.56311;1.95389e-26;
0.56321;1.95876e-26;
0.56331;1.95391e-26;
0.56341;1.95873e-26;
0.56351;1.95393e-26;
0.56361;1.9587e-26;
0.56371;1.95396e-26;
0.56381;1.95868e-26;
0.56391;1.95398e-26;
0.56401;1.95865e-26;
0.56411;1.95401e-26;
0.56421;1.95862e-26;
0.56431;1.95403e-26;
0.56441;1.9586e-26;
0.56451;1.95405e-26;
0.56461;1.95857e-26;
0.56471;1.95408e-26;
0.56481;1.95854e-26;
0.56491;1.9541e-26;
0.56501;1.95852e-26;
0.56511;1.95412e-26;
0.56521;1.95849e-26;
0.56531;1.95415e-26;
0.56541;1.95846e-26;
0.56551;1.95417e-26;
0.56561;1.95844e-26;
0.56571;1.95419e-26;
0.56581;1.95841e-26;
0.56591;1.95422e-26;
0.56601;1.95838e-26;
0.56611;1.95424e-26;
0.56621;1.95836e-26;
0.56631;1.95427e-26;
0.56641;1.95833e-26;
0.56651;1.95429e-26;
0.56661;1.9583e-26;
0.56671;1.95431e-26;
0.56681;1.95828e-26;
0.56691;1.95434e-26;
0.56701;1.95825e-26;
0.56711;1.95436e-26;
0.56721;1.95822e-26;
0.56731;1.95438e-26;
0.56741;1.9582e-26;
0.56751;1.95441e-26;
0.56761;1.95817e-26;
0.56771;1.95443e-26;
0.56781;1.95814e-26;
0.56791;1.95445e-26;
0.56801;1.95812e-26;
0.56811;1.95448e-26;
0.56821;1.95809e-26;
0.56831;1.9545e-26;
0.56841;1.95806e-26;
0.56851;1.95452e-26;
0.56861;1.95804e-26;
0.56871;1.95455e-26;
0.56881;1.95801e-26;
0.56891;1.95457e-26;
0.56901;1.95799e-26;
0.56911;1.95459e-26;
0.56921;1.95796e-26;
0.56931;1.95462e-26;
0.56941;1.95793e-26;
0.56951;1.95464e-26;
0.56961;1.95791e-26;
0.56971;1.95466e-26;
0.56981;1.95788e-26;
0.56991;1.95469e-26;
0.57001;1.95785e-26;
0.57011;1.95471e-26;
0.57021;1.95783e-26;
0.57031;1.95473e-26;
0.57041;1.9578e-26;
0.57051;1.95475e-26;
0.57061;1.95778e-26;
0.57071;1.95478e-26;
0.57081;1.95775e-26;
0.57091;1.9548e-26;
0.57101;1.95772e-26;
0.57111;1.95482e-26;
0.57121;1.9577e-26;
0.57131;1.95485e-26;
0.57141;1.95767e-26;
0.57151;1.95487e-26;
0.57161;1.95764e-26;
0.57171;1.95489e-26;
0.57181;1.95762e-26;
0.57191;1.95492e-26;
0.57201;1.95759e-26;
0.57211;1.95494e-26;
0.57221;1.95757e-26;
0.57231;1.95496e-26;
0.57241;1.95754e-26;
0.57251;1.95499e-26;
0.57261;1.95751e-26;
0.57271;1.95501e-26;
0.57281;1.95749e-26;
0.57291;1.95503e-26;
0.57301;1.95746e-26;
0.57311;1.95505e-26;
0.57321;1.95744e-26;
0.57331;1.95508e-26;
0.57341;1.95741e-26;
0.57351;1.9551e-26;
0.57361;1.95739e-26;
0.57371;1.95512e-26;
0.57381;1.95736e-26;
0.57391;1.95515e-26;
0.57401;1.95733e-26;
0.57411;1.95517e-26;
0.57421;1.95731e-26;
0.57431;1.95519e-26;
0.57441;1.95728e-26;
0.57451;1.95521e-26;
0.57461;1.95726e-26;
0.57471;1.95524e-26;
0.57481;1.95723e-26;
0.57491;1.95526e-26;
0.57501;1.95721e-26;
0.57511;1.95528e-26;
0.57521;1.95718e-26;
0.57531;1.9553e-26;
0.57541;1.95715e-26;
0.57551;1.95533e-26;
0.57561;1.95713e-26;
0.57571;1.95535e-26;
0.57581;1.9571e-26;
0.57591;1.95537e-26;
0.57601;1.95708e-26;
0.57611;1.9554e-26;
0.57621;1.95705e-26;
0.57631;1.95542e-26;
0.57641;1.95703e-26;
0.57651;1.95544e-26;
0.57661;1.957e-26;
0.57671;1.95546e-26;
0.57681;1.95697e-26;
0.57691;1.95549e-26;
0.57701;1.95695e-26;
0.57711;1.95551e-26;
0.57721;1.95692e-26;
0.57731;1.95553e-26;
0.57741;1.9569e-26;
0.57751;1.95555e-26;
0.57761;1.95687e-26;
0.57771;1.95558e-26;
0.57781;1.95685e-26;
0.57791;1.9556e-26;
0.57801;1.95682e-26;
0.57811;1.95562e-26;
0.57821;1.9568e-26;
0.57831;1.95564e-26;
0.57841;1.95677e-26;
0.57851;1.95567e-26;
0.57861;1.95675e-26;
0.57871;1.95569e-26;
0.57881;1.95672e-26;
0.57891;1.95571e-26;
0.57901;1.9567e-26;
0.57911;1.95573e-26;
0.57921;1.95667e-26;
0.57931;1.95576e-26;
0.57941;1.95665e-26;
0.57951;1.95578e-26;
0.57961;1.95662e-26;
0.57971;1.9558e-26;
0.57981;1.95659e-26;
0.57991;1.95582e-26;
0.58001;1.95657e-26;
0.58011;1.95585e-26;
0.58021;1.95654e-26;
0.58031;1.95587e-26;
0.58041;1.95652e-26;
0.58051;1.95589e-26;
0.58061;1.95649e-26;
0.58071;1.95591e-26;
0.58081;1.95647e-26;
0.58091;1.95593e-26;
0.58101;1.95644e-26;
0.58111;1.95596e-26;
0.58121;1.95642e-26;
0.58131;1.95598e-26;
0.58141;1.95639e-26;
0.58151;1.956e-26;
0.58161;1.95637e-26;
0.58171;1.95602e-26;
0.58181;1.95634e-26;
0.58191;1.95605e-26;
0.58201;1.95632e-26;
0.58211;1.95607e-26;
0.58221;1.95629e-26;
0.58231;1.95609e-26;
0.58241;1.95627e-26;
0.58251;1.95611e-26;
0.58261;1.95624e-26;
0.58271;1.95613e-26;
0.58281;1.95622e-26;
0.58291;1.95616e-26;
0.58301;1.95619e-26;
0.58311;1.95618e-26;
0.58321;1.95617e-26;
0.58331;1.9562e-26;
0.58341;1.95614e-26;
0.58351;1.95622e-26;
0.58361;1.95612e-26;
0.58371;1.95624e-26;
0.58381;1.9561e-26;
0.58391;1.95627e-26;
0.58401;1.95607e-26;
0.58411;1.95629e-26;
0.58421;1.95605e-26;
0.58431;1.95631e-26;
0.58441;1.95602e-26;
0.58451;1.95633e-26;
0.58461;1.956e-26;
0.58471;1.95635e-26;
0.58481;1.95597e-26;
0.58491;1.95638e-26;
0.58501;1.95595e-26;
0.58511;1.9564e-26;
0.58521;1.95592e-26;
0.58531;1.95642e-26;
0.58541;1.9559e-26;
0.58551;1.95644e-26;
0.58561;1.95587e-26;
0.58571;1.95646e-26;
0.58581;1.95585e-26;
0.58591;1.95648e-26;
0.58601;1.95582e-26;
0.58611;1.95651e-26;
0.58621;1.9558e-26;
0.58631;1.95653e-26;
0.58641;1.95577e-26;
0.58651;1.95655e-26;
0.58661;1.95575e-26;
0.58671;1.95657e-26;
0.58681;1.95573e-26;
0.58691;1.95659e-26;
0.58701;1.9557e-26;
0.58711;1.95662e-26;
0.58721;1.95568e-26;
0.58731;1.95664e-26;
0.58741;1.95565e-26;
0.58751;1.95666e-26;
0.58761;1.95563e-26;
0.58771;1.95668e-26;
0.58781;1.9556e-26;
0.58791;1.9567e-26;
0.58801;1.95558e-26;
0.58811;1.95672e-26;
0.58821;1.95555e-26;
0.58831;1.95675e-26;
0.58841;1.95553e-26;
0.58851;1.95677e-26;
0.58861;1.95551e-26;
0.58871;1.95679e-26;
0.58881;1.95548e-26;
0.58891;1.95681e-26;
0.58901;1.95546e-26;
0.58911;1.95683e-26;
0.58921;1.95543e-26;
0.58931;1.95685e-26;
0.58941;1.95541e-26;
0.58951;1.95688e-26;
0.58961;1.95539e-26;
0.58971;1.9569e-26;
0.58981;1.95536e-26;
0.58991;1.95692e-26;
0.59001;1.95534e-26;
0.59011;1.95694e-26;
0.59021;1.95531e-26;
0.59031;1.95696e-26;
0.59041;1.95529e-26;
0.59051;1.95698e-26;
0.59061;1.95526e-26;
0.59071;1.957e-26;
0.59081;1.95524e-26;
0.59091;1.95703e-26;
0.59101;1.95522e-26;
0.59111;1.95705e-26;
0.59121;1.95519e-26;
0.59131;1.95707e-26;
0.59141;1.95517e-26;
0.59151;1.95709e-26;
0.59161;1.95514e-26;
0.59171;1.95711e-26;
0.59181;1.95512e-26;
0.59191;1.95713e-26;
0.59201;1.9551e-26;
0.59211;1.95715e-26;
0.59221;1.95507e-26;
0.59231;1.95717e-26;
0.59241;1.95505e-26;
0.59251;1.9572e-26;
0.59261;1.95502e-26;
0.59271;1.95722e-26;
0.59281;1.955e-26;
0.59291;1.95724e-26;
0.59301;1.95498e-26;
0.59311;1.95726e-26;
0.59321;1.95495e-26;
0.59331;1.95728e-26;
0.59341;1.95493e-26;
0.59351;1.9573e-26;
0.59361;1.95491e-26;
0.59371;1.95732e-26;
0.59381;1.95488e-26;
0.59391;1.95734e-26;
0.59401;1.95486e-26;
0.59411;1.95737e-26;
0.59421;1.95483e-26;
0.59431;1.95739e-26;
0.59441;1.95481e-26;
0.59451;1.95741e-26;
0.59461;1.95479e-26;
0.59471;1.95743e-26;
0.59481;1.95476e-26;
0.59491;1.95745e-26;
0.59501;1.95474e-26;
0.59511;1.95747e-26;
0.59521;1.95472e-26;
0.59531;1.95749e-26;
0.59541;1.95469e-26;
0.59551;1.95751e-26;
0.59561;1.95467e-26;
0.59571;1.95753e-26;
0.59581;1.95465e-26;
0.59591;1.95756e-26;
0.59601;1.95462e-26;
0.59611;1.95758e-26;
0.59621;1.9546e-26;
0.59631;1.9576e-26;
0.59641;1.95457e-26;
0.59651;1.95762e-26;
0.59661;1.95455e-26;
0.59671;1.95764e-26;
0.59681;1.95453e-26;
0.59691;1.95766e-26;
0.59701;1.9545e-26;
0.59711;1.95768e-26;
0.59721;1.95448e-26;
0.59731;1.9577e-26;
0.59741;1.95446e-26;
0.59751;1.95772e-26;
0.59761;1.95443e-26;
0.59771;1.95774e-26;
0.59781;1.95441e-26;
0.59791;1.95776e-26;
0.59801;1.95439e-26;
0.59811;1.95779e-26;
0.59821;1.95436e-26;
0.59831;1.95781e-26;
0.59841;1.95434e-26;
0.59851;1.95783e-26;
0.59861;1.95432e-26;
0.59871;1.95785e-26;
0.59881;1.95429e-26;
0.59891;1.95787e-26;
0.59901;1.95427e-26;
0.59911;1.95789e-26;
0.59921;1.95425e-26;
0.59931;1.95791e-26;
0.59941;1.95422e-26;
0.59951;1.95793e-26;
0.59961;1.9542e-26;
0.59971;1.95795e-26;
0.59981;1.95418e-26;
0.59991;1.95797e-26;
0.60001;1.95415e-26;
0.60011;1.95799e-26;
0.60021;1.95413e-26;
0.60031;1.95801e-26;
0.60041;1.95411e-26;
0.60051;1.95803e-26;
0.60061;1.95409e-26;
0.60071;1.95805e-26;
0.60081;1.95406e-26;
0.60091;1.95808e-26;
0.60101;1.95404e-26;
0.60111;1.9581e-26;
0.60121;1.95402e-26;
0.60131;1.95812e-26;
0.60141;1.95399e-26;
0.60151;1.95814e-26;
0.60161;1.95397e-26;
0.60171;1.95816e-26;
0.60181;1.95395e-26;
0.60191;1.95818e-26;
0.60201;1.95392e-26;
0.60211;1.9582e-26;
0.60221;1.9539e-26;
0.60231;1.95822e-26;
0.60241;1.95388e-26;
0.60251;1.95824e-26;
0.60261;1.95386e-26;
0.60271;1.95826e-26;
0.60281;1.95383e-26;
0.60291;1.95828e-26;
0.60301;1.95381e-26;
0.60311;1.9583e-26;
0.60321;1.95379e-26;
0.60331;1.95832e-26;
0.60341;1.95376e-26;
0.60351;1.95834e-26;
0.60361;1.95374e-26;
0.60371;1.95836e-26;
0.60381;1.95372e-26;
0.60391;1.95838e-26;
0.60401;1.9537e-26;
0.60411;1.9584e-26;
0.60421;1.95367e-26;
0.60431;1.95842e-26;
0.60441;1.95365e-26;
0.60451;1.95844e-26;
0.60461;1.95363e-26;
0.60471;1.95846e-26;
0.60481;1.9536e-26;
0.60491;1.95848e-26;
0.60501;1.95358e-26;
0.60511;1.9585e-26;
0.60521;1.95356e-26;
0.60531;1.95852e-26;
0.60541;1.95354e-26;
0.60551;1.95854e-26;
0.60561;1.95351e-26;
0.60571;1.95857e-26;
0.60581;1.95349e-26;
0.60591;1.95859e-26;
0.60601;1.95347e-26;
0.60611;1.95861e-26;
0.60621;1.95345e-26;
0.60631;1.95863e-26;
0.60641;1.95342e-26;
0.60651;1.95865e-26;
0.60661;1.9534e-26;
0.60671;1.95867e-26;
0.60681;1.95338e-26;
0.60691;1.95869e-26;
0.60701;1.95336e-26;
0.60711;1.95871e-26;
0.60721;1.95333e-26;
0.60731;1.95873e-26;
0.60741;1.95331e-26;
0.60751;1.95875e-26;
0.60761;1.95329e-26;
0.60771;1.95877e-26;
0.60781;1.95327e-26;
0.60791;1.95879e-26;
0.60801;1.95324e-26;
0.60811;1.95881e-26;
0.60821;1.95322e-26;
0.60831;1.95883e-26;
0.60841;1.9532e-26;
0.60851;1.95885e-26;
0.60861;1.95318e-26;
0.60871;1.95887e-26;
0.60881;1.95315e-26;
0.60891;1.95889e-26;
0.60901;1.95313e-26;
0.60911;1.95891e-26;
0.60921;1.95311e-26;
0.60931;1.95893e-26;
0.60941;1.95309e-26;
0.60951;1.95895e-26;
0.60961;1.95307e-26;
0.60971;1.95897e-26;
0.60981;1.95304e-26;
0.60991;1.95899e-26;
0.61001;1.95302e-26;
0.61011;1.95901e-26;
0.61021;1.953e-26;
0.61031;1.95903e-26;
0.61041;1.95298e-26;
0.61051;1.95905e-26;
0.61061;1.95295e-26;
0.61071;1.95907e-26;
0.61081;1.95293e-26;
0.61091;1.95909e-26;
0.61101;1.95291e-26;
0.61111;1.95911e-26;
0.61121;1.95289e-26;
0.61131;1.95912e-26;
0.61141;1.95287e-26;
0.61151;1.95914e-26;
0.61161;1.95284e-26;
0.61171;1.95916e-26;
0.61181;1.95282e-26;
0.61191;1.95918e-26;
0.61201;1.9528e-26;
0.61211;1.9592e-26;
0.61221;1.95278e-26;
0.61231;1.95922e-26;
0.61241;1.95276e-26;
0.61251;1.95924e-26;
0.61261;1.95273e-26;
0.61271;1.95926e-26;
0.61281;1.95271e-26;
0.61291;1.95928e-26;
0.61301;1.95269e-26;
0.61311;1.9593e-26;
0.61321;1.95267e-26;
0.61331;1.95932e-26;
0.61341;1.95265e-26;
0.61351;1.95934e-26;
0.61361;1.95263e-26;
0.61371;1.95936e-26;
0.61381;1.9526e-26;
0.61391;1.95938e-26;
0.61401;1.95258e-26;
0.61411;1.9594e-26;
0.61421;1.95256e-26;
0.61431;1.95942e-26;
0.61441;1.95254e-26;
0.61451;1.95944e-26;
0.61461;1.95252e-26;
0.61471;1.95946e-26;
0.61481;1.95249e-26;
0.61491;1.95948e-26;
0.61501;1.95247e-26;
0.61511;1.9595e-26;
0.61521;1.95245e-26;
0.61531;1.95952e-26;
0.61541;1.95243e-26;
0.61551;1.95954e-26;
0.61561;1.95241e-26;
0.61571;1.95956e-26;
0.61581;1.95239e-26;
0.61591;1.95958e-26;
0.61601;1.95236e-26;
0.61611;1.95959e-26;
0.61621;1.95234e-26;
0.61631;1.95961e-26;
0.61641;1.95232e-26;
0.61651;1.95963e-26;
0.61661;1.9523e-26;
0.61671;1.95965e-26;
0.61681;1.95228e-26;
0.61691;1.95967e-26;
0.61701;1.95226e-26;
0.61711;1.95969e-26;
0.61721;1.95223e-26;
0.61731;1.95971e-26;
0.61741;1.95221e-26;
0.61751;1.95973e-26;
0.61761;1.95219e-26;
0.61771;1.95975e-26;
0.61781;1.95217e-26;
0.61791;1.95977e-26;
0.61801;1.95215e-26;
0.61811;1.95979e-26;
0.61821;1.95213e-26;
0.61831;1.95981e-26;
0.61841;1.95211e-26;
0.61851;1.95983e-26;
0.61861;1.95208e-26;
0.61871;1.95985e-26;
0.61881;1.95206e-26;
0.61891;1.95986e-26;
0.61901;1.95204e-26;
0.61911;1.95988e-26;
0.61921;1.95202e-26;
0.61931;1.9599e-26;
0.61941;1.952e-26;
0.61951;1.95992e-26;
0.61961;1.95198e-26;
0.61971;1.95994e-26;
0.61981;1.95196e-26;
0.61991;1.95996e-26;
0.62001;1.95194e-26;
0.62011;1.95998e-26;
0.62021;1.95191e-26;
0.62031;1.96e-26;
0.62041;1.95189e-26;
0.62051;1.96002e-26;
0.62061;1.95187e-26;
0.62071;1.96004e-26;
0.62081;1.95185e-26;
0.62091;1.96006e-26;
0.62101;1.95183e-26;
0.62111;1.96007e-26;
0.62121;1.95181e-26;
0.62131;1.96009e-26;
0.62141;1.95179e-26;
0.62151;1.96011e-26;
0.62161;1.95177e-26;
0.62171;1.96013e-26;
0.62181;1.95174e-26;
0.62191;1.96015e-26;
0.62201;1.95172e-26;
0.62211;1.96017e-26;
0.62221;1.9517e-26;
0.62231;1.96019e-26;
0.62241;1.95168e-26;
0.62251;1.96021e-26;
0.62261;1.95166e-26;
0.62271;1.96023e-26;
0.62281;1.95164e-26;
0.62291;1.96025e-26;
0.62301;1.95162e-26;
0.62311;1.96026e-26;
0.62321;1.9516e-26;
0.62331;1.96028e-26;
0.62341;1.95158e-26;
0.62351;1.9603e-26;
0.62361;1.95156e-26;
0.62371;1.96032e-26;
0.62381;1.95154e-26;
0.62391;1.96034e-26;
0.62401;1.95151e-26;
0.62411;1.96036e-26;
0.62421;1.95149e-26;
0.62431;1.96038e-26;
0.62441;1.95147e-26;
0.62451;1.9604e-26;
0.62461;1.95145e-26;
0.62471;1.96041e-26;
0.62481;1.95143e-26;
0.62491;1.96043e-26;
0.62501;1.95141e-26;
0.62511;1.96045e-26;
0.62521;1.95139e-26;
0.62531;1.96047e-26;
0.62541;1.95137e-26;
0.62551;1.96049e-26;
0.62561;1.95135e-26;
0.62571;1.96051e-26;
0.62581;1.95133e-26;
0.62591;1.96053e-26;
0.62601;1.95131e-26;
0.62611;1.96055e-26;
0.62621;1.95129e-26;
0.62631;1.96056e-26;
0.62641;1.95126e-26;
0.62651;1.96058e-26;
0.62661;1.95124e-26;
0.62671;1.9606e-26;
0.62681;1.95122e-26;
0.62691;1.96062e-26;
0.62701;1.9512e-26;
0.62711;1.96064e-26;
0.62721;1.95118e-26;
0.62731;1.96066e-26;
0.62741;1.95116e-26;
0.62751;1.96068e-26;
0.62761;1.95114e-26;
0.62771;1.96069e-26;
0.62781;1.95112e-26;
0.62791;1.96071e-26;
0.62801;1.9511e-26;
0.62811;1.96073e-26;
0.62821;1.95108e-26;
0.62831;1.96075e-26;
0.62841;1.95106e-26;
0.62851;1.96077e-26;
0.62861;1.95104e-26;
0.62871;1.96079e-26;
0.62881;1.95102e-26;
0.62891;1.9608e-26;
0.62901;1.951e-26;
0.62911;1.96082e-26;
0.62921;1.95098e-26;
0.62931;1.96084e-26;
0.62941;1.95096e-26;
0.62951;1.96086e-26;
0.62961;1.95094e-26;
0.62971;1.96088e-26;
0.62981;1.95092e-26;
0.62991;1.9609e-26;
0.63001;1.9509e-26;
0.63011;1.96091e-26;
0.63021;1.95088e-26;
0.63031;1.96093e-26;
0.63041;1.95086e-26;
0.63051;1.96095e-26;
0.63061;1.95083e-26;
0.63071;1.96097e-26;
0.63081;1.95081e-26;
0.63091;1.96099e-26;
0.63101;1.95079e-26;
0.63111;1.96101e-26;
0.63121;1.95077e-26;
0.63131;1.96102e-26;
0.63141;1.95075e-26;
0.63151;1.96104e-26;
0.63161;1.95073e-26;
0.63171;1.96106e-26;
0.63181;1.95071e-26;
0.63191;1.96108e-26;
0.63201;1.95069e-26;
0.63211;1.9611e-26;
0.63221;1.95067e-26;
0.63231;1.96112e-26;
0.63241;1.95065e-26;
0.63251;1.96113e-26;
0.63261;1.95063e-26;
0.63271;1.96115e-26;
0.63281;1.95061e-26;
0.63291;1.96117e-26;
0.63301;1.95059e-26;
0.63311;1.96119e-26;
0.63321;1.95057e-26;
0.63331;1.96121e-26;
0.63341;1.95055e-26;
0.63351;1.96122e-26;
0.63361;1.95053e-26;
0.63371;1.96124e-26;
0.63381;1.95051e-26;
0.63391;1.96126e-26;
0.63401;1.95049e-26;
0.63411;1.96128e-26;
0.63421;1.95047e-26;
0.63431;1.9613e-26;
0.63441;1.95045e-26;
0.63451;1.96131e-26;
0.63461;1.95043e-26;
0.63471;1.96133e-26;
0.63481;1.95041e-26;
0.63491;1.96135e-26;
0.63501;1.95039e-26;
0.63511;1.96137e-26;
0.63521;1.95037e-26;
0.63531;1.96139e-26;
0.63541;1.95035e-26;
0.63551;1.9614e-26;
0.63561;1.95033e-26;
0.63571;1.96142e-26;
0.63581;1.95031e-26;
0.63591;1.96144e-26;
0.63601;1.95029e-26;
0.63611;1.96146e-26;
0.63621;1.95027e-26;
0.63631;1.96148e-26;
0.63641;1.95025e-26;
0.63651;1.96149e-26;
0.63661;1.95023e-26;
0.63671;1.96151e-26;
0.63681;1.95021e-26;
0.63691;1.96153e-26;
0.63701;1.95019e-26;
0.63711;1.96155e-26;
0.63721;1.95018e-26;
0.63731;1.96156e-26;
0.63741;1.95016e-26;
0.63751;1.96158e-26;
0.63761;1.95014e-26;
0.63771;1.9616e-26;
0.63781;1.95012e-26;
0.63791;1.96162e-26;
0.63801;1.9501e-26;
0.63811;1.96164e-26;
0.63821;1.95008e-26;
0.63831;1.96165e-26;
0.63841;1.95006e-26;
0.63851;1.96167e-26;
0.63861;1.95004e-26;
0.63871;1.96169e-26;
0.63881;1.95002e-26;
0.63891;1.96171e-26;
0.63901;1.95e-26;
0.63911;1.96172e-26;
0.63921;1.94998e-26;
0.63931;1.96174e-26;
0.63941;1.94996e-26;
0.63951;1.96176e-26;
0.63961;1.94994e-26;
0.63971;1.96178e-26;
0.63981;1.94992e-26;
0.63991;1.96179e-26;
0.64001;1.9499e-26;
0.64011;1.96181e-26;
0.64021;1.94988e-26;
0.64031;1.96183e-26;
0.64041;1.94986e-26;
0.64051;1.96185e-26;
0.64061;1.94984e-26;
0.64071;1.96186e-26;
0.64081;1.94982e-26;
0.64091;1.96188e-26;
0.64101;1.9498e-26;
0.64111;1.9619e-26;
0.64121;1.94978e-26;
0.64131;1.96192e-26;
0.64141;1.94977e-26;
0.64151;1.96193e-26;
0.64161;1.94975e-26;
0.64171;1.96195e-26;
0.64181;1.94973e-26;
0.64191;1.96197e-26;
0.64201;1.94971e-26;
0.64211;1.96199e-26;
0.64221;1.94969e-26;
0.64231;1.962e-26;
0.64241;1.94967e-26;
0.64251;1.96202e-26;
0.64261;1.94965e-26;
0.64271;1.96204e-26;
0.64281;1.94963e-26;
0.64291;1.96206e-26;
0.64301;1.94961e-26;
0.64311;1.96207e-26;
0.64321;1.94959e-26;
0.64331;1.96209e-26;
0.64341;1.94957e-26;
0.64351;1.96211e-26;
0.64361;1.94955e-26;
0.64371;1.96213e-26;
0.64381;1.94953e-26;
0.64391;1.96214e-26;
0.64401;1.94952e-26;
0.64411;1.96216e-26;
0.64421;1.9495e-26;
0.64431;1.96218e-26;
0.64441;1.94948e-26;
0.64451;1.9622e-26;
0.64461;1.94946e-26;
0.64471;1.96221e-26;
0.64481;1.94944e-26;
0.64491;1.96223e-26;
0.64501;1.94942e-26;
0.64511;1.96225e-26;
0.64521;1.9494e-26;
0.64531;1.96226e-26;
0.64541;1.94938e-26;
0.64551;1.96228e-26;
0.64561;1.94936e-26;
0.64571;1.9623e-26;
0.64581;1.94934e-26;
0.64591;1.96232e-26;
0.64601;1.94932e-26;
0.64611;1.96233e-26;
0.64621;1.94931e-26;
0.64631;1.96235e-26;
0.64641;1.94929e-26;
0.64651;1.96237e-26;
0.64661;1.94927e-26;
0.64671;1.96238e-26;
0.64681;1.94925e-26;
0.64691;1.9624e-26;
0.64701;1.94923e-26;
0.64711;1.96242e-26;
0.64721;1.94921e-26;
0.64731;1.96244e-26;
0.64741;1.94919e-26;
0.64751;1.96245e-26;
0.64761;1.94917e-26;
0.64771;1.96247e-26;
0.64781;1.94916e-26;
0.64791;1.96249e-26;
0.64801;1.94914e-26;
0.64811;1.9625e-26;
0.64821;1.94912e-26;
0.64831;1.96252e-26;
0.64841;1.9491e-26;
0.64851;1.96254e-26;
0.64861;1.94908e-26;
0.64871;1.96255e-26;
0.64881;1.94906e-26;
0.64891;1.96257e-26;
0.64901;1.94904e-26;
0.64911;1.96259e-26;
0.64921;1.94902e-26;
0.64931;1.96261e-26;
0.64941;1.94901e-26;
0.64951;1.96262e-26;
0.64961;1.94899e-26;
0.64971;1.96264e-26;
0.64981;1.94897e-26;
0.64991;1.96266e-26;
0.65001;1.94895e-26;
0.65011;1.96267e-26;
0.65021;1.94893e-26;
0.65031;1.96269e-26;
0.65041;1.94891e-26;
0.65051;1.96271e-26;
0.65061;1.94889e-26;
0.65071;1.96272e-26;
0.65081;1.94888e-26;
0.65091;1.96274e-26;
0.65101;1.94886e-26;
0.65111;1.96276e-26;
0.65121;1.94884e-26;
0.65131;1.96277e-26;
0.65141;1.94882e-26;
0.65151;1.96279e-26;
0.65161;1.9488e-26;
0.65171;1.96281e-26;
0.65181;1.94878e-26;
0.65191;1.96282e-26;
0.65201;1.94876e-26;
0.65211;1.96284e-26;
0.65221;1.94875e-26;
0.65231;1.96286e-26;
0.65241;1.94873e-26;
0.65251;1.96287e-26;
0.65261;1.94871e-26;
0.65271;1.96289e-26;
0.65281;1.94869e-26;
0.65291;1.96291e-26;
0.65301;1.94867e-26;
0.65311;1.96292e-26;
0.65321;1.94865e-26;
0.65331;1.96294e-26;
0.65341;1.94864e-26;
0.65351;1.96296e-26;
0.65361;1.94862e-26;
0.65371;1.96297e-26;
0.65381;1.9486e-26;
0.65391;1.96299e-26;
0.65401;1.94858e-26;
0.65411;1.96301e-26;
0.65421;1.94856e-26;
0.65431;1.96302e-26;
0.65441;1.94854e-26;
0.65451;1.96304e-26;
0.65461;1.94853e-26;
0.65471;1.96306e-26;
0.65481;1.94851e-26;
0.65491;1.96307e-26;
0.65501;1.94849e-26;
0.65511;1.96309e-26;
0.65521;1.94847e-26;
0.65531;1.96311e-26;
0.65541;1.94845e-26;
0.65551;1.96312e-26;
0.65561;1.94844e-26;
0.65571;1.96314e-26;
0.65581;1.94842e-26;
0.65591;1.96316e-26;
0.65601;1.9484e-26;
0.65611;1.96317e-26;
0.65621;1.94838e-26;
0.65631;1.96319e-26;
0.65641;1.94836e-26;
0.65651;1.9632e-26;
0.65661;1.94834e-26;
0.65671;1.96322e-26;
0.65681;1.94833e-26;
0.65691;1.96324e-26;
0.65701;1.94831e-26;
0.65711;1.96325e-26;
0.65721;1.94829e-26;
0.65731;1.96327e-26;
0.65741;1.94827e-26;
0.65751;1.96329e-26;
0.65761;1.94825e-26;
0.65771;1.9633e-26;
0.65781;1.94824e-26;
0.65791;1.96332e-26;
0.65801;1.94822e-26;
0.65811;1.96334e-26;
0.65821;1.9482e-26;
0.65831;1.96335e-26;
0.65841;1.94818e-26;
0.65851;1.96337e-26;
0.65861;1.94816e-26;
0.65871;1.96338e-26;
0.65881;1.94815e-26;
0.65891;1.9634e-26;
0.65901;1.94813e-26;
0.65911;1.96342e-26;
0.65921;1.94811e-26;
0.65931;1.96343e-26;
0.65941;1.94809e-26;
0.65951;1.96345e-26;
0.65961;1.94808e-26;
0.65971;1.96347e-26;
0.65981;1.94806e-26;
0.65991;1.96348e-26;
0.66001;1.94804e-26;
0.66011;1.9635e-26;
0.66021;1.94802e-26;
0.66031;1.96351e-26;
0.66041;1.948e-26;
0.66051;1.96353e-26;
0.66061;1.94799e-26;
0.66071;1.96355e-26;
0.66081;1.94797e-26;
0.66091;1.96356e-26;
0.66101;1.94795e-26;
0.66111;1.96358e-26;
0.66121;1.94793e-26;
0.66131;1.96359e-26;
0.66141;1.94792e-26;
0.66151;1.96361e-26;
0.66161;1.9479e-26;
0.66171;1.96363e-26;
0.66181;1.94788e-26;
0.66191;1.96364e-26;
0.66201;1.94786e-26;
0.66211;1.96366e-26;
0.66221;1.94785e-26;
0.66231;1.96367e-26;
0.66241;1.94783e-26;
0.66251;1.96369e-26;
0.66261;1.94781e-26;
0.66271;1.96371e-26;
0.66281;1.94779e-26;
0.66291;1.96372e-26;
0.66301;1.94778e-26;
0.66311;1.96374e-26;
0.66321;1.94776e-26;
0.66331;1.96375e-26;
0.66341;1.94774e-26;
0.66351;1.96377e-26;
0.66361;1.94772e-26;
0.66371;1.96379e-26;
0.66381;1.94771e-26;
0.66391;1.9638e-26;
0.66401;1.94769e-26;
0.66411;1.96382e-26;
0.66421;1.94767e-26;
0.66431;1.96383e-26;
0.66441;1.94765e-26;
0.66451;1.96385e-26;
0.66461;1.94764e-26;
0.66471;1.96387e-26;
0.66481;1.94762e-26;
0.66491;1.96388e-26;
0.66501;1.9476e-26;
0.66511;1.9639e-26;
0.66521;1.94758e-26;
0.66531;1.96391e-26;
0.66541;1.94757e-26;
0.66551;1.96393e-26;
0.66561;1.94755e-26;
0.66571;1.96394e-26;
0.66581;1.94753e-26;
0.66591;1.96396e-26;
0.66601;1.94751e-26;
0.66611;1.96398e-26;
0.66621;1.9475e-26;
0.66631;1.96399e-26;
0.66641;1.94748e-26;
0.66651;1.96401e-26;
0.66661;1.94746e-26;
0.66671;1.96402e-26;
0.66681;1.94745e-26;
0.66691;1.96404e-26;
0.66701;1.94743e-26;
0.66711;1.96405e-26;
0.66721;1.94741e-26;
0.66731;1.96407e-26;
0.66741;1.94739e-26;
0.66751;1.96409e-26;
0.66761;1.94738e-26;
0.66771;1.9641e-26;
0.66781;1.94736e-26;
0.66791;1.96412e-26;
0.66801;1.94734e-26;
0.66811;1.96413e-26;
0.66821;1.94733e-26;
0.66831;1.96415e-26;
0.66841;1.94731e-26;
0.66851;1.96416e-26;
0.66861;1.94729e-26;
0.66871;1.96418e-26;
0.66881;1.94727e-26;
0.66891;1.96419e-26;
0.66901;1.94726e-26;
0.66911;1.96421e-26;
0.66921;1.94724e-26;
0.66931;1.96423e-26;
0.66941;1.94722e-26;
0.66951;1.96424e-26;
0.66961;1.94721e-26;
0.66971;1.96426e-26;
0.66981;1.94719e-26;
0.66991;1.96427e-26;
0.67001;1.94717e-26;
0.67011;1.96429e-26;
0.67021;1.94715e-26;
0.67031;1.9643e-26;
0.67041;1.94714e-26;
0.67051;1.96432e-26;
0.67061;1.94712e-26;
0.67071;1.96433e-26;
0.67081;1.9471e-26;
0.67091;1.96435e-26;
0.67101;1.94709e-26;
0.67111;1.96436e-26;
0.67121;1.94707e-26;
0.67131;1.96438e-26;
0.67141;1.94705e-26;
0.67151;1.9644e-26;
0.67161;1.94704e-26;
0.67171;1.96441e-26;
0.67181;1.94702e-26;
0.67191;1.96443e-26;
0.67201;1.947e-26;
0.67211;1.96444e-26;
0.67221;1.94699e-26;
0.67231;1.96446e-26;
0.67241;1.94697e-26;
0.67251;1.96447e-26;
0.67261;1.94695e-26;
0.67271;1.96449e-26;
0.67281;1.94694e-26;
0.67291;1.9645e-26;
0.67301;1.94692e-26;
0.67311;1.96452e-26;
0.67321;1.9469e-26;
0.67331;1.96453e-26;
0.67341;1.94689e-26;
0.67351;1.96455e-26;
0.67361;1.94687e-26;
0.67371;1.96456e-26;
0.67381;1.94685e-26;
0.67391;1.96458e-26;
0.67401;1.94684e-26;
0.67411;1.96459e-26;
0.67421;1.94682e-26;
0.67431;1.96461e-26;
0.67441;1.9468e-26;
0.67451;1.96462e-26;
0.67461;1.94679e-26;
0.67471;1.96464e-26;
0.67481;1.94677e-26;
0.67491;1.96465e-26;
0.67501;1.94675e-26;
0.67511;1.96467e-26;
0.67521;1.94674e-26;
0.67531;1.96468e-26;
0.67541;1.94672e-26;
0.67551;1.9647e-26;
0.67561;1.9467e-26;
0.67571;1.96471e-26;
0.67581;1.94669e-26;
0.67591;1.96473e-26;
0.67601;1.94667e-26;
0.67611;1.96474e-26;
0.67621;1.94665e-26;
0.67631;1.96476e-26;
0.67641;1.94664e-26;
0.67651;1.96477e-26;
0.67661;1.94662e-26;
0.67671;1.96479e-26;
0.67681;1.9466e-26;
0.67691;1.9648e-26;
0.67701;1.94659e-26;
0.67711;1.96482e-26;
0.67721;1.94657e-26;
0.67731;1.96483e-26;
0.67741;1.94655e-26;
0.67751;1.96485e-26;
0.67761;1.94654e-26;
0.67771;1.96486e-26;
0.67781;1.94652e-26;
0.67791;1.96488e-26;
0.67801;1.94651e-26;
0.67811;1.96489e-26;
0.67821;1.94649e-26;
0.67831;1.96491e-26;
0.67841;1.94647e-26;
0.67851;1.96492e-26;
0.67861;1.94646e-26;
0.67871;1.96494e-26;
0.67881;1.94644e-26;
0.67891;1.96495e-26;
0.67901;1.94642e-26;
0.67911;1.96497e-26;
0.67921;1.94641e-26;
0.67931;1.96498e-26;
0.67941;1.94639e-26;
0.67951;1.965e-26;
0.67961;1.94638e-26;
0.67971;1.96501e-26;
0.67981;1.94636e-26;
0.67991;1.96503e-26;
0.68001;1.94634e-26;
0.68011;1.96504e-26;
0.68021;1.94633e-26;
0.68031;1.96506e-26;
0.68041;1.94631e-26;
0.68051;1.96507e-26;
0.68061;1.94629e-26;
0.68071;1.96509e-26;
0.68081;1.94628e-26;
0.68091;1.9651e-26;
0.68101;1.94626e-26;
0.68111;1.96512e-26;
0.68121;1.94625e-26;
0.68131;1.96513e-26;
0.68141;1.94623e-26;
0.68151;1.96515e-26;
0.68161;1.94621e-26;
0.68171;1.96516e-26;
0.68181;1.9462e-26;
0.68191;1.96518e-26;
0.68201;1.94618e-26;
0.68211;1.96519e-26;
0.68221;1.94617e-26;
0.68231;1.9652e-26;
0.68241;1.94615e-26;
0.68251;1.96522e-26;
0.68261;1.94613e-26;
0.68271;1.96523e-26;
0.68281;1.94612e-26;
0.68291;1.96525e-26;
0.68301;1.9461e-26;
0.68311;1.96526e-26;
0.68321;1.94609e-26;
0.68331;1.96528e-26;
0.68341;1.94607e-26;
0.68351;1.96529e-26;
0.68361;1.94605e-26;
0.68371;1.96531e-26;
0.68381;1.94604e-26;
0.68391;1.96532e-26;
0.68401;1.94602e-26;
0.68411;1.96534e-26;
0.68421;1.94601e-26;
0.68431;1.96535e-26;
0.68441;1.94599e-26;
0.68451;1.96536e-26;
0.68461;1.94598e-26;
0.68471;1.96538e-26;
0.68481;1.94596e-26;
0.68491;1.96539e-26;
0.68501;1.94594e-26;
0.68511;1.96541e-26;
0.68521;1.94593e-26;
0.68531;1.96542e-26;
0.68541;1.94591e-26;
0.68551;1.96544e-26;
0.68561;1.9459e-26;
0.68571;1.96545e-26;
0.68581;1.94588e-26;
0.68591;1.96547e-26;
0.68601;1.94586e-26;
0.68611;1.96548e-26;
0.68621;1.94585e-26;
0.68631;1.96549e-26;
0.68641;1.94583e-26;
0.68651;1.96551e-26;
0.68661;1.94582e-26;
0.68671;1.96552e-26;
0.68681;1.9458e-26;
0.68691;1.96554e-26;
0.68701;1.94579e-26;
0.68711;1.96555e-26;
0.68721;1.94577e-26;
0.68731;1.96557e-26;
0.68741;1.94576e-26;
0.68751;1.96558e-26;
0.68761;1.94574e-26;
0.68771;1.96559e-26;
0.68781;1.94572e-26;
0.68791;1.96561e-26;
0.68801;1.94571e-26;
0.68811;1.96562e-26;
0.68821;1.94569e-26;
0.68831;1.96564e-26;
0.68841;1.94568e-26;
0.68851;1.96565e-26;
0.68861;1.94566e-26;
0.68871;1.96567e-26;
0.68881;1.94565e-26;
0.68891;1.96568e-26;
0.68901;1.94563e-26;
0.68911;1.96569e-26;
0.68921;1.94562e-26;
0.68931;1.96571e-26;
0.68941;1.9456e-26;
0.68951;1.96572e-26;
0.68961;1.94558e-26;
0.68971;1.96574e-26;
0.68981;1.94557e-26;
0.68991;1.96575e-26;
0.69001;1.94555e-26;
0.69011;1.96576e-26;
0.69021;1.94554e-26;
0.69031;1.96578e-26;
0.69041;1.94552e-26;
0.69051;1.96579e-26;
0.69061;1.94551e-26;
0.69071;1.96581e-26;
0.69081;1.94549e-26;
0.69091;1.96582e-26;
0.69101;1.94548e-26;
0.69111;1.96584e-26;
0.69121;1.94546e-26;
0.69131;1.96585e-26;
0.69141;1.94545e-26;
0.69151;1.96586e-26;
0.69161;1.94543e-26;
0.69171;1.96588e-26;
0.69181;1.94542e-26;
0.69191;1.96589e-26;
0.69201;1.9454e-26;
0.69211;1.96591e-26;
0.69221;1.94538e-26;
0.69231;1.96592e-26;
0.69241;1.94537e-26;
0.69251;1.96593e-26;
0.69261;1.94535e-26;
0.69271;1.96595e-26;
0.69281;1.94534e-26;
0.69291;1.96596e-26;
0.69301;1.94532e-26;
0.69311;1.96597e-26;
0.69321;1.94531e-26;
0.69331;1.96599e-26;
0.69341;1.94529e-26;
0.69351;1.966e-26;
0.69361;1.94528e-26;
0.69371;1.96602e-26;
0.69381;1.94526e-26;
0.69391;1.96603e-26;
0.69401;1.94525e-26;
0.69411;1.96604e-26;
0.69421;1.94523e-26;
0.69431;1.96606e-26;
0.69441;1.94522e-26;
0.69451;1.96607e-26;
0.69461;1.9452e-26;
0.69471;1.96609e-26;
0.69481;1.94519e-26;
0.69491;1.9661e-26;
0.69501;1.94517e-26;
0.69511;1.96611e-26;
0.69521;1.94516e-26;
0.69531;1.96613e-26;
0.69541;1.94514e-26;
0.69551;1.96614e-26;
0.69561;1.94513e-26;
0.69571;1.96615e-26;
0.69581;1.94511e-26;
0.69591;1.96617e-26;
0.69601;1.9451e-26;
0.69611;1.96618e-26;
0.69621;1.94508e-26;
0.69631;1.9662e-26;
0.69641;1.94507e-26;
0.69651;1.96621e-26;
0.69661;1.94505e-26;
0.69671;1.96622e-26;
0.69681;1.94504e-26;
0.69691;1.96624e-26;
0.69701;1.94502e-26;
0.69711;1.96625e-26;
0.69721;1.94501e-26;
0.69731;1.96626e-26;
0.69741;1.94499e-26;
0.69751;1.96628e-26;
0.69761;1.94498e-26;
0.69771;1.96629e-26;
0.69781;1.94496e-26;
0.69791;1.96631e-26;
0.69801;1.94495e-26;
0.69811;1.96632e-26;
0.69821;1.94493e-26;
0.69831;1.96633e-26;
0.69841;1.94492e-26;
0.69851;1.96635e-26;
0.69861;1.9449e-26;
0.69871;1.96636e-26;
0.69881;1.94489e-26;
0.69891;1.96637e-26;
0.69901;1.94487e-26;
0.69911;1.96639e-26;
0.69921;1.94486e-26;
0.69931;1.9664e-26;
0.69941;1.94485e-26;
0.69951;1.96641e-26;
0.69961;1.94483e-26;
0.69971;1.96643e-26;
0.69981;1.94482e-26;
0.69991;1.96644e-26;
0.70001;1.9448e-26;
0.70011;1.96645e-26;
0.70021;1.94479e-26;
0.70031;1.96647e-26;
0.70041;1.94477e-26;
0.70051;1.96648e-26;
0.70061;1.94476e-26;
0.70071;1.96649e-26;
0.70081;1.94474e-26;
0.70091;1.96651e-26;
0.70101;1.94473e-26;
0.70111;1.96652e-26;
0.70121;1.94471e-26;
0.70131;1.96653e-26;
0.70141;1.9447e-26;
0.70151;1.96655e-26;
0.70161;1.94468e-26;
0.70171;1.96656e-26;
0.70181;1.94467e-26;
0.70191;1.96657e-26;
0.70201;1.94465e-26;
0.70211;1.96659e-26;
0.70221;1.94464e-26;
0.70231;1.9666e-26;
0.70241;1.94463e-26;
0.70251;1.96661e-26;
0.70261;1.94461e-26;
0.70271;1.96663e-26;
0.70281;1.9446e-26;
0.70291;1.96664e-26;
0.70301;1.94458e-26;
0.70311;1.96665e-26;
0.70321;1.94457e-26;
0.70331;1.96667e-26;
0.70341;1.94455e-26;
0.70351;1.96668e-26;
0.70361;1.94454e-26;
0.70371;1.96669e-26;
0.70381;1.94452e-26;
0.70391;1.96671e-26;
0.70401;1.94451e-26;
0.70411;1.96672e-26;
0.70421;1.9445e-26;
0.70431;1.96673e-26;
0.70441;1.94448e-26;
0.70451;1.96675e-26;
0.70461;1.94447e-26;
0.70471;1.96676e-26;
0.70481;1.94445e-26;
0.70491;1.96677e-26;
0.70501;1.94444e-26;
0.70511;1.96679e-26;
0.70521;1.94442e-26;
0.70531;1.9668e-26;
0.70541;1.94441e-26;
0.70551;1.96681e-26;
0.70561;1.9444e-26;
0.70571;1.96683e-26;
0.70581;1.94438e-26;
0.70591;1.96684e-26;
0.70601;1.94437e-26;
0.70611;1.96685e-26;
0.70621;1.94435e-26;
0.70631;1.96687e-26;
0.70641;1.94434e-26;
0.70651;1.96688e-26;
0.70661;1.94432e-26;
0.70671;1.96689e-26;
0.70681;1.94431e-26;
0.70691;1.9669e-26;
0.70701;1.9443e-26;
0.70711;1.96692e-26;
0.70721;1.94428e-26;
0.70731;1.96693e-26;
0.70741;1.94427e-26;
0.70751;1.96694e-26;
0.70761;1.94425e-26;
0.70771;1.96696e-26;
0.70781;1.94424e-26;
0.70791;1.96697e-26;
0.70801;1.94423e-26;
0.70811;1.96698e-26;
0.70821;1.94421e-26;
0.70831;1.967e-26;
0.70841;1.9442e-26;
0.70851;1.96701e-26;
0.70861;1.94418e-26;
0.70871;1.96702e-26;
0.70881;1.94417e-26;
0.70891;1.96703e-26;
0.70901;1.94415e-26;
0.70911;1.96705e-26;
0.70921;1.94414e-26;
0.70931;1.96706e-26;
0.70941;1.94413e-26;
0.70951;1.96707e-26;
0.70961;1.94411e-26;
0.70971;1.96709e-26;
0.70981;1.9441e-26;
0.70991;1.9671e-26;
0.71001;1.94408e-26;
0.71011;1.96711e-26;
0.71021;1.94407e-26;
0.71031;1.96712e-26;
0.71041;1.94406e-26;
0.71051;1.96714e-26;
0.71061;1.94404e-26;
0.71071;1.96715e-26;
0.71081;1.94403e-26;
0.71091;1.96716e-26;
0.71101;1.94402e-26;
0.71111;1.96718e-26;
0.71121;1.944e-26;
0.71131;1.96719e-26;
0.71141;1.94399e-26;
0.71151;1.9672e-26;
0.71161;1.94397e-26;
0.71171;1.96721e-26;
0.71181;1.94396e-26;
0.71191;1.96723e-26;
0.71201;1.94395e-26;
0.71211;1.96724e-26;
0.71221;1.94393e-26;
0.71231;1.96725e-26;
0.71241;1.94392e-26;
0.71251;1.96726e-26;
0.71261;1.9439e-26;
0.71271;1.96728e-26;
0.71281;1.94389e-26;
0.71291;1.96729e-26;
0.71301;1.94388e-26;
0.71311;1.9673e-26;
0.71321;1.94386e-26;
0.71331;1.96732e-26;
0.71341;1.94385e-26;
0.71351;1.96733e-26;
0.71361;1.94384e-26;
0.71371;1.96734e-26;
0.71381;1.94382e-26;
0.71391;1.96735e-26;
0.71401;1.94381e-26;
0.71411;1.96737e-26;
0.71421;1.94379e-26;
0.71431;1.96738e-26;
0.71441;1.94378e-26;
0.71451;1.96739e-26;
0.71461;1.94377e-26;
0.71471;1.9674e-26;
0.71481;1.94375e-26;
0.71491;1.96742e-26;
0.71501;1.94374e-26;
0.71511;1.96743e-26;
0.71521;1.94373e-26;
0.71531;1.96744e-26;
0.71541;1.94371e-26;
0.71551;1.96745e-26;
0.71561;1.9437e-26;
0.71571;1.96747e-26;
0.71581;1.94369e-26;
0.71591;1.96748e-26;
0.71601;1.94367e-26;
0.71611;1.96749e-26;
0.71621;1.94366e-26;
0.71631;1.9675e-26;
0.71641;1.94365e-26;
0.71651;1.96752e-26;
0.71661;1.94363e-26;
0.71671;1.96753e-26;
0.71681;1.94362e-26;
0.71691;1.96754e-26;
0.71701;1.9436e-26;
0.71711;1.96755e-26;
0.71721;1.94359e-26;
0.71731;1.96757e-26;
0.71741;1.94358e-26;
0.71751;1.96758e-26;
0.71761;1.94356e-26;
0.71771;1.96759e-26;
0.71781;1.94355e-26;
0.71791;1.9676e-26;
0.71801;1.94354e-26;
0.71811;1.96761e-26;
0.71821;1.94352e-26;
0.71831;1.96763e-26;
0.71841;1.94351e-26;
0.71851;1.96764e-26;
0.71861;1.9435e-26;
0.71871;1.96765e-26;
0.71881;1.94348e-26;
0.71891;1.96766e-26;
0.71901;1.94347e-26;
0.71911;1.96768e-26;
0.71921;1.94346e-26;
0.71931;1.96769e-26;
0.71941;1.94344e-26;
0.71951;1.9677e-26;
0.71961;1.94343e-26;
0.71971;1.96771e-26;
0.71981;1.94342e-26;
0.71991;1.96773e-26;
0.72001;1.9434e-26;
0.72011;1.96774e-26;
0.72021;1.94339e-26;
0.72031;1.96775e-26;
0.72041;1.94338e-26;
0.72051;1.96776e-26;
0.72061;1.94336e-26;
0.72071;1.96777e-26;
0.72081;1.94335e-26;
0.72091;1.96779e-26;
0.72101;1.94334e-26;
0.72111;1.9678e-26;
0.72121;1.94332e-26;
0.72131;1.96781e-26;
0.72141;1.94331e-26;
0.72151;1.96782e-26;
0.72161;1.9433e-26;
0.72171;1.96783e-26;
0.72181;1.94329e-26;
0.72191;1.96785e-26;
0.72201;1.94327e-26;
0.72211;1.96786e-26;
0.72221;1.94326e-26;
0.72231;1.96787e-26;
0.72241;1.94325e-26;
0.72251;1.96788e-26;
0.72261;1.94323e-26;
0.72271;1.9679e-26;
0.72281;1.94322e-26;
0.72291;1.96791e-26;
0.72301;1.94321e-26;
0.72311;1.96792e-26;
0.72321;1.94319e-26;
0.72331;1.96793e-26;
0.72341;1.94318e-26;
0.72351;1.96794e-26;
0.72361;1.94317e-26;
0.72371;1.96796e-26;
0.72381;1.94315e-26;
0.72391;1.96797e-26;
0.72401;1.94314e-26;
0.72411;1.96798e-26;
0.72421;1.94313e-26;
0.72431;1.96799e-26;
0.72441;1.94312e-26;
0.72451;1.968e-26;
0.72461;1.9431e-26;
0.72471;1.96802e-26;
0.72481;1.94309e-26;
0.72491;1.96803e-26;
0.72501;1.94308e-26;
0.72511;1.96804e-26;
0.72521;1.94306e-26;
0.72531;1.96805e-26;
0.72541;1.94305e-26;
0.72551;1.96806e-26;
0.72561;1.94304e-26;
0.72571;1.96807e-26;
0.72581;1.94303e-26;
0.72591;1.96809e-26;
0.72601;1.94301e-26;
0.72611;1.9681e-26;
0.72621;1.943e-26;
0.72631;1.96811e-26;
0.72641;1.94299e-26;
0.72651;1.96812e-26;
0.72661;1.94297e-26;
0.72671;1.96813e-26;
0.72681;1.94296e-26;
0.72691;1.96815e-26;
0.72701;1.94295e-26;
0.72711;1.96816e-26;
0.72721;1.94294e-26;
0.72731;1.96817e-26;
0.72741;1.94292e-26;
0.72751;1.96818e-26;
0.72761;1.94291e-26;
0.72771;1.96819e-26;
0.72781;1.9429e-26;
0.72791;1.9682e-26;
0.72801;1.94288e-26;
0.72811;1.96822e-26;
0.72821;1.94287e-26;
0.72831;1.96823e-26;
0.72841;1.94286e-26;
0.72851;1.96824e-26;
0.72861;1.94285e-26;
0.72871;1.96825e-26;
0.72881;1.94283e-26;
0.72891;1.96826e-26;
0.72901;1.94282e-26;
0.72911;1.96828e-26;
0.72921;1.94281e-26;
0.72931;1.96829e-26;
0.72941;1.9428e-26;
0.72951;1.9683e-26;
0.72961;1.94278e-26;
0.72971;1.96831e-26;
0.72981;1.94277e-26;
0.72991;1.96832e-26;
0.73001;1.94276e-26;
0.73011;1.96833e-26;
0.73021;1.94275e-26;
0.73031;1.96835e-26;
0.73041;1.94273e-26;
0.73051;1.96836e-26;
0.73061;1.94272e-26;
0.73071;1.96837e-26;
0.73081;1.94271e-26;
0.73091;1.96838e-26;
0.73101;1.94269e-26;
0.73111;1.96839e-26;
0.73121;1.94268e-26;
0.73131;1.9684e-26;
0.73141;1.94267e-26;
0.73151;1.96841e-26;
0.73161;1.94266e-26;
0.73171;1.96843e-26;
0.73181;1.94264e-26;
0.73191;1.96844e-26;
0.73201;1.94263e-26;
0.73211;1.96845e-26;
0.73221;1.94262e-26;
0.73231;1.96846e-26;
0.73241;1.94261e-26;
0.73251;1.96847e-26;
0.73261;1.9426e-26;
0.73271;1.96848e-26;
0.73281;1.94258e-26;
0.73291;1.96849e-26;
0.73301;1.94257e-26;
0.73311;1.96851e-26;
0.73321;1.94256e-26;
0.73331;1.96852e-26;
0.73341;1.94255e-26;
0.73351;1.96853e-26;
0.73361;1.94253e-26;
0.73371;1.96854e-26;
0.73381;1.94252e-26;
0.73391;1.96855e-26;
0.73401;1.94251e-26;
0.73411;1.96856e-26;
0.73421;1.9425e-26;
0.73431;1.96857e-26;
0.73441;1.94248e-26;
0.73451;1.96859e-26;
0.73461;1.94247e-26;
0.73471;1.9686e-26;
0.73481;1.94246e-26;
0.73491;1.96861e-26;
0.73501;1.94245e-26;
0.73511;1.96862e-26;
0.73521;1.94243e-26;
0.73531;1.96863e-26;
0.73541;1.94242e-26;
0.73551;1.96864e-26;
0.73561;1.94241e-26;
0.73571;1.96865e-26;
0.73581;1.9424e-26;
0.73591;1.96867e-26;
0.73601;1.94239e-26;
0.73611;1.96868e-26;
0.73621;1.94237e-26;
0.73631;1.96869e-26;
0.73641;1.94236e-26;
0.73651;1.9687e-26;
0.73661;1.94235e-26;
0.73671;1.96871e-26;
0.73681;1.94234e-26;
0.73691;1.96872e-26;
0.73701;1.94233e-26;
0.73711;1.96873e-26;
0.73721;1.94231e-26;
0.73731;1.96874e-26;
0.73741;1.9423e-26;
0.73751;1.96876e-26;
0.73761;1.94229e-26;
0.73771;1.96877e-26;
0.73781;1.94228e-26;
0.73791;1.96878e-26;
0.73801;1.94226e-26;
0.73811;1.96879e-26;
0.73821;1.94225e-26;
0.73831;1.9688e-26;
0.73841;1.94224e-26;
0.73851;1.96881e-26;
0.73861;1.94223e-26;
0.73871;1.96882e-26;
0.73881;1.94222e-26;
0.73891;1.96883e-26;
0.73901;1.9422e-26;
0.73911;1.96884e-26;
0.73921;1.94219e-26;
0.73931;1.96886e-26;
0.73941;1.94218e-26;
0.73951;1.96887e-26;
0.73961;1.94217e-26;
0.73971;1.96888e-26;
0.73981;1.94216e-26;
0.73991;1.96889e-26;
0.74001;1.94214e-26;
0.74011;1.9689e-26;
0.74021;1.94213e-26;
0.74031;1.96891e-26;
0.74041;1.94212e-26;
0.74051;1.96892e-26;
0.74061;1.94211e-26;
0.74071;1.96893e-26;
0.74081;1.9421e-26;
0.74091;1.96894e-26;
0.74101;1.94209e-26;
0.74111;1.96895e-26;
0.74121;1.94207e-26;
0.74131;1.96897e-26;
0.74141;1.94206e-26;
0.74151;1.96898e-26;
0.74161;1.94205e-26;
0.74171;1.96899e-26;
0.74181;1.94204e-26;
0.74191;1.969e-26;
0.74201;1.94203e-26;
0.74211;1.96901e-26;
0.74221;1.94201e-26;
0.74231;1.96902e-26;
0.74241;1.942e-26;
0.74251;1.96903e-26;
0.74261;1.94199e-26;
0.74271;1.96904e-26;
0.74281;1.94198e-26;
0.74291;1.96905e-26;
0.74301;1.94197e-26;
0.74311;1.96906e-26;
0.74321;1.94196e-26;
0.74331;1.96907e-26;
0.74341;1.94194e-26;
0.74351;1.96909e-26;
0.74361;1.94193e-26;
0.74371;1.9691e-26;
0.74381;1.94192e-26;
0.74391;1.96911e-26;
0.74401;1.94191e-26;
0.74411;1.96912e-26;
0.74421;1.9419e-26;
0.74431;1.96913e-26;
0.74441;1.94189e-26;
0.74451;1.96914e-26;
0.74461;1.94187e-26;
0.74471;1.96915e-26;
0.74481;1.94186e-26;
0.74491;1.96916e-26;
0.74501;1.94185e-26;
0.74511;1.96917e-26;
0.74521;1.94184e-26;
0.74531;1.96918e-26;
0.74541;1.94183e-26;
0.74551;1.96919e-26;
0.74561;1.94182e-26;
0.74571;1.9692e-26;
0.74581;1.9418e-26;
0.74591;1.96921e-26;
0.74601;1.94179e-26;
0.74611;1.96923e-26;
0.74621;1.94178e-26;
0.74631;1.96924e-26;
0.74641;1.94177e-26;
0.74651;1.96925e-26;
0.74661;1.94176e-26;
0.74671;1.96926e-26;
0.74681;1.94175e-26;
0.74691;1.96927e-26;
0.74701;1.94173e-26;
0.74711;1.96928e-26;
0.74721;1.94172e-26;
0.74731;1.96929e-26;
0.74741;1.94171e-26;
0.74751;1.9693e-26;
0.74761;1.9417e-26;
0.74771;1.96931e-26;
0.74781;1.94169e-26;
0.74791;1.96932e-26;
0.74801;1.94168e-26;
0.74811;1.96933e-26;
0.74821;1.94167e-26;
0.74831;1.96934e-26;
0.74841;1.94165e-26;
0.74851;1.96935e-26;
0.74861;1.94164e-26;
0.74871;1.96936e-26;
0.74881;1.94163e-26;
0.74891;1.96937e-26;
0.74901;1.94162e-26;
0.74911;1.96938e-26;
0.74921;1.94161e-26;
0.74931;1.9694e-26;
0.74941;1.9416e-26;
0.74951;1.96941e-26;
0.74961;1.94159e-26;
0.74971;1.96942e-26;
0.74981;1.94158e-26;
0.74991;1.96943e-26;
0.75001;1.94156e-26;
0.75011;1.96944e-26;
0.75021;1.94155e-26;
0.75031;1.96945e-26;
0.75041;1.94154e-26;
0.75051;1.96946e-26;
0.75061;1.94153e-26;
0.75071;1.96947e-26;
0.75081;1.94152e-26;
0.75091;1.96948e-26;
0.75101;1.94151e-26;
0.75111;1.96949e-26;
0.75121;1.9415e-26;
0.75131;1.9695e-26;
0.75141;1.94149e-26;
0.75151;1.96951e-26;
0.75161;1.94147e-26;
0.75171;1.96952e-26;
0.75181;1.94146e-26;
0.75191;1.96953e-26;
0.75201;1.94145e-26;
0.75211;1.96954e-26;
0.75221;1.94144e-26;
0.75231;1.96955e-26;
0.75241;1.94143e-26;
0.75251;1.96956e-26;
0.75261;1.94142e-26;
0.75271;1.96957e-26;
0.75281;1.94141e-26;
0.75291;1.96958e-26;
0.75301;1.9414e-26;
0.75311;1.96959e-26;
0.75321;1.94138e-26;
0.75331;1.9696e-26;
0.75341;1.94137e-26;
0.75351;1.96961e-26;
0.75361;1.94136e-26;
0.75371;1.96962e-26;
0.75381;1.94135e-26;
0.75391;1.96963e-26;
0.75401;1.94134e-26;
0.75411;1.96964e-26;
0.75421;1.94133e-26;
0.75431;1.96965e-26;
0.75441;1.94132e-26;
0.75451;1.96966e-26;
0.75461;1.94131e-26;
0.75471;1.96967e-26;
0.75481;1.9413e-26;
0.75491;1.96968e-26;
0.75501;1.94129e-26;
0.75511;1.9697e-26;
0.75521;1.94127e-26;
0.75531;1.96971e-26;
0.75541;1.94126e-26;
0.75551;1.96972e-26;
0.75561;1.94125e-26;
0.75571;1.96973e-26;
0.75581;1.94124e-26;
0.75591;1.96974e-26;
0.75601;1.94123e-26;
0.75611;1.96975e-26;
0.75621;1.94122e-26;
0.75631;1.96976e-26;
0.75641;1.94121e-26;
0.75651;1.96977e-26;
0.75661;1.9412e-26;
0.75671;1.96978e-26;
0.75681;1.94119e-26;
0.75691;1.96979e-26;
0.75701;1.94118e-26;
0.75711;1.9698e-26;
0.75721;1.94117e-26;
0.75731;1.96981e-26;
0.75741;1.94115e-26;
0.75751;1.96982e-26;
0.75761;1.94114e-26;
0.75771;1.96983e-26;
0.75781;1.94113e-26;
0.75791;1.96984e-26;
0.75801;1.94112e-26;
0.75811;1.96985e-26;
0.75821;1.94111e-26;
0.75831;1.96986e-26;
0.75841;1.9411e-26;
0.75851;1.96987e-26;
0.75861;1.94109e-26;
0.75871;1.96988e-26;
0.75881;1.94108e-26;
0.75891;1.96989e-26;
0.75901;1.94107e-26;
0.75911;1.9699e-26;
0.75921;1.94106e-26;
0.75931;1.96991e-26;
0.75941;1.94105e-26;
0.75951;1.96992e-26;
0.75961;1.94104e-26;
0.75971;1.96993e-26;
0.75981;1.94103e-26;
0.75991;1.96994e-26;
0.76001;1.94101e-26;
0.76011;1.96995e-26;
0.76021;1.941e-26;
0.76031;1.96996e-26;
0.76041;1.94099e-26;
0.76051;1.96997e-26;
0.76061;1.94098e-26;
0.76071;1.96998e-26;
0.76081;1.94097e-26;
0.76091;1.96999e-26;
0.76101;1.94096e-26;
0.76111;1.97e-26;
0.76121;1.94095e-26;
0.76131;1.97001e-26;
0.76141;1.94094e-26;
0.76151;1.97002e-26;
0.76161;1.94093e-26;
0.76171;1.97003e-26;
0.76181;1.94092e-26;
0.76191;1.97003e-26;
0.76201;1.94091e-26;
0.76211;1.97004e-26;
0.76221;1.9409e-26;
0.76231;1.97005e-26;
0.76241;1.94089e-26;
0.76251;1.97006e-26;
0.76261;1.94088e-26;
0.76271;1.97007e-26;
0.76281;1.94087e-26;
0.76291;1.97008e-26;
0.76301;1.94086e-26;
0.76311;1.97009e-26;
0.76321;1.94085e-26;
0.76331;1.9701e-26;
0.76341;1.94083e-26;
0.76351;1.97011e-26;
0.76361;1.94082e-26;
0.76371;1.97012e-26;
0.76381;1.94081e-26;
0.76391;1.97013e-26;
0.76401;1.9408e-26;
0.76411;1.97014e-26;
0.76421;1.94079e-26;
0.76431;1.97015e-26;
0.76441;1.94078e-26;
0.76451;1.97016e-26;
0.76461;1.94077e-26;
0.76471;1.97017e-26;
0.76481;1.94076e-26;
0.76491;1.97018e-26;
0.76501;1.94075e-26;
0.76511;1.97019e-26;
0.76521;1.94074e-26;
0.76531;1.9702e-26;
0.76541;1.94073e-26;
0.76551;1.97021e-26;
0.76561;1.94072e-26;
0.76571;1.97022e-26;
0.76581;1.94071e-26;
0.76591;1.97023e-26;
0.76601;1.9407e-26;
0.76611;1.97024e-26;
0.76621;1.94069e-26;
0.76631;1.97025e-26;
0.76641;1.94068e-26;
0.76651;1.97026e-26;
0.76661;1.94067e-26;
0.76671;1.97027e-26;
0.76681;1.94066e-26;
0.76691;1.97028e-26;
0.76701;1.94065e-26;
0.76711;1.97029e-26;
0.76721;1.94064e-26;
0.76731;1.9703e-26;
0.76741;1.94063e-26;
0.76751;1.97031e-26;
0.76761;1.94062e-26;
0.76771;1.97031e-26;
0.76781;1.94061e-26;
0.76791;1.97032e-26;
0.76801;1.9406e-26;
0.76811;1.97033e-26;
0.76821;1.94059e-26;
0.76831;1.97034e-26;
0.76841;1.94058e-26;
0.76851;1.97035e-26;
0.76861;1.94057e-26;
0.76871;1.97036e-26;
0.76881;1.94056e-26;
0.76891;1.97037e-26;
0.76901;1.94055e-26;
0.76911;1.97038e-26;
0.76921;1.94054e-26;
0.76931;1.97039e-26;
0.76941;1.94053e-26;
0.76951;1.9704e-26;
0.76961;1.94052e-26;
0.76971;1.97041e-26;
0.76981;1.94051e-26;
0.76991;1.97042e-26;
0.77001;1.9405e-26;
0.77011;1.97043e-26;
0.77021;1.94049e-26;
0.77031;1.97044e-26;
0.77041;1.94048e-26;
0.77051;1.97045e-26;
0.77061;1.94047e-26;
0.77071;1.97046e-26;
0.77081;1.94046e-26;
0.77091;1.97047e-26;
0.77101;1.94045e-26;
0.77111;1.97047e-26;
0.77121;1.94044e-26;
0.77131;1.97048e-26;
0.77141;1.94043e-26;
0.77151;1.97049e-26;
0.77161;1.94042e-26;
0.77171;1.9705e-26;
0.77181;1.94041e-26;
0.77191;1.97051e-26;
0.77201;1.9404e-26;
0.77211;1.97052e-26;
0.77221;1.94039e-26;
0.77231;1.97053e-26;
0.77241;1.94038e-26;
0.77251;1.97054e-26;
0.77261;1.94037e-26;
0.77271;1.97055e-26;
0.77281;1.94036e-26;
0.77291;1.97056e-26;
0.77301;1.94035e-26;
0.77311;1.97057e-26;
0.77321;1.94034e-26;
0.77331;1.97058e-26;
0.77341;1.94033e-26;
0.77351;1.97059e-26;
0.77361;1.94032e-26;
0.77371;1.97059e-26;
0.77381;1.94031e-26;
0.77391;1.9706e-26;
0.77401;1.9403e-26;
0.77411;1.97061e-26;
0.77421;1.94029e-26;
0.77431;1.97062e-26;
0.77441;1.94028e-26;
0.77451;1.97063e-26;
0.77461;1.94027e-26;
0.77471;1.97064e-26;
0.77481;1.94026e-26;
0.77491;1.97065e-26;
0.77501;1.94025e-26;
0.77511;1.97066e-26;
0.77521;1.94024e-26;
0.77531;1.97067e-26;
0.77541;1.94023e-26;
0.77551;1.97068e-26;
0.77561;1.94022e-26;
0.77571;1.97069e-26;
0.77581;1.94021e-26;
0.77591;1.97069e-26;
0.77601;1.9402e-26;
0.77611;1.9707e-26;
0.77621;1.94019e-26;
0.77631;1.97071e-26;
0.77641;1.94018e-26;
0.77651;1.97072e-26;
0.77661;1.94017e-26;
0.77671;1.97073e-26;
0.77681;1.94016e-26;
0.77691;1.97074e-26;
0.77701;1.94015e-26;
0.77711;1.97075e-26;
0.77721;1.94014e-26;
0.77731;1.97076e-26;
0.77741;1.94013e-26;
0.77751;1.97077e-26;
0.77761;1.94012e-26;
0.77771;1.97078e-26;
0.77781;1.94011e-26;
0.77791;1.97078e-26;
0.77801;1.9401e-26;
0.77811;1.97079e-26;
0.77821;1.94009e-26;
0.77831;1.9708e-26;
0.77841;1.94008e-26;
0.77851;1.97081e-26;
0.77861;1.94007e-26;
0.77871;1.97082e-26;
0.77881;1.94006e-26;
0.77891;1.97083e-26;
0.77901;1.94005e-26;
0.77911;1.97084e-26;
0.77921;1.94004e-26;
0.77931;1.97085e-26;
0.77941;1.94003e-26;
0.77951;1.97086e-26;
0.77961;1.94003e-26;
0.77971;1.97086e-26;
0.77981;1.94002e-26;
0.77991;1.97087e-26;
0.78001;1.94001e-26;
0.78011;1.97088e-26;
0.78021;1.94e-26;
0.78031;1.97089e-26;
0.78041;1.93999e-26;
0.78051;1.9709e-26;
0.78061;1.93998e-26;
0.78071;1.97091e-26;
0.78081;1.93997e-26;
0.78091;1.97092e-26;
0.78101;1.93996e-26;
0.78111;1.97093e-26;
0.78121;1.93995e-26;
0.78131;1.97094e-26;
0.78141;1.93994e-26;
0.78151;1.97094e-26;
0.78161;1.93993e-26;
0.78171;1.97095e-26;
0.78181;1.93992e-26;
0.78191;1.97096e-26;
0.78201;1.93991e-26;
0.78211;1.97097e-26;
0.78221;1.9399e-26;
0.78231;1.97098e-26;
0.78241;1.93989e-26;
0.78251;1.97099e-26;
0.78261;1.93988e-26;
0.78271;1.971e-26;
0.78281;1.93987e-26;
0.78291;1.97101e-26;
0.78301;1.93987e-26;
0.78311;1.97101e-26;
0.78321;1.93986e-26;
0.78331;1.97102e-26;
0.78341;1.93985e-26;
0.78351;1.97103e-26;
0.78361;1.93984e-26;
0.78371;1.97104e-26;
0.78381;1.93983e-26;
0.78391;1.97105e-26;
0.78401;1.93982e-26;
0.78411;1.97106e-26;
0.78421;1.93981e-26;
0.78431;1.97107e-26;
0.78441;1.9398e-26;
0.78451;1.97107e-26;
0.78461;1.93979e-26;
0.78471;1.97108e-26;
0.78481;1.93978e-26;
0.78491;1.97109e-26;
0.78501;1.93977e-26;
0.78511;1.9711e-26;
0.78521;1.93976e-26;
0.78531;1.97111e-26;
0.78541;1.93975e-26;
0.78551;1.97112e-26;
0.78561;1.93975e-26;
0.78571;1.97113e-26;
0.78581;1.93974e-26;
0.78591;1.97113e-26;
0.78601;1.93973e-26;
0.78611;1.97114e-26;
0.78621;1.93972e-26;
0.78631;1.97115e-26;
0.78641;1.93971e-26;
0.78651;1.97116e-26;
0.78661;1.9397e-26;
0.78671;1.97117e-26;
0.78681;1.93969e-26;
0.78691;1.97118e-26;
0.78701;1.93968e-26;
0.78711;1.97119e-26;
0.78721;1.93967e-26;
0.78731;1.97119e-26;
0.78741;1.93966e-26;
0.78751;1.9712e-26;
0.78761;1.93965e-26;
0.78771;1.97121e-26;
0.78781;1.93964e-26;
0.78791;1.97122e-26;
0.78801;1.93964e-26;
0.78811;1.97123e-26;
0.78821;1.93963e-26;
0.78831;1.97124e-26;
0.78841;1.93962e-26;
0.78851;1.97124e-26;
0.78861;1.93961e-26;
0.78871;1.97125e-26;
0.78881;1.9396e-26;
0.78891;1.97126e-26;
0.78901;1.93959e-26;
0.78911;1.97127e-26;
0.78921;1.93958e-26;
0.78931;1.97128e-26;
0.78941;1.93957e-26;
0.78951;1.97129e-26;
0.78961;1.93956e-26;
0.78971;1.97129e-26;
0.78981;1.93955e-26;
0.78991;1.9713e-26;
0.79001;1.93955e-26;
0.79011;1.97131e-26;
0.79021;1.93954e-26;
0.79031;1.97132e-26;
0.79041;1.93953e-26;
0.79051;1.97133e-26;
0.79061;1.93952e-26;
0.79071;1.97134e-26;
0.79081;1.93951e-26;
0.79091;1.97134e-26;
0.79101;1.9395e-26;
0.79111;1.97135e-26;
0.79121;1.93949e-26;
0.79131;1.97136e-26;
0.79141;1.93948e-26;
0.79151;1.97137e-26;
0.79161;1.93947e-26;
0.79171;1.97138e-26;
0.79181;1.93947e-26;
0.79191;1.97139e-26;
0.79201;1.93946e-26;
0.79211;1.97139e-26;
0.79221;1.93945e-26;
0.79231;1.9714e-26;
0.79241;1.93944e-26;
0.79251;1.97141e-26;
0.79261;1.93943e-26;
0.79271;1.97142e-26;
0.79281;1.93942e-26;
0.79291;1.97143e-26;
0.79301;1.93941e-26;
0.79311;1.97143e-26;
0.79321;1.9394e-26;
0.79331;1.97144e-26;
0.79341;1.9394e-26;
0.79351;1.97145e-26;
0.79361;1.93939e-26;
0.79371;1.97146e-26;
0.79381;1.93938e-26;
0.79391;1.97147e-26;
0.79401;1.93937e-26;
0.79411;1.97148e-26;
0.79421;1.93936e-26;
0.79431;1.97148e-26;
0.79441;1.93935e-26;
0.79451;1.97149e-26;
0.79461;1.93934e-26;
0.79471;1.9715e-26;
0.79481;1.93933e-26;
0.79491;1.97151e-26;
0.79501;1.93933e-26;
0.79511;1.97152e-26;
0.79521;1.93932e-26;
0.79531;1.97152e-26;
0.79541;1.93931e-26;
0.79551;1.97153e-26;
0.79561;1.9393e-26;
0.79571;1.97154e-26;
0.79581;1.93929e-26;
0.79591;1.97155e-26;
0.79601;1.93928e-26;
0.79611;1.97156e-26;
0.79621;1.93927e-26;
0.79631;1.97156e-26;
0.79641;1.93927e-26;
0.79651;1.97157e-26;
0.79661;1.93926e-26;
0.79671;1.97158e-26;
0.79681;1.93925e-26;
0.79691;1.97159e-26;
0.79701;1.93924e-26;
0.79711;1.9716e-26;
0.79721;1.93923e-26;
0.79731;1.9716e-26;
0.79741;1.93922e-26;
0.79751;1.97161e-26;
0.79761;1.93921e-26;
0.79771;1.97162e-26;
0.79781;1.93921e-26;
0.79791;1.97163e-26;
0.79801;1.9392e-26;
0.79811;1.97164e-26;
0.79821;1.93919e-26;
0.79831;1.97164e-26;
0.79841;1.93918e-26;
0.79851;1.97165e-26;
0.79861;1.93917e-26;
0.79871;1.97166e-26;
0.79881;1.93916e-26;
0.79891;1.97167e-26;
0.79901;1.93916e-26;
0.79911;1.97168e-26;
0.79921;1.93915e-26;
0.79931;1.97168e-26;
0.79941;1.93914e-26;
0.79951;1.97169e-26;
0.79961;1.93913e-26;
0.79971;1.9717e-26;
0.79981;1.93912e-26;
0.79991;1.97171e-26;
0.80001;1.93911e-26;
0.80011;1.97171e-26;
0.80021;1.9391e-26;
0.80031;1.97172e-26;
0.80041;1.9391e-26;
0.80051;1.97173e-26;
0.80061;1.93909e-26;
0.80071;1.97174e-26;
0.80081;1.93908e-26;
0.80091;1.97175e-26;
0.80101;1.93907e-26;
0.80111;1.97175e-26;
0.80121;1.93906e-26;
0.80131;1.97176e-26;
0.80141;1.93905e-26;
0.80151;1.97177e-26;
0.80161;1.93905e-26;
0.80171;1.97178e-26;
0.80181;1.93904e-26;
0.80191;1.97178e-26;
0.80201;1.93903e-26;
0.80211;1.97179e-26;
0.80221;1.93902e-26;
0.80231;1.9718e-26;
0.80241;1.93901e-26;
0.80251;1.97181e-26;
0.80261;1.93901e-26;
0.80271;1.97182e-26;
0.80281;1.939e-26;
0.80291;1.97182e-26;
0.80301;1.93899e-26;
0.80311;1.97183e-26;
0.80321;1.93898e-26;
0.80331;1.97184e-26;
0.80341;1.93897e-26;
0.80351;1.97185e-26;
0.80361;1.93896e-26;
0.80371;1.97185e-26;
0.80381;1.93896e-26;
0.80391;1.97186e-26;
0.80401;1.93895e-26;
0.80411;1.97187e-26;
0.80421;1.93894e-26;
0.80431;1.97188e-26;
0.80441;1.93893e-26;
0.80451;1.97188e-26;
0.80461;1.93892e-26;
0.80471;1.97189e-26;
0.80481;1.93892e-26;
0.80491;1.9719e-26;
0.80501;1.93891e-26;
0.80511;1.97191e-26;
0.80521;1.9389e-26;
0.80531;1.97191e-26;
0.80541;1.93889e-26;
0.80551;1.97192e-26;
0.80561;1.93888e-26;
0.80571;1.97193e-26;
0.80581;1.93887e-26;
0.80591;1.97194e-26;
0.80601;1.93887e-26;
0.80611;1.97194e-26;
0.80621;1.93886e-26;
0.80631;1.97195e-26;
0.80641;1.93885e-26;
0.80651;1.97196e-26;
0.80661;1.93884e-26;
0.80671;1.97197e-26;
0.80681;1.93883e-26;
0.80691;1.97197e-26;
0.80701;1.93883e-26;
0.80711;1.97198e-26;
0.80721;1.93882e-26;
0.80731;1.97199e-26;
0.80741;1.93881e-26;
0.80751;1.972e-26;
0.80761;1.9388e-26;
0.80771;1.972e-26;
0.80781;1.93879e-26;
0.80791;1.97201e-26;
0.80801;1.93879e-26;
0.80811;1.97202e-26;
0.80821;1.93878e-26;
0.80831;1.97203e-26;
0.80841;1.93877e-26;
0.80851;1.97203e-26;
0.80861;1.93876e-26;
0.80871;1.97204e-26;
0.80881;1.93875e-26;
0.80891;1.97205e-26;
0.80901;1.93875e-26;
0.80911;1.97206e-26;
0.80921;1.93874e-26;
0.80931;1.97206e-26;
0.80941;1.93873e-26;
0.80951;1.97207e-26;
0.80961;1.93872e-26;
0.80971;1.97208e-26;
0.80981;1.93872e-26;
0.80991;1.97209e-26;
0.81001;1.93871e-26;
0.81011;1.97209e-26;
0.81021;1.9387e-26;
0.81031;1.9721e-26;
0.81041;1.93869e-26;
0.81051;1.97211e-26;
0.81061;1.93868e-26;
0.81071;1.97212e-26;
0.81081;1.93868e-26;
0.81091;1.97212e-26;
0.81101;1.93867e-26;
0.81111;1.97213e-26;
0.81121;1.93866e-26;
0.81131;1.97214e-26;
0.81141;1.93865e-26;
0.81151;1.97214e-26;
0.81161;1.93865e-26;
0.81171;1.97215e-26;
0.81181;1.93864e-26;
0.81191;1.97216e-26;
0.81201;1.93863e-26;
0.81211;1.97217e-26;
0.81221;1.93862e-26;
0.81231;1.97217e-26;
0.81241;1.93861e-26;
0.81251;1.97218e-26;
0.81261;1.93861e-26;
0.81271;1.97219e-26;
0.81281;1.9386e-26;
0.81291;1.97219e-26;
0.81301;1.93859e-26;
0.81311;1.9722e-26;
0.81321;1.93858e-26;
0.81331;1.97221e-26;
0.81341;1.93858e-26;
0.81351;1.97222e-26;
0.81361;1.93857e-26;
0.81371;1.97222e-26;
0.81381;1.93856e-26;
0.81391;1.97223e-26;
0.81401;1.93855e-26;
0.81411;1.97224e-26;
0.81421;1.93854e-26;
0.81431;1.97224e-26;
0.81441;1.93854e-26;
0.81451;1.97225e-26;
0.81461;1.93853e-26;
0.81471;1.97226e-26;
0.81481;1.93852e-26;
0.81491;1.97227e-26;
0.81501;1.93851e-26;
0.81511;1.97227e-26;
0.81521;1.93851e-26;
0.81531;1.97228e-26;
0.81541;1.9385e-26;
0.81551;1.97229e-26;
0.81561;1.93849e-26;
0.81571;1.97229e-26;
0.81581;1.93848e-26;
0.81591;1.9723e-26;
0.81601;1.93848e-26;
0.81611;1.97231e-26;
0.81621;1.93847e-26;
0.81631;1.97231e-26;
0.81641;1.93846e-26;
0.81651;1.97232e-26;
0.81661;1.93845e-26;
0.81671;1.97233e-26;
0.81681;1.93845e-26;
0.81691;1.97234e-26;
0.81701;1.93844e-26;
0.81711;1.97234e-26;
0.81721;1.93843e-26;
0.81731;1.97235e-26;
0.81741;1.93842e-26;
0.81751;1.97236e-26;
0.81761;1.93842e-26;
0.81771;1.97236e-26;
0.81781;1.93841e-26;
0.81791;1.97237e-26;
0.81801;1.9384e-26;
0.81811;1.97238e-26;
0.81821;1.93839e-26;
0.81831;1.97238e-26;
0.81841;1.93838e-26;
0.81851;1.97239e-26;
0.81861;1.93838e-26;
0.81871;1.9724e-26;
0.81881;1.93837e-26;
0.81891;1.9724e-26;
0.81901;1.93836e-26;
0.81911;1.97241e-26;
0.81921;1.93835e-26;
0.81931;1.97241e-26;
0.81941;1.93834e-26;
0.81951;1.97242e-26;
0.81961;1.93833e-26;
0.81971;1.97243e-26;
0.81981;1.93833e-26;
0.81991;1.97243e-26;
0.82001;1.93832e-26;
0.82011;1.97244e-26;
0.82021;1.93831e-26;
0.82031;1.97244e-26;
0.82041;1.9383e-26;
0.82051;1.97245e-26;
0.82061;1.93829e-26;
0.82071;1.97245e-26;
0.82081;1.93828e-26;
0.82091;1.97246e-26;
0.82101;1.93827e-26;
0.82111;1.97246e-26;
0.82121;1.93826e-26;
0.82131;1.97247e-26;
0.82141;1.93825e-26;
0.82151;1.97247e-26;
0.82161;1.93824e-26;
0.82171;1.97247e-26;
0.82181;1.93823e-26;
0.82191;1.97248e-26;
0.82201;1.93821e-26;
0.82211;1.97248e-26;
0.82221;1.9382e-26;
0.82231;1.97248e-26;
0.82241;1.93819e-26;
0.82251;1.97248e-26;
0.82261;1.93818e-26;
0.82271;1.97248e-26;
0.82281;1.93816e-26;
0.82291;1.97248e-26;
0.82301;1.93815e-26;
0.82311;1.97248e-26;
0.82321;1.93813e-26;
0.82331;1.97248e-26;
0.82341;1.93812e-26;
0.82351;1.97248e-26;
0.82361;1.9381e-26;
0.82371;1.97248e-26;
0.82381;1.93808e-26;
0.82391;1.97248e-26;
0.82401;1.93806e-26;
0.82411;1.97248e-26;
0.82421;1.93805e-26;
0.82431;1.97247e-26;
0.82441;1.93803e-26;
0.82451;1.97247e-26;
0.82461;1.93801e-26;
0.82471;1.97246e-26;
0.82481;1.93799e-26;
0.82491;1.97246e-26;
0.82501;1.93796e-26;
0.82511;1.97245e-26;
0.82521;1.93794e-26;
0.82531;1.97245e-26;
0.82541;1.93792e-26;
0.82551;1.97244e-26;
0.82561;1.93789e-26;
0.82571;1.97243e-26;
0.82581;1.93787e-26;
0.82591;1.97242e-26;
0.82601;1.93784e-26;
0.82611;1.97241e-26;
0.82621;1.93781e-26;
0.82631;1.9724e-26;
0.82641;1.93779e-26;
0.82651;1.97239e-26;
0.82661;1.93776e-26;
0.82671;1.97238e-26;
0.82681;1.93773e-26;
0.82691;1.97236e-26;
0.82701;1.9377e-26;
0.82711;1.97235e-26;
0.82721;1.93766e-26;
0.82731;1.97234e-26;
0.82741;1.93763e-26;
0.82751;1.97232e-26;
0.82761;1.93759e-26;
0.82771;1.9723e-26;
0.82781;1.93756e-26;
0.82791;1.97229e-26;
0.82801;1.93752e-26;
0.82811;1.97227e-26;
0.82821;1.93748e-26;
0.82831;1.97225e-26;
0.82841;1.93744e-26;
0.82851;1.97223e-26;
0.82861;1.9374e-26;
0.82871;1.9722e-26;
0.82881;1.93735e-26;
0.82891;1.97218e-26;
0.82901;1.93731e-26;
0.82911;1.97215e-26;
0.82921;1.93726e-26;
0.82931;1.97213e-26;
0.82941;1.93721e-26;
0.82951;1.9721e-26;
0.82961;1.93716e-26;
0.82971;1.97207e-26;
0.82981;1.9371e-26;
0.82991;1.97204e-26;
0.83001;1.93704e-26;
0.83011;1.97201e-26;
0.83021;1.93698e-26;
0.83031;1.97197e-26;
0.83041;1.93692e-26;
0.83051;1.97193e-26;
0.83061;1.93685e-26;
0.83071;1.97189e-26;
0.83081;1.93678e-26;
0.83091;1.97185e-26;
0.83101;1.9367e-26;
0.83111;1.97181e-26;
0.83121;1.93662e-26;
0.83131;1.97176e-26;
0.83141;1.93653e-26;
0.83151;1.97171e-26;
0.83161;1.93644e-26;
0.83171;1.97165e-26;
0.83181;1.93633e-26;
0.83191;1.97159e-26;
0.83201;1.93622e-26;
0.83211;1.97153e-26;
0.83221;1.93609e-26;
0.83231;1.97146e-26;
0.83241;1.93595e-26;
0.83251;1.97138e-26;
0.83261;1.93579e-26;
0.83271;1.97129e-26;
0.83281;1.93561e-26;
0.83291;1.9712e-26;
0.83301;1.9354e-26;
0.83311;1.9711e-26;
0.83321;1.93515e-26;
0.83331;1.97098e-26;
0.83341;1.93484e-26;
0.83351;1.97085e-26;
0.83361;1.93444e-26;
0.83371;1.97069e-26;
0.83381;1.93392e-26;
0.83391;1.97052e-26;
0.83401;1.93323e-26;
0.83411;1.97031e-26;
0.83421;1.93233e-26;
0.83431;1.97006e-26;
0.83441;1.93128e-26;
0.83451;1.96976e-26;
0.83461;1.93015e-26;
0.83471;1.96937e-26;
0.83481;1.92901e-26;
0.83491;1.96888e-26;
0.83501;1.92787e-26;
0.83511;1.96824e-26;
0.83521;1.92676e-26;
0.83531;1.96749e-26;
0.83541;1.92567e-26;
0.83551;1.96665e-26;
0.83561;1.9246e-26;
0.83571;1.96577e-26;
0.83581;1.92356e-26;
0.83591;1.9649e-26;
0.83601;1.92253e-26;
0.83611;1.96403e-26;
0.83621;1.92151e-26;
0.83631;1.96317e-26;
0.83641;1.92048e-26;
0.83651;1.96233e-26;
0.83661;1.91936e-26;
0.83671;1.96149e-26;
0.83681;1.91797e-26;
0.83691;1.96069e-26;
0.83701;1.91565e-26;
0.83711;1.9599e-26;
0.83721;1.90974e-26;
0.83731;1.95902e-26;
0.837312;0.00767224;
0.837314;0.0101935;
0.837316;0.00784644;
0.837317;0.00986732;
0.837317;0.00851392;
0.837317;0.00911842;
0.837317;0.00890225;
0.837317;0.00891445;
0.837317;0.00892532;
0.837317;0.00891509;
0.837318;0.00892411;
0.837318;0.00891592;
0.837318;0.00892344;
0.837318;0.00891639;
0.837319;0.00892309;
0.837319;0.00891665;
0.83732;0.00892291;
0.83732;0.00891678;
0.837322;0.00892283;
0.837325;0.00891682;
0.83733;0.00892281;
0.83734;0.00891683;
0.837362;0.0089228;
0.837404;0.00891683;
0.837488;0.0089228;
0.837588;0.00891684;
0.837688;0.0089228;
0.837788;0.00891684;
0.837888;0.0089228;
0.837988;0.00891684;
0.838088;0.0089228;
0.838188;0.00891684;
0.838288;0.0089228;
0.838388;0.00891684;
0.838488;0.0089228;
0.838588;0.00891684;
0.838688;0.0089228;
0.838788;0.00891684;
0.838888;0.00892279;
0.838988;0.00891684;
0.839088;0.00892279;
0.839188;0.00891684;
0.839288;0.00892279;
0.839388;0.00891685;
0.839488;0.00892279;
0.839588;0.00891685;
0.839688;0.00892279;
0.839788;0.00891685;
0.839888;0.00892279;
0.839988;0.00891685;
0.840088;0.00892279;
0.840188;0.00891685;
0.840288;0.00892279;
0.840388;0.00891685;
0.840488;0.00892279;
0.840588;0.00891685;
0.840688;0.00892279;
0.840788;0.00891685;
0.840888;0.00892279;
0.840988;0.00891685;
0.841088;0.00892279;
0.841188;0.00891685;
0.841288;0.00892278;
0.841388;0.00891685;
0.841488;0.00892278;
0.841588;0.00891685;
0.841688;0.00892278;
0.841788;0.00891686;
0.841888;0.00892278;
0.841988;0.00891686;
0.842088;0.00892278;
0.842188;0.00891686;
0.842288;0.00892278;
0.842388;0.00891686;
0.842488;0.00892278;
0.842588;0.00891686;
0.842688;0.00892278;
0.842788;0.00891686;
0.842888;0.00892278;
0.842988;0.00891686;
0.843088;0.00892278;
0.843188;0.00891686;
0.843288;0.00892278;
0.843388;0.00891686;
0.843488;0.00892278;
0.843588;0.00891686;
0.843688;0.00892277;
0.843788;0.00891686;
0.843888;0.00892277;
0.843988;0.00891686;
0.844088;0.00892277;
0.844188;0.00891687;
0.844288;0.00892277;
0.844388;0.00891687;
0.844488;0.00892277;
0.844588;0.00891687;
0.844688;0.00892277;
0.844788;0.00891687;
0.844888;0.00892277;
0.844988;0.00891687;
0.845088;0.00892277;
0.845188;0.00891687;
0.845288;0.00892277;
0.845388;0.00891687;
0.845488;0.00892277;
0.845588;0.00891687;
0.845688;0.00892277;
0.845788;0.00891687;
0.845888;0.00892277;
0.845988;0.00891687;
0.846088;0.00892277;
0.846188;0.00891687;
0.846288;0.00892276;
0.846388;0.00891687;
0.846488;0.00892276;
0.846588;0.00891687;
0.846688;0.00892276;
0.846788;0.00891688;
0.846888;0.00892276;
0.846988;0.00891688;
0.847088;0.00892276;
0.847188;0.00891688;
0.847288;0.00892276;
0.847388;0.00891688;
0.847488;0.00892276;
0.847588;0.00891688;
0.847688;0.00892276;
0.847788;0.00891688;
0.847888;0.00892276;
0.847988;0.00891688;
0.848088;0.00892276;
0.848188;0.00891688;
0.848288;0.00892276;
0.848388;0.00891688;
0.848488;0.00892276;
0.848588;0.00891688;
0.848688;0.00892275;
0.848788;0.00891688;
0.848888;0.00892275;
0.848988;0.00891688;
0.849088;0.00892275;
0.849188;0.00891689;
0.849288;0.00892275;
0.849388;0.00891689;
0.849488;0.00892275;
0.849588;0.00891689;
0.849688;0.00892275;
0.849788;0.00891689;
0.849888;0.00892275;
0.849988;0.00891689;
0.850088;0.00892275;
0.850188;0.00891689;
0.850288;0.00892275;
0.850388;0.00891689;
0.850488;0.00892275;
0.850588;0.00891689;
0.850688;0.00892275;
0.850788;0.00891689;
0.850888;0.00892275;
0.850988;0.00891689;
0.851088;0.00892274;
0.851188;0.00891689;
0.851288;0.00892274;
0.851388;0.00891689;
0.851488;0.00892274;
0.851588;0.0089169;
0.851688;0.00892274;
0.851788;0.0089169;
0.851888;0.00892274;
0.851988;0.0089169;
0.852088;0.00892274;
0.852188;0.0089169;
0.852288;0.00892274;
0.852388;0.0089169;
0.852488;0.00892274;
0.852588;0.0089169;
0.852688;0.00892274;
0.852788;0.0089169;
0.852888;0.00892274;
0.852988;0.0089169;
0.853088;0.00892274;
0.853188;0.0089169;
0.853288;0.00892274;
0.853388;0.0089169;
0.853488;0.00892274;
0.853588;0.0089169;
0.853688;0.00892273;
0.853788;0.0089169;
0.853888;0.00892273;
0.853988;0.0089169;
0.854088;0.00892273;
0.854188;0.00891691;
0.854288;0.00892273;
0.854388;0.00891691;
0.854488;0.00892273;
0.854588;0.00891691;
0.854688;0.00892273;
0.854788;0.00891691;
0.854888;0.00892273;
0.854988;0.00891691;
0.855088;0.00892273;
0.855188;0.00891691;
0.855288;0.00892273;
0.855388;0.00891691;
0.855488;0.00892273;
0.855588;0.00891691;
0.855688;0.00892273;
0.855788;0.00891691;
0.855888;0.00892273;
0.855988;0.00891691;
0.856088;0.00892272;
0.856188;0.00891691;
0.856288;0.00892272;
0.856388;0.00891691;
0.856488;0.00892272;
0.856588;0.00891692;
0.856688;0.00892272;
0.856788;0.00891692;
0.856888;0.00892272;
0.856988;0.00891692;
0.857088;0.00892272;
0.857188;0.00891692;
0.857288;0.00892272;
0.857388;0.00891692;
0.857488;0.00892272;
0.857588;0.00891692;
0.857688;0.00892272;
0.857788;0.00891692;
0.857888;0.00892272;
0.857988;0.00891692;
0.858088;0.00892272;
0.858188;0.00891692;
0.858288;0.00892272;
0.858388;0.00891692;
0.858488;0.00892272;
0.858588;0.00891692;
0.858688;0.00892271;
0.858788;0.00891692;
0.858888;0.00892271;
0.858988;0.00891692;
0.859088;0.00892271;
0.859188;0.00891693;
0.859288;0.00892271;
0.859388;0.00891693;
0.859488;0.00892271;
0.859588;0.00891693;
0.859688;0.00892271;
0.859788;0.00891693;
0.859888;0.00892271;
0.859988;0.00891693;
0.860088;0.00892271;
0.860188;0.00891693;
0.860288;0.00892271;
0.860388;0.00891693;
0.860488;0.00892271;
0.860588;0.00891693;
0.860688;0.00892271;
0.860788;0.00891693;
0.860888;0.00892271;
0.860988;0.00891693;
0.861088;0.0089227;
0.861188;0.00891693;
0.861288;0.0089227;
0.861388;0.00891693;
0.861488;0.0089227;
0.861588;0.00891693;
0.861688;0.0089227;
0.861788;0.00891694;
0.861888;0.0089227;
0.861988;0.00891694;
0.862088;0.0089227;
0.862188;0.00891694;
0.862288;0.0089227;
0.862388;0.00891694;
0.862488;0.0089227;
0.862588;0.00891694;
0.862688;0.0089227;
0.862788;0.00891694;
0.862888;0.0089227;
0.862988;0.00891694;
0.863088;0.0089227;
0.863188;0.00891694;
0.863288;0.0089227;
0.863388;0.00891694;
0.863488;0.0089227;
0.863588;0.00891694;
0.863688;0.00892269;
0.863788;0.00891694;
0.863888;0.00892269;
0.863988;0.00891694;
0.864088;0.00892269;
0.864188;0.00891695;
0.864288;0.00892269;
0.864388;0.00891695;
0.864488;0.00892269;
0.864588;0.00891695;
0.864688;0.00892269;
0.864788;0.00891695;
0.864888;0.00892269;
0.864988;0.00891695;
0.865088;0.00892269;
0.865188;0.00891695;
0.865288;0.00892269;
0.865388;0.00891695;
0.865488;0.00892269;
0.865588;0.00891695;
0.865688;0.00892269;
0.865788;0.00891695;
0.865888;0.00892269;
0.865988;0.00891695;
0.866088;0.00892269;
0.866188;0.00891695;
0.866288;0.00892268;
0.866388;0.00891695;
0.866488;0.00892268;
0.866588;0.00891695;
0.866688;0.00892268;
0.866788;0.00891696;
0.866888;0.00892268;
0.866988;0.00891696;
0.867088;0.00892268;
0.867188;0.00891696;
0.867288;0.00892268;
0.867388;0.00891696;
0.867488;0.00892268;
0.867588;0.00891696;
0.867688;0.00892268;
0.867788;0.00891696;
0.867888;0.00892268;
0.867988;0.00891696;
0.868088;0.00892268;
0.868188;0.00891696;
0.868288;0.00892268;
0.868388;0.00891696;
0.868488;0.00892268;
0.868588;0.00891696;
0.868688;0.00892268;
0.868788;0.00891696;
0.868888;0.00892267;
0.868988;0.00891696;
0.869088;0.00892267;
0.869188;0.00891696;
0.869288;0.00892267;
0.869388;0.00891697;
0.869488;0.00892267;
0.869588;0.00891697;
0.869688;0.00892267;
0.869788;0.00891697;
0.869888;0.00892267;
0.869988;0.00891697;
0.870088;0.00892267;
0.870188;0.00891697;
0.870288;0.00892267;
0.870388;0.00891697;
0.870488;0.00892267;
0.870588;0.00891697;
0.870688;0.00892267;
0.870788;0.00891697;
0.870888;0.00892267;
0.870988;0.00891697;
0.871088;0.00892267;
0.871188;0.00891697;
0.871288;0.00892266;
0.871388;0.00891697;
0.871488;0.00892266;
0.871588;0.00891697;
0.871688;0.00892266;
0.871788;0.00891697;
0.871888;0.00892266;
0.871988;0.00891698;
0.872088;0.00892266;
0.872188;0.00891698;
0.872288;0.00892266;
0.872388;0.00891698;
0.872488;0.00892266;
0.872588;0.00891698;
0.872688;0.00892266;
0.872788;0.00891698;
0.872888;0.00892266;
0.872988;0.00891698;
0.873088;0.00892266;
0.873188;0.00891698;
0.873288;0.00892265;
0.873388;0.00891698;
0.873488;0.00892265;
0.873588;0.00891698;
0.873688;0.00892265;
0.873788;0.00891698;
0.873888;0.00892265;
0.873988;0.00891698;
0.874088;0.00892265;
0.874188;0.00891698;
0.874288;0.00892265;
0.874388;0.00891699;
0.874488;0.00892265;
0.874588;0.00891698;
0.874688;0.00892265;
0.874788;0.00891698;
0.874888;0.00892265;
0.874988;0.00891699;
0.875088;0.00892265;
0.875188;0.00891699;
0.875288;0.00892265;
0.875388;0.00891699;
0.875488;0.00892265;
0.875588;0.00891699;
0.875688;0.00892265;
0.875788;0.00891699;
0.875888;0.00892264;
0.875988;0.00891699;
0.876088;0.00892264;
0.876188;0.00891699;
0.876288;0.00892264;
0.876388;0.00891699;
0.876488;0.00892264;
0.876588;0.00891699;
0.876688;0.00892264;
0.876788;0.00891699;
0.876888;0.00892264;
0.876988;0.00891699;
0.877088;0.00892264;
0.877188;0.00891699;
0.877288;0.00892264;
0.877388;0.00891699;
0.877488;0.00892264;
0.877588;0.008917;
0.877688;0.00892264;
0.877788;0.008917;
0.877888;0.00892264;
0.877988;0.008917;
0.878088;0.00892264;
0.878188;0.008917;
0.878288;0.00892264;
0.878388;0.008917;
0.878488;0.00892263;
0.878588;0.008917;
0.878688;0.00892263;
0.878788;0.008917;
0.878888;0.00892263;
0.878988;0.008917;
0.879088;0.00892263;
0.879188;0.008917;
0.879288;0.00892263;
0.879388;0.008917;
0.879488;0.00892263;
0.879588;0.008917;
0.879688;0.00892263;
0.879788;0.008917;
0.879888;0.00892263;
0.879988;0.008917;
0.880088;0.00892263;
0.880188;0.00891701;
0.880288;0.00892263;
0.880388;0.00891701;
0.880488;0.00892263;
0.880588;0.00891701;
0.880688;0.00892263;
0.880788;0.00891701;
0.880888;0.00892263;
0.880988;0.00891701;
0.881088;0.00892262;
0.881188;0.00891701;
0.881288;0.00892262;
0.881388;0.00891701;
0.881488;0.00892262;
0.881588;0.00891701;
0.881688;0.00892262;
0.881788;0.00891701;
0.881888;0.00892262;
0.881988;0.00891701;
0.882088;0.00892262;
0.882188;0.00891701;
0.882288;0.00892262;
0.882388;0.00891701;
0.882488;0.00892262;
0.882588;0.00891701;
0.882688;0.00892262;
0.882788;0.00891702;
0.882888;0.00892262;
0.882988;0.00891702;
0.883088;0.00892262;
0.883188;0.00891702;
0.883288;0.00892262;
0.883388;0.00891702;
0.883488;0.00892262;
0.883588;0.00891702;
0.883688;0.00892261;
0.883788;0.00891702;
0.883888;0.00892261;
0.883988;0.00891702;
0.884088;0.00892261;
0.884188;0.00891702;
0.884288;0.00892261;
0.884388;0.00891702;
0.884488;0.00892261;
0.884588;0.00891702;
0.884688;0.00892261;
0.884788;0.00891702;
0.884888;0.00892261;
0.884988;0.00891702;
0.885088;0.00892261;
0.885188;0.00891702;
0.885288;0.00892261;
0.885388;0.00891703;
0.885488;0.00892261;
0.885588;0.00891703;
0.885688;0.00892261;
0.885788;0.00891703;
0.885888;0.00892261;
0.885988;0.00891703;
0.886088;0.00892261;
0.886188;0.00891703;
0.886288;0.00892261;
0.886388;0.00891703;
0.886488;0.0089226;
0.886588;0.00891703;
0.886688;0.0089226;
0.886788;0.00891703;
0.886888;0.0089226;
0.886988;0.00891703;
0.887088;0.0089226;
0.887188;0.00891703;
0.887288;0.0089226;
0.887388;0.00891703;
0.887488;0.0089226;
0.887588;0.00891703;
0.887688;0.0089226;
0.887788;0.00891703;
0.887888;0.0089226;
0.887988;0.00891703;
0.888088;0.0089226;
0.888188;0.00891704;
0.888288;0.0089226;
0.888388;0.00891704;
0.888488;0.0089226;
0.888588;0.00891704;
0.888688;0.0089226;
0.888788;0.00891704;
0.888888;0.0089226;
0.888988;0.00891704;
0.889088;0.00892259;
0.889188;0.00891704;
0.889288;0.00892259;
0.889388;0.00891704;
0.889488;0.00892259;
0.889588;0.00891704;
0.889688;0.00892259;
0.889788;0.00891704;
0.889888;0.00892259;
0.889988;0.00891704;
0.890088;0.00892259;
0.890188;0.00891704;
0.890288;0.00892259;
0.890388;0.00891704;
0.890488;0.00892259;
0.890588;0.00891704;
0.890688;0.00892259;
0.890788;0.00891705;
0.890888;0.00892259;
0.890988;0.00891705;
0.891088;0.00892259;
0.891188;0.00891705;
0.891288;0.00892259;
0.891388;0.00891705;
0.891488;0.00892259;
0.891588;0.00891705;
0.891688;0.00892258;
0.891788;0.00891705;
0.891888;0.00892258;
0.891988;0.00891705;
0.892088;0.00892258;
0.892188;0.00891705;
0.892288;0.00892258;
0.892388;0.00891705;
0.892488;0.00892258;
0.892588;0.00891705;
0.892688;0.00892258;
0.892788;0.00891705;
0.892888;0.00892258;
0.892988;0.00891705;
0.893088;0.00892258;
0.893188;0.00891705;
0.893288;0.00892258;
0.893388;0.00891706;
0.893488;0.00892258;
0.893588;0.00891706;
0.893688;0.00892258;
0.893788;0.00891706;
0.893888;0.00892258;
0.893988;0.00891706;
0.894088;0.00892258;
0.894188;0.00891706;
0.894288;0.00892258;
0.894388;0.00891706;
0.894488;0.00892257;
0.894588;0.00891706;
0.894688;0.00892257;
0.894788;0.00891706;
0.894888;0.00892257;
0.894988;0.00891706;
0.895088;0.00892257;
0.895188;0.00891706;
0.895288;0.00892257;
0.895388;0.00891706;
0.895488;0.00892257;
0.895588;0.00891706;
0.895688;0.00892257;
0.895788;0.00891706;
0.895888;0.00892257;
0.895988;0.00891706;
0.896088;0.00892257;
0.896188;0.00891707;
0.896288;0.00892257;
0.896388;0.00891707;
0.896488;0.00892257;
0.896588;0.00891707;
0.896688;0.00892257;
0.896788;0.00891707;
0.896888;0.00892257;
0.896988;0.00891707;
0.897088;0.00892256;
0.897188;0.00891707;
0.897288;0.00892256;
0.897388;0.00891707;
0.897488;0.00892256;
0.897588;0.00891707;
0.897688;0.00892256;
0.897788;0.00891707;
0.897888;0.00892256;
0.897988;0.00891707;
0.898088;0.00892256;
0.898188;0.00891707;
0.898288;0.00892256;
0.898388;0.00891707;
0.898488;0.00892256;
0.898588;0.00891707;
0.898688;0.00892256;
0.898788;0.00891708;
0.898888;0.00892256;
0.898988;0.00891708;
0.899088;0.00892256;
0.899188;0.00891708;
0.899288;0.00892256;
0.899388;0.00891708;
0.899488;0.00892256;
0.899588;0.00891708;
0.899688;0.00892256;
0.899788;0.00891708;
0.899888;0.00892255;
0.899988;0.00891708;
0.900088;0.00892255;
0.900188;0.00891708;
0.900288;0.00892255;
0.900388;0.00891708;
0.900488;0.00892255;
0.900588;0.00891708;
0.900688;0.00892255;
0.900788;0.00891708;
0.900888;0.00892255;
0.900988;0.00891708;
0.901088;0.00892255;
0.901188;0.00891708;
0.901288;0.00892255;
0.901388;0.00891709;
0.901488;0.00892255;
0.901588;0.00891709;
0.901688;0.00892255;
0.901788;0.00891709;
0.901888;0.00892255;
0.901988;0.00891709;
0.902088;0.00892255;
0.902188;0.00891709;
0.902288;0.00892255;
0.902388;0.00891709;
0.902488;0.00892254;
0.902588;0.00891709;
0.902688;0.00892254;
0.902788;0.00891709;
0.902888;0.00892254;
0.902988;0.00891709;
0.903088;0.00892254;
0.903188;0.00891709;
0.903288;0.00892254;
0.903388;0.00891709;
0.903488;0.00892254;
0.903588;0.00891709;
0.903688;0.00892254;
0.903788;0.00891709;
0.903888;0.00892254;
0.903988;0.00891709;
0.904088;0.00892254;
0.904188;0.0089171;
0.904288;0.00892254;
0.904388;0.0089171;
0.904488;0.00892254;
0.904588;0.0089171;
0.904688;0.00892254;
0.904788;0.0089171;
0.904888;0.00892254;
0.904988;0.0089171;
0.905088;0.00892254;
0.905188;0.0089171;
0.905288;0.00892253;
0.905388;0.0089171;
0.905488;0.00892253;
0.905588;0.0089171;
0.905688;0.00892253;
0.905788;0.0089171;
0.905888;0.00892253;
0.905988;0.0089171;
0.906088;0.00892253;
0.906188;0.0089171;
0.906288;0.00892253;
0.906388;0.0089171;
0.906488;0.00892253;
0.906588;0.0089171;
0.906688;0.00892253;
0.906788;0.0089171;
0.906888;0.00892253;
0.906988;0.00891711;
0.907088;0.00892253;
0.907188;0.00891711;
0.907288;0.00892253;
0.907388;0.00891711;
0.907488;0.00892253;
0.907588;0.00891711;
0.907688;0.00892253;
0.907788;0.00891711;
0.907888;0.00892253;
0.907988;0.00891711;
0.908088;0.00892252;
0.908188;0.00891711;
0.908288;0.00892252;
0.908388;0.00891711;
0.908488;0.00892252;
0.908588;0.00891711;
0.908688;0.00892252;
0.908788;0.00891711;
0.908888;0.00892252;
0.908988;0.00891711;
0.909088;0.00892252;
0.909188;0.00891711;
0.909288;0.00892252;
0.909388;0.00891711;
0.909488;0.00892252;
0.909588;0.00891712;
0.909688;0.00892252;
0.909788;0.00891712;
0.909888;0.00892252;
0.909988;0.00891712;
0.910088;0.00892252;
0.910188;0.00891712;
0.910288;0.00892252;
0.910388;0.00891712;
0.910488;0.00892252;
0.910588;0.00891712;
0.910688;0.00892251;
0.910788;0.00891712;
0.910888;0.00892251;
0.910988;0.00891712;
0.911088;0.00892251;
0.911188;0.00891712;
0.911288;0.00892251;
0.911388;0.00891712;
0.911488;0.00892251;
0.911588;0.00891712;
0.911688;0.00892251;
0.911788;0.00891712;
0.911888;0.00892251;
0.911988;0.00891712;
0.912088;0.00892251;
0.912188;0.00891712;
0.912288;0.00892251;
0.912388;0.00891713;
0.912488;0.00892251;
0.912588;0.00891713;
0.912688;0.00892251;
0.912788;0.00891713;
0.912888;0.00892251;
0.912988;0.00891713;
0.913088;0.00892251;
0.913188;0.00891713;
0.913288;0.00892251;
0.913388;0.00891713;
0.913488;0.0089225;
0.913588;0.00891713;
0.913688;0.0089225;
0.913788;0.00891713;
0.913888;0.0089225;
0.913988;0.00891713;
0.914088;0.0089225;
0.914188;0.00891713;
0.914288;0.0089225;
0.914388;0.00891713;
0.914488;0.0089225;
0.914588;0.00891713;
0.914688;0.0089225;
0.914788;0.00891713;
0.914888;0.0089225;
0.914988;0.00891713;
0.915088;0.0089225;
0.915188;0.00891714;
0.915288;0.0089225;
0.915388;0.00891714;
0.915488;0.0089225;
0.915588;0.00891714;
0.915688;0.0089225;
0.915788;0.00891714;
0.915888;0.0089225;
0.915988;0.00891714;
0.916088;0.0089225;
0.916188;0.00891714;
0.916288;0.00892249;
0.916388;0.00891714;
0.916488;0.00892249;
0.916588;0.00891714;
0.916688;0.00892249;
0.916788;0.00891714;
0.916888;0.00892249;
0.916988;0.00891714;
0.917088;0.00892249;
0.917188;0.00891714;
0.917288;0.00892249;
0.917388;0.00891714;
0.917488;0.00892249;
0.917588;0.00891714;
0.917688;0.00892249;
0.917788;0.00891714;
0.917888;0.00892249;
0.917988;0.00891715;
0.918088;0.00892249;
0.918188;0.00891715;
0.918288;0.00892249;
0.918388;0.00891715;
0.918488;0.00892249;
0.918588;0.00891715;
0.918688;0.00892249;
0.918788;0.00891715;
0.918888;0.00892249;
0.918988;0.00891715;
0.919088;0.00892248;
0.919188;0.00891715;
0.919288;0.00892248;
0.919388;0.00891715;
0.919488;0.00892248;
0.919588;0.00891715;
0.919688;0.00892248;
0.919788;0.00891715;
0.919888;0.00892248;
0.919988;0.00891715;
0.920088;0.00892248;
0.920188;0.00891715;
0.920288;0.00892248;
0.920388;0.00891715;
0.920488;0.00892248;
0.920588;0.00891715;
0.920688;0.00892248;
0.920788;0.00891716;
0.920888;0.00892248;
0.920988;0.00891716;
0.921088;0.00892248;
0.921188;0.00891716;
0.921288;0.00892248;
0.921388;0.00891716;
0.921488;0.00892248;
0.921588;0.00891716;
0.921688;0.00892248;
0.921788;0.00891716;
0.921888;0.00892247;
0.921988;0.00891716;
0.922088;0.00892247;
0.922188;0.00891716;
0.922288;0.00892247;
0.922388;0.00891716;
0.922488;0.00892247;
0.922588;0.00891716;
0.922688;0.00892247;
0.922788;0.00891716;
0.922888;0.00892247;
0.922988;0.00891716;
0.923088;0.00892247;
0.923188;0.00891716;
0.923288;0.00892247;
0.923388;0.00891716;
0.923488;0.00892247;
0.923588;0.00891717;
0.923688;0.00892247;
0.923788;0.00891717;
0.923888;0.00892247;
0.923988;0.00891717;
0.924088;0.00892247;
0.924188;0.00891717;
0.924288;0.00892247;
0.924388;0.00891717;
0.924488;0.00892247;
0.924588;0.00891717;
0.924688;0.00892246;
0.924788;0.00891717;
0.924888;0.00892246;
0.924988;0.00891717;
0.925088;0.00892246;
0.925188;0.00891717;
0.925288;0.00892246;
0.925388;0.00891717;
0.925488;0.00892246;
0.925588;0.00891717;
0.925688;0.00892246;
0.925788;0.00891717;
0.925888;0.00892246;
0.925988;0.00891717;
0.926088;0.00892246;
0.926188;0.00891717;
0.926288;0.00892246;
0.926388;0.00891718;
0.926488;0.00892246;
0.926588;0.00891718;
0.926688;0.00892246;
0.926788;0.00891718;
0.926888;0.00892246;
0.926988;0.00891718;
0.927088;0.00892246;
0.927188;0.00891718;
0.927288;0.00892246;
0.927388;0.00891718;
0.927488;0.00892245;
0.927588;0.00891718;
0.927688;0.00892245;
0.927788;0.00891718;
0.927888;0.00892245;
0.927988;0.00891718;
0.928088;0.00892245;
0.928188;0.00891718;
0.928288;0.00892245;
0.928388;0.00891718;
0.928488;0.00892245;
0.928588;0.00891718;
0.928688;0.00892245;
0.928788;0.00891718;
0.928888;0.00892245;
0.928988;0.00891718;
0.929088;0.00892245;
0.929188;0.00891719;
0.929288;0.00892245;
0.929388;0.00891719;
0.929488;0.00892245;
0.929588;0.00891719;
0.929688;0.00892245;
0.929788;0.00891719;
0.929888;0.00892245;
0.929988;0.00891719;
0.930088;0.00892245;
0.930188;0.00891719;
0.930288;0.00892245;
0.930388;0.00891719;
0.930488;0.00892244;
0.930588;0.00891719;
0.930688;0.00892244;
0.930788;0.00891719;
0.930888;0.00892244;
0.930988;0.00891719;
0.931088;0.00892244;
0.931188;0.00891719;
0.931288;0.00892244;
0.931388;0.00891719;
0.931488;0.00892244;
0.931588;0.00891719;
0.931688;0.00892244;
0.931788;0.00891719;
0.931888;0.00892244;
0.931988;0.00891719;
0.932088;0.00892244;
0.932188;0.0089172;
0.932288;0.00892244;
0.932388;0.0089172;
0.932488;0.00892244;
0.932588;0.0089172;
0.932688;0.00892244;
0.932788;0.0089172;
0.932888;0.00892244;
0.932988;0.0089172;
0.933088;0.00892244;
0.933188;0.0089172;
0.933288;0.00892243;
0.933388;0.0089172;
0.933488;0.00892243;
0.933588;0.0089172;
0.933688;0.00892243;
0.933788;0.0089172;
0.933888;0.00892243;
0.933988;0.0089172;
0.934088;0.00892243;
0.934188;0.0089172;
0.934288;0.00892243;
0.934388;0.0089172;
0.934488;0.00892243;
0.934588;0.0089172;
0.934688;0.00892243;
0.934788;0.0089172;
0.934888;0.00892243;
0.934988;0.00891721;
0.935088;0.00892243;
0.935188;0.00891721;
0.935288;0.00892243;
0.935388;0.00891721;
0.935488;0.00892243;
0.935588;0.00891721;
0.935688;0.00892243;
0.935788;0.00891721;
0.935888;0.00892243;
0.935988;0.00891721;
0.936088;0.00892242;
0.936188;0.00891721;
0.936288;0.00892242;
0.936388;0.00891721;
0.936488;0.00892242;
0.936588;0.00891721;
0.936688;0.00892242;
0.936788;0.00891721;
0.936888;0.00892242;
0.936988;0.00891721;
0.937088;0.00892242;
0.937188;0.00891721;
0.937288;0.00892242;
0.937388;0.00891721;
0.937488;0.00892242;
0.937588;0.00891721;
0.937688;0.00892242;
0.937788;0.00891722;
0.937888;0.00892242;
0.937988;0.00891722;
0.938088;0.00892242;
0.938188;0.00891722;
0.938288;0.00892242;
0.938388;0.00891722;
0.938488;0.00892242;
0.938588;0.00891722;
0.938688;0.00892242;
0.938788;0.00891722;
0.938888;0.00892242;
0.938988;0.00891722;
0.939088;0.00892241;
0.939188;0.00891722;
0.939288;0.00892241;
0.939388;0.00891722;
0.939488;0.00892241;
0.939588;0.00891722;
0.939688;0.00892241;
0.939788;0.00891722;
0.939888;0.00892241;
0.939988;0.00891722;
0.940088;0.00892241;
0.940188;0.00891722;
0.940288;0.00892241;
0.940388;0.00891722;
0.940488;0.00892241;
0.940588;0.00891722;
0.940688;0.00892241;
0.940788;0.00891723;
0.940888;0.00892241;
0.940988;0.00891723;
0.941088;0.00892241;
0.941188;0.00891723;
0.941288;0.00892241;
0.941388;0.00891723;
0.941488;0.00892241;
0.941588;0.00891723;
0.941688;0.00892241;
0.941788;0.00891723;
0.941888;0.0089224;
0.941988;0.00891723;
0.942088;0.0089224;
0.942188;0.00891723;
0.942288;0.0089224;
0.942388;0.00891723;
0.942488;0.0089224;
0.942588;0.00891723;
0.942688;0.0089224;
0.942788;0.00891723;
0.942888;0.0089224;
0.942988;0.00891723;
0.943088;0.0089224;
0.943188;0.00891723;
0.943288;0.0089224;
0.943388;0.00891723;
0.943488;0.0089224;
0.943588;0.00891724;
0.943688;0.0089224;
0.943788;0.00891724;
0.943888;0.0089224;
0.943988;0.00891724;
0.944088;0.0089224;
0.944188;0.00891724;
0.944288;0.0089224;
0.944388;0.00891724;
0.944488;0.0089224;
0.944588;0.00891724;
0.944688;0.0089224;
0.944788;0.00891724;
0.944888;0.00892239;
0.944988;0.00891724;
0.945088;0.00892239;
0.945188;0.00891724;
0.945288;0.00892239;
0.945388;0.00891724;
0.945488;0.00892239;
0.945588;0.00891724;
0.945688;0.00892239;
0.945788;0.00891724;
0.945888;0.00892239;
0.945988;0.00891724;
0.946088;0.00892239;
0.946188;0.00891724;
0.946288;0.00892239;
0.946388;0.00891724;
0.946488;0.00892239;
0.946588;0.00891725;
0.946688;0.00892239;
0.946788;0.00891725;
0.946888;0.00892239;
0.946988;0.00891725;
0.947088;0.00892239;
0.947188;0.00891725;
0.947288;0.00892239;
0.947388;0.00891725;
0.947488;0.00892239;
0.947588;0.00891725;
0.947688;0.00892239;
0.947788;0.00891725;
0.947888;0.00892238;
0.947988;0.00891725;
0.948088;0.00892238;
0.948188;0.00891725;
0.948288;0.00892238;
0.948388;0.00891725;
0.948488;0.00892238;
0.948588;0.00891725;
0.948688;0.00892238;
0.948788;0.00891725;
0.948888;0.00892238;
0.948988;0.00891725;
0.949088;0.00892238;
0.949188;0.00891725;
0.949288;0.00892238;
0.949388;0.00891725;
0.949488;0.00892238;
0.949588;0.00891726;
0.949688;0.00892238;
0.949788;0.00891726;
0.949888;0.00892238;
0.949988;0.00891726;
0.950088;0.00892238;
0.950188;0.00891726;
0.950288;0.00892238;
0.950388;0.00891726;
0.950488;0.00892238;
0.950588;0.00891726;
0.950688;0.00892237;
0.950788;0.00891726;
0.950888;0.00892237;
0.950988;0.00891726;
0.951088;0.00892237;
0.951188;0.00891726;
0.951288;0.00892237;
0.951388;0.00891726;
0.951488;0.00892237;
0.951588;0.00891726;
0.951688;0.00892237;
0.951788;0.00891726;
0.951888;0.00892237;
0.951988;0.00891726;
0.952088;0.00892237;
0.952188;0.00891726;
0.952288;0.00892237;
0.952388;0.00891727;
0.952488;0.00892237;
0.952588;0.00891727;
0.952688;0.00892237;
0.952788;0.00891727;
0.952888;0.00892237;
0.952988;0.00891727;
0.953088;0.00892237;
0.953188;0.00891727;
0.953288;0.00892237;
0.953388;0.00891727;
0.953488;0.00892237;
0.953588;0.00891727;
0.953688;0.00892236;
0.953788;0.00891727;
0.953888;0.00892236;
0.953988;0.00891727;
0.954088;0.00892236;
0.954188;0.00891727;
0.954288;0.00892236;
0.954388;0.00891727;
0.954488;0.00892236;
0.954588;0.00891727;
0.954688;0.00892236;
0.954788;0.00891727;
0.954888;0.00892236;
0.954988;0.00891727;
0.955088;0.00892236;
0.955188;0.00891727;
0.955288;0.00892236;
0.955388;0.00891728;
0.955488;0.00892236;
0.955588;0.00891728;
0.955688;0.00892236;
0.955788;0.00891728;
0.955888;0.00892236;
0.955988;0.00891728;
0.956088;0.00892236;
0.956188;0.00891728;
0.956288;0.00892236;
0.956388;0.00891728;
0.956488;0.00892236;
0.956588;0.00891728;
0.956688;0.00892235;
0.956788;0.00891728;
0.956888;0.00892235;
0.956988;0.00891728;
0.957088;0.00892235;
0.957188;0.00891728;
0.957288;0.00892235;
0.957388;0.00891728;
0.957488;0.00892235;
0.957588;0.00891728;
0.957688;0.00892235;
0.957788;0.00891728;
0.957888;0.00892235;
0.957988;0.00891728;
0.958088;0.00892235;
0.958188;0.00891728;
0.958288;0.00892235;
0.958388;0.00891729;
0.958488;0.00892235;
0.958588;0.00891729;
0.958688;0.00892235;
0.958788;0.00891729;
0.958888;0.00892235;
0.958988;0.00891729;
0.959088;0.00892235;
0.959188;0.00891729;
0.959288;0.00892235;
0.959388;0.00891729;
0.959488;0.00892235;
0.959588;0.00891729;
0.959688;0.00892234;
0.959788;0.00891729;
0.959888;0.00892234;
0.959988;0.00891729;
0.960088;0.00892234;
0.960188;0.00891729;
0.960288;0.00892234;
0.960388;0.00891729;
0.960488;0.00892234;
0.960588;0.00891729;
0.960688;0.00892234;
0.960788;0.00891729;
0.960888;0.00892234;
0.960988;0.00891729;
0.961088;0.00892234;
0.961188;0.00891729;
0.961288;0.00892234;
0.961388;0.0089173;
0.961488;0.00892234;
0.961588;0.0089173;
0.961688;0.00892234;
0.961788;0.0089173;
0.961888;0.00892234;
0.961988;0.0089173;
0.962088;0.00892234;
0.962188;0.0089173;
0.962288;0.00892234;
0.962388;0.0089173;
0.962488;0.00892234;
0.962588;0.0089173;
0.962688;0.00892233;
0.962788;0.0089173;
0.962888;0.00892233;
0.962988;0.0089173;
0.963088;0.00892233;
0.963188;0.0089173;
0.963288;0.00892233;
0.963388;0.0089173;
0.963488;0.00892233;
0.963588;0.0089173;
0.963688;0.00892233;
0.963788;0.0089173;
0.963888;0.00892233;
0.963988;0.0089173;
0.964088;0.00892233;
0.964188;0.0089173;
0.964288;0.00892233;
0.964388;0.00891731;
0.964488;0.00892233;
0.964588;0.00891731;
0.964688;0.00892233;
0.964788;0.00891731;
0.964888;0.00892233;
0.964988;0.00891731;
0.965088;0.00892233;
0.965188;0.00891731;
0.965288;0.00892233;
0.965388;0.00891731;
0.965488;0.00892233;
0.965588;0.00891731;
0.965688;0.00892232;
0.965788;0.00891731;
0.965888;0.00892232;
0.965988;0.00891731;
0.966088;0.00892232;
0.966188;0.00891731;
0.966288;0.00892232;
0.966388;0.00891731;
0.966488;0.00892232;
0.966588;0.00891731;
0.966688;0.00892232;
0.966788;0.00891731;
0.966888;0.00892232;
0.966988;0.00891731;
0.967088;0.00892232;
0.967188;0.00891731;
0.967288;0.00892232;
0.967388;0.00891732;
0.967488;0.00892232;
0.967588;0.00891732;
0.967688;0.00892232;
0.967788;0.00891732;
0.967888;0.00892232;
0.967988;0.00891732;
0.968088;0.00892232;
0.968188;0.00891732;
0.968288;0.00892232;
0.968388;0.00891732;
0.968488;0.00892232;
0.968588;0.00891732;
0.968688;0.00892232;
0.968788;0.00891732;
0.968888;0.00892231;
0.968988;0.00891732;
0.969088;0.00892231;
0.969188;0.00891732;
0.969288;0.00892231;
0.969388;0.00891732;
0.969488;0.00892231;
0.969588;0.00891732;
0.969688;0.00892231;
0.969788;0.00891732;
0.969888;0.00892231;
0.969988;0.00891732;
0.970088;0.00892231;
0.970188;0.00891732;
0.970288;0.00892231;
0.970388;0.00891732;
0.970488;0.00892231;
0.970588;0.00891733;
0.970688;0.00892231;
0.970788;0.00891733;
0.970888;0.00892231;
0.970988;0.00891733;
0.971088;0.00892231;
0.971188;0.00891733;
0.971288;0.00892231;
0.971388;0.00891733;
0.971488;0.00892231;
0.971588;0.00891733;
0.971688;0.00892231;
0.971788;0.00891733;
0.971888;0.0089223;
0.971988;0.00891733;
0.972088;0.0089223;
0.972188;0.00891733;
0.972288;0.0089223;
0.972388;0.00891733;
0.972488;0.0089223;
0.972588;0.00891733;
0.972688;0.0089223;
0.972788;0.00891733;
0.972888;0.0089223;
0.972988;0.00891733;
0.973088;0.0089223;
0.973188;0.00891733;
0.973288;0.0089223;
0.973388;0.00891733;
0.973488;0.0089223;
0.973588;0.00891734;
0.973688;0.0089223;
0.973788;0.00891734;
0.973888;0.0089223;
0.973988;0.00891734;
0.974088;0.0089223;
0.974188;0.00891734;
0.974288;0.0089223;
0.974388;0.00891734;
0.974488;0.0089223;
0.974588;0.00891734;
0.974688;0.0089223;
0.974788;0.00891734;
0.974888;0.00892229;
0.974988;0.00891734;
0.975088;0.00892229;
0.975188;0.00891734;
0.975288;0.00892229;
0.975388;0.00891734;
0.975488;0.00892229;
0.975588;0.00891734;
0.975688;0.00892229;
0.975788;0.00891734;
0.975888;0.00892229;
0.975988;0.00891734;
0.976088;0.00892229;
0.976188;0.00891734;
0.976288;0.00892229;
0.976388;0.00891734;
0.976488;0.00892229;
0.976588;0.00891735;
0.976688;0.00892229;
0.976788;0.00891735;
0.976888;0.00892229;
0.976988;0.00891735;
0.977088;0.00892229;
0.977188;0.00891735;
0.977288;0.00892229;
0.977388;0.00891735;
0.977488;0.00892229;
0.977588;0.00891735;
0.977688;0.00892229;
0.977788;0.00891735;
0.977888;0.00892229;
0.977988;0.00891735;
0.978088;0.00892228;
0.978188;0.00891735;
0.978288;0.00892228;
0.978388;0.00891735;
0.978488;0.00892228;
0.978588;0.00891735;
0.978688;0.00892228;
0.978788;0.00891735;
0.978888;0.00892228;
0.978988;0.00891735;
0.979088;0.00892228;
0.979188;0.00891735;
0.979288;0.00892228;
0.979388;0.00891735;
0.979488;0.00892228;
0.979588;0.00891735;
0.979688;0.00892228;
0.979788;0.00891736;
0.979888;0.00892228;
0.979988;0.00891736;
0.980088;0.00892228;
0.980188;0.00891736;
0.980288;0.00892228;
0.980388;0.00891736;
0.980488;0.00892228;
0.980588;0.00891736;
0.980688;0.00892228;
0.980788;0.00891736;
0.980888;0.00892228;
0.980988;0.00891736;
0.981088;0.00892227;
0.981188;0.00891736;
0.981288;0.00892227;
0.981388;0.00891736;
0.981488;0.00892227;
0.981588;0.00891736;
0.981688;0.00892227;
0.981788;0.00891736;
0.981888;0.00892227;
0.981988;0.00891736;
0.982088;0.00892227;
0.982188;0.00891736;
0.982288;0.00892227;
0.982388;0.00891736;
0.982488;0.00892227;
0.982588;0.00891736;
0.982688;0.00892227;
0.982788;0.00891737;
0.982888;0.00892227;
0.982988;0.00891737;
0.983088;0.00892227;
0.983188;0.00891737;
0.983288;0.00892227;
0.983388;0.00891737;
0.983488;0.00892227;
0.983588;0.00891737;
0.983688;0.00892227;
0.983788;0.00891737;
0.983888;0.00892227;
0.983988;0.00891737;
0.984088;0.00892227;
0.984188;0.00891737;
0.984288;0.00892226;
0.984388;0.00891737;
0.984488;0.00892226;
0.984588;0.00891737;
0.984688;0.00892226;
0.984788;0.00891737;
0.984888;0.00892226;
0.984988;0.00891737;
0.985088;0.00892226;
0.985188;0.00891737;
0.985288;0.00892226;
0.985388;0.00891737;
0.985488;0.00892226;
0.985588;0.00891737;
0.985688;0.00892226;
0.985788;0.00891737;
0.985888;0.00892226;
0.985988;0.00891738;
0.986088;0.00892226;
0.986188;0.00891738;
0.986288;0.00892226;
0.986388;0.00891738;
0.986488;0.00892226;
0.986588;0.00891738;
0.986688;0.00892226;
0.986788;0.00891738;
0.986888;0.00892226;
0.986988;0.00891738;
0.987088;0.00892226;
0.987188;0.00891738;
0.987288;0.00892226;
0.987388;0.00891738;
0.987488;0.00892225;
0.987588;0.00891738;
0.987688;0.00892225;
0.987788;0.00891738;
0.987888;0.00892225;
0.987988;0.00891738;
0.988088;0.00892225;
0.988188;0.00891738;
0.988288;0.00892225;
0.988388;0.00891738;
0.988488;0.00892225;
0.988588;0.00891738;
0.988688;0.00892225;
0.988788;0.00891738;
0.988888;0.00892225;
0.988988;0.00891738;
0.989088;0.00892225;
0.989188;0.00891739;
0.989288;0.00892225;
0.989388;0.00891739;
0.989488;0.00892225;
0.989588;0.00891739;
0.989688;0.00892225;
0.989788;0.00891739;
0.989888;0.00892225;
0.989988;0.00891739;
0.990088;0.00892225;
0.990188;0.00891739;
0.990288;0.00892225;
0.990388;0.00891739;
0.990488;0.00892224;
0.990588;0.00891739;
0.990688;0.00892224;
0.990788;0.00891739;
0.990888;0.00892224;
0.990988;0.00891739;
0.991088;0.00892224;
0.991188;0.00891739;
0.991288;0.00892224;
0.991388;0.00891739;
0.991488;0.00892224;
0.991588;0.00891739;
0.991688;0.00892224;
0.991788;0.00891739;
0.991888;0.00892224;
0.991988;0.00891739;
0.992088;0.00892224;
0.992188;0.00891739;
0.992288;0.00892224;
0.992388;0.0089174;
0.992488;0.00892224;
0.992588;0.0089174;
0.992688;0.00892224;
0.992788;0.0089174;
0.992888;0.00892224;
0.992988;0.0089174;
0.993088;0.00892224;
0.993188;0.0089174;
0.993288;0.00892224;
0.993388;0.0089174;
0.993488;0.00892224;
0.993588;0.0089174;
0.993688;0.00892223;
0.993788;0.0089174;
0.993888;0.00892223;
0.993988;0.0089174;
0.994088;0.00892223;
0.994188;0.0089174;
0.994288;0.00892223;
0.994388;0.0089174;
0.994488;0.00892223;
0.994588;0.0089174;
0.994688;0.00892223;
0.994788;0.0089174;
0.994888;0.00892223;
0.994988;0.0089174;
0.995088;0.00892223;
0.995188;0.0089174;
0.995288;0.00892223;
0.995388;0.0089174;
0.995488;0.00892223;
0.995588;0.00891741;
0.995688;0.00892223;
0.995788;0.00891741;
0.995888;0.00892223;
0.995988;0.00891741;
0.996088;0.00892223;
0.996188;0.00891741;
0.996288;0.00892223;
0.996388;0.00891741;
0.996488;0.00892223;
0.996588;0.00891741;
0.996688;0.00892223;
0.996788;0.00891741;
0.996888;0.00892222;
0.996988;0.00891741;
0.997088;0.00892222;
0.997188;0.00891741;
0.997288;0.00892222;
0.997388;0.00891741;
0.997488;0.00892222;
0.997588;0.00891741;
0.997688;0.00892222;
0.997788;0.00891741;
0.997888;0.00892222;
0.997988;0.00891741;
0.998088;0.00892222;
0.998188;0.00891741;
0.998288;0.00892222;
0.998388;0.00891741;
0.998488;0.00892222;
0.998588;0.00891741;
0.998688;0.00892222;
0.998788;0.00891742;
0.998888;0.00892222;
0.998988;0.00891742;
0.999088;0.00892222;
0.999188;0.00891742;
0.999288;0.00892222;
0.999388;0.00891742;
0.999488;0.00892222;
0.999588;0.00891742;
0.999688;0.00892222;
0.999788;0.00891742;
0.999888;0.00892222;
0.999988;0.00891742;
1.00009;0.00892221;
1.00019;0.00891742;
1.00029;0.00892221;
1.00039;0.00891742;
1.00049;0.00892221;
1.00059;0.00891742;
1.00069;0.00892221;
1.00079;0.00891742;
1.00089;0.00892221;
1.00099;0.00891742;
1.00109;0.00892221;
1.00119;0.00891742;
1.00129;0.00892221;
1.00139;0.00891742;
1.00149;0.00892221;
1.00159;0.00891742;
1.00169;0.00892221;
1.00179;0.00891742;
1.00189;0.00892221;
1.00199;0.00891743;
1.00209;0.00892221;
1.00219;0.00891743;
1.00229;0.00892221;
1.00239;0.00891743;
1.00249;0.00892221;
1.00259;0.00891743;
1.00269;0.00892221;
1.00279;0.00891743;
1.00289;0.00892221;
1.00299;0.00891743;
1.00309;0.00892221;
1.00319;0.00891743;
1.00329;0.00892221;
1.00339;0.00891743;
1.00349;0.0089222;
1.00359;0.00891743;
1.00369;0.0089222;
1.00379;0.00891743;
1.00389;0.0089222;
1.00399;0.00891743;
1.00409;0.0089222;
1.00419;0.00891743;
1.00429;0.0089222;
1.00439;0.00891743;
1.00449;0.0089222;
1.00459;0.00891743;
1.00469;0.0089222;
1.00479;0.00891743;
1.00489;0.0089222;
1.00499;0.00891743;
1.00509;0.0089222;
1.00519;0.00891744;
1.00529;0.0089222;
1.00539;0.00891744;
1.00549;0.0089222;
1.00559;0.00891744;
1.00569;0.0089222;
1.00579;0.00891744;
1.00589;0.0089222;
1.00599;0.00891744;
1.00609;0.0089222;
1.00619;0.00891744;
1.00629;0.0089222;
1.00639;0.00891744;
1.00649;0.0089222;
1.00659;0.00891744;
1.00669;0.00892219;
1.00679;0.00891744;
1.00689;0.00892219;
1.00699;0.00891744;
1.00709;0.00892219;
1.00719;0.00891744;
1.00729;0.00892219;
1.00739;0.00891744;
1.00749;0.00892219;
1.00759;0.00891744;
1.00769;0.00892219;
1.00779;0.00891744;
1.00789;0.00892219;
1.00799;0.00891744;
1.00809;0.00892219;
1.00819;0.00891744;
1.00829;0.00892219;
1.00839;0.00891745;
1.00849;0.00892219;
1.00859;0.00891745;
1.00869;0.00892219;
1.00879;0.00891745;
1.00889;0.00892219;
1.00899;0.00891745;
1.00909;0.00892219;
1.00919;0.00891745;
1.00929;0.00892219;
1.00939;0.00891745;
1.00949;0.00892219;
1.00959;0.00891745;
1.00969;0.00892219;
1.00979;0.00891745;
1.00989;0.00892218;
1.00999;0.00891745;
1.01009;0.00892218;
1.01019;0.00891745;
1.01029;0.00892218;
1.01039;0.00891745;
1.01049;0.00892218;
1.01059;0.00891745;
1.01069;0.00892218;
1.01079;0.00891745;
1.01089;0.00892218;
1.01099;0.00891745;
1.01109;0.00892218;
1.01119;0.00891745;
1.01129;0.00892218;
1.01139;0.00891745;
1.01149;0.00892218;
1.01159;0.00891746;
1.01169;0.00892218;
1.01179;0.00891746;
1.01189;0.00892218;
1.01199;0.00891746;
1.01209;0.00892218;
1.01219;0.00891746;
1.01229;0.00892218;
1.01239;0.00891746;
1.01249;0.00892218;
1.01259;0.00891746;
1.01269;0.00892218;
1.01279;0.00891746;
1.01289;0.00892218;
1.01299;0.00891746;
1.01309;0.00892218;
1.01319;0.00891746;
1.01329;0.00892217;
1.01339;0.00891746;
1.01349;0.00892217;
1.01359;0.00891746;
1.01369;0.00892217;
1.01379;0.00891746;
1.01389;0.00892217;
1.01399;0.00891746;
1.01409;0.00892217;
1.01419;0.00891746;
1.01429;0.00892217;
1.01439;0.00891746;
1.01449;0.00892217;
1.01459;0.00891746;
1.01469;0.00892217;
1.01479;0.00891746;
1.01489;0.00892217;
1.01499;0.00891747;
1.01509;0.00892217;
1.01519;0.00891747;
1.01529;0.00892217;
1.01539;0.00891747;
1.01549;0.00892217;
1.01559;0.00891747;
1.01569;0.00892217;
1.01579;0.00891747;
1.01589;0.00892217;
1.01599;0.00891747;
1.01609;0.00892217;
1.01619;0.00891747;
1.01629;0.00892217;
1.01639;0.00891747;
1.01649;0.00892216;
1.01659;0.00891747;
1.01669;0.00892216;
1.01679;0.00891747;
1.01689;0.00892216;
1.01699;0.00891747;
1.01709;0.00892216;
1.01719;0.00891747;
1.01729;0.00892216;
1.01739;0.00891747;
1.01749;0.00892216;
1.01759;0.00891747;
1.01769;0.00892216;
1.01779;0.00891747;
1.01789;0.00892216;
1.01799;0.00891747;
1.01809;0.00892216;
1.01819;0.00891748;
1.01829;0.00892216;
1.01839;0.00891748;
1.01849;0.00892216;
1.01859;0.00891748;
1.01869;0.00892216;
1.01879;0.00891748;
1.01889;0.00892216;
1.01899;0.00891748;
1.01909;0.00892216;
1.01919;0.00891748;
1.01929;0.00892216;
1.01939;0.00891748;
1.01949;0.00892216;
1.01959;0.00891748;
1.01969;0.00892216;
1.01979;0.00891748;
1.01989;0.00892215;
1.01999;0.00891748;
1.02009;0.00892215;
1.02019;0.00891748;
1.02029;0.00892215;
1.02039;0.00891748;
1.02049;0.00892215;
1.02059;0.00891748;
1.02069;0.00892215;
1.02079;0.00891748;
1.02089;0.00892215;
1.02099;0.00891748;
1.02109;0.00892215;
1.02119;0.00891748;
1.02129;0.00892215;
1.02139;0.00891748;
1.02149;0.00892215;
1.02159;0.00891749;
1.02169;0.00892215;
1.02179;0.00891749;
1.02189;0.00892215;
1.02199;0.00891749;
1.02209;0.00892215;
1.02219;0.00891749;
1.02229;0.00892215;
1.02239;0.00891749;
1.02249;0.00892215;
1.02259;0.00891749;
1.02269;0.00892215;
1.02279;0.00891749;
1.02289;0.00892215;
1.02299;0.00891749;
1.02309;0.00892215;
1.02319;0.00891749;
1.02329;0.00892214;
1.02339;0.00891749;
1.02349;0.00892214;
1.02359;0.00891749;
1.02369;0.00892214;
1.02379;0.00891749;
1.02389;0.00892214;
1.02399;0.00891749;
1.02409;0.00892214;
1.02419;0.00891749;
1.02429;0.00892214;
1.02439;0.00891749;
1.02449;0.00892214;
1.02459;0.00891749;
1.02469;0.00892214;
1.02479;0.00891749;
1.02489;0.00892214;
1.02499;0.0089175;
1.02509;0.00892214;
1.02519;0.0089175;
1.02529;0.00892214;
1.02539;0.0089175;
1.02549;0.00892214;
1.02559;0.0089175;
1.02569;0.00892214;
1.02579;0.0089175;
1.02589;0.00892214;
1.02599;0.0089175;
1.02609;0.00892214;
1.02619;0.0089175;
1.02629;0.00892214;
1.02639;0.0089175;
1.02649;0.00892213;
1.02659;0.0089175;
1.02669;0.00892213;
1.02679;0.0089175;
1.02689;0.00892213;
1.02699;0.0089175;
1.02709;0.00892213;
1.02719;0.0089175;
1.02729;0.00892213;
1.02739;0.0089175;
1.02749;0.00892213;
1.02759;0.0089175;
1.02769;0.00892213;
1.02779;0.0089175;
1.02789;0.00892213;
1.02799;0.0089175;
1.02809;0.00892213;
1.02819;0.0089175;
1.02829;0.00892213;
1.02839;0.00891751;
1.02849;0.00892213;
1.02859;0.00891751;
1.02869;0.00892213;
1.02879;0.00891751;
1.02889;0.00892213;
1.02899;0.00891751;
1.02909;0.00892213;
1.02919;0.00891751;
1.02929;0.00892213;
1.02939;0.00891751;
1.02949;0.00892213;
1.02959;0.00891751;
1.02969;0.00892213;
1.02979;0.00891751;
1.02989;0.00892212;
1.02999;0.00891751;
1.03009;0.00892212;
1.03019;0.00891751;
1.03029;0.00892212;
1.03039;0.00891751;
1.03049;0.00892212;
1.03059;0.00891751;
1.03069;0.00892212;
1.03079;0.00891751;
1.03089;0.00892212;
1.03099;0.00891751;
1.03109;0.00892212;
1.03119;0.00891751;
1.03129;0.00892212;
1.03139;0.00891751;
1.03149;0.00892212;
1.03159;0.00891751;
1.03169;0.00892212;
1.03179;0.00891752;
1.03189;0.00892212;
1.03199;0.00891752;
1.03209;0.00892212;
1.03219;0.00891752;
1.03229;0.00892212;
1.03239;0.00891752;
1.03249;0.00892212;
1.03259;0.00891752;
1.03269;0.00892212;
1.03279;0.00891752;
1.03289;0.00892212;
1.03299;0.00891752;
1.03309;0.00892212;
1.03319;0.00891752;
1.03329;0.00892211;
1.03339;0.00891752;
1.03349;0.00892211;
1.03359;0.00891752;
1.03369;0.00892211;
1.03379;0.00891752;
1.03389;0.00892211;
1.03399;0.00891752;
1.03409;0.00892211;
1.03419;0.00891752;
1.03429;0.00892211;
1.03439;0.00891752;
1.03449;0.00892211;
1.03459;0.00891752;
1.03469;0.00892211;
1.03479;0.00891752;
1.03489;0.00892211;
1.03499;0.00891752;
1.03509;0.00892211;
1.03519;0.00891753;
1.03529;0.00892211;
1.03539;0.00891753;
1.03549;0.00892211;
1.03559;0.00891753;
1.03569;0.00892211;
1.03579;0.00891753;
1.03589;0.00892211;
1.03599;0.00891753;
1.03609;0.00892211;
1.03619;0.00891753;
1.03629;0.00892211;
1.03639;0.00891753;
1.03649;0.00892211;
1.03659;0.00891753;
1.03669;0.0089221;
1.03679;0.00891753;
1.03689;0.0089221;
1.03699;0.00891753;
1.03709;0.0089221;
1.03719;0.00891753;
1.03729;0.0089221;
1.03739;0.00891753;
1.03749;0.0089221;
1.03759;0.00891753;
1.03769;0.0089221;
1.03779;0.00891753;
1.03789;0.0089221;
1.03799;0.00891753;
1.03809;0.0089221;
1.03819;0.00891753;
1.03829;0.0089221;
1.03839;0.00891753;
1.03849;0.0089221;
1.03859;0.00891754;
1.03869;0.0089221;
1.03879;0.00891754;
1.03889;0.0089221;
1.03899;0.00891754;
1.03909;0.0089221;
1.03919;0.00891754;
1.03929;0.0089221;
1.03939;0.00891754;
1.03949;0.0089221;
1.03959;0.00891754;
1.03969;0.0089221;
1.03979;0.00891754;
1.03989;0.0089221;
1.03999;0.00891754;
1.04009;0.0089221;
1.04019;0.00891754;
1.04029;0.00892209;
1.04039;0.00891754;
1.04049;0.00892209;
1.04059;0.00891754;
1.04069;0.00892209;
1.04079;0.00891754;
1.04089;0.00892209;
1.04099;0.00891754;
1.04109;0.00892209;
1.04119;0.00891754;
1.04129;0.00892209;
1.04139;0.00891754;
1.04149;0.00892209;
1.04159;0.00891754;
1.04169;0.00892209;
1.04179;0.00891754;
1.04189;0.00892209;
1.04199;0.00891755;
1.04209;0.00892209;
1.04219;0.00891755;
1.04229;0.00892209;
1.04239;0.00891755;
1.04249;0.00892209;
1.04259;0.00891755;
1.04269;0.00892209;
1.04279;0.00891755;
1.04289;0.00892209;
1.04299;0.00891755;
1.04309;0.00892209;
1.04319;0.00891755;
1.04329;0.00892209;
1.04339;0.00891755;
1.04349;0.00892209;
1.04359;0.00891755;
1.04369;0.00892208;
1.04379;0.00891755;
1.04389;0.00892208;
1.04399;0.00891755;
1.04409;0.00892208;
1.04419;0.00891755;
1.04429;0.00892208;
1.04439;0.00891755;
1.04449;0.00892208;
1.04459;0.00891755;
1.04469;0.00892208;
1.04479;0.00891755;
1.04489;0.00892208;
1.04499;0.00891755;
1.04509;0.00892208;
1.04519;0.00891755;
1.04529;0.00892208;
1.04539;0.00891756;
1.04549;0.00892208;
1.04559;0.00891756;
1.04569;0.00892208;
1.04579;0.00891756;
1.04589;0.00892208;
1.04599;0.00891756;
1.04609;0.00892208;
1.04619;0.00891756;
1.04629;0.00892208;
1.04639;0.00891756;
1.04649;0.00892208;
1.04659;0.00891756;
1.04669;0.00892208;
1.04679;0.00891756;
1.04689;0.00892208;
1.04699;0.00891756;
1.04709;0.00892207;
1.04719;0.00891756;
1.04729;0.00892207;
1.04739;0.00891756;
1.04749;0.00892207;
1.04759;0.00891756;
1.04769;0.00892207;
1.04779;0.00891756;
1.04789;0.00892207;
1.04799;0.00891756;
1.04809;0.00892207;
1.04819;0.00891756;
1.04829;0.00892207;
1.04839;0.00891756;
1.04849;0.00892207;
1.04859;0.00891756;
1.04869;0.00892207;
1.04879;0.00891756;
1.04889;0.00892207;
1.04899;0.00891757;
1.04909;0.00892207;
1.04919;0.00891757;
1.04929;0.00892207;
1.04939;0.00891757;
1.04949;0.00892207;
1.04959;0.00891757;
1.04969;0.00892207;
1.04979;0.00891757;
1.04989;0.00892207;
1.04999;0.00891757;
1.05009;0.00892207;
1.05019;0.00891757;
1.05029;0.00892207;
1.05039;0.00891757;
1.05049;0.00892207;
1.05059;0.00891757;
1.05069;0.00892206;
1.05079;0.00891757;
1.05089;0.00892206;
1.05099;0.00891757;
1.05109;0.00892206;
1.05119;0.00891757;
1.05129;0.00892206;
1.05139;0.00891757;
1.05149;0.00892206;
1.05159;0.00891757;
1.05169;0.00892206;
1.05179;0.00891757;
1.05189;0.00892206;
1.05199;0.00891757;
1.05209;0.00892206;
1.05219;0.00891757;
1.05229;0.00892206;
1.05239;0.00891758;
1.05249;0.00892206;
1.05259;0.00891758;
1.05269;0.00892206;
1.05279;0.00891758;
1.05289;0.00892206;
1.05299;0.00891758;
1.05309;0.00892206;
1.05319;0.00891758;
1.05329;0.00892206;
1.05339;0.00891758;
1.05349;0.00892206;
1.05359;0.00891758;
1.05369;0.00892206;
1.05379;0.00891758;
1.05389;0.00892206;
1.05399;0.00891758;
1.05409;0.00892206;
1.05419;0.00891758;
1.05429;0.00892205;
1.05439;0.00891758;
1.05449;0.00892205;
1.05459;0.00891758;
1.05469;0.00892205;
1.05479;0.00891758;
1.05489;0.00892205;
1.05499;0.00891758;
1.05509;0.00892205;
1.05519;0.00891758;
1.05529;0.00892205;
1.05539;0.00891758;
1.05549;0.00892205;
1.05559;0.00891758;
1.05569;0.00892205;
1.05579;0.00891758;
1.05589;0.00892205;
1.05599;0.00891759;
1.05609;0.00892205;
1.05619;0.00891759;
1.05629;0.00892205;
1.05639;0.00891759;
1.05649;0.00892205;
1.05659;0.00891759;
1.05669;0.00892205;
1.05679;0.00891759;
1.05689;0.00892205;
1.05699;0.00891759;
1.05709;0.00892205;
1.05719;0.00891759;
1.05729;0.00892205;
1.05739;0.00891759;
1.05749;0.00892205;
1.05759;0.00891759;
1.05769;0.00892204;
1.05779;0.00891759;
1.05789;0.00892204;
1.05799;0.00891759;
1.05809;0.00892204;
1.05819;0.00891759;
1.05829;0.00892204;
1.05839;0.00891759;
1.05849;0.00892204;
1.05859;0.00891759;
1.05869;0.00892204;
1.05879;0.00891759;
1.05889;0.00892204;
1.05899;0.00891759;
1.05909;0.00892204;
1.05919;0.00891759;
1.05929;0.00892204;
1.05939;0.00891759;
1.05949;0.00892204;
1.05959;0.0089176;
1.05969;0.00892204;
1.05979;0.0089176;
1.05989;0.00892204;
1.05999;0.0089176;
1.06009;0.00892204;
1.06019;0.0089176;
1.06029;0.00892204;
1.06039;0.0089176;
1.06049;0.00892204;
1.06059;0.0089176;
1.06069;0.00892204;
1.06079;0.0089176;
1.06089;0.00892204;
1.06099;0.0089176;
1.06109;0.00892204;
1.06119;0.0089176;
1.06129;0.00892203;
1.06139;0.0089176;
1.06149;0.00892203;
1.06159;0.0089176;
1.06169;0.00892203;
1.06179;0.0089176;
1.06189;0.00892203;
1.06199;0.0089176;
1.06209;0.00892203;
1.06219;0.0089176;
1.06229;0.00892203;
1.06239;0.0089176;
1.06249;0.00892203;
1.06259;0.0089176;
1.06269;0.00892203;
1.06279;0.0089176;
1.06289;0.00892203;
1.06299;0.0089176;
1.06309;0.00892203;
1.06319;0.00891761;
1.06329;0.00892203;
1.06339;0.00891761;
1.06349;0.00892203;
1.06359;0.00891761;
1.06369;0.00892203;
1.06379;0.00891761;
1.06389;0.00892203;
1.06399;0.00891761;
1.06409;0.00892203;
1.06419;0.00891761;
1.06429;0.00892203;
1.06439;0.00891761;
1.06449;0.00892203;
1.06459;0.00891761;
1.06469;0.00892203;
1.06479;0.00891761;
1.06489;0.00892202;
1.06499;0.00891761;
1.06509;0.00892202;
1.06519;0.00891761;
1.06529;0.00892202;
1.06539;0.00891761;
1.06549;0.00892202;
1.06559;0.00891761;
1.06569;0.00892202;
1.06579;0.00891761;
1.06589;0.00892202;
1.06599;0.00891761;
1.06609;0.00892202;
1.06619;0.00891761;
1.06629;0.00892202;
1.06639;0.00891761;
1.06649;0.00892202;
1.06659;0.00891761;
1.06669;0.00892202;
1.06679;0.00891762;
1.06689;0.00892202;
1.06699;0.00891762;
1.06709;0.00892202;
1.06719;0.00891762;
1.06729;0.00892202;
1.06739;0.00891762;
1.06749;0.00892202;
1.06759;0.00891762;
1.06769;0.00892202;
1.06779;0.00891762;
1.06789;0.00892202;
1.06799;0.00891762;
1.06809;0.00892202;
1.06819;0.00891762;
1.06829;0.00892202;
1.06839;0.00891762;
1.06849;0.00892201;
1.06859;0.00891762;
1.06869;0.00892201;
1.06879;0.00891762;
1.06889;0.00892201;
1.06899;0.00891762;
1.06909;0.00892201;
1.06919;0.00891762;
1.06929;0.00892201;
1.06939;0.00891762;
1.06949;0.00892201;
1.06959;0.00891762;
1.06969;0.00892201;
1.06979;0.00891762;
1.06989;0.00892201;
1.06999;0.00891762;
1.07009;0.00892201;
1.07019;0.00891762;
1.07029;0.00892201;
1.07039;0.00891763;
1.07049;0.00892201;
1.07059;0.00891763;
1.07069;0.00892201;
1.07079;0.00891763;
1.07089;0.00892201;
1.07099;0.00891763;
1.07109;0.00892201;
1.07119;0.00891763;
1.07129;0.00892201;
1.07139;0.00891763;
1.07149;0.00892201;
1.07159;0.00891763;
1.07169;0.00892201;
1.07179;0.00891763;
1.07189;0.00892201;
1.07199;0.00891763;
1.07209;0.00892201;
1.07219;0.00891763;
1.07229;0.008922;
1.07239;0.00891763;
1.07249;0.008922;
1.07259;0.00891763;
1.07269;0.008922;
1.07279;0.00891763;
1.07289;0.008922;
1.07299;0.00891763;
1.07309;0.008922;
1.07319;0.00891763;
1.07329;0.008922;
1.07339;0.00891763;
1.07349;0.008922;
1.07359;0.00891763;
1.07369;0.008922;
1.07379;0.00891763;
1.07389;0.008922;
1.07399;0.00891764;
1.07409;0.008922;
1.07419;0.00891764;
1.07429;0.008922;
1.07439;0.00891764;
1.07449;0.008922;
1.07459;0.00891764;
1.07469;0.008922;
1.07479;0.00891764;
1.07489;0.008922;
1.07499;0.00891764;
1.07509;0.008922;
1.07519;0.00891764;
1.07529;0.008922;
1.07539;0.00891764;
1.07549;0.008922;
1.07559;0.00891764;
1.07569;0.008922;
1.07579;0.00891764;
1.07589;0.00892199;
1.07599;0.00891764;
1.07609;0.00892199;
1.07619;0.00891764;
1.07629;0.00892199;
1.07639;0.00891764;
1.07649;0.00892199;
1.07659;0.00891764;
1.07669;0.00892199;
1.07679;0.00891764;
1.07689;0.00892199;
1.07699;0.00891764;
1.07709;0.00892199;
1.07719;0.00891764;
1.07729;0.00892199;
1.07739;0.00891764;
1.07749;0.00892199;
1.07759;0.00891765;
1.07769;0.00892199;
1.07779;0.00891765;
1.07789;0.00892199;
1.07799;0.00891765;
1.07809;0.00892199;
1.07819;0.00891765;
1.07829;0.00892199;
1.07839;0.00891765;
1.07849;0.00892199;
1.07859;0.00891765;
1.07869;0.00892199;
1.07879;0.00891765;
1.07889;0.00892199;
1.07899;0.00891765;
1.07909;0.00892199;
1.07919;0.00891765;
1.07929;0.00892199;
1.07939;0.00891765;
1.07949;0.00892198;
1.07959;0.00891765;
1.07969;0.00892198;
1.07979;0.00891765;
1.07989;0.00892198;
1.07999;0.00891765;
1.08009;0.00892198;
1.08019;0.00891765;
1.08029;0.00892198;
1.08039;0.00891765;
1.08049;0.00892198;
1.08059;0.00891765;
1.08069;0.00892198;
1.08079;0.00891765;
1.08089;0.00892198;
1.08099;0.00891765;
1.08109;0.00892198;
1.08119;0.00891765;
1.08129;0.00892198;
1.08139;0.00891766;
1.08149;0.00892198;
1.08159;0.00891766;
1.08169;0.00892198;
1.08179;0.00891766;
1.08189;0.00892198;
1.08199;0.00891766;
1.08209;0.00892198;
1.08219;0.00891766;
1.08229;0.00892198;
1.08239;0.00891766;
1.08249;0.00892198;
1.08259;0.00891766;
1.08269;0.00892198;
1.08279;0.00891766;
1.08289;0.00892198;
1.08299;0.00891766;
1.08309;0.00892198;
1.08319;0.00891766;
1.08329;0.00892197;
1.08339;0.00891766;
1.08349;0.00892197;
1.08359;0.00891766;
1.08369;0.00892197;
1.08379;0.00891766;
1.08389;0.00892197;
1.08399;0.00891766;
1.08409;0.00892197;
1.08419;0.00891766;
1.08429;0.00892197;
1.08439;0.00891766;
1.08449;0.00892197;
1.08459;0.00891766;
1.08469;0.00892197;
1.08479;0.00891766;
1.08489;0.00892197;
1.08499;0.00891767;
1.08509;0.00892197;
1.08519;0.00891767;
1.08529;0.00892197;
1.08539;0.00891767;
1.08549;0.00892197;
1.08559;0.00891767;
1.08569;0.00892197;
1.08579;0.00891767;
1.08589;0.00892197;
1.08599;0.00891767;
1.08609;0.00892197;
1.08619;0.00891767;
1.08629;0.00892197;
1.08639;0.00891767;
1.08649;0.00892197;
1.08659;0.00891767;
1.08669;0.00892197;
1.08679;0.00891767;
1.08689;0.00892196;
1.08699;0.00891767;
1.08709;0.00892196;
1.08719;0.00891767;
1.08729;0.00892196;
1.08739;0.00891767;
1.08749;0.00892196;
1.08759;0.00891767;
1.08769;0.00892196;
1.08779;0.00891767;
1.08789;0.00892196;
1.08799;0.00891767;
1.08809;0.00892196;
1.08819;0.00891767;
1.08829;0.00892196;
1.08839;0.00891767;
1.08849;0.00892196;
1.08859;0.00891767;
1.08869;0.00892196;
1.08879;0.00891768;
1.08889;0.00892196;
1.08899;0.00891768;
1.08909;0.00892196;
1.08919;0.00891768;
1.08929;0.00892196;
1.08939;0.00891768;
1.08949;0.00892196;
1.08959;0.00891768;
1.08969;0.00892196;
1.08979;0.00891768;
1.08989;0.00892196;
1.08999;0.00891768;
1.09009;0.00892196;
1.09019;0.00891768;
1.09029;0.00892196;
1.09039;0.00891768;
1.09049;0.00892196;
1.09059;0.00891768;
1.09069;0.00892195;
1.09079;0.00891768;
1.09089;0.00892195;
1.09099;0.00891768;
1.09109;0.00892195;
1.09119;0.00891768;
1.09129;0.00892195;
1.09139;0.00891768;
1.09149;0.00892195;
1.09159;0.00891768;
1.09169;0.00892195;
1.09179;0.00891768;
1.09189;0.00892195;
1.09199;0.00891768;
1.09209;0.00892195;
1.09219;0.00891768;
1.09229;0.00892195;
1.09239;0.00891768;
1.09249;0.00892195;
1.09259;0.00891769;
1.09269;0.00892195;
1.09279;0.00891769;
1.09289;0.00892195;
1.09299;0.00891769;
1.09309;0.00892195;
1.09319;0.00891769;
1.09329;0.00892195;
1.09339;0.00891769;
1.09349;0.00892195;
1.09359;0.00891769;
1.09369;0.00892195;
1.09379;0.00891769;
1.09389;0.00892195;
1.09399;0.00891769;
1.09409;0.00892195;
1.09419;0.00891769;
1.09429;0.00892195;
1.09439;0.00891769;
1.09449;0.00892194;
1.09459;0.00891769;
1.09469;0.00892194;
1.09479;0.00891769;
1.09489;0.00892194;
1.09499;0.00891769;
1.09509;0.00892194;
1.09519;0.00891769;
1.09529;0.00892194;
1.09539;0.00891769;
1.09549;0.00892194;
1.09559;0.00891769;
1.09569;0.00892194;
1.09579;0.00891769;
1.09589;0.00892194;
1.09599;0.00891769;
1.09609;0.00892194;
1.09619;0.00891769;
1.09629;0.00892194;
1.09639;0.0089177;
1.09649;0.00892194;
1.09659;0.0089177;
1.09669;0.00892194;
1.09679;0.0089177;
1.09689;0.00892194;
1.09699;0.0089177;
1.09709;0.00892194;
1.09719;0.0089177;
1.09729;0.00892194;
1.09739;0.0089177;
1.09749;0.00892194;
1.09759;0.0089177;
1.09769;0.00892194;
1.09779;0.0089177;
1.09789;0.00892194;
1.09799;0.0089177;
1.09809;0.00892194;
1.09819;0.0089177;
1.09829;0.00892193;
1.09839;0.0089177;
1.09849;0.00892193;
1.09859;0.0089177;
1.09869;0.00892193;
1.09879;0.0089177;
1.09889;0.00892193;
1.09899;0.0089177;
1.09909;0.00892193;
1.09919;0.0089177;
1.09929;0.00892193;
1.09939;0.0089177;
1.09949;0.00892193;
1.09959;0.0089177;
1.09969;0.00892193;
1.09979;0.0089177;
1.09989;0.00892193;
1.09999;0.0089177;
1.10009;0.00892193;
1.10019;0.00891771;
1.10029;0.00892193;
1.10039;0.00891771;
1.10049;0.00892193;
1.10059;0.00891771;
1.10069;0.00892193;
1.10079;0.00891771;
1.10089;0.00892193;
1.10099;0.00891771;
1.10109;0.00892193;
1.10119;0.00891771;
1.10129;0.00892193;
1.10139;0.00891771;
1.10149;0.00892193;
1.10159;0.00891771;
1.10169;0.00892193;
1.10179;0.00891771;
1.10189;0.00892193;
1.10199;0.00891771;
1.10209;0.00892192;
1.10219;0.00891771;
1.10229;0.00892192;
1.10239;0.00891771;
1.10249;0.00892192;
1.10259;0.00891771;
1.10269;0.00892192;
1.10279;0.00891771;
1.10289;0.00892192;
1.10299;0.00891771;
1.10309;0.00892192;
1.10319;0.00891771;
1.10329;0.00892192;
1.10339;0.00891771;
1.10349;0.00892192;
1.10359;0.00891771;
1.10369;0.00892192;
1.10379;0.00891771;
1.10389;0.00892192;
1.10399;0.00891772;
1.10409;0.00892192;
1.10419;0.00891772;
1.10429;0.00892192;
1.10439;0.00891772;
1.10449;0.00892192;
1.10459;0.00891772;
1.10469;0.00892192;
1.10479;0.00891772;
1.10489;0.00892192;
1.10499;0.00891772;
1.10509;0.00892192;
1.10519;0.00891772;
1.10529;0.00892192;
1.10539;0.00891772;
1.10549;0.00892192;
1.10559;0.00891772;
1.10569;0.00892192;
1.10579;0.00891772;
1.10589;0.00892192;
1.10599;0.00891772;
1.10609;0.00892191;
1.10619;0.00891772;
1.10629;0.00892191;
1.10639;0.00891772;
1.10649;0.00892191;
1.10659;0.00891772;
1.10669;0.00892191;
1.10679;0.00891772;
1.10689;0.00892191;
1.10699;0.00891772;
1.10709;0.00892191;
1.10719;0.00891772;
1.10729;0.00892191;
1.10739;0.00891772;
1.10749;0.00892191;
1.10759;0.00891772;
1.10769;0.00892191;
1.10779;0.00891772;
1.10789;0.00892191;
1.10799;0.00891773;
1.10809;0.00892191;
1.10819;0.00891773;
1.10829;0.00892191;
1.10839;0.00891773;
1.10849;0.00892191;
1.10859;0.00891773;
1.10869;0.00892191;
1.10879;0.00891773;
1.10889;0.00892191;
1.10899;0.00891773;
1.10909;0.00892191;
1.10919;0.00891773;
1.10929;0.00892191;
1.10939;0.00891773;
1.10949;0.00892191;
1.10959;0.00891773;
1.10969;0.00892191;
1.10979;0.00891773;
1.10989;0.0089219;
1.10999;0.00891773;
1.11009;0.0089219;
1.11019;0.00891773;
1.11029;0.0089219;
1.11039;0.00891773;
1.11049;0.0089219;
1.11059;0.00891773;
1.11069;0.0089219;
1.11079;0.00891773;
1.11089;0.0089219;
1.11099;0.00891773;
1.11109;0.0089219;
1.11119;0.00891773;
1.11129;0.0089219;
1.11139;0.00891773;
1.11149;0.0089219;
1.11159;0.00891773;
1.11169;0.0089219;
1.11179;0.00891774;
1.11189;0.0089219;
1.11199;0.00891774;
1.11209;0.0089219;
1.11219;0.00891774;
1.11229;0.0089219;
1.11239;0.00891774;
1.11249;0.0089219;
1.11259;0.00891774;
1.11269;0.0089219;
1.11279;0.00891774;
1.11289;0.0089219;
1.11299;0.00891774;
1.11309;0.0089219;
1.11319;0.00891774;
1.11329;0.0089219;
1.11339;0.00891774;
1.11349;0.0089219;
1.11359;0.00891774;
1.11369;0.0089219;
1.11379;0.00891774;
1.11389;0.00892189;
1.11399;0.00891774;
1.11409;0.00892189;
1.11419;0.00891774;
1.11429;0.00892189;
1.11439;0.00891774;
1.11449;0.00892189;
1.11459;0.00891774;
1.11469;0.00892189;
1.11479;0.00891774;
1.11489;0.00892189;
1.11499;0.00891774;
1.11509;0.00892189;
1.11519;0.00891774;
1.11529;0.00892189;
1.11539;0.00891774;
1.11549;0.00892189;
1.11559;0.00891774;
1.11569;0.00892189;
1.11579;0.00891775;
1.11589;0.00892189;
1.11599;0.00891775;
1.11609;0.00892189;
1.11619;0.00891775;
1.11629;0.00892189;
1.11639;0.00891775;
1.11649;0.00892189;
1.11659;0.00891775;
1.11669;0.00892189;
1.11679;0.00891775;
1.11689;0.00892189;
1.11699;0.00891775;
1.11709;0.00892189;
1.11719;0.00891775;
1.11729;0.00892189;
1.11739;0.00891775;
1.11749;0.00892189;
1.11759;0.00891775;
1.11769;0.00892188;
1.11779;0.00891775;
1.11789;0.00892188;
1.11799;0.00891775;
1.11809;0.00892188;
1.11819;0.00891775;
1.11829;0.00892188;
1.11839;0.00891775;
1.11849;0.00892188;
1.11859;0.00891775;
1.11869;0.00892188;
1.11879;0.00891775;
1.11889;0.00892188;
1.11899;0.00891775;
1.11909;0.00892188;
1.11919;0.00891775;
1.11929;0.00892188;
1.11939;0.00891775;
1.11949;0.00892188;
1.11959;0.00891776;
1.11969;0.00892188;
1.11979;0.00891776;
1.11989;0.00892188;
1.11999;0.00891776;
1.12009;0.00892188;
1.12019;0.00891776;
1.12029;0.00892188;
1.12039;0.00891776;
1.12049;0.00892188;
1.12059;0.00891776;
1.12069;0.00892188;
1.12079;0.00891776;
1.12089;0.00892188;
1.12099;0.00891776;
1.12109;0.00892188;
1.12119;0.00891776;
1.12129;0.00892188;
1.12139;0.00891776;
1.12149;0.00892188;
1.12159;0.00891776;
1.12169;0.00892187;
1.12179;0.00891776;
1.12189;0.00892187;
1.12199;0.00891776;
1.12209;0.00892187;
1.12219;0.00891776;
1.12229;0.00892187;
1.12239;0.00891776;
1.12249;0.00892187;
1.12259;0.00891776;
1.12269;0.00892187;
1.12279;0.00891776;
1.12289;0.00892187;
1.12299;0.00891776;
1.12309;0.00892187;
1.12319;0.00891776;
1.12329;0.00892187;
1.12339;0.00891776;
1.12349;0.00892187;
1.12359;0.00891777;
1.12369;0.00892187;
1.12379;0.00891777;
1.12389;0.00892187;
1.12399;0.00891777;
1.12409;0.00892187;
1.12419;0.00891777;
1.12429;0.00892187;
1.12439;0.00891777;
1.12449;0.00892187;
1.12459;0.00891777;
1.12469;0.00892187;
1.12479;0.00891777;
1.12489;0.00892187;
1.12499;0.00891777;
1.12509;0.00892187;
1.12519;0.00891777;
1.12529;0.00892187;
1.12539;0.00891777;
1.12549;0.00892187;
1.12559;0.00891777;
1.12569;0.00892186;
1.12579;0.00891777;
1.12589;0.00892186;
1.12599;0.00891777;
1.12609;0.00892186;
1.12619;0.00891777;
1.12629;0.00892186;
1.12639;0.00891777;
1.12649;0.00892186;
1.12659;0.00891777;
1.12669;0.00892186;
1.12679;0.00891777;
1.12689;0.00892186;
1.12699;0.00891777;
1.12709;0.00892186;
1.12719;0.00891777;
1.12729;0.00892186;
1.12739;0.00891777;
1.12749;0.00892186;
1.12759;0.00891778;
1.12769;0.00892186;
1.12779;0.00891778;
1.12789;0.00892186;
1.12799;0.00891778;
1.12809;0.00892186;
1.12819;0.00891778;
1.12829;0.00892186;
1.12839;0.00891778;
1.12849;0.00892186;
1.12859;0.00891778;
1.12869;0.00892186;
1.12879;0.00891778;
1.12889;0.00892186;
1.12899;0.00891778;
1.12909;0.00892186;
1.12919;0.00891778;
1.12929;0.00892186;
1.12939;0.00891778;
1.12949;0.00892186;
1.12959;0.00891778;
1.12969;0.00892185;
1.12979;0.00891778;
1.12989;0.00892185;
1.12999;0.00891778;
1.13009;0.00892185;
1.13019;0.00891778;
1.13029;0.00892185;
1.13039;0.00891778;
1.13049;0.00892185;
1.13059;0.00891778;
1.13069;0.00892185;
1.13079;0.00891778;
1.13089;0.00892185;
1.13099;0.00891778;
1.13109;0.00892185;
1.13119;0.00891778;
1.13129;0.00892185;
1.13139;0.00891778;
1.13149;0.00892185;
1.13159;0.00891779;
1.13169;0.00892185;
1.13179;0.00891779;
1.13189;0.00892185;
1.13199;0.00891779;
1.13209;0.00892185;
1.13219;0.00891779;
1.13229;0.00892185;
1.13239;0.00891779;
1.13249;0.00892185;
1.13259;0.00891779;
1.13269;0.00892185;
1.13279;0.00891779;
1.13289;0.00892185;
1.13299;0.00891779;
1.13309;0.00892185;
1.13319;0.00891779;
1.13329;0.00892185;
1.13339;0.00891779;
1.13349;0.00892185;
1.13359;0.00891779;
1.13369;0.00892184;
1.13379;0.00891779;
1.13389;0.00892184;
1.13399;0.00891779;
1.13409;0.00892184;
1.13419;0.00891779;
1.13429;0.00892184;
1.13439;0.00891779;
1.13449;0.00892184;
1.13459;0.00891779;
1.13469;0.00892184;
1.13479;0.00891779;
1.13489;0.00892184;
1.13499;0.00891779;
1.13509;0.00892184;
1.13519;0.00891779;
1.13529;0.00892184;
1.13539;0.00891779;
1.13549;0.00892184;
1.13559;0.00891779;
1.13569;0.00892184;
1.13579;0.0089178;
1.13589;0.00892184;
1.13599;0.0089178;
1.13609;0.00892184;
1.13619;0.0089178;
1.13629;0.00892184;
1.13639;0.0089178;
1.13649;0.00892184;
1.13659;0.0089178;
1.13669;0.00892184;
1.13679;0.0089178;
1.13689;0.00892184;
1.13699;0.0089178;
1.13709;0.00892184;
1.13719;0.0089178;
1.13729;0.00892184;
1.13739;0.0089178;
1.13749;0.00892184;
1.13759;0.0089178;
1.13769;0.00892184;
1.13779;0.0089178;
1.13789;0.00892183;
1.13799;0.0089178;
1.13809;0.00892183;
1.13819;0.0089178;
1.13829;0.00892183;
1.13839;0.0089178;
1.13849;0.00892183;
1.13859;0.0089178;
1.13869;0.00892183;
1.13879;0.0089178;
1.13889;0.00892183;
1.13899;0.0089178;
1.13909;0.00892183;
1.13919;0.0089178;
1.13929;0.00892183;
1.13939;0.0089178;
1.13949;0.00892183;
1.13959;0.0089178;
1.13969;0.00892183;
1.13979;0.00891781;
1.13989;0.00892183;
1.13999;0.00891781;
1.14009;0.00892183;
1.14019;0.00891781;
1.14029;0.00892183;
1.14039;0.00891781;
1.14049;0.00892183;
1.14059;0.00891781;
1.14069;0.00892183;
1.14079;0.00891781;
1.14089;0.00892183;
1.14099;0.00891781;
1.14109;0.00892183;
1.14119;0.00891781;
1.14129;0.00892183;
1.14139;0.00891781;
1.14149;0.00892183;
1.14159;0.00891781;
1.14169;0.00892183;
1.14179;0.00891781;
1.14189;0.00892182;
1.14199;0.00891781;
1.14209;0.00892182;
1.14219;0.00891781;
1.14229;0.00892182;
1.14239;0.00891781;
1.14249;0.00892182;
1.14259;0.00891781;
1.14269;0.00892182;
1.14279;0.00891781;
1.14289;0.00892182;
1.14299;0.00891781;
1.14309;0.00892182;
1.14319;0.00891781;
1.14329;0.00892182;
1.14339;0.00891781;
1.14349;0.00892182;
1.14359;0.00891781;
1.14369;0.00892182;
1.14379;0.00891782;
1.14389;0.00892182;
1.14399;0.00891782;
1.14409;0.00892182;
1.14419;0.00891782;
1.14429;0.00892182;
1.14439;0.00891782;
1.14449;0.00892182;
1.14459;0.00891782;
1.14469;0.00892182;
1.14479;0.00891782;
1.14489;0.00892182;
1.14499;0.00891782;
1.14509;0.00892182;
1.14519;0.00891782;
1.14529;0.00892182;
1.14539;0.00891782;
1.14549;0.00892182;
1.14559;0.00891782;
1.14569;0.00892182;
1.14579;0.00891782;
1.14589;0.00892182;
1.14599;0.00891782;
1.14609;0.00892181;
1.14619;0.00891782;
1.14629;0.00892181;
1.14639;0.00891782;
1.14649;0.00892181;
1.14659;0.00891782;
1.14669;0.00892181;
1.14679;0.00891782;
1.14689;0.00892181;
1.14699;0.00891782;
1.14709;0.00892181;
1.14719;0.00891782;
1.14729;0.00892181;
1.14739;0.00891782;
1.14749;0.00892181;
1.14759;0.00891782;
1.14769;0.00892181;
1.14779;0.00891782;
1.14789;0.00892181;
1.14799;0.00891783;
1.14809;0.00892181;
1.14819;0.00891783;
1.14829;0.00892181;
1.14839;0.00891783;
1.14849;0.00892181;
1.14859;0.00891783;
1.14869;0.00892181;
1.14879;0.00891783;
1.14889;0.00892181;
1.14899;0.00891783;
1.14909;0.00892181;
1.14919;0.00891783;
1.14929;0.00892181;
1.14939;0.00891783;
1.14949;0.00892181;
1.14959;0.00891783;
1.14969;0.00892181;
1.14979;0.00891783;
1.14989;0.00892181;
1.14999;0.00891783;
1.15009;0.00892181;
1.15019;0.00891783;
1.15029;0.0089218;
1.15039;0.00891783;
1.15049;0.0089218;
1.15059;0.00891783;
1.15069;0.0089218;
1.15079;0.00891783;
1.15089;0.0089218;
1.15099;0.00891783;
1.15109;0.0089218;
1.15119;0.00891783;
1.15129;0.0089218;
1.15139;0.00891783;
1.15149;0.0089218;
1.15159;0.00891783;
1.15169;0.0089218;
1.15179;0.00891783;
1.15189;0.0089218;
1.15199;0.00891783;
1.15209;0.0089218;
1.15219;0.00891784;
1.15229;0.0089218;
1.15239;0.00891784;
1.15249;0.0089218;
1.15259;0.00891784;
1.15269;0.0089218;
1.15279;0.00891784;
1.15289;0.0089218;
1.15299;0.00891784;
1.15309;0.0089218;
1.15319;0.00891784;
1.15329;0.0089218;
1.15339;0.00891784;
1.15349;0.0089218;
1.15359;0.00891784;
1.15369;0.0089218;
1.15379;0.00891784;
1.15389;0.0089218;
1.15399;0.00891784;
1.15409;0.0089218;
1.15419;0.00891784;
1.15429;0.0089218;
1.15439;0.00891784;
1.15449;0.00892179;
1.15459;0.00891784;
1.15469;0.00892179;
1.15479;0.00891784;
1.15489;0.00892179;
1.15499;0.00891784;
1.15509;0.00892179;
1.15519;0.00891784;
1.15529;0.00892179;
1.15539;0.00891784;
1.15549;0.00892179;
1.15559;0.00891784;
1.15569;0.00892179;
1.15579;0.00891784;
1.15589;0.00892179;
1.15599;0.00891784;
1.15609;0.00892179;
1.15619;0.00891784;
1.15629;0.00892179;
1.15639;0.00891785;
1.15649;0.00892179;
1.15659;0.00891785;
1.15669;0.00892179;
1.15679;0.00891785;
1.15689;0.00892179;
1.15699;0.00891785;
1.15709;0.00892179;
1.15719;0.00891785;
1.15729;0.00892179;
1.15739;0.00891785;
1.15749;0.00892179;
1.15759;0.00891785;
1.15769;0.00892179;
1.15779;0.00891785;
1.15789;0.00892179;
1.15799;0.00891785;
1.15809;0.00892179;
1.15819;0.00891785;
1.15829;0.00892179;
1.15839;0.00891785;
1.15849;0.00892179;
1.15859;0.00891785;
1.15869;0.00892178;
1.15879;0.00891785;
1.15889;0.00892178;
1.15899;0.00891785;
1.15909;0.00892178;
1.15919;0.00891785;
1.15929;0.00892178;
1.15939;0.00891785;
1.15949;0.00892178;
1.15959;0.00891785;
1.15969;0.00892178;
1.15979;0.00891785;
1.15989;0.00892178;
1.15999;0.00891785;
1.16009;0.00892178;
1.16019;0.00891785;
1.16029;0.00892178;
1.16039;0.00891785;
1.16049;0.00892178;
1.16059;0.00891786;
1.16069;0.00892178;
1.16079;0.00891786;
1.16089;0.00892178;
1.16099;0.00891786;
1.16109;0.00892178;
1.16119;0.00891786;
1.16129;0.00892178;
1.16139;0.00891786;
1.16149;0.00892178;
1.16159;0.00891786;
1.16169;0.00892178;
1.16179;0.00891786;
1.16189;0.00892178;
1.16199;0.00891786;
1.16209;0.00892178;
1.16219;0.00891786;
1.16229;0.00892178;
1.16239;0.00891786;
1.16249;0.00892178;
1.16259;0.00891786;
1.16269;0.00892178;
1.16279;0.00891786;
1.16289;0.00892177;
1.16299;0.00891786;
1.16309;0.00892177;
1.16319;0.00891786;
1.16329;0.00892177;
1.16339;0.00891786;
1.16349;0.00892177;
1.16359;0.00891786;
1.16369;0.00892177;
1.16379;0.00891786;
1.16389;0.00892177;
1.16399;0.00891786;
1.16409;0.00892177;
1.16419;0.00891786;
1.16429;0.00892177;
1.16439;0.00891786;
1.16449;0.00892177;
1.16459;0.00891786;
1.16469;0.00892177;
1.16479;0.00891786;
1.16489;0.00892177;
1.16499;0.00891787;
1.16509;0.00892177;
1.16519;0.00891787;
1.16529;0.00892177;
1.16539;0.00891787;
1.16549;0.00892177;
1.16559;0.00891787;
1.16569;0.00892177;
1.16579;0.00891787;
1.16589;0.00892177;
1.16599;0.00891787;
1.16609;0.00892177;
1.16619;0.00891787;
1.16629;0.00892177;
1.16639;0.00891787;
1.16649;0.00892177;
1.16659;0.00891787;
1.16669;0.00892177;
1.16679;0.00891787;
1.16689;0.00892177;
1.16699;0.00891787;
1.16709;0.00892177;
1.16719;0.00891787;
1.16729;0.00892176;
1.16739;0.00891787;
1.16749;0.00892176;
1.16759;0.00891787;
1.16769;0.00892176;
1.16779;0.00891787;
1.16789;0.00892176;
1.16799;0.00891787;
1.16809;0.00892176;
1.16819;0.00891787;
1.16829;0.00892176;
1.16839;0.00891787;
1.16849;0.00892176;
1.16859;0.00891787;
1.16869;0.00892176;
1.16879;0.00891787;
1.16889;0.00892176;
1.16899;0.00891787;
1.16909;0.00892176;
1.16919;0.00891788;
1.16929;0.00892176;
1.16939;0.00891788;
1.16949;0.00892176;
1.16959;0.00891788;
1.16969;0.00892176;
1.16979;0.00891788;
1.16989;0.00892176;
1.16999;0.00891788;
1.17009;0.00892176;
1.17019;0.00891788;
1.17029;0.00892176;
1.17039;0.00891788;
1.17049;0.00892176;
1.17059;0.00891788;
1.17069;0.00892176;
1.17079;0.00891788;
1.17089;0.00892176;
1.17099;0.00891788;
1.17109;0.00892176;
1.17119;0.00891788;
1.17129;0.00892176;
1.17139;0.00891788;
1.17149;0.00892175;
1.17159;0.00891788;
1.17169;0.00892175;
1.17179;0.00891788;
1.17189;0.00892175;
1.17199;0.00891788;
1.17209;0.00892175;
1.17219;0.00891788;
1.17229;0.00892175;
1.17239;0.00891788;
1.17249;0.00892175;
1.17259;0.00891788;
1.17269;0.00892175;
1.17279;0.00891788;
1.17289;0.00892175;
1.17299;0.00891788;
1.17309;0.00892175;
1.17319;0.00891788;
1.17329;0.00892175;
1.17339;0.00891788;
1.17349;0.00892175;
1.17359;0.00891789;
1.17369;0.00892175;
1.17379;0.00891789;
1.17389;0.00892175;
1.17399;0.00891789;
1.17409;0.00892175;
1.17419;0.00891789;
1.17429;0.00892175;
1.17439;0.00891789;
1.17449;0.00892175;
1.17459;0.00891789;
1.17469;0.00892175;
1.17479;0.00891789;
1.17489;0.00892175;
1.17499;0.00891789;
1.17509;0.00892175;
1.17519;0.00891789;
1.17529;0.00892175;
1.17539;0.00891789;
1.17549;0.00892175;
1.17559;0.00891789;
1.17569;0.00892175;
1.17579;0.00891789;
1.17589;0.00892174;
1.17599;0.00891789;
1.17609;0.00892174;
1.17619;0.00891789;
1.17629;0.00892174;
1.17639;0.00891789;
1.17649;0.00892174;
1.17659;0.00891789;
1.17669;0.00892174;
1.17679;0.00891789;
1.17689;0.00892174;
1.17699;0.00891789;
1.17709;0.00892174;
1.17719;0.00891789;
1.17729;0.00892174;
1.17739;0.00891789;
1.17749;0.00892174;
1.17759;0.00891789;
1.17769;0.00892174;
1.17779;0.0089179;
1.17789;0.00892174;
1.17799;0.0089179;
1.17809;0.00892174;
1.17819;0.0089179;
1.17829;0.00892174;
1.17839;0.0089179;
1.17849;0.00892174;
1.17859;0.0089179;
1.17869;0.00892174;
1.17879;0.0089179;
1.17889;0.00892174;
1.17899;0.0089179;
1.17909;0.00892174;
1.17919;0.0089179;
1.17929;0.00892174;
1.17939;0.0089179;
1.17949;0.00892174;
1.17959;0.0089179;
1.17969;0.00892174;
1.17979;0.0089179;
1.17989;0.00892174;
1.17999;0.0089179;
1.18009;0.00892174;
1.18019;0.0089179;
1.18029;0.00892173;
1.18039;0.0089179;
1.18049;0.00892173;
1.18059;0.0089179;
1.18069;0.00892173;
1.18079;0.0089179;
1.18089;0.00892173;
1.18099;0.0089179;
1.18109;0.00892173;
1.18119;0.0089179;
1.18129;0.00892173;
1.18139;0.0089179;
1.18149;0.00892173;
1.18159;0.0089179;
1.18169;0.00892173;
1.18179;0.0089179;
1.18189;0.00892173;
1.18199;0.0089179;
1.18209;0.00892173;
1.18219;0.00891791;
1.18229;0.00892173;
1.18239;0.00891791;
1.18249;0.00892173;
1.18259;0.00891791;
1.18269;0.00892173;
1.18279;0.00891791;
1.18289;0.00892173;
1.18299;0.00891791;
1.18309;0.00892173;
1.18319;0.00891791;
1.18329;0.00892173;
1.18339;0.00891791;
1.18349;0.00892173;
1.18359;0.00891791;
1.18369;0.00892173;
1.18379;0.00891791;
1.18389;0.00892173;
1.18399;0.00891791;
1.18409;0.00892173;
1.18419;0.00891791;
1.18429;0.00892173;
1.18439;0.00891791;
1.18449;0.00892173;
1.18459;0.00891791;
1.18469;0.00892172;
1.18479;0.00891791;
1.18489;0.00892172;
1.18499;0.00891791;
1.18509;0.00892172;
1.18519;0.00891791;
1.18529;0.00892172;
1.18539;0.00891791;
1.18549;0.00892172;
1.18559;0.00891791;
1.18569;0.00892172;
1.18579;0.00891791;
1.18589;0.00892172;
1.18599;0.00891791;
1.18609;0.00892172;
1.18619;0.00891791;
1.18629;0.00892172;
1.18639;0.00891791;
1.18649;0.00892172;
1.18659;0.00891791;
1.18669;0.00892172;
1.18679;0.00891792;
1.18689;0.00892172;
1.18699;0.00891792;
1.18709;0.00892172;
1.18719;0.00891792;
1.18729;0.00892172;
1.18739;0.00891792;
1.18749;0.00892172;
1.18759;0.00891792;
1.18769;0.00892172;
1.18779;0.00891792;
1.18789;0.00892172;
1.18799;0.00891792;
1.18809;0.00892172;
1.18819;0.00891792;
1.18829;0.00892172;
1.18839;0.00891792;
1.18849;0.00892172;
1.18859;0.00891792;
1.18869;0.00892172;
1.18879;0.00891792;
1.18889;0.00892172;
1.18899;0.00891792;
1.18909;0.00892171;
1.18919;0.00891792;
1.18929;0.00892171;
1.18939;0.00891792;
1.18949;0.00892171;
1.18959;0.00891792;
1.18969;0.00892171;
1.18979;0.00891792;
1.18989;0.00892171;
1.18999;0.00891792;
1.19009;0.00892171;
1.19019;0.00891792;
1.19029;0.00892171;
1.19039;0.00891792;
1.19049;0.00892171;
1.19059;0.00891792;
1.19069;0.00892171;
1.19079;0.00891792;
1.19089;0.00892171;
1.19099;0.00891792;
1.19109;0.00892171;
1.19119;0.00891793;
1.19129;0.00892171;
1.19139;0.00891793;
1.19149;0.00892171;
1.19159;0.00891793;
1.19169;0.00892171;
1.19179;0.00891793;
1.19189;0.00892171;
1.19199;0.00891793;
1.19209;0.00892171;
1.19219;0.00891793;
1.19229;0.00892171;
1.19239;0.00891793;
1.19249;0.00892171;
1.19259;0.00891793;
1.19269;0.00892171;
1.19279;0.00891793;
1.19289;0.00892171;
1.19299;0.00891793;
1.19309;0.00892171;
1.19319;0.00891793;
1.19329;0.00892171;
1.19339;0.00891793;
1.19349;0.00892171;
1.19359;0.00891793;
1.19369;0.0089217;
1.19379;0.00891793;
1.19389;0.0089217;
1.19399;0.00891793;
1.19409;0.0089217;
1.19419;0.00891793;
1.19429;0.0089217;
1.19439;0.00891793;
1.19449;0.0089217;
1.19459;0.00891793;
1.19469;0.0089217;
1.19479;0.00891793;
1.19489;0.0089217;
1.19499;0.00891793;
1.19509;0.0089217;
1.19519;0.00891793;
1.19529;0.0089217;
1.19539;0.00891793;
1.19549;0.0089217;
1.19559;0.00891794;
1.19569;0.0089217;
1.19579;0.00891794;
1.19589;0.0089217;
1.19599;0.00891794;
1.19609;0.0089217;
1.19619;0.00891794;
1.19629;0.0089217;
1.19639;0.00891794;
1.19649;0.0089217;
1.19659;0.00891794;
1.19669;0.0089217;
1.19679;0.00891794;
1.19689;0.0089217;
1.19699;0.00891794;
1.19709;0.0089217;
1.19719;0.00891794;
1.19729;0.0089217;
1.19739;0.00891794;
1.19749;0.0089217;
1.19759;0.00891794;
1.19769;0.0089217;
1.19779;0.00891794;
1.19789;0.0089217;
1.19799;0.00891794;
1.19809;0.00892169;
1.19819;0.00891794;
1.19829;0.00892169;
1.19839;0.00891794;
1.19849;0.00892169;
1.19859;0.00891794;
1.19869;0.00892169;
1.19879;0.00891794;
1.19889;0.00892169;
1.19899;0.00891794;
1.19909;0.00892169;
1.19919;0.00891794;
1.19929;0.00892169;
1.19939;0.00891794;
1.19949;0.00892169;
1.19959;0.00891794;
1.19969;0.00892169;
1.19979;0.00891794;
1.19989;0.00892169;
1.19999;0.00891794;
1.20009;0.00892169;
1.20019;0.00891795;
1.20029;0.00892169;
1.20039;0.00891795;
1.20049;0.00892169;
1.20059;0.00891795;
1.20069;0.00892169;
1.20079;0.00891795;
1.20089;0.00892169;
1.20099;0.00891795;
1.20109;0.00892169;
1.20119;0.00891795;
1.20129;0.00892169;
1.20139;0.00891795;
1.20149;0.00892169;
1.20159;0.00891795;
1.20169;0.00892169;
1.20179;0.00891795;
1.20189;0.00892169;
1.20199;0.00891795;
1.20209;0.00892169;
1.20219;0.00891795;
1.20229;0.00892169;
1.20239;0.00891795;
1.20249;0.00892169;
1.20259;0.00891795;
1.20269;0.00892168;
1.20279;0.00891795;
1.20289;0.00892168;
1.20299;0.00891795;
1.20309;0.00892168;
1.20319;0.00891795;
1.20329;0.00892168;
1.20339;0.00891795;
1.20349;0.00892168;
1.20359;0.00891795;
1.20369;0.00892168;
1.20379;0.00891795;
1.20389;0.00892168;
1.20399;0.00891795;
1.20409;0.00892168;
1.20419;0.00891795;
1.20429;0.00892168;
1.20439;0.00891795;
1.20449;0.00892168;
1.20459;0.00891795;
1.20469;0.00892168;
1.20479;0.00891796;
1.20489;0.00892168;
1.20499;0.00891796;
1.20509;0.00892168;
1.20519;0.00891796;
1.20529;0.00892168;
1.20539;0.00891796;
1.20549;0.00892168;
1.20559;0.00891796;
1.20569;0.00892168;
1.20579;0.00891796;
1.20589;0.00892168;
1.20599;0.00891796;
1.20609;0.00892168;
1.20619;0.00891796;
1.20629;0.00892168;
1.20639;0.00891796;
1.20649;0.00892168;
1.20659;0.00891796;
1.20669;0.00892168;
1.20679;0.00891796;
1.20689;0.00892168;
1.20699;0.00891796;
1.20709;0.00892168;
1.20719;0.00891796;
1.20729;0.00892167;
1.20739;0.00891796;
1.20749;0.00892167;
1.20759;0.00891796;
1.20769;0.00892167;
1.20779;0.00891796;
1.20789;0.00892167;
1.20799;0.00891796;
1.20809;0.00892167;
1.20819;0.00891796;
1.20829;0.00892167;
1.20839;0.00891796;
1.20849;0.00892167;
1.20859;0.00891796;
1.20869;0.00892167;
1.20879;0.00891796;
1.20889;0.00892167;
1.20899;0.00891796;
1.20909;0.00892167;
1.20919;0.00891796;
1.20929;0.00892167;
1.20939;0.00891797;
1.20949;0.00892167;
1.20959;0.00891797;
1.20969;0.00892167;
1.20979;0.00891797;
1.20989;0.00892167;
1.20999;0.00891797;
1.21009;0.00892167;
1.21019;0.00891797;
1.21029;0.00892167;
1.21039;0.00891797;
1.21049;0.00892167;
1.21059;0.00891797;
1.21069;0.00892167;
1.21079;0.00891797;
1.21089;0.00892167;
1.21099;0.00891797;
1.21109;0.00892167;
1.21119;0.00891797;
1.21129;0.00892167;
1.21139;0.00891797;
1.21149;0.00892167;
1.21159;0.00891797;
1.21169;0.00892167;
1.21179;0.00891797;
1.21189;0.00892166;
1.21199;0.00891797;
1.21209;0.00892166;
1.21219;0.00891797;
1.21229;0.00892166;
1.21239;0.00891797;
1.21249;0.00892166;
1.21259;0.00891797;
1.21269;0.00892166;
1.21279;0.00891797;
1.21289;0.00892166;
1.21299;0.00891797;
1.21309;0.00892166;
1.21319;0.00891797;
1.21329;0.00892166;
1.21339;0.00891797;
1.21349;0.00892166;
1.21359;0.00891797;
1.21369;0.00892166;
1.21379;0.00891797;
1.21389;0.00892166;
1.21399;0.00891798;
1.21409;0.00892166;
1.21419;0.00891798;
1.21429;0.00892166;
1.21439;0.00891798;
1.21449;0.00892166;
1.21459;0.00891798;
1.21469;0.00892166;
1.21479;0.00891798;
1.21489;0.00892166;
1.21499;0.00891798;
1.21509;0.00892166;
1.21519;0.00891798;
1.21529;0.00892166;
1.21539;0.00891798;
1.21549;0.00892166;
1.21559;0.00891798;
1.21569;0.00892166;
1.21579;0.00891798;
1.21589;0.00892166;
1.21599;0.00891798;
1.21609;0.00892166;
1.21619;0.00891798;
1.21629;0.00892166;
1.21639;0.00891798;
1.21649;0.00892166;
1.21659;0.00891798;
1.21669;0.00892165;
1.21679;0.00891798;
1.21689;0.00892165;
1.21699;0.00891798;
1.21709;0.00892165;
1.21719;0.00891798;
1.21729;0.00892165;
1.21739;0.00891798;
1.21749;0.00892165;
1.21759;0.00891798;
1.21769;0.00892165;
1.21779;0.00891798;
1.21789;0.00892165;
1.21799;0.00891798;
1.21809;0.00892165;
1.21819;0.00891798;
1.21829;0.00892165;
1.21839;0.00891798;
1.21849;0.00892165;
1.21859;0.00891799;
1.21869;0.00892165;
1.21879;0.00891799;
1.21889;0.00892165;
1.21899;0.00891799;
1.21909;0.00892165;
1.21919;0.00891799;
1.21929;0.00892165;
1.21939;0.00891799;
1.21949;0.00892165;
1.21959;0.00891799;
1.21969;0.00892165;
1.21979;0.00891799;
1.21989;0.00892165;
1.21999;0.00891799;
1.22009;0.00892165;
1.22019;0.00891799;
1.22029;0.00892165;
1.22039;0.00891799;
1.22049;0.00892165;
1.22059;0.00891799;
1.22069;0.00892165;
1.22079;0.00891799;
1.22089;0.00892165;
1.22099;0.00891799;
1.22109;0.00892165;
1.22119;0.00891799;
1.22129;0.00892164;
1.22139;0.00891799;
1.22149;0.00892164;
1.22159;0.00891799;
1.22169;0.00892164;
1.22179;0.00891799;
1.22189;0.00892164;
1.22199;0.00891799;
1.22209;0.00892164;
1.22219;0.00891799;
1.22229;0.00892164;
1.22239;0.00891799;
1.22249;0.00892164;
1.22259;0.00891799;
1.22269;0.00892164;
1.22279;0.00891799;
1.22289;0.00892164;
1.22299;0.00891799;
1.22309;0.00892164;
1.22319;0.00891799;
1.22329;0.00892164;
1.22339;0.008918;
1.22349;0.00892164;
1.22359;0.008918;
1.22369;0.00892164;
1.22379;0.008918;
1.22389;0.00892164;
1.22399;0.008918;
1.22409;0.00892164;
1.22419;0.008918;
1.22429;0.00892164;
1.22439;0.008918;
1.22449;0.00892164;
1.22459;0.008918;
1.22469;0.00892164;
1.22479;0.008918;
1.22489;0.00892164;
1.22499;0.008918;
1.22509;0.00892164;
1.22519;0.008918;
1.22529;0.00892164;
1.22539;0.008918;
1.22549;0.00892164;
1.22559;0.008918;
1.22569;0.00892164;
1.22579;0.008918;
1.22589;0.00892164;
1.22599;0.008918;
1.22609;0.00892163;
1.22619;0.008918;
1.22629;0.00892163;
1.22639;0.008918;
1.22649;0.00892163;
1.22659;0.008918;
1.22669;0.00892163;
1.22679;0.008918;
1.22689;0.00892163;
1.22699;0.008918;
1.22709;0.00892163;
1.22719;0.008918;
1.22729;0.00892163;
1.22739;0.008918;
1.22749;0.00892163;
1.22759;0.008918;
1.22769;0.00892163;
1.22779;0.008918;
1.22789;0.00892163;
1.22799;0.008918;
1.22809;0.00892163;
1.22819;0.00891801;
1.22829;0.00892163;
1.22839;0.00891801;
1.22849;0.00892163;
1.22859;0.00891801;
1.22869;0.00892163;
1.22879;0.00891801;
1.22889;0.00892163;
1.22899;0.00891801;
1.22909;0.00892163;
1.22919;0.00891801;
1.22929;0.00892163;
1.22939;0.00891801;
1.22949;0.00892163;
1.22959;0.00891801;
1.22969;0.00892163;
1.22979;0.00891801;
1.22989;0.00892163;
1.22999;0.00891801;
1.23009;0.00892163;
1.23019;0.00891801;
1.23029;0.00892163;
1.23039;0.00891801;
1.23049;0.00892163;
1.23059;0.00891801;
1.23069;0.00892163;
1.23079;0.00891801;
1.23089;0.00892162;
1.23099;0.00891801;
1.23109;0.00892162;
1.23119;0.00891801;
1.23129;0.00892162;
1.23139;0.00891801;
1.23149;0.00892162;
1.23159;0.00891801;
1.23169;0.00892162;
1.23179;0.00891801;
1.23189;0.00892162;
1.23199;0.00891801;
1.23209;0.00892162;
1.23219;0.00891801;
1.23229;0.00892162;
1.23239;0.00891801;
1.23249;0.00892162;
1.23259;0.00891801;
1.23269;0.00892162;
1.23279;0.00891801;
1.23289;0.00892162;
1.23299;0.00891802;
1.23309;0.00892162;
1.23319;0.00891802;
1.23329;0.00892162;
1.23339;0.00891802;
1.23349;0.00892162;
1.23359;0.00891802;
1.23369;0.00892162;
1.23379;0.00891802;
1.23389;0.00892162;
1.23399;0.00891802;
1.23409;0.00892162;
1.23419;0.00891802;
1.23429;0.00892162;
1.23439;0.00891802;
1.23449;0.00892162;
1.23459;0.00891802;
1.23469;0.00892162;
1.23479;0.00891802;
1.23489;0.00892162;
1.23499;0.00891802;
1.23509;0.00892162;
1.23519;0.00891802;
1.23529;0.00892162;
1.23539;0.00891802;
1.23549;0.00892162;
1.23559;0.00891802;
1.23569;0.00892161;
1.23579;0.00891802;
1.23589;0.00892161;
1.23599;0.00891802;
1.23609;0.00892161;
1.23619;0.00891802;
1.23629;0.00892161;
1.23639;0.00891802;
1.23649;0.00892161;
1.23659;0.00891802;
1.23669;0.00892161;
1.23679;0.00891802;
1.23689;0.00892161;
1.23699;0.00891802;
1.23709;0.00892161;
1.23719;0.00891802;
1.23729;0.00892161;
1.23739;0.00891802;
1.23749;0.00892161;
1.23759;0.00891802;
1.23769;0.00892161;
1.23779;0.00891803;
1.23789;0.00892161;
1.23799;0.00891803;
1.23809;0.00892161;
1.23819;0.00891803;
1.23829;0.00892161;
1.23839;0.00891803;
1.23849;0.00892161;
1.23859;0.00891803;
1.23869;0.00892161;
1.23879;0.00891803;
1.23889;0.00892161;
1.23899;0.00891803;
1.23909;0.00892161;
1.23919;0.00891803;
1.23929;0.00892161;
1.23939;0.00891803;
1.23949;0.00892161;
1.23959;0.00891803;
1.23969;0.00892161;
1.23979;0.00891803;
1.23989;0.00892161;
1.23999;0.00891803;
1.24009;0.00892161;
1.24019;0.00891803;
1.24029;0.00892161;
1.24039;0.00891803;
1.24049;0.0089216;
1.24059;0.00891803;
1.24069;0.0089216;
1.24079;0.00891803;
1.24089;0.0089216;
1.24099;0.00891803;
1.24109;0.0089216;
1.24119;0.00891803;
1.24129;0.0089216;
1.24139;0.00891803;
1.24149;0.0089216;
1.24159;0.00891803;
1.24169;0.0089216;
1.24179;0.00891803;
1.24189;0.0089216;
1.24199;0.00891803;
1.24209;0.0089216;
1.24219;0.00891803;
1.24229;0.0089216;
1.24239;0.00891803;
1.24249;0.0089216;
1.24259;0.00891804;
1.24269;0.0089216;
1.24279;0.00891804;
1.24289;0.0089216;
1.24299;0.00891804;
1.24309;0.0089216;
1.24319;0.00891804;
1.24329;0.0089216;
1.24339;0.00891804;
1.24349;0.0089216;
1.24359;0.00891804;
1.24369;0.0089216;
1.24379;0.00891804;
1.24389;0.0089216;
1.24399;0.00891804;
1.24409;0.0089216;
1.24419;0.00891804;
1.24429;0.0089216;
1.24439;0.00891804;
1.24449;0.0089216;
1.24459;0.00891804;
1.24469;0.0089216;
1.24479;0.00891804;
1.24489;0.0089216;
1.24499;0.00891804;
1.24509;0.0089216;
1.24519;0.00891804;
1.24529;0.0089216;
1.24539;0.00891804;
1.24549;0.00892159;
1.24559;0.00891804;
1.24569;0.00892159;
1.24579;0.00891804;
1.24589;0.00892159;
1.24599;0.00891804;
1.24609;0.00892159;
1.24619;0.00891804;
1.24629;0.00892159;
1.24639;0.00891804;
1.24649;0.00892159;
1.24659;0.00891804;
1.24669;0.00892159;
1.24679;0.00891804;
1.24689;0.00892159;
1.24699;0.00891804;
1.24709;0.00892159;
1.24719;0.00891804;
1.24729;0.00892159;
1.24739;0.00891804;
1.24749;0.00892159;
1.24759;0.00891805;
1.24769;0.00892159;
1.24779;0.00891805;
1.24789;0.00892159;
1.24799;0.00891805;
1.24809;0.00892159;
1.24819;0.00891805;
1.24829;0.00892159;
1.24839;0.00891805;
1.24849;0.00892159;
1.24859;0.00891805;
1.24869;0.00892159;
1.24879;0.00891805;
1.24889;0.00892159;
1.24899;0.00891805;
1.24909;0.00892159;
1.24919;0.00891805;
1.24929;0.00892159;
1.24939;0.00891805;
1.24949;0.00892159;
1.24959;0.00891805;
1.24969;0.00892159;
1.24979;0.00891805;
1.24989;0.00892159;
1.24999;0.00891805;
1.25009;0.00892159;
1.25019;0.00891805;
1.25029;0.00892158;
1.25039;0.00891805;
1.25049;0.00892158;
1.25059;0.00891805;
1.25069;0.00892158;
1.25079;0.00891805;
1.25089;0.00892158;
1.25099;0.00891805;
1.25109;0.00892158;
1.25119;0.00891805;
1.25129;0.00892158;
1.25139;0.00891805;
1.25149;0.00892158;
1.25159;0.00891805;
1.25169;0.00892158;
1.25179;0.00891805;
1.25189;0.00892158;
1.25199;0.00891805;
1.25209;0.00892158;
1.25219;0.00891805;
1.25229;0.00892158;
1.25239;0.00891806;
1.25249;0.00892158;
1.25259;0.00891806;
1.25269;0.00892158;
1.25279;0.00891806;
1.25289;0.00892158;
1.25299;0.00891806;
1.25309;0.00892158;
1.25319;0.00891806;
1.25329;0.00892158;
1.25339;0.00891806;
1.25349;0.00892158;
1.25359;0.00891806;
1.25369;0.00892158;
1.25379;0.00891806;
1.25389;0.00892158;
1.25399;0.00891806;
1.25409;0.00892158;
1.25419;0.00891806;
1.25429;0.00892158;
1.25439;0.00891806;
1.25449;0.00892158;
1.25459;0.00891806;
1.25469;0.00892158;
1.25479;0.00891806;
1.25489;0.00892158;
1.25499;0.00891806;
1.25509;0.00892158;
1.25519;0.00891806;
1.25529;0.00892157;
1.25539;0.00891806;
1.25549;0.00892157;
1.25559;0.00891806;
1.25569;0.00892157;
1.25579;0.00891806;
1.25589;0.00892157;
1.25599;0.00891806;
1.25609;0.00892157;
1.25619;0.00891806;
1.25629;0.00892157;
1.25639;0.00891806;
1.25649;0.00892157;
1.25659;0.00891806;
1.25669;0.00892157;
1.25679;0.00891806;
1.25689;0.00892157;
1.25699;0.00891806;
1.25709;0.00892157;
1.25719;0.00891806;
1.25729;0.00892157;
1.25739;0.00891807;
1.25749;0.00892157;
1.25759;0.00891807;
1.25769;0.00892157;
1.25779;0.00891807;
1.25789;0.00892157;
1.25799;0.00891807;
1.25809;0.00892157;
1.25819;0.00891807;
1.25829;0.00892157;
1.25839;0.00891807;
1.25849;0.00892157;
1.25859;0.00891807;
1.25869;0.00892157;
1.25879;0.00891807;
1.25889;0.00892157;
1.25899;0.00891807;
1.25909;0.00892157;
1.25919;0.00891807;
1.25929;0.00892157;
1.25939;0.00891807;
1.25949;0.00892157;
1.25959;0.00891807;
1.25969;0.00892157;
1.25979;0.00891807;
1.25989;0.00892157;
1.25999;0.00891807;
1.26009;0.00892157;
1.26019;0.00891807;
1.26029;0.00892156;
1.26039;0.00891807;
1.26049;0.00892156;
1.26059;0.00891807;
1.26069;0.00892156;
1.26079;0.00891807;
1.26089;0.00892156;
1.26099;0.00891807;
1.26109;0.00892156;
1.26119;0.00891807;
1.26129;0.00892156;
1.26139;0.00891807;
1.26149;0.00892156;
1.26159;0.00891807;
1.26169;0.00892156;
1.26179;0.00891807;
1.26189;0.00892156;
1.26199;0.00891807;
1.26209;0.00892156;
1.26219;0.00891807;
1.26229;0.00892156;
1.26239;0.00891807;
1.26249;0.00892156;
1.26259;0.00891808;
1.26269;0.00892156;
1.26279;0.00891808;
1.26289;0.00892156;
1.26299;0.00891808;
1.26309;0.00892156;
1.26319;0.00891808;
1.26329;0.00892156;
1.26339;0.00891808;
1.26349;0.00892156;
1.26359;0.00891808;
1.26369;0.00892156;
1.26379;0.00891808;
1.26389;0.00892156;
1.26399;0.00891808;
1.26409;0.00892156;
1.26419;0.00891808;
1.26429;0.00892156;
1.26439;0.00891808;
1.26449;0.00892156;
1.26459;0.00891808;
1.26469;0.00892156;
1.26479;0.00891808;
1.26489;0.00892156;
1.26499;0.00891808;
1.26509;0.00892156;
1.26519;0.00891808;
1.26529;0.00892156;
1.26539;0.00891808;
1.26549;0.00892155;
1.26559;0.00891808;
1.26569;0.00892155;
1.26579;0.00891808;
1.26589;0.00892155;
1.26599;0.00891808;
1.26609;0.00892155;
1.26619;0.00891808;
1.26629;0.00892155;
1.26639;0.00891808;
1.26649;0.00892155;
1.26659;0.00891808;
1.26669;0.00892155;
1.26679;0.00891808;
1.26689;0.00892155;
1.26699;0.00891808;
1.26709;0.00892155;
1.26719;0.00891808;
1.26729;0.00892155;
1.26739;0.00891808;
1.26749;0.00892155;
1.26759;0.00891809;
1.26769;0.00892155;
1.26779;0.00891809;
1.26789;0.00892155;
1.26799;0.00891809;
1.26809;0.00892155;
1.26819;0.00891809;
1.26829;0.00892155;
1.26839;0.00891809;
1.26849;0.00892155;
1.26859;0.00891809;
1.26869;0.00892155;
1.26879;0.00891809;
1.26889;0.00892155;
1.26899;0.00891809;
1.26909;0.00892155;
1.26919;0.00891809;
1.26929;0.00892155;
1.26939;0.00891809;
1.26949;0.00892155;
1.26959;0.00891809;
1.26969;0.00892155;
1.26979;0.00891809;
1.26989;0.00892155;
1.26999;0.00891809;
1.27009;0.00892155;
1.27019;0.00891809;
1.27029;0.00892155;
1.27039;0.00891809;
1.27049;0.00892154;
1.27059;0.00891809;
1.27069;0.00892154;
1.27079;0.00891809;
1.27089;0.00892154;
1.27099;0.00891809;
1.27109;0.00892154;
1.27119;0.00891809;
1.27129;0.00892154;
1.27139;0.00891809;
1.27149;0.00892154;
1.27159;0.00891809;
1.27169;0.00892154;
1.27179;0.00891809;
1.27189;0.00892154;
1.27199;0.00891809;
1.27209;0.00892154;
1.27219;0.00891809;
1.27229;0.00892154;
1.27239;0.00891809;
1.27249;0.00892154;
1.27259;0.00891809;
1.27269;0.00892154;
1.27279;0.0089181;
1.27289;0.00892154;
1.27299;0.0089181;
1.27309;0.00892154;
1.27319;0.0089181;
1.27329;0.00892154;
1.27339;0.0089181;
1.27349;0.00892154;
1.27359;0.0089181;
1.27369;0.00892154;
1.27379;0.0089181;
1.27389;0.00892154;
1.27399;0.0089181;
1.27409;0.00892154;
1.27419;0.0089181;
1.27429;0.00892154;
1.27439;0.0089181;
1.27449;0.00892154;
1.27459;0.0089181;
1.27469;0.00892154;
1.27479;0.0089181;
1.27489;0.00892154;
1.27499;0.0089181;
1.27509;0.00892154;
1.27519;0.0089181;
1.27529;0.00892154;
1.27539;0.0089181;
1.27549;0.00892154;
1.27559;0.0089181;
1.27569;0.00892153;
1.27579;0.0089181;
1.27589;0.00892153;
1.27599;0.0089181;
1.27609;0.00892153;
1.27619;0.0089181;
1.27629;0.00892153;
1.27639;0.0089181;
1.27649;0.00892153;
1.27659;0.0089181;
1.27669;0.00892153;
1.27679;0.0089181;
1.27689;0.00892153;
1.27699;0.0089181;
1.27709;0.00892153;
1.27719;0.0089181;
1.27729;0.00892153;
1.27739;0.0089181;
1.27749;0.00892153;
1.27759;0.0089181;
1.27769;0.00892153;
1.27779;0.00891811;
1.27789;0.00892153;
1.27799;0.00891811;
1.27809;0.00892153;
1.27819;0.00891811;
1.27829;0.00892153;
1.27839;0.00891811;
1.27849;0.00892153;
1.27859;0.00891811;
1.27869;0.00892153;
1.27879;0.00891811;
1.27889;0.00892153;
1.27899;0.00891811;
1.27909;0.00892153;
1.27919;0.00891811;
1.27929;0.00892153;
1.27939;0.00891811;
1.27949;0.00892153;
1.27959;0.00891811;
1.27969;0.00892153;
1.27979;0.00891811;
1.27989;0.00892153;
1.27999;0.00891811;
1.28009;0.00892153;
1.28019;0.00891811;
1.28029;0.00892153;
1.28039;0.00891811;
1.28049;0.00892153;
1.28059;0.00891811;
1.28069;0.00892153;
1.28079;0.00891811;
1.28089;0.00892152;
1.28099;0.00891811;
1.28109;0.00892152;
1.28119;0.00891811;
1.28129;0.00892152;
1.28139;0.00891811;
1.28149;0.00892152;
1.28159;0.00891811;
1.28169;0.00892152;
1.28179;0.00891811;
1.28189;0.00892152;
1.28199;0.00891811;
1.28209;0.00892152;
1.28219;0.00891811;
1.28229;0.00892152;
1.28239;0.00891811;
1.28249;0.00892152;
1.28259;0.00891811;
1.28269;0.00892152;
1.28279;0.00891811;
1.28289;0.00892152;
1.28299;0.00891811;
1.28309;0.00892152;
1.28319;0.00891812;
1.28329;0.00892152;
1.28339;0.00891812;
1.28349;0.00892152;
1.28359;0.00891812;
1.28369;0.00892152;
1.28379;0.00891812;
1.28389;0.00892152;
1.28399;0.00891812;
1.28409;0.00892152;
1.28419;0.00891812;
1.28429;0.00892152;
1.28439;0.00891812;
1.28449;0.00892152;
1.28459;0.00891812;
1.28469;0.00892152;
1.28479;0.00891812;
1.28489;0.00892152;
1.28499;0.00891812;
1.28509;0.00892152;
1.28519;0.00891812;
1.28529;0.00892152;
1.28539;0.00891812;
1.28549;0.00892152;
1.28559;0.00891812;
1.28569;0.00892152;
1.28579;0.00891812;
1.28589;0.00892152;
1.28599;0.00891812;
1.28609;0.00892151;
1.28619;0.00891812;
1.28629;0.00892151;
1.28639;0.00891812;
1.28649;0.00892151;
1.28659;0.00891812;
1.28669;0.00892151;
1.28679;0.00891812;
1.28689;0.00892151;
1.28699;0.00891812;
1.28709;0.00892151;
1.28719;0.00891812;
1.28729;0.00892151;
1.28739;0.00891812;
1.28749;0.00892151;
1.28759;0.00891812;
1.28769;0.00892151;
1.28779;0.00891812;
1.28789;0.00892151;
1.28799;0.00891812;
1.28809;0.00892151;
1.28819;0.00891812;
1.28829;0.00892151;
1.28839;0.00891813;
1.28849;0.00892151;
1.28859;0.00891813;
1.28869;0.00892151;
1.28879;0.00891813;
1.28889;0.00892151;
1.28899;0.00891813;
1.28909;0.00892151;
1.28919;0.00891813;
1.28929;0.00892151;
1.28939;0.00891813;
1.28949;0.00892151;
1.28959;0.00891813;
1.28969;0.00892151;
1.28979;0.00891813;
1.28989;0.00892151;
1.28999;0.00891813;
1.29009;0.00892151;
1.29019;0.00891813;
1.29029;0.00892151;
1.29039;0.00891813;
1.29049;0.00892151;
1.29059;0.00891813;
1.29069;0.00892151;
1.29079;0.00891813;
1.29089;0.00892151;
1.29099;0.00891813;
1.29109;0.00892151;
1.29119;0.00891813;
1.29129;0.00892151;
1.29139;0.00891813;
1.29149;0.0089215;
1.29159;0.00891813;
1.29169;0.0089215;
1.29179;0.00891813;
1.29189;0.0089215;
1.29199;0.00891813;
1.29209;0.0089215;
1.29219;0.00891813;
1.29229;0.0089215;
1.29239;0.00891813;
1.29249;0.0089215;
1.29259;0.00891813;
1.29269;0.0089215;
1.29279;0.00891813;
1.29289;0.0089215;
1.29299;0.00891813;
1.29309;0.0089215;
1.29319;0.00891813;
1.29329;0.0089215;
1.29339;0.00891813;
1.29349;0.0089215;
1.29359;0.00891814;
1.29369;0.0089215;
1.29379;0.00891814;
1.29389;0.0089215;
1.29399;0.00891814;
1.29409;0.0089215;
1.29419;0.00891814;
1.29429;0.0089215;
1.29439;0.00891814;
1.29449;0.0089215;
1.29459;0.00891814;
1.29469;0.0089215;
1.29479;0.00891814;
1.29489;0.0089215;
1.29499;0.00891814;
1.29509;0.0089215;
1.29519;0.00891814;
1.29529;0.0089215;
1.29539;0.00891814;
1.29549;0.0089215;
1.29559;0.00891814;
1.29569;0.0089215;
1.29579;0.00891814;
1.29589;0.0089215;
1.29599;0.00891814;
1.29609;0.0089215;
1.29619;0.00891814;
1.29629;0.0089215;
1.29639;0.00891814;
1.29649;0.0089215;
1.29659;0.00891814;
1.29669;0.0089215;
1.29679;0.00891814;
1.29689;0.0089215;
1.29699;0.00891814;
1.29709;0.00892149;
1.29719;0.00891814;
1.29729;0.00892149;
1.29739;0.00891814;
1.29749;0.00892149;
1.29759;0.00891814;
1.29769;0.00892149;
1.29779;0.00891814;
1.29789;0.00892149;
1.29799;0.00891814;
1.29809;0.00892149;
1.29819;0.00891814;
1.29829;0.00892149;
1.29839;0.00891814;
1.29849;0.00892149;
1.29859;0.00891814;
1.29869;0.00892149;
1.29879;0.00891815;
1.29889;0.00892149;
1.29899;0.00891815;
1.29909;0.00892149;
1.29919;0.00891815;
1.29929;0.00892149;
1.29939;0.00891815;
1.29949;0.00892149;
1.29959;0.00891815;
1.29969;0.00892149;
1.29979;0.00891815;
1.29989;0.00892149;
1.29999;0.00891815;
1.30009;0.00892149;
1.30019;0.00891815;
1.30029;0.00892149;
1.30039;0.00891815;
1.30049;0.00892149;
1.30059;0.00891815;
1.30069;0.00892149;
1.30079;0.00891815;
1.30089;0.00892149;
1.30099;0.00891815;
1.30109;0.00892149;
1.30119;0.00891815;
1.30129;0.00892149;
1.30139;0.00891815;
1.30149;0.00892149;
1.30159;0.00891815;
1.30169;0.00892149;
1.30179;0.00891815;
1.30189;0.00892149;
1.30199;0.00891815;
1.30209;0.00892148;
1.30219;0.00891815;
1.30229;0.00892148;
1.30239;0.00891815;
1.30249;0.00892148;
1.30259;0.00891815;
1.30269;0.00892148;
1.30279;0.00891815;
1.30289;0.00892148;
1.30299;0.00891815;
1.30309;0.00892148;
1.30319;0.00891815;
1.30329;0.00892148;
1.30339;0.00891815;
1.30349;0.00892148;
1.30359;0.00891815;
1.30369;0.00892148;
1.30379;0.00891816;
1.30389;0.00892148;
1.30399;0.00891816;
1.30409;0.00892149;
1.3041;0.00892007;
1.30412;0.00891958;
1.30413;0.00892006;
1.30414;0.00891955;
1.30416;0.00892007;
1.30417;0.00891952;
1.30419;0.00892007;
1.30421;0.00891947;
1.30423;1.96121e-26;
1.30425;1.95182e-26;
1.30427;1.96105e-26;
1.30428;1.95172e-26;
1.3043;1.96073e-26;
1.30433;1.95146e-26;
1.30438;1.96091e-26;
1.30446;1.9514e-26;
1.30456;1.96062e-26;
1.30466;1.95136e-26;
1.30476;1.96057e-26;
1.30486;1.95152e-26;
1.30496;1.96053e-26;
1.30506;1.95148e-26;
1.30516;1.96048e-26;
1.30526;1.95144e-26;
1.30536;1.96045e-26;
1.30546;1.95142e-26;
1.30556;1.96043e-26;
1.30566;1.95118e-26;
1.30576;1.9604e-26;
1.30586;1.95117e-26;
1.30596;1.96038e-26;
1.30606;1.95116e-26;
1.30616;1.96037e-26;
1.30626;1.95115e-26;
1.30636;1.96037e-26;
1.30646;1.95115e-26;
1.30656;1.96036e-26;
1.30666;1.95115e-26;
1.30676;1.96035e-26;
1.30686;1.95115e-26;
1.30696;1.96035e-26;
1.30706;1.95115e-26;
1.30716;1.96035e-26;
1.30726;1.95115e-26;
1.30736;1.96034e-26;
1.30746;1.95115e-26;
1.30756;1.96034e-26;
1.30766;1.95115e-26;
1.30776;1.96034e-26;
1.30786;1.95115e-26;
1.30796;1.96034e-26;
1.30806;1.95116e-26;
1.30816;1.96033e-26;
1.30826;1.95116e-26;
1.30836;1.96033e-26;
1.30846;1.95116e-26;
1.30856;1.96033e-26;
1.30866;1.95116e-26;
1.30876;1.96033e-26;
1.30886;1.95117e-26;
1.30896;1.96032e-26;
1.30906;1.95117e-26;
1.30916;1.96032e-26;
1.30926;1.95117e-26;
1.30936;1.96032e-26;
1.30946;1.95117e-26;
1.30956;1.96032e-26;
1.30966;1.95117e-26;
1.30976;1.96032e-26;
1.30986;1.95118e-26;
1.30996;1.96031e-26;
1.31006;1.95118e-26;
1.31016;1.96031e-26;
1.31026;1.95118e-26;
1.31036;1.96031e-26;
1.31046;1.95118e-26;
1.31056;1.96031e-26;
1.31066;1.95118e-26;
1.31076;1.9603e-26;
1.31086;1.95119e-26;
1.31096;1.9603e-26;
1.31106;1.95119e-26;
1.31116;1.9603e-26;
1.31126;1.95119e-26;
1.31136;1.9603e-26;
1.31146;1.95119e-26;
1.31156;1.9603e-26;
1.31166;1.9512e-26;
1.31176;1.96029e-26;
1.31186;1.9512e-26;
1.31196;1.96029e-26;
1.31206;1.9512e-26;
1.31216;1.96029e-26;
1.31226;1.9512e-26;
1.31236;1.96029e-26;
1.31246;1.9512e-26;
1.31256;1.96028e-26;
1.31266;1.95121e-26;
1.31276;1.96028e-26;
1.31286;1.95121e-26;
1.31296;1.96028e-26;
1.31306;1.95121e-26;
1.31316;1.96028e-26;
1.31326;1.95121e-26;
1.31336;1.96028e-26;
1.31346;1.95122e-26;
1.31356;1.96027e-26;
1.31366;1.95122e-26;
1.31376;1.96027e-26;
1.31386;1.95122e-26;
1.31396;1.96027e-26;
1.31406;1.95122e-26;
1.31416;1.96027e-26;
1.31426;1.95122e-26;
1.31436;1.96026e-26;
1.31446;1.95123e-26;
1.31456;1.96026e-26;
1.31466;1.95123e-26;
1.31476;1.96026e-26;
1.31486;1.95123e-26;
1.31496;1.96026e-26;
1.31506;1.95123e-26;
1.31516;1.96026e-26;
1.31526;1.95124e-26;
1.31536;1.96025e-26;
1.31546;1.95124e-26;
1.31556;1.96025e-26;
1.31566;1.95124e-26;
1.31576;1.96025e-26;
1.31586;1.95124e-26;
1.31596;1.96025e-26;
1.31606;1.95124e-26;
1.31616;1.96024e-26;
1.31626;1.95125e-26;
1.31636;1.96024e-26;
1.31646;1.95125e-26;
1.31656;1.96024e-26;
1.31666;1.95125e-26;
1.31676;1.96024e-26;
1.31686;1.95125e-26;
1.31696;1.96024e-26;
1.31706;1.95126e-26;
1.31716;1.96023e-26;
1.31726;1.95126e-26;
1.31736;1.96023e-26;
1.31746;1.95126e-26;
1.31756;1.96023e-26;
1.31766;1.95126e-26;
1.31776;1.96023e-26;
1.31786;1.95126e-26;
1.31796;1.96022e-26;
1.31806;1.95127e-26;
1.31816;1.96022e-26;
1.31826;1.95127e-26;
1.31836;1.96022e-26;
1.31846;1.95127e-26;
1.31856;1.96022e-26;
1.31866;1.95127e-26;
1.31876;1.96022e-26;
1.31886;1.95128e-26;
1.31896;1.96021e-26;
1.31906;1.95128e-26;
1.31916;1.96021e-26;
1.31926;1.95128e-26;
1.31936;1.96021e-26;
1.31946;1.95128e-26;
1.31956;1.96021e-26;
1.31966;1.95128e-26;
1.31976;1.9602e-26;
1.31986;1.95129e-26;
1.31996;1.9602e-26;
1.32006;1.95129e-26;
1.32016;1.9602e-26;
1.32026;1.95129e-26;
1.32036;1.9602e-26;
1.32046;1.95129e-26;
1.32056;1.9602e-26;
1.32066;1.95129e-26;
1.32076;1.96019e-26;
1.32086;1.9513e-26;
1.32096;1.96019e-26;
1.32106;1.9513e-26;
1.32116;1.96019e-26;
1.32126;1.9513e-26;
1.32136;1.96019e-26;
1.32146;1.9513e-26;
1.32156;1.96018e-26;
1.32166;1.95131e-26;
1.32176;1.96018e-26;
1.32186;1.95131e-26;
1.32196;1.96018e-26;
1.32206;1.95131e-26;
1.32216;1.96018e-26;
1.32226;1.95131e-26;
1.32236;1.96018e-26;
1.32246;1.95131e-26;
1.32256;1.96017e-26;
1.32266;1.95132e-26;
1.32276;1.96017e-26;
1.32286;1.95132e-26;
1.32296;1.96017e-26;
1.32306;1.95132e-26;
1.32316;1.96017e-26;
1.32326;1.95132e-26;
1.32336;1.96016e-26;
1.32346;1.95133e-26;
1.32356;1.96016e-26;
1.32366;1.95133e-26;
1.32376;1.96016e-26;
1.32386;1.95133e-26;
1.32396;1.96016e-26;
1.32406;1.95133e-26;
1.32416;1.96015e-26;
1.32426;1.95133e-26;
1.32436;1.96015e-26;
1.32446;1.95134e-26;
1.32456;1.96015e-26;
1.32466;1.95134e-26;
1.32476;1.96015e-26;
1.32486;1.95134e-26;
1.32496;1.96015e-26;
1.32506;1.95134e-26;
1.32516;1.96014e-26;
1.32526;1.95135e-26;
1.32536;1.96014e-26;
1.32546;1.95135e-26;
1.32556;1.96014e-26;
1.32566;1.95135e-26;
1.32576;1.96014e-26;
1.32586;1.95135e-26;
1.32596;1.96013e-26;
1.32606;1.95135e-26;
1.32616;1.96013e-26;
1.32626;1.95136e-26;
1.32636;1.96013e-26;
1.32646;1.95136e-26;
1.32656;1.96013e-26;
1.32666;1.95136e-26;
1.32676;1.96013e-26;
1.32686;1.95136e-26;
1.32696;1.96012e-26;
1.32706;1.95137e-26;
1.32716;1.96012e-26;
1.32726;1.95137e-26;
1.32736;1.96012e-26;
1.32746;1.95137e-26;
1.32756;1.96012e-26;
1.32766;1.95137e-26;
1.32776;1.96011e-26;
1.32786;1.95137e-26;
1.32796;1.96011e-26;
1.32806;1.95138e-26;
1.32816;1.96011e-26;
1.32826;1.95138e-26;
1.32836;1.96011e-26;
1.32846;1.95138e-26;
1.32856;1.9601e-26;
1.32866;1.95138e-26;
1.32876;1.9601e-26;
1.32886;1.95139e-26;
1.32896;1.9601e-26;
1.32906;1.95139e-26;
1.32916;1.9601e-26;
1.32926;1.95139e-26;
1.32936;1.9601e-26;
1.32946;1.95139e-26;
1.32956;1.96009e-26;
1.32966;1.95139e-26;
1.32976;1.96009e-26;
1.32986;1.9514e-26;
1.32996;1.96009e-26;
1.33006;1.9514e-26;
1.33016;1.96009e-26;
1.33026;1.9514e-26;
1.33036;1.96008e-26;
1.33046;1.9514e-26;
1.33056;1.96008e-26;
1.33066;1.95141e-26;
1.33076;1.96008e-26;
1.33086;1.95141e-26;
1.33096;1.96008e-26;
1.33106;1.95141e-26;
1.33116;1.96007e-26;
1.33126;1.95141e-26;
1.33136;1.96007e-26;
1.33146;1.95141e-26;
1.33156;1.96007e-26;
1.33166;1.95142e-26;
1.33176;1.96007e-26;
1.33186;1.95142e-26;
1.33196;1.96007e-26;
1.33206;1.95142e-26;
1.33216;1.96006e-26;
1.33226;1.95142e-26;
1.33236;1.96006e-26;
1.33246;1.95142e-26;
1.33256;1.96006e-26;
1.33266;1.95143e-26;
1.33276;1.96006e-26;
1.33286;1.95143e-26;
1.33296;1.96005e-26;
1.33306;1.95143e-26;
1.33316;1.96005e-26;
1.33326;1.95143e-26;
1.33336;1.96005e-26;
1.33346;1.95144e-26;
1.33356;1.96005e-26;
1.33366;1.95144e-26;
1.33376;1.96005e-26;
1.33386;1.95144e-26;
1.33396;1.96004e-26;
1.33406;1.95144e-26;
1.33416;1.96004e-26;
1.33426;1.95144e-26;
1.33436;1.96004e-26;
1.33446;1.95145e-26;
1.33456;1.96004e-26;
1.33466;1.95145e-26;
1.33476;1.96003e-26;
1.33486;1.95145e-26;
1.33496;1.96003e-26;
1.33506;1.95145e-26;
1.33516;1.96003e-26;
1.33526;1.95146e-26;
1.33536;1.96003e-26;
1.33546;1.95146e-26;
1.33556;1.96002e-26;
1.33566;1.95146e-26;
1.33576;1.96002e-26;
1.33586;1.95146e-26;
1.33596;1.96002e-26;
1.33606;1.95146e-26;
1.33616;1.96002e-26;
1.33626;1.95147e-26;
1.33636;1.96002e-26;
1.33646;1.95147e-26;
1.33656;1.96001e-26;
1.33666;1.95147e-26;
1.33676;1.96001e-26;
1.33686;1.95147e-26;
1.33696;1.96001e-26;
1.33706;1.95148e-26;
1.33716;1.96001e-26;
1.33726;1.95148e-26;
1.33736;1.96e-26;
1.33746;1.95148e-26;
1.33756;1.96e-26;
1.33766;1.95148e-26;
1.33776;1.96e-26;
1.33786;1.95148e-26;
1.33796;1.96e-26;
1.33806;1.95149e-26;
1.33816;1.95999e-26;
1.33826;1.95149e-26;
1.33836;1.95999e-26;
1.33846;1.95149e-26;
1.33856;1.95999e-26;
1.33866;1.95149e-26;
1.33876;1.95999e-26;
1.33886;1.9515e-26;
1.33896;1.95999e-26;
1.33906;1.9515e-26;
1.33916;1.95998e-26;
1.33926;1.9515e-26;
1.33936;1.95998e-26;
1.33946;1.9515e-26;
1.33956;1.95998e-26;
1.33966;1.9515e-26;
1.33976;1.95998e-26;
1.33986;1.95151e-26;
1.33996;1.95997e-26;
1.34006;1.95151e-26;
1.34016;1.95997e-26;
1.34026;1.95151e-26;
1.34036;1.95997e-26;
1.34046;1.95151e-26;
1.34056;1.95997e-26;
1.34066;1.95152e-26;
1.34076;1.95996e-26;
1.34086;1.95152e-26;
1.34096;1.95996e-26;
1.34106;1.95152e-26;
1.34116;1.95996e-26;
1.34126;1.95152e-26;
1.34136;1.95996e-26;
1.34146;1.95152e-26;
1.34156;1.95995e-26;
1.34166;1.95153e-26;
1.34176;1.95995e-26;
1.34186;1.95153e-26;
1.34196;1.95995e-26;
1.34206;1.95153e-26;
1.34216;1.95995e-26;
1.34226;1.95153e-26;
1.34236;1.95995e-26;
1.34246;1.95154e-26;
1.34256;1.95994e-26;
1.34266;1.95154e-26;
1.34276;1.95994e-26;
1.34286;1.95154e-26;
1.34296;1.95994e-26;
1.34306;1.95154e-26;
1.34316;1.95994e-26;
1.34326;1.95154e-26;
1.34336;1.95993e-26;
1.34346;1.95155e-26;
1.34356;1.95993e-26;
1.34366;1.95155e-26;
1.34376;1.95993e-26;
1.34386;1.95155e-26;
1.34396;1.95993e-26;
1.34406;1.95155e-26;
1.34416;1.95992e-26;
1.34426;1.95156e-26;
1.34436;1.95992e-26;
1.34446;1.95156e-26;
1.34456;1.95992e-26;
1.34466;1.95156e-26;
1.34476;1.95992e-26;
1.34486;1.95156e-26;
1.34496;1.95992e-26;
1.34506;1.95156e-26;
1.34516;1.95991e-26;
1.34526;1.95157e-26;
1.34536;1.95991e-26;
1.34546;1.95157e-26;
1.34556;1.95991e-26;
1.34566;1.95157e-26;
1.34576;1.95991e-26;
1.34586;1.95157e-26;
1.34596;1.9599e-26;
1.34606;1.95158e-26;
1.34616;1.9599e-26;
1.34626;1.95158e-26;
1.34636;1.9599e-26;
1.34646;1.95158e-26;
1.34656;1.9599e-26;
1.34666;1.95158e-26;
1.34676;1.95989e-26;
1.34686;1.95158e-26;
1.34696;1.95989e-26;
1.34706;1.95159e-26;
1.34716;1.95989e-26;
1.34726;1.95159e-26;
1.34736;1.95989e-26;
1.34746;1.95159e-26;
1.34756;1.95989e-26;
1.34766;1.95159e-26;
1.34776;1.95988e-26;
1.34786;1.95159e-26;
1.34796;1.95988e-26;
1.34806;1.9516e-26;
1.34816;1.95988e-26;
1.34826;1.9516e-26;
1.34836;1.95988e-26;
1.34846;1.9516e-26;
1.34856;1.95987e-26;
1.34866;1.9516e-26;
1.34876;1.95987e-26;
1.34886;1.95161e-26;
1.34896;1.95987e-26;
1.34906;1.95161e-26;
1.34916;1.95987e-26;
1.34926;1.95161e-26;
1.34936;1.95986e-26;
1.34946;1.95161e-26;
1.34956;1.95986e-26;
1.34966;1.95161e-26;
1.34976;1.95986e-26;
1.34986;1.95162e-26;
1.34996;1.95986e-26;
1.35006;1.95162e-26;
1.35016;1.95985e-26;
1.35026;1.95162e-26;
1.35036;1.95985e-26;
1.35046;1.95162e-26;
1.35056;1.95985e-26;
1.35066;1.95163e-26;
1.35076;1.95985e-26;
1.35086;1.95163e-26;
1.35096;1.95985e-26;
1.35106;1.95163e-26;
1.35116;1.95984e-26;
1.35126;1.95163e-26;
1.35136;1.95984e-26;
1.35146;1.95163e-26;
1.35156;1.95984e-26;
1.35166;1.95164e-26;
1.35176;1.95984e-26;
1.35186;1.95164e-26;
1.35196;1.95983e-26;
1.35206;1.95164e-26;
1.35216;1.95983e-26;
1.35226;1.95164e-26;
1.35236;1.95983e-26;
1.35246;1.95165e-26;
1.35256;1.95983e-26;
1.35266;1.95165e-26;
1.35276;1.95982e-26;
1.35286;1.95165e-26;
1.35296;1.95982e-26;
1.35306;1.95165e-26;
1.35316;1.95982e-26;
1.35326;1.95165e-26;
1.35336;1.95982e-26;
1.35346;1.95166e-26;
1.35356;1.95981e-26;
1.35366;1.95166e-26;
1.35376;1.95981e-26;
1.35386;1.95166e-26;
1.35396;1.95981e-26;
1.35406;1.95166e-26;
1.35416;1.95981e-26;
1.35426;1.95167e-26;
1.35436;1.95981e-26;
1.35446;1.95167e-26;
1.35456;1.9598e-26;
1.35466;1.95167e-26;
1.35476;1.9598e-26;
1.35486;1.95167e-26;
1.35496;1.9598e-26;
1.35506;1.95167e-26;
1.35516;1.9598e-26;
1.35526;1.95168e-26;
1.35536;1.95979e-26;
1.35546;1.95168e-26;
1.35556;1.95979e-26;
1.35566;1.95168e-26;
1.35576;1.95979e-26;
1.35586;1.95168e-26;
1.35596;1.95979e-26;
1.35606;1.95169e-26;
1.35616;1.95978e-26;
1.35626;1.95169e-26;
1.35636;1.95978e-26;
1.35646;1.95169e-26;
1.35656;1.95978e-26;
1.35666;1.95169e-26;
1.35676;1.95978e-26;
1.35686;1.95169e-26;
1.35696;1.95977e-26;
1.35706;1.9517e-26;
1.35716;1.95977e-26;
1.35726;1.9517e-26;
1.35736;1.95977e-26;
1.35746;1.9517e-26;
1.35756;1.95977e-26;
1.35766;1.9517e-26;
1.35776;1.95977e-26;
1.35786;1.95171e-26;
1.35796;1.95976e-26;
1.35806;1.95171e-26;
1.35816;1.95976e-26;
1.35826;1.95171e-26;
1.35836;1.95976e-26;
1.35846;1.95171e-26;
1.35856;1.95976e-26;
1.35866;1.95171e-26;
1.35876;1.95975e-26;
1.35886;1.95172e-26;
1.35896;1.95975e-26;
1.35906;1.95172e-26;
1.35916;1.95975e-26;
1.35926;1.95172e-26;
1.35936;1.95975e-26;
1.35946;1.95172e-26;
1.35956;1.95974e-26;
1.35966;1.95173e-26;
1.35976;1.95974e-26;
1.35986;1.95173e-26;
1.35996;1.95974e-26;
1.36006;1.95173e-26;
1.36016;1.95974e-26;
1.36026;1.95173e-26;
1.36036;1.95973e-26;
1.36046;1.95173e-26;
1.36056;1.95973e-26;
1.36066;1.95174e-26;
1.36076;1.95973e-26;
1.36086;1.95174e-26;
1.36096;1.95973e-26;
1.36106;1.95174e-26;
1.36116;1.95973e-26;
1.36126;1.95174e-26;
1.36136;1.95972e-26;
1.36146;1.95174e-26;
1.36156;1.95972e-26;
1.36166;1.95175e-26;
1.36176;1.95972e-26;
1.36186;1.95175e-26;
1.36196;1.95972e-26;
1.36206;1.95175e-26;
1.36216;1.95971e-26;
1.36226;1.95175e-26;
1.36236;1.95971e-26;
1.36246;1.95176e-26;
1.36256;1.95971e-26;
1.36266;1.95176e-26;
1.36276;1.95971e-26;
1.36286;1.95176e-26;
1.36296;1.9597e-26;
1.36306;1.95176e-26;
1.36316;1.9597e-26;
1.36326;1.95176e-26;
1.36336;1.9597e-26;
1.36346;1.95177e-26;
1.36356;1.9597e-26;
1.36366;1.95177e-26;
1.36376;1.95969e-26;
1.36386;1.95177e-26;
1.36396;1.95969e-26;
1.36406;1.95177e-26;
1.36416;1.95969e-26;
1.36426;1.95178e-26;
1.36436;1.95969e-26;
1.36446;1.95178e-26;
1.36456;1.95969e-26;
1.36466;1.95178e-26;
1.36476;1.95968e-26;
1.36486;1.95178e-26;
1.36496;1.95968e-26;
1.36506;1.95178e-26;
1.36516;1.95968e-26;
1.36526;1.95179e-26;
1.36536;1.95968e-26;
1.36546;1.95179e-26;
1.36556;1.95967e-26;
1.36566;1.95179e-26;
1.36576;1.95967e-26;
1.36586;1.95179e-26;
1.36596;1.95967e-26;
1.36606;1.9518e-26;
1.36616;1.95967e-26;
1.36626;1.9518e-26;
1.36636;1.95966e-26;
1.36646;1.9518e-26;
1.36656;1.95966e-26;
1.36666;1.9518e-26;
1.36676;1.95966e-26;
1.36686;1.9518e-26;
1.36696;1.95966e-26;
1.36706;1.95181e-26;
1.36716;1.95965e-26;
1.36726;1.95181e-26;
1.36736;1.95965e-26;
1.36746;1.95181e-26;
1.36756;1.95965e-26;
1.36766;1.95181e-26;
1.36776;1.95965e-26;
1.36786;1.95182e-26;
1.36796;1.95965e-26;
1.36806;1.95182e-26;
1.36816;1.95964e-26;
1.36826;1.95182e-26;
1.36836;1.95964e-26;
1.36846;1.95182e-26;
1.36856;1.95964e-26;
1.36866;1.95182e-26;
1.36876;1.95964e-26;
1.36886;1.95183e-26;
1.36896;1.95963e-26;
1.36906;1.95183e-26;
1.36916;1.95963e-26;
1.36926;1.95183e-26;
1.36936;1.95963e-26;
1.36946;1.95183e-26;
1.36956;1.95963e-26;
1.36966;1.95183e-26;
1.36976;1.95962e-26;
1.36986;1.95184e-26;
1.36996;1.95962e-26;
1.37006;1.95184e-26;
1.37016;1.95962e-26;
1.37026;1.95184e-26;
1.37036;1.95962e-26;
1.37046;1.95184e-26;
1.37056;1.95961e-26;
1.37066;1.95185e-26;
1.37076;1.95961e-26;
1.37086;1.95185e-26;
1.37096;1.95961e-26;
1.37106;1.95185e-26;
1.37116;1.95961e-26;
1.37126;1.95185e-26;
1.37136;1.9596e-26;
1.37146;1.95185e-26;
1.37156;1.9596e-26;
1.37166;1.95186e-26;
1.37176;1.9596e-26;
1.37186;1.95186e-26;
1.37196;1.9596e-26;
1.37206;1.95186e-26;
1.37216;1.9596e-26;
1.37226;1.95186e-26;
1.37236;1.95959e-26;
1.37246;1.95187e-26;
1.37256;1.95959e-26;
1.37266;1.95187e-26;
1.37276;1.95959e-26;
1.37286;1.95187e-26;
1.37296;1.95959e-26;
1.37306;1.95187e-26;
1.37316;1.95958e-26;
1.37326;1.95187e-26;
1.37336;1.95958e-26;
1.37346;1.95188e-26;
1.37356;1.95958e-26;
1.37366;1.95188e-26;
1.37376;1.95958e-26;
1.37386;1.95188e-26;
1.37396;1.95957e-26;
1.37406;1.95188e-26;
1.37416;1.95957e-26;
1.37426;1.95189e-26;
1.37436;1.95957e-26;
1.37446;1.95189e-26;
1.37456;1.95957e-26;
1.37466;1.95189e-26;
1.37476;1.95956e-26;
1.37486;1.95189e-26;
1.37496;1.95956e-26;
1.37506;1.95189e-26;
1.37516;1.95956e-26;
1.37526;1.9519e-26;
1.37536;1.95956e-26;
1.37546;1.9519e-26;
1.37556;1.95956e-26;
1.37566;1.9519e-26;
1.37576;1.95955e-26;
1.37586;1.9519e-26;
1.37596;1.95955e-26;
1.37606;1.9519e-26;
1.37616;1.95955e-26;
1.37626;1.95191e-26;
1.37636;1.95955e-26;
1.37646;1.95191e-26;
1.37656;1.95954e-26;
1.37666;1.95191e-26;
1.37676;1.95954e-26;
1.37686;1.95191e-26;
1.37696;1.95954e-26;
1.37706;1.95192e-26;
1.37716;1.95954e-26;
1.37726;1.95192e-26;
1.37736;1.95953e-26;
1.37746;1.95192e-26;
1.37756;1.95953e-26;
1.37766;1.95192e-26;
1.37776;1.95953e-26;
1.37786;1.95192e-26;
1.37796;1.95953e-26;
1.37806;1.95193e-26;
1.37816;1.95952e-26;
1.37826;1.95193e-26;
1.37836;1.95952e-26;
1.37846;1.95193e-26;
1.37856;1.95952e-26;
1.37866;1.95193e-26;
1.37876;1.95952e-26;
1.37886;1.95194e-26;
1.37896;1.95951e-26;
1.37906;1.95194e-26;
1.37916;1.95951e-26;
1.37926;1.95194e-26;
1.37936;1.95951e-26;
1.37946;1.95194e-26;
1.37956;1.95951e-26;
1.37966;1.95194e-26;
1.37976;1.95951e-26;
1.37986;1.95195e-26;
1.37996;1.9595e-26;
1.38006;1.95195e-26;
1.38016;1.9595e-26;
1.38026;1.95195e-26;
1.38036;1.9595e-26;
1.38046;1.95195e-26;
1.38056;1.9595e-26;
1.38066;1.95196e-26;
1.38076;1.95949e-26;
1.38086;1.95196e-26;
1.38096;1.95949e-26;
1.38106;1.95196e-26;
1.38116;1.95949e-26;
1.38126;1.95196e-26;
1.38136;1.95949e-26;
1.38146;1.95196e-26;
1.38156;1.95948e-26;
1.38166;1.95197e-26;
1.38176;1.95948e-26;
1.38186;1.95197e-26;
1.38196;1.95948e-26;
1.38206;1.95197e-26;
1.38216;1.95948e-26;
1.38226;1.95197e-26;
1.38236;1.95947e-26;
1.38246;1.95197e-26;
1.38256;1.95947e-26;
1.38266;1.95198e-26;
1.38276;1.95947e-26;
1.38286;1.95198e-26;
1.38296;1.95947e-26;
1.38306;1.95198e-26;
1.38316;1.95947e-26;
1.38326;1.95198e-26;
1.38336;1.95946e-26;
1.38346;1.95199e-26;
1.38356;1.95946e-26;
1.38366;1.95199e-26;
1.38376;1.95946e-26;
1.38386;1.95199e-26;
1.38396;1.95946e-26;
1.38406;1.95199e-26;
1.38416;1.95945e-26;
1.38426;1.95199e-26;
1.38436;1.95945e-26;
1.38446;1.952e-26;
1.38456;1.95945e-26;
1.38466;1.952e-26;
1.38476;1.95945e-26;
1.38486;1.952e-26;
1.38496;1.95944e-26;
1.38506;1.952e-26;
1.38516;1.95944e-26;
1.38526;1.95201e-26;
1.38536;1.95944e-26;
1.38546;1.95201e-26;
1.38556;1.95944e-26;
1.38566;1.95201e-26;
1.38576;1.95943e-26;
1.38586;1.95201e-26;
1.38596;1.95943e-26;
1.38606;1.95201e-26;
1.38616;1.95943e-26;
1.38626;1.95202e-26;
1.38636;1.95943e-26;
1.38646;1.95202e-26;
1.38656;1.95942e-26;
1.38666;1.95202e-26;
1.38676;1.95942e-26;
1.38686;1.95202e-26;
1.38696;1.95942e-26;
1.38706;1.95202e-26;
1.38716;1.95942e-26;
1.38726;1.95203e-26;
1.38736;1.95942e-26;
1.38746;1.95203e-26;
1.38756;1.95941e-26;
1.38766;1.95203e-26;
1.38776;1.95941e-26;
1.38786;1.95203e-26;
1.38796;1.95941e-26;
1.38806;1.95204e-26;
1.38816;1.95941e-26;
1.38826;1.95204e-26;
1.38836;1.9594e-26;
1.38846;1.95204e-26;
1.38856;1.9594e-26;
1.38866;1.95204e-26;
1.38876;1.9594e-26;
1.38886;1.95204e-26;
1.38896;1.9594e-26;
1.38906;1.95205e-26;
1.38916;1.95939e-26;
1.38926;1.95205e-26;
1.38936;1.95939e-26;
1.38946;1.95205e-26;
1.38956;1.95939e-26;
1.38966;1.95205e-26;
1.38976;1.95939e-26;
1.38986;1.95205e-26;
1.38996;1.95938e-26;
1.39006;1.95206e-26;
1.39016;1.95938e-26;
1.39026;1.95206e-26;
1.39036;1.95938e-26;
1.39046;1.95206e-26;
1.39056;1.95938e-26;
1.39066;1.95206e-26;
1.39076;1.95937e-26;
1.39086;1.95207e-26;
1.39096;1.95937e-26;
1.39106;1.95207e-26;
1.39116;1.95937e-26;
1.39126;1.95207e-26;
1.39136;1.95937e-26;
1.39146;1.95207e-26;
1.39156;1.95937e-26;
1.39166;1.95207e-26;
1.39176;1.95936e-26;
1.39186;1.95208e-26;
1.39196;1.95936e-26;
1.39206;1.95208e-26;
1.39216;1.95936e-26;
1.39226;1.95208e-26;
1.39236;1.95936e-26;
1.39246;1.95208e-26;
1.39256;1.95935e-26;
1.39266;1.95209e-26;
1.39276;1.95935e-26;
1.39286;1.95209e-26;
1.39296;1.95935e-26;
1.39306;1.95209e-26;
1.39316;1.95935e-26;
1.39326;1.95209e-26;
1.39336;1.95934e-26;
1.39346;1.95209e-26;
1.39356;1.95934e-26;
1.39366;1.9521e-26;
1.39376;1.95934e-26;
1.39386;1.9521e-26;
1.39396;1.95934e-26;
1.39406;1.9521e-26;
1.39416;1.95933e-26;
1.39426;1.9521e-26;
1.39436;1.95933e-26;
1.39446;1.9521e-26;
1.39456;1.95933e-26;
1.39466;1.95211e-26;
1.39476;1.95933e-26;
1.39486;1.95211e-26;
1.39496;1.95933e-26;
1.39506;1.95211e-26;
1.39516;1.95932e-26;
1.39526;1.95211e-26;
1.39536;1.95932e-26;
1.39546;1.95212e-26;
1.39556;1.95932e-26;
1.39566;1.95212e-26;
1.39576;1.95932e-26;
1.39586;1.95212e-26;
1.39596;1.95931e-26;
1.39606;1.95212e-26;
1.39616;1.95931e-26;
1.39626;1.95212e-26;
1.39636;1.95931e-26;
1.39646;1.95213e-26;
1.39656;1.95931e-26;
1.39666;1.95213e-26;
1.39676;1.9593e-26;
1.39686;1.95213e-26;
1.39696;1.9593e-26;
1.39706;1.95213e-26;
1.39716;1.9593e-26;
1.39726;1.95213e-26;
1.39736;1.9593e-26;
1.39746;1.95214e-26;
1.39756;1.95929e-26;
1.39766;1.95214e-26;
1.39776;1.95929e-26;
1.39786;1.95214e-26;
1.39796;1.95929e-26;
1.39806;1.95214e-26;
1.39816;1.95929e-26;
1.39826;1.95215e-26;
1.39836;1.95928e-26;
1.39846;1.95215e-26;
1.39856;1.95928e-26;
1.39866;1.95215e-26;
1.39876;1.95928e-26;
1.39886;1.95215e-26;
1.39896;1.95928e-26;
1.39906;1.95215e-26;
1.39916;1.95928e-26;
1.39926;1.95216e-26;
1.39936;1.95927e-26;
1.39946;1.95216e-26;
1.39956;1.95927e-26;
1.39966;1.95216e-26;
1.39976;1.95927e-26;
1.39986;1.95216e-26;
1.39996;1.95927e-26;
1.40006;1.95216e-26;
1.40016;1.95926e-26;
1.40026;1.95217e-26;
1.40036;1.95926e-26;
1.40046;1.95217e-26;
1.40056;1.95926e-26;
1.40066;1.95217e-26;
1.40076;1.95926e-26;
1.40086;1.95217e-26;
1.40096;1.95925e-26;
1.40106;1.95218e-26;
1.40116;1.95925e-26;
1.40126;1.95218e-26;
1.40136;1.95925e-26;
1.40146;1.95218e-26;
1.40156;1.95925e-26;
1.40166;1.95218e-26;
1.40176;1.95924e-26;
1.40186;1.95218e-26;
1.40196;1.95924e-26;
1.40206;1.95219e-26;
1.40216;1.95924e-26;
1.40226;1.95219e-26;
1.40236;1.95924e-26;
1.40246;1.95219e-26;
1.40256;1.95924e-26;
1.40266;1.95219e-26;
1.40276;1.95923e-26;
1.40286;1.95219e-26;
1.40296;1.95923e-26;
1.40306;1.9522e-26;
1.40316;1.95923e-26;
1.40326;1.9522e-26;
1.40336;1.95923e-26;
1.40346;1.9522e-26;
1.40356;1.95922e-26;
1.40366;1.9522e-26;
1.40376;1.95922e-26;
1.40386;1.95221e-26;
1.40396;1.95922e-26;
1.40406;1.95221e-26;
1.40416;1.95922e-26;
1.40426;1.95221e-26;
1.40436;1.95921e-26;
1.40446;1.95221e-26;
1.40456;1.95921e-26;
1.40466;1.95221e-26;
1.40476;1.95921e-26;
1.40486;1.95222e-26;
1.40496;1.95921e-26;
1.40506;1.95222e-26;
1.40516;1.9592e-26;
1.40526;1.95222e-26;
1.40536;1.9592e-26;
1.40546;1.95222e-26;
1.40556;1.9592e-26;
1.40566;1.95222e-26;
1.40576;1.9592e-26;
1.40586;1.95223e-26;
1.40596;1.95919e-26;
1.40606;1.95223e-26;
1.40616;1.95919e-26;
1.40626;1.95223e-26;
1.40636;1.95919e-26;
1.40646;1.95223e-26;
1.40656;1.95919e-26;
1.40666;1.95224e-26;
1.40676;1.95919e-26;
1.40686;1.95224e-26;
1.40696;1.95918e-26;
1.40706;1.95224e-26;
1.40716;1.95918e-26;
1.40726;1.95224e-26;
1.40736;1.95918e-26;
1.40746;1.95224e-26;
1.40756;1.95918e-26;
1.40766;1.95225e-26;
1.40776;1.95917e-26;
1.40786;1.95225e-26;
1.40796;1.95917e-26;
1.40806;1.95225e-26;
1.40816;1.95917e-26;
1.40826;1.95225e-26;
1.40836;1.95917e-26;
1.40846;1.95225e-26;
1.40856;1.95916e-26;
1.40866;1.95226e-26;
1.40876;1.95916e-26;
1.40886;1.95226e-26;
1.40896;1.95916e-26;
1.40906;1.95226e-26;
1.40916;1.95916e-26;
1.40926;1.95226e-26;
1.40936;1.95915e-26;
1.40946;1.95227e-26;
1.40956;1.95915e-26;
1.40966;1.95227e-26;
1.40976;1.95915e-26;
1.40986;1.95227e-26;
1.40996;1.95915e-26;
1.41006;1.95227e-26;
1.41016;1.95915e-26;
1.41026;1.95227e-26;
1.41036;1.95914e-26;
1.41046;1.95228e-26;
1.41056;1.95914e-26;
1.41066;1.95228e-26;
1.41076;1.95914e-26;
1.41086;1.95228e-26;
1.41096;1.95914e-26;
1.41106;1.95228e-26;
1.41116;1.95913e-26;
1.41126;1.95228e-26;
1.41136;1.95913e-26;
1.41146;1.95229e-26;
1.41156;1.95913e-26;
1.41166;1.95229e-26;
1.41176;1.95913e-26;
1.41186;1.95229e-26;
1.41196;1.95912e-26;
1.41206;1.95229e-26;
1.41216;1.95912e-26;
1.41226;1.9523e-26;
1.41236;1.95912e-26;
1.41246;1.9523e-26;
1.41256;1.95912e-26;
1.41266;1.9523e-26;
1.41276;1.95911e-26;
1.41286;1.9523e-26;
1.41296;1.95911e-26;
1.41306;1.9523e-26;
1.41316;1.95911e-26;
1.41326;1.95231e-26;
1.41336;1.95911e-26;
1.41346;1.95231e-26;
1.41356;1.95911e-26;
1.41366;1.95231e-26;
1.41376;1.9591e-26;
1.41386;1.95231e-26;
1.41396;1.9591e-26;
1.41406;1.95231e-26;
1.41416;1.9591e-26;
1.41426;1.95232e-26;
1.41436;1.9591e-26;
1.41446;1.95232e-26;
1.41456;1.95909e-26;
1.41466;1.95232e-26;
1.41476;1.95909e-26;
1.41486;1.95232e-26;
1.41496;1.95909e-26;
1.41506;1.95232e-26;
1.41516;1.95909e-26;
1.41526;1.95233e-26;
1.41536;1.95908e-26;
1.41546;1.95233e-26;
1.41556;1.95908e-26;
1.41566;1.95233e-26;
1.41576;1.95908e-26;
1.41586;1.95233e-26;
1.41596;1.95908e-26;
1.41606;1.95234e-26;
1.41616;1.95907e-26;
1.41626;1.95234e-26;
1.41636;1.95907e-26;
1.41646;1.95234e-26;
1.41656;1.95907e-26;
1.41666;1.95234e-26;
1.41676;1.95907e-26;
1.41686;1.95234e-26;
1.41696;1.95907e-26;
1.41706;1.95235e-26;
1.41716;1.95906e-26;
1.41726;1.95235e-26;
1.41736;1.95906e-26;
1.41746;1.95235e-26;
1.41756;1.95906e-26;
1.41766;1.95235e-26;
1.41776;1.95906e-26;
1.41786;1.95235e-26;
1.41796;1.95905e-26;
1.41806;1.95236e-26;
1.41816;1.95905e-26;
1.41826;1.95236e-26;
1.41836;1.95905e-26;
1.41846;1.95236e-26;
1.41856;1.95905e-26;
1.41866;1.95236e-26;
1.41876;1.95904e-26;
1.41886;1.95237e-26;
1.41896;1.95904e-26;
1.41906;1.95237e-26;
1.41916;1.95904e-26;
1.41926;1.95237e-26;
1.41936;1.95904e-26;
1.41946;1.95237e-26;
1.41956;1.95903e-26;
1.41966;1.95237e-26;
1.41976;1.95903e-26;
1.41986;1.95238e-26;
1.41996;1.95903e-26;
1.42006;1.95238e-26;
1.42016;1.95903e-26;
1.42026;1.95238e-26;
1.42036;1.95903e-26;
1.42046;1.95238e-26;
1.42056;1.95902e-26;
1.42066;1.95238e-26;
1.42076;1.95902e-26;
1.42086;1.95239e-26;
1.42096;1.95902e-26;
1.42106;1.95239e-26;
1.42116;1.95902e-26;
1.42126;1.95239e-26;
1.42136;1.95901e-26;
1.42146;1.95239e-26;
1.42156;1.95901e-26;
1.42166;1.95239e-26;
1.42176;1.95901e-26;
1.42186;1.9524e-26;
1.42196;1.95901e-26;
1.42206;1.9524e-26;
1.42216;1.959e-26;
1.42226;1.9524e-26;
1.42236;1.959e-26;
1.42246;1.9524e-26;
1.42256;1.959e-26;
1.42266;1.95241e-26;
1.42276;1.959e-26;
1.42286;1.95241e-26;
1.42296;1.95899e-26;
1.42306;1.95241e-26;
1.42316;1.95899e-26;
1.42326;1.95241e-26;
1.42336;1.95899e-26;
1.42346;1.95241e-26;
1.42356;1.95899e-26;
1.42366;1.95242e-26;
1.42376;1.95899e-26;
1.42386;1.95242e-26;
1.42396;1.95898e-26;
1.42406;1.95242e-26;
1.42416;1.95898e-26;
1.42426;1.95242e-26;
1.42436;1.95898e-26;
1.42446;1.95242e-26;
1.42456;1.95898e-26;
1.42466;1.95243e-26;
1.42476;1.95897e-26;
1.42486;1.95243e-26;
1.42496;1.95897e-26;
1.42506;1.95243e-26;
1.42516;1.95897e-26;
1.42526;1.95243e-26;
1.42536;1.95897e-26;
1.42546;1.95243e-26;
1.42556;1.95896e-26;
1.42566;1.95244e-26;
1.42576;1.95896e-26;
1.42586;1.95244e-26;
1.42596;1.95896e-26;
1.42606;1.95244e-26;
1.42616;1.95896e-26;
1.42626;1.95244e-26;
1.42636;1.95895e-26;
1.42646;1.95244e-26;
1.42656;1.95895e-26;
1.42666;1.95245e-26;
1.42676;1.95895e-26;
1.42686;1.95245e-26;
1.42696;1.95895e-26;
1.42706;1.95245e-26;
1.42716;1.95895e-26;
1.42726;1.95245e-26;
1.42736;1.95894e-26;
1.42746;1.95246e-26;
1.42756;1.95894e-26;
1.42766;1.95246e-26;
1.42776;1.95894e-26;
1.42786;1.95246e-26;
1.42796;1.95894e-26;
1.42806;1.95246e-26;
1.42816;1.95893e-26;
1.42826;1.95246e-26;
1.42836;1.95893e-26;
1.42846;1.95247e-26;
1.42856;1.95893e-26;
1.42866;1.95247e-26;
1.42876;1.95893e-26;
1.42886;1.95247e-26;
1.42896;1.95892e-26;
1.42906;1.95247e-26;
1.42916;1.95892e-26;
1.42926;1.95247e-26;
1.42936;1.95892e-26;
1.42946;1.95248e-26;
1.42956;1.95892e-26;
1.42966;1.95248e-26;
1.42976;1.95891e-26;
1.42986;1.95248e-26;
1.42996;1.95891e-26;
1.43006;1.95248e-26;
1.43016;1.95891e-26;
1.43026;1.95248e-26;
1.43036;1.95891e-26;
1.43046;1.95249e-26;
1.43056;1.95891e-26;
1.43066;1.95249e-26;
1.43076;1.9589e-26;
1.43086;1.95249e-26;
1.43096;1.9589e-26;
1.43106;1.95249e-26;
1.43116;1.9589e-26;
1.43126;1.9525e-26;
1.43136;1.9589e-26;
1.43146;1.9525e-26;
1.43156;1.95889e-26;
1.43166;1.9525e-26;
1.43176;1.95889e-26;
1.43186;1.9525e-26;
1.43196;1.95889e-26;
1.43206;1.9525e-26;
1.43216;1.95889e-26;
1.43226;1.95251e-26;
1.43236;1.95888e-26;
1.43246;1.95251e-26;
1.43256;1.95888e-26;
1.43266;1.95251e-26;
1.43276;1.95888e-26;
1.43286;1.95251e-26;
1.43296;1.95888e-26;
1.43306;1.95251e-26;
1.43316;1.95888e-26;
1.43326;1.95252e-26;
1.43336;1.95887e-26;
1.43346;1.95252e-26;
1.43356;1.95887e-26;
1.43366;1.95252e-26;
1.43376;1.95887e-26;
1.43386;1.95252e-26;
1.43396;1.95887e-26;
1.43406;1.95252e-26;
1.43416;1.95886e-26;
1.43426;1.95253e-26;
1.43436;1.95886e-26;
1.43446;1.95253e-26;
1.43456;1.95886e-26;
1.43466;1.95253e-26;
1.43476;1.95886e-26;
1.43486;1.95253e-26;
1.43496;1.95885e-26;
1.43506;1.95253e-26;
1.43516;1.95885e-26;
1.43526;1.95254e-26;
1.43536;1.95885e-26;
1.43546;1.95254e-26;
1.43556;1.95885e-26;
1.43566;1.95254e-26;
1.43576;1.95885e-26;
1.43586;1.95254e-26;
1.43596;1.95884e-26;
1.43606;1.95254e-26;
1.43616;1.95884e-26;
1.43626;1.95255e-26;
1.43636;1.95884e-26;
1.43646;1.95255e-26;
1.43656;1.95884e-26;
1.43666;1.95255e-26;
1.43676;1.95883e-26;
1.43686;1.95255e-26;
1.43696;1.95883e-26;
1.43706;1.95256e-26;
1.43716;1.95883e-26;
1.43726;1.95256e-26;
1.43736;1.95883e-26;
1.43746;1.95256e-26;
1.43756;1.95882e-26;
1.43766;1.95256e-26;
1.43776;1.9589e-26;
1.43786;1.95264e-26;
1.43796;1.9589e-26;
1.43806;1.95264e-26;
1.43816;1.95889e-26;
1.43826;1.95264e-26;
1.43836;1.95889e-26;
1.43846;1.95265e-26;
1.43856;1.95889e-26;
1.43866;1.95265e-26;
1.43876;1.95889e-26;
1.43886;1.95265e-26;
1.43896;1.95889e-26;
1.43906;1.95265e-26;
1.43916;1.95888e-26;
1.43926;1.95265e-26;
1.43936;1.95888e-26;
1.43946;1.95266e-26;
1.43956;1.95888e-26;
1.43966;1.95266e-26;
1.43976;1.95888e-26;
1.43986;1.95266e-26;
1.43996;1.95887e-26;
1.44006;1.95266e-26;
1.44016;1.95887e-26;
1.44026;1.95266e-26;
1.44036;1.95887e-26;
1.44046;1.95267e-26;
1.44056;1.95887e-26;
1.44066;1.95267e-26;
1.44076;1.95886e-26;
1.44086;1.95267e-26;
1.44096;1.95886e-26;
1.44106;1.95267e-26;
1.44116;1.95886e-26;
1.44126;1.95267e-26;
1.44136;1.95886e-26;
1.44146;1.95267e-26;
1.44156;1.95885e-26;
1.44166;1.95268e-26;
1.44176;1.95885e-26;
1.44186;1.95268e-26;
1.44196;1.95877e-26;
1.44206;1.95261e-26;
1.44216;1.95877e-26;
1.44226;1.95261e-26;
1.44236;1.95877e-26;
1.44246;1.95261e-26;
1.44256;1.95877e-26;
1.44266;1.95261e-26;
1.44276;1.95876e-26;
1.44286;1.95261e-26;
1.44296;1.95876e-26;
1.44306;1.95262e-26;
1.44316;1.95876e-26;
1.44326;1.95262e-26;
1.44336;1.95876e-26;
1.44346;1.95262e-26;
1.44356;1.95875e-26;
1.44366;1.95262e-26;
1.44376;1.95875e-26;
1.44386;1.95263e-26;
1.44396;1.95875e-26;
1.44406;1.95263e-26;
1.44416;1.95875e-26;
1.44426;1.95263e-26;
1.44436;1.95875e-26;
1.44446;1.95263e-26;
1.44456;1.95874e-26;
1.44466;1.95263e-26;
1.44476;1.95874e-26;
1.44486;1.95264e-26;
1.44496;1.95874e-26;
1.44506;1.95264e-26;
1.44516;1.95874e-26;
1.44526;1.95264e-26;
1.44536;1.95873e-26;
1.44546;1.95264e-26;
1.44556;1.95873e-26;
1.44566;1.95264e-26;
1.44576;1.95873e-26;
1.44586;1.95265e-26;
1.44596;1.95873e-26;
1.44606;1.95265e-26;
1.44616;1.95872e-26;
1.44626;1.95265e-26;
1.44636;1.95872e-26;
1.44646;1.95265e-26;
1.44656;1.95872e-26;
1.44666;1.95265e-26;
1.44676;1.95872e-26;
1.44686;1.95266e-26;
1.44696;1.95872e-26;
1.44706;1.95266e-26;
1.44716;1.95871e-26;
1.44726;1.95266e-26;
1.44736;1.95871e-26;
1.44746;1.95266e-26;
1.44756;1.95871e-26;
1.44766;1.95266e-26;
1.44776;1.95871e-26;
1.44786;1.95267e-26;
1.44796;1.9587e-26;
1.44806;1.95267e-26;
1.44816;1.9587e-26;
1.44826;1.95267e-26;
1.44836;1.9587e-26;
1.44846;1.95267e-26;
1.44856;1.9587e-26;
1.44866;1.95267e-26;
1.44876;1.95869e-26;
1.44886;1.95268e-26;
1.44896;1.95869e-26;
1.44906;1.95268e-26;
1.44916;1.95869e-26;
1.44926;1.95268e-26;
1.44936;1.95869e-26;
1.44946;1.95268e-26;
1.44956;1.95869e-26;
1.44966;1.95268e-26;
1.44976;1.95868e-26;
1.44986;1.95269e-26;
1.44996;1.95868e-26;
1.45006;1.95269e-26;
1.45016;1.95868e-26;
1.45026;1.95269e-26;
1.45036;1.95868e-26;
1.45046;1.95269e-26;
1.45056;1.95867e-26;
1.45066;1.95269e-26;
1.45076;1.95867e-26;
1.45086;1.9527e-26;
1.45096;1.95867e-26;
1.45106;1.9527e-26;
1.45116;1.95867e-26;
1.45126;1.9527e-26;
1.45136;1.95866e-26;
1.45146;1.9527e-26;
1.45156;1.95866e-26;
1.45166;1.9527e-26;
1.45176;1.95866e-26;
1.45186;1.95271e-26;
1.45196;1.95866e-26;
1.45206;1.95271e-26;
1.45216;1.95866e-26;
1.45226;1.95271e-26;
1.45236;1.95865e-26;
1.45246;1.95271e-26;
1.45256;1.95865e-26;
1.45266;1.95271e-26;
1.45276;1.95865e-26;
1.45286;1.95272e-26;
1.45296;1.95865e-26;
1.45306;1.95272e-26;
1.45316;1.95864e-26;
1.45326;1.95272e-26;
1.45336;1.95864e-26;
1.45346;1.95272e-26;
1.45356;1.95864e-26;
1.45366;1.95273e-26;
1.45376;1.95864e-26;
1.45386;1.95273e-26;
1.45396;1.95864e-26;
1.45406;1.95273e-26;
1.45416;1.95863e-26;
1.45426;1.95273e-26;
1.45436;1.95863e-26;
1.45446;1.95273e-26;
1.45456;1.95863e-26;
1.45466;1.95274e-26;
1.45476;1.95863e-26;
1.45486;1.95274e-26;
1.45496;1.95862e-26;
1.45506;1.95274e-26;
1.45516;1.95862e-26;
1.45526;1.95274e-26;
1.45536;1.95862e-26;
1.45546;1.95274e-26;
1.45556;1.95862e-26;
1.45566;1.95275e-26;
1.45576;1.95861e-26;
1.45586;1.95275e-26;
1.45596;1.95861e-26;
1.45606;1.95275e-26;
1.45616;1.95861e-26;
1.45626;1.95275e-26;
1.45636;1.95861e-26;
1.45646;1.95275e-26;
1.45656;1.95861e-26;
1.45666;1.95276e-26;
1.45676;1.9586e-26;
1.45686;1.95276e-26;
1.45696;1.9586e-26;
1.45706;1.95276e-26;
1.45716;1.9586e-26;
1.45726;1.95276e-26;
1.45736;1.9586e-26;
1.45746;1.95276e-26;
1.45756;1.95859e-26;
1.45766;1.95277e-26;
1.45776;1.95859e-26;
1.45786;1.95277e-26;
1.45796;1.95859e-26;
1.45806;1.95277e-26;
1.45816;1.95859e-26;
1.45826;1.95277e-26;
1.45836;1.95858e-26;
1.45846;1.95277e-26;
1.45856;1.95858e-26;
1.45866;1.95278e-26;
1.45876;1.95858e-26;
1.45886;1.95278e-26;
1.45896;1.95858e-26;
1.45906;1.95278e-26;
1.45916;1.95858e-26;
1.45926;1.95278e-26;
1.45936;1.95857e-26;
1.45946;1.95278e-26;
1.45956;1.95857e-26;
1.45966;1.95279e-26;
1.45976;1.95857e-26;
1.45986;1.95279e-26;
1.45996;1.95857e-26;
1.46006;1.95279e-26;
1.46016;1.95856e-26;
1.46026;1.95279e-26;
1.46036;1.95856e-26;
1.46046;1.95279e-26;
1.46056;1.95856e-26;
1.46066;1.9528e-26;
1.46076;1.95856e-26;
1.46086;1.9528e-26;
1.46096;1.95856e-26;
1.46106;1.9528e-26;
1.46116;1.95855e-26;
1.46126;1.9528e-26;
1.46136;1.95855e-26;
1.46146;1.9528e-26;
1.46156;1.95855e-26;
1.46166;1.95281e-26;
1.46176;1.95855e-26;
1.46186;1.95281e-26;
1.46196;1.95854e-26;
1.46206;1.95281e-26;
1.46216;1.95854e-26;
1.46226;1.95281e-26;
1.46236;1.95854e-26;
1.46246;1.95281e-26;
1.46256;1.95854e-26;
1.46266;1.95282e-26;
1.46276;1.95853e-26;
1.46286;1.95282e-26;
1.46296;1.95853e-26;
1.46306;1.95282e-26;
1.46316;1.95853e-26;
1.46326;1.95282e-26;
1.46336;1.95853e-26;
1.46346;1.95282e-26;
1.46356;1.95853e-26;
1.46366;1.95283e-26;
1.46376;1.95852e-26;
1.46386;1.95283e-26;
1.46396;1.95852e-26;
1.46406;1.95283e-26;
1.46416;1.95852e-26;
1.46426;1.95283e-26;
1.46436;1.95852e-26;
1.46446;1.95283e-26;
1.46456;1.95851e-26;
1.46466;1.95284e-26;
1.46476;1.95851e-26;
1.46486;1.95284e-26;
1.46496;1.95851e-26;
1.46506;1.95284e-26;
1.46516;1.95851e-26;
1.46526;1.95284e-26;
1.46536;1.95851e-26;
1.46546;1.95284e-26;
1.46556;1.9585e-26;
1.46566;1.95285e-26;
1.46576;1.9585e-26;
1.46586;1.95285e-26;
1.46596;1.9585e-26;
1.46606;1.95285e-26;
1.46616;1.9585e-26;
1.46626;1.95285e-26;
1.46636;1.95849e-26;
1.46646;1.95285e-26;
1.46656;1.95849e-26;
1.46666;1.95286e-26;
1.46676;1.95849e-26;
1.46686;1.95286e-26;
1.46696;1.95849e-26;
1.46706;1.95286e-26;
1.46716;1.95848e-26;
1.46726;1.95286e-26;
1.46736;1.95848e-26;
1.46746;1.95286e-26;
1.46756;1.95848e-26;
1.46766;1.95287e-26;
1.46776;1.95848e-26;
1.46786;1.95287e-26;
1.46796;1.95848e-26;
1.46806;1.95287e-26;
1.46816;1.95847e-26;
1.46826;1.95287e-26;
1.46836;1.95847e-26;
1.46846;1.95287e-26;
1.46856;1.95847e-26;
1.46866;1.95288e-26;
1.46876;1.95847e-26;
1.46886;1.95288e-26;
1.46896;1.95846e-26;
1.46906;1.95288e-26;
1.46916;1.95846e-26;
1.46926;1.95288e-26;
1.46936;1.95846e-26;
1.46946;1.95288e-26;
1.46956;1.95846e-26;
1.46966;1.95289e-26;
1.46976;1.95846e-26;
1.46986;1.95289e-26;
1.46996;1.95845e-26;
1.47006;1.95289e-26;
1.47016;1.95845e-26;
1.47026;1.95289e-26;
1.47036;1.95845e-26;
1.47046;1.95289e-26;
1.47056;1.95845e-26;
1.47066;1.9529e-26;
1.47076;1.95844e-26;
1.47086;1.9529e-26;
1.47096;1.95844e-26;
1.47106;1.9529e-26;
1.47116;1.95844e-26;
1.47126;1.9529e-26;
1.47136;1.95844e-26;
1.47146;1.9529e-26;
1.47156;1.95844e-26;
1.47166;1.9529e-26;
1.47176;1.95843e-26;
1.47186;1.95291e-26;
1.47196;1.95843e-26;
1.47206;1.95291e-26;
1.47216;1.95843e-26;
1.47226;1.95291e-26;
1.47236;1.95843e-26;
1.47246;1.95291e-26;
1.47256;1.95842e-26;
1.47266;1.95291e-26;
1.47276;1.95842e-26;
1.47286;1.95292e-26;
1.47296;1.95842e-26;
1.47306;1.95292e-26;
1.47316;1.95842e-26;
1.47326;1.95292e-26;
1.47336;1.95842e-26;
1.47346;1.95292e-26;
1.47356;1.95841e-26;
1.47366;1.95292e-26;
1.47376;1.95841e-26;
1.47386;1.95293e-26;
1.47396;1.95841e-26;
1.47406;1.95293e-26;
1.47416;1.95841e-26;
1.47426;1.95293e-26;
1.47436;1.9584e-26;
1.47446;1.95293e-26;
1.47456;1.9584e-26;
1.47466;1.95293e-26;
1.47476;1.9584e-26;
1.47486;1.95294e-26;
1.47496;1.9584e-26;
1.47506;1.95294e-26;
1.47516;1.9584e-26;
1.47526;1.95294e-26;
1.47536;1.95839e-26;
1.47546;1.95294e-26;
1.47556;1.95839e-26;
1.47566;1.95294e-26;
1.47576;1.95839e-26;
1.47586;1.95295e-26;
1.47596;1.95839e-26;
1.47606;1.95295e-26;
1.47616;1.95838e-26;
1.47626;1.95295e-26;
1.47636;1.95838e-26;
1.47646;1.95295e-26;
1.47656;1.95838e-26;
1.47666;1.95295e-26;
1.47676;1.95838e-26;
1.47686;1.95296e-26;
1.47696;1.95837e-26;
1.47706;1.95296e-26;
1.47716;1.95837e-26;
1.47726;1.95296e-26;
1.47736;1.95837e-26;
1.47746;1.95296e-26;
1.47756;1.95837e-26;
1.47766;1.95296e-26;
1.47776;1.95837e-26;
1.47786;1.95297e-26;
1.47796;1.95836e-26;
1.47806;1.95297e-26;
1.47816;1.95836e-26;
1.47826;1.95297e-26;
1.47836;1.95836e-26;
1.47846;1.95297e-26;
1.47856;1.95836e-26;
1.47866;1.95297e-26;
1.47876;1.95835e-26;
1.47886;1.95298e-26;
1.47896;1.95835e-26;
1.47906;1.95298e-26;
1.47916;1.95835e-26;
1.47926;1.95298e-26;
1.47936;1.95835e-26;
1.47946;1.95298e-26;
1.47956;1.95835e-26;
1.47966;1.95298e-26;
1.47976;1.95834e-26;
1.47986;1.95299e-26;
1.47996;1.95834e-26;
1.48006;1.95299e-26;
1.48016;1.95834e-26;
1.48026;1.95299e-26;
1.48036;1.95834e-26;
1.48046;1.95299e-26;
1.48056;1.95833e-26;
1.48066;1.95299e-26;
1.48076;1.95833e-26;
1.48086;1.953e-26;
1.48096;1.95833e-26;
1.48106;1.953e-26;
1.48116;1.95833e-26;
1.48126;1.953e-26;
1.48136;1.95833e-26;
1.48146;1.953e-26;
1.48156;1.95832e-26;
1.48166;1.953e-26;
1.48176;1.95832e-26;
1.48186;1.953e-26;
1.48196;1.95832e-26;
1.48206;1.95301e-26;
1.48216;1.95832e-26;
1.48226;1.95301e-26;
1.48236;1.95831e-26;
1.48246;1.95301e-26;
1.48256;1.95831e-26;
1.48266;1.95301e-26;
1.48276;1.95831e-26;
1.48286;1.95301e-26;
1.48296;1.95831e-26;
1.48306;1.95302e-26;
1.48316;1.95831e-26;
1.48326;1.95302e-26;
1.48336;1.9583e-26;
1.48346;1.95302e-26;
1.48356;1.9583e-26;
1.48366;1.95302e-26;
1.48376;1.9583e-26;
1.48386;1.95302e-26;
1.48396;1.9583e-26;
1.48406;1.95303e-26;
1.48416;1.95829e-26;
1.48426;1.95303e-26;
1.48436;1.95829e-26;
1.48446;1.95303e-26;
1.48456;1.95829e-26;
1.48466;1.95303e-26;
1.48476;1.95829e-26;
1.48486;1.95303e-26;
1.48496;1.95829e-26;
1.48506;1.95304e-26;
1.48516;1.95828e-26;
1.48526;1.95304e-26;
1.48536;1.95828e-26;
1.48546;1.95304e-26;
1.48556;1.95828e-26;
1.48566;1.95304e-26;
1.48576;1.95828e-26;
1.48586;1.95304e-26;
1.48596;1.95828e-26;
1.48606;1.95305e-26;
1.48616;1.95827e-26;
1.48626;1.95305e-26;
1.48636;1.95827e-26;
1.48646;1.95305e-26;
1.48656;1.95827e-26;
1.48666;1.95305e-26;
1.48676;1.95827e-26;
1.48686;1.95305e-26;
1.48696;1.95826e-26;
1.48706;1.95306e-26;
1.48716;1.95826e-26;
1.48726;1.95306e-26;
1.48736;1.95826e-26;
1.48746;1.95306e-26;
1.48756;1.95826e-26;
1.48766;1.95306e-26;
1.48776;1.95826e-26;
1.48786;1.95306e-26;
1.48796;1.95825e-26;
1.48806;1.95306e-26;
1.48816;1.95825e-26;
1.48826;1.95307e-26;
1.48836;1.95825e-26;
1.48846;1.95307e-26;
1.48856;1.95825e-26;
1.48866;1.95307e-26;
1.48876;1.95824e-26;
1.48886;1.95307e-26;
1.48896;1.95824e-26;
1.48906;1.95307e-26;
1.48916;1.95824e-26;
1.48926;1.95308e-26;
1.48936;1.95824e-26;
1.48946;1.95308e-26;
1.48956;1.95824e-26;
1.48966;1.95308e-26;
1.48976;1.95823e-26;
1.48986;1.95308e-26;
1.48996;1.95823e-26;
1.49006;1.95308e-26;
1.49016;1.95823e-26;
1.49026;1.95309e-26;
1.49036;1.95823e-26;
1.49046;1.95309e-26;
1.49056;1.95822e-26;
1.49066;1.95309e-26;
1.49076;1.95822e-26;
1.49086;1.95309e-26;
1.49096;1.95822e-26;
1.49106;1.95309e-26;
1.49116;1.95822e-26;
1.49126;1.9531e-26;
1.49136;1.95822e-26;
1.49146;1.9531e-26;
1.49156;1.95821e-26;
1.49166;1.9531e-26;
1.49176;1.95821e-26;
1.49186;1.9531e-26;
1.49196;1.95821e-26;
1.49206;1.9531e-26;
1.49216;1.95821e-26;
1.49226;1.9531e-26;
1.49236;1.9582e-26;
1.49246;1.95311e-26;
1.49256;1.9582e-26;
1.49266;1.95311e-26;
1.49276;1.9582e-26;
1.49286;1.95311e-26;
1.49296;1.9582e-26;
1.49306;1.95311e-26;
1.49316;1.9582e-26;
1.49326;1.95311e-26;
1.49336;1.95819e-26;
1.49346;1.95312e-26;
1.49356;1.95819e-26;
1.49366;1.95312e-26;
1.49376;1.95819e-26;
1.49386;1.95312e-26;
1.49396;1.95819e-26;
1.49406;1.95312e-26;
1.49416;1.95818e-26;
1.49426;1.95312e-26;
1.49436;1.95818e-26;
1.49446;1.95313e-26;
1.49456;1.95818e-26;
1.49466;1.95313e-26;
1.49476;1.95818e-26;
1.49486;1.95313e-26;
1.49496;1.95818e-26;
1.49506;1.95313e-26;
1.49516;1.95817e-26;
1.49526;1.95313e-26;
1.49536;1.95817e-26;
1.49546;1.95314e-26;
1.49556;1.95817e-26;
1.49566;1.95314e-26;
1.49576;1.95817e-26;
1.49586;1.95314e-26;
1.49596;1.95817e-26;
1.49606;1.95314e-26;
1.49616;1.95816e-26;
1.49626;1.95314e-26;
1.49636;1.95816e-26;
1.49646;1.95314e-26;
1.49656;1.95816e-26;
1.49666;1.95315e-26;
1.49676;1.95816e-26;
1.49686;1.95315e-26;
1.49696;1.95815e-26;
1.49706;1.95315e-26;
1.49716;1.95815e-26;
1.49726;1.95315e-26;
1.49736;1.95815e-26;
1.49746;1.95315e-26;
1.49756;1.95815e-26;
1.49766;1.95316e-26;
1.49776;1.95815e-26;
1.49786;1.95316e-26;
1.49796;1.95814e-26;
1.49806;1.95316e-26;
1.49816;1.95814e-26;
1.49826;1.95316e-26;
1.49836;1.95814e-26;
1.49846;1.95316e-26;
1.49856;1.95814e-26;
1.49866;1.95317e-26;
1.49876;1.95813e-26;
1.49886;1.95317e-26;
1.49896;1.95813e-26;
1.49906;1.95317e-26;
1.49916;1.95813e-26;
1.49926;1.95317e-26;
1.49936;1.95813e-26;
1.49946;1.95317e-26;
1.49956;1.95813e-26;
1.49966;1.95318e-26;
1.49976;1.95812e-26;
1.49986;1.95318e-26;
1.49996;1.95812e-26;
1.50006;1.95318e-26;
1.50016;1.95812e-26;
1.50026;1.95318e-26;
1.50036;1.95812e-26;
1.50046;1.95318e-26;
1.50056;1.95812e-26;
1.50066;1.95318e-26;
1.50076;1.95811e-26;
1.50086;1.95319e-26;
1.50096;1.95811e-26;
1.50106;1.95319e-26;
1.50116;1.95811e-26;
1.50126;1.95319e-26;
1.50136;1.95811e-26;
1.50146;1.95319e-26;
1.50156;1.9581e-26;
1.50166;1.95319e-26;
1.50176;1.9581e-26;
1.50186;1.9532e-26;
1.50196;1.9581e-26;
1.50206;1.9532e-26;
1.50216;1.9581e-26;
1.50226;1.9532e-26;
1.50236;1.9581e-26;
1.50246;1.9532e-26;
1.50256;1.95809e-26;
1.50266;1.9532e-26;
1.50276;1.95809e-26;
1.50286;1.95321e-26;
1.50296;1.95809e-26;
1.50306;1.95321e-26;
1.50316;1.95809e-26;
1.50326;1.95321e-26;
1.50336;1.95809e-26;
1.50346;1.95321e-26;
1.50356;1.95808e-26;
1.50366;1.95321e-26;
1.50376;1.95808e-26;
1.50386;1.95321e-26;
1.50396;1.95808e-26;
1.50406;1.95322e-26;
1.50416;1.95808e-26;
1.50426;1.95322e-26;
1.50436;1.95807e-26;
1.50446;1.95322e-26;
1.50456;1.95807e-26;
1.50466;1.95322e-26;
1.50476;1.95807e-26;
1.50486;1.95322e-26;
1.50496;1.95807e-26;
1.50506;1.95323e-26;
1.50516;1.95807e-26;
1.50526;1.95323e-26;
1.50536;1.95806e-26;
1.50546;1.95323e-26;
1.50556;1.95806e-26;
1.50566;1.95323e-26;
1.50576;1.95806e-26;
1.50586;1.95323e-26;
1.50596;1.95806e-26;
1.50606;1.95324e-26;
1.50616;1.95805e-26;
1.50626;1.95324e-26;
1.50636;1.95805e-26;
1.50646;1.95324e-26;
1.50656;1.95805e-26;
1.50666;1.95324e-26;
1.50676;1.95805e-26;
1.50686;1.95324e-26;
1.50696;1.95805e-26;
1.50706;1.95324e-26;
1.50716;1.95804e-26;
1.50726;1.95325e-26;
1.50736;1.95804e-26;
1.50746;1.95325e-26;
1.50756;1.95804e-26;
1.50766;1.95325e-26;
1.50776;1.95804e-26;
1.50786;1.95325e-26;
1.50796;1.95804e-26;
1.50806;1.95325e-26;
1.50816;1.95803e-26;
1.50826;1.95326e-26;
1.50836;1.95803e-26;
1.50846;1.95326e-26;
1.50856;1.95803e-26;
1.50866;1.95326e-26;
1.50876;1.95803e-26;
1.50886;1.95326e-26;
1.50896;1.95802e-26;
1.50906;1.95326e-26;
1.50916;1.95802e-26;
1.50926;1.95326e-26;
1.50936;1.95802e-26;
1.50946;1.95327e-26;
1.50956;1.95802e-26;
1.50966;1.95327e-26;
1.50976;1.95802e-26;
1.50986;1.95327e-26;
1.50996;1.95801e-26;
1.51006;1.95327e-26;
1.51016;1.95801e-26;
1.51026;1.95327e-26;
1.51036;1.95801e-26;
1.51046;1.95328e-26;
1.51056;1.95801e-26;
1.51066;1.95328e-26;
1.51076;1.95801e-26;
1.51086;1.95328e-26;
1.51096;1.958e-26;
1.51106;1.95328e-26;
1.51116;1.958e-26;
1.51126;1.95328e-26;
1.51136;1.958e-26;
1.51146;1.95329e-26;
1.51156;1.958e-26;
1.51166;1.95329e-26;
1.51176;1.958e-26;
1.51186;1.95329e-26;
1.51196;1.95799e-26;
1.51206;1.95329e-26;
1.51216;1.95799e-26;
1.51226;1.95329e-26;
1.51236;1.95799e-26;
1.51246;1.95329e-26;
1.51256;1.95799e-26;
1.51266;1.9533e-26;
1.51276;1.95798e-26;
1.51286;1.9533e-26;
1.51296;1.95798e-26;
1.51306;1.9533e-26;
1.51316;1.95798e-26;
1.51326;1.9533e-26;
1.51336;1.95798e-26;
1.51346;1.9533e-26;
1.51356;1.95798e-26;
1.51366;1.95331e-26;
1.51376;1.95797e-26;
1.51386;1.95331e-26;
1.51396;1.95797e-26;
1.51406;1.95331e-26;
1.51416;1.95797e-26;
1.51426;1.95331e-26;
1.51436;1.95797e-26;
1.51446;1.95331e-26;
1.51456;1.95797e-26;
1.51466;1.95331e-26;
1.51476;1.95796e-26;
1.51486;1.95332e-26;
1.51496;1.95796e-26;
1.51506;1.95332e-26;
1.51516;1.95796e-26;
1.51526;1.95332e-26;
1.51536;1.95796e-26;
1.51546;1.95332e-26;
1.51556;1.95795e-26;
1.51566;1.95332e-26;
1.51576;1.95795e-26;
1.51586;1.95333e-26;
1.51596;1.95795e-26;
1.51606;1.95333e-26;
1.51616;1.95795e-26;
1.51626;1.95333e-26;
1.51636;1.95795e-26;
1.51646;1.95333e-26;
1.51656;1.95794e-26;
1.51666;1.95333e-26;
1.51676;1.95794e-26;
1.51686;1.95333e-26;
1.51696;1.95794e-26;
1.51706;1.95334e-26;
1.51716;1.95794e-26;
1.51726;1.95334e-26;
1.51736;1.95794e-26;
1.51746;1.95334e-26;
1.51756;1.95793e-26;
1.51766;1.95334e-26;
1.51776;1.95793e-26;
1.51786;1.95334e-26;
1.51796;1.95793e-26;
1.51806;1.95335e-26;
1.51816;1.95793e-26;
1.51826;1.95335e-26;
1.51836;1.95793e-26;
1.51846;1.95335e-26;
1.51856;1.95792e-26;
1.51866;1.95335e-26;
1.51876;1.95792e-26;
1.51886;1.95335e-26;
1.51896;1.95792e-26;
1.51906;1.95336e-26;
1.51916;1.95792e-26;
1.51926;1.95336e-26;
1.51936;1.95791e-26;
1.51946;1.95336e-26;
1.51956;1.95791e-26;
1.51966;1.95336e-26;
1.51976;1.95791e-26;
1.51986;1.95336e-26;
1.51996;1.95791e-26;
1.52006;1.95336e-26;
1.52016;1.95791e-26;
1.52026;1.95337e-26;
1.52036;1.9579e-26;
1.52046;1.95337e-26;
1.52056;1.9579e-26;
1.52066;1.95337e-26;
1.52076;1.9579e-26;
1.52086;1.95337e-26;
1.52096;1.9579e-26;
1.52106;1.95337e-26;
1.52116;1.9579e-26;
1.52126;1.95338e-26;
1.52136;1.95789e-26;
1.52146;1.95338e-26;
1.52156;1.95789e-26;
1.52166;1.95338e-26;
1.52176;1.95789e-26;
1.52186;1.95338e-26;
1.52196;1.95789e-26;
1.52206;1.95338e-26;
1.52216;1.95789e-26;
1.52226;1.95338e-26;
1.52236;1.95788e-26;
1.52246;1.95339e-26;
1.52256;1.95788e-26;
1.52266;1.95339e-26;
1.52276;1.95788e-26;
1.52286;1.95339e-26;
1.52296;1.95788e-26;
1.52306;1.95339e-26;
1.52316;1.95787e-26;
1.52326;1.95339e-26;
1.52336;1.95787e-26;
1.52346;1.95339e-26;
1.52356;1.95787e-26;
1.52366;1.9534e-26;
1.52376;1.95787e-26;
1.52386;1.9534e-26;
1.52396;1.95787e-26;
1.52406;1.9534e-26;
1.52416;1.95786e-26;
1.52426;1.9534e-26;
1.52436;1.95786e-26;
1.52446;1.9534e-26;
1.52456;1.95786e-26;
1.52466;1.95341e-26;
1.52476;1.95786e-26;
1.52486;1.95341e-26;
1.52496;1.95786e-26;
1.52506;1.95341e-26;
1.52516;1.95785e-26;
1.52526;1.95341e-26;
1.52536;1.95785e-26;
1.52546;1.95341e-26;
1.52556;1.95785e-26;
1.52566;1.95341e-26;
1.52576;1.95785e-26;
1.52586;1.95342e-26;
1.52596;1.95785e-26;
1.52606;1.95342e-26;
1.52616;1.95784e-26;
1.52626;1.95342e-26;
1.52636;1.95784e-26;
1.52646;1.95342e-26;
1.52656;1.95784e-26;
1.52666;1.95342e-26;
1.52676;1.95784e-26;
1.52686;1.95343e-26;
1.52696;1.95783e-26;
1.52706;1.95343e-26;
1.52716;1.95783e-26;
1.52726;1.95343e-26;
1.52736;1.95783e-26;
1.52746;1.95343e-26;
1.52756;1.95783e-26;
1.52766;1.95343e-26;
1.52776;1.95783e-26;
1.52786;1.95343e-26;
1.52796;1.95782e-26;
1.52806;1.95344e-26;
1.52816;1.95782e-26;
1.52826;1.95344e-26;
1.52836;1.95782e-26;
1.52846;1.95344e-26;
1.52856;1.95782e-26;
1.52866;1.95344e-26;
1.52876;1.95782e-26;
1.52886;1.95344e-26;
1.52896;1.95781e-26;
1.52906;1.95345e-26;
1.52916;1.95781e-26;
1.52926;1.95345e-26;
1.52936;1.95781e-26;
1.52946;1.95345e-26;
1.52956;1.95781e-26;
1.52966;1.95345e-26;
1.52976;1.95781e-26;
1.52986;1.95345e-26;
1.52996;1.9578e-26;
1.53006;1.95345e-26;
1.53016;1.9578e-26;
1.53026;1.95346e-26;
1.53036;1.9578e-26;
1.53046;1.95346e-26;
1.53056;1.9578e-26;
1.53066;1.95346e-26;
1.53076;1.9578e-26;
1.53086;1.95346e-26;
1.53096;1.95779e-26;
1.53106;1.95346e-26;
1.53116;1.95779e-26;
1.53126;1.95347e-26;
1.53136;1.95779e-26;
1.53146;1.95347e-26;
1.53156;1.95779e-26;
1.53166;1.95347e-26;
1.53176;1.95779e-26;
1.53186;1.95347e-26;
1.53196;1.95778e-26;
1.53206;1.95347e-26;
1.53216;1.95778e-26;
1.53226;1.95347e-26;
1.53236;1.95778e-26;
1.53246;1.95348e-26;
1.53256;1.95778e-26;
1.53266;1.95348e-26;
1.53276;1.95777e-26;
1.53286;1.95348e-26;
1.53296;1.95777e-26;
1.53306;1.95348e-26;
1.53316;1.95777e-26;
1.53326;1.95348e-26;
1.53336;1.95777e-26;
1.53346;1.95348e-26;
1.53356;1.95777e-26;
1.53366;1.95349e-26;
1.53376;1.95776e-26;
1.53386;1.95349e-26;
1.53396;1.95776e-26;
1.53406;1.95349e-26;
1.53416;1.95776e-26;
1.53426;1.95349e-26;
1.53436;1.95776e-26;
1.53446;1.95349e-26;
1.53456;1.95776e-26;
1.53466;1.9535e-26;
1.53476;1.95775e-26;
1.53486;1.9535e-26;
1.53496;1.95775e-26;
1.53506;1.9535e-26;
1.53516;1.95775e-26;
1.53526;1.9535e-26;
1.53536;1.95775e-26;
1.53546;1.9535e-26;
1.53556;1.95775e-26;
1.53566;1.9535e-26;
1.53576;1.95774e-26;
1.53586;1.95351e-26;
1.53596;1.95774e-26;
1.53606;1.95351e-26;
1.53616;1.95774e-26;
1.53626;1.95351e-26;
1.53636;1.95774e-26;
1.53646;1.95351e-26;
1.53656;1.95774e-26;
1.53666;1.95351e-26;
1.53676;1.95773e-26;
1.53686;1.95351e-26;
1.53696;1.95773e-26;
1.53706;1.95352e-26;
1.53716;1.95773e-26;
1.53726;1.95352e-26;
1.53736;1.95773e-26;
1.53746;1.95352e-26;
1.53756;1.95773e-26;
1.53766;1.95352e-26;
1.53776;1.95772e-26;
1.53786;1.95352e-26;
1.53796;1.95772e-26;
1.53806;1.95353e-26;
1.53816;1.95772e-26;
1.53826;1.95353e-26;
1.53836;1.95772e-26;
1.53846;1.95353e-26;
1.53856;1.95772e-26;
1.53866;1.95353e-26;
1.53876;1.95771e-26;
1.53886;1.95353e-26;
1.53896;1.95771e-26;
1.53906;1.95353e-26;
1.53916;1.95771e-26;
1.53926;1.95354e-26;
1.53936;1.95771e-26;
1.53946;1.95354e-26;
1.53956;1.95771e-26;
1.53966;1.95354e-26;
1.53976;1.9577e-26;
1.53986;1.95354e-26;
1.53996;1.9577e-26;
1.54006;1.95354e-26;
1.54016;1.9577e-26;
1.54026;1.95354e-26;
1.54036;1.9577e-26;
1.54046;1.95355e-26;
1.54056;1.9577e-26;
1.54066;1.95355e-26;
1.54076;1.95769e-26;
1.54086;1.95355e-26;
1.54096;1.95769e-26;
1.54106;1.95355e-26;
1.54116;1.95769e-26;
1.54126;1.95355e-26;
1.54136;1.95769e-26;
1.54146;1.95356e-26;
1.54156;1.95768e-26;
1.54166;1.95356e-26;
1.54176;1.95768e-26;
1.54186;1.95356e-26;
1.54196;1.95768e-26;
1.54206;1.95356e-26;
1.54216;1.95768e-26;
1.54226;1.95356e-26;
1.54236;1.95768e-26;
1.54246;1.95356e-26;
1.54256;1.95767e-26;
1.54266;1.95357e-26;
1.54276;1.95767e-26;
1.54286;1.95357e-26;
1.54296;1.95767e-26;
1.54306;1.95357e-26;
1.54316;1.95767e-26;
1.54326;1.95357e-26;
1.54336;1.95767e-26;
1.54346;1.95357e-26;
1.54356;1.95766e-26;
1.54366;1.95357e-26;
1.54376;1.95766e-26;
1.54386;1.95358e-26;
1.54396;1.95766e-26;
1.54406;1.95358e-26;
1.54416;1.95766e-26;
1.54426;1.95358e-26;
1.54436;1.95766e-26;
1.54446;1.95358e-26;
1.54456;1.95765e-26;
1.54466;1.95358e-26;
1.54476;1.95765e-26;
1.54486;1.95358e-26;
1.54496;1.95765e-26;
1.54506;1.95359e-26;
1.54516;1.95765e-26;
1.54526;1.95359e-26;
1.54536;1.95765e-26;
1.54546;1.95359e-26;
1.54556;1.95764e-26;
1.54566;1.95359e-26;
1.54576;1.95764e-26;
1.54586;1.95359e-26;
1.54596;1.95764e-26;
1.54606;1.9536e-26;
1.54616;1.95764e-26;
1.54626;1.9536e-26;
1.54636;1.95764e-26;
1.54646;1.9536e-26;
1.54656;1.95763e-26;
1.54666;1.9536e-26;
1.54676;1.95763e-26;
1.54686;1.9536e-26;
1.54696;1.95763e-26;
1.54706;1.9536e-26;
1.54716;1.95763e-26;
1.54726;1.95361e-26;
1.54736;1.95763e-26;
1.54746;1.95361e-26;
1.54756;1.95762e-26;
1.54766;1.95361e-26;
1.54776;1.95762e-26;
1.54786;1.95361e-26;
1.54796;1.95762e-26;
1.54806;1.95361e-26;
1.54816;1.95762e-26;
1.54826;1.95361e-26;
1.54836;1.95762e-26;
1.54846;1.95362e-26;
1.54856;1.95761e-26;
1.54866;1.95362e-26;
1.54876;1.95761e-26;
1.54886;1.95362e-26;
1.54896;1.95761e-26;
1.54906;1.95362e-26;
1.54916;1.95761e-26;
1.54926;1.95362e-26;
1.54936;1.95761e-26;
1.54946;1.95362e-26;
1.54956;1.9576e-26;
1.54966;1.95363e-26;
1.54976;1.9576e-26;
1.54986;1.95363e-26;
1.54996;1.9576e-26;
1.55006;1.95363e-26;
1.55016;1.9576e-26;
1.55026;1.95363e-26;
1.55036;1.9576e-26;
1.55046;1.95363e-26;
1.55056;1.95759e-26;
1.55066;1.95363e-26;
1.55076;1.95759e-26;
1.55086;1.95364e-26;
1.55096;1.95759e-26;
1.55106;1.95364e-26;
1.55116;1.95759e-26;
1.55126;1.95364e-26;
1.55136;1.95759e-26;
1.55146;1.95364e-26;
1.55156;1.95758e-26;
1.55166;1.95364e-26;
1.55176;1.95758e-26;
1.55186;1.95364e-26;
1.55196;1.95758e-26;
1.55206;1.95365e-26;
1.55216;1.95758e-26;
1.55226;1.95365e-26;
1.55236;1.95758e-26;
1.55246;1.95365e-26;
1.55256;1.95757e-26;
1.55266;1.95365e-26;
1.55276;1.95757e-26;
1.55286;1.95365e-26;
1.55296;1.95757e-26;
1.55306;1.95366e-26;
1.55316;1.95757e-26;
1.55326;1.95366e-26;
1.55336;1.95757e-26;
1.55346;1.95366e-26;
1.55356;1.95756e-26;
1.55366;1.95366e-26;
1.55376;1.95756e-26;
1.55386;1.95366e-26;
1.55396;1.95756e-26;
1.55406;1.95366e-26;
1.55416;1.95756e-26;
1.55426;1.95367e-26;
1.55436;1.95756e-26;
1.55446;1.95367e-26;
1.55456;1.95755e-26;
1.55466;1.95367e-26;
1.55476;1.95755e-26;
1.55486;1.95367e-26;
1.55496;1.95755e-26;
1.55506;1.95367e-26;
1.55516;1.95755e-26;
1.55526;1.95367e-26;
1.55536;1.95755e-26;
1.55546;1.95368e-26;
1.55556;1.95754e-26;
1.55566;1.95368e-26;
1.55576;1.95754e-26;
1.55586;1.95368e-26;
1.55596;1.95754e-26;
1.55606;1.95368e-26;
1.55616;1.95754e-26;
1.55626;1.95368e-26;
1.55636;1.95754e-26;
1.55646;1.95368e-26;
1.55656;1.95753e-26;
1.55666;1.95369e-26;
1.55676;1.95753e-26;
1.55686;1.95369e-26;
1.55696;1.95753e-26;
1.55706;1.95369e-26;
1.55716;1.95753e-26;
1.55726;1.95369e-26;
1.55736;1.95753e-26;
1.55746;1.95369e-26;
1.55756;1.95752e-26;
1.55766;1.95369e-26;
1.55776;1.95752e-26;
1.55786;1.9537e-26;
1.55796;1.95752e-26;
1.55806;1.9537e-26;
1.55816;1.95752e-26;
1.55826;1.9537e-26;
1.55836;1.95752e-26;
1.55846;1.9537e-26;
1.55856;1.95751e-26;
1.55866;1.9537e-26;
1.55876;1.95751e-26;
1.55886;1.9537e-26;
1.55896;1.95751e-26;
1.55906;1.95371e-26;
1.55916;1.95751e-26;
1.55926;1.95371e-26;
1.55936;1.95751e-26;
1.55946;1.95371e-26;
1.55956;1.9575e-26;
1.55966;1.95371e-26;
1.55976;1.9575e-26;
1.55986;1.95371e-26;
1.55996;1.9575e-26;
1.56006;1.95371e-26;
1.56016;1.9575e-26;
1.56026;1.95372e-26;
1.56036;1.9575e-26;
1.56046;1.95372e-26;
1.56056;1.95749e-26;
1.56066;1.95372e-26;
1.56076;1.95749e-26;
1.56086;1.95372e-26;
1.56096;1.95749e-26;
1.56106;1.95372e-26;
1.56116;1.95749e-26;
1.56126;1.95372e-26;
1.56136;1.95749e-26;
1.56146;1.95373e-26;
1.56156;1.95749e-26;
1.56166;1.95373e-26;
1.56176;1.95748e-26;
1.56186;1.95373e-26;
1.56196;1.95748e-26;
1.56206;1.95373e-26;
1.56216;1.95748e-26;
1.56226;1.95373e-26;
1.56236;1.95748e-26;
1.56246;1.95373e-26;
1.56256;1.95748e-26;
1.56266;1.95374e-26;
1.56276;1.95747e-26;
1.56286;1.95374e-26;
1.56296;1.95747e-26;
1.56306;1.95374e-26;
1.56316;1.95747e-26;
1.56326;1.95374e-26;
1.56336;1.95747e-26;
1.56346;1.95374e-26;
1.56356;1.95747e-26;
1.56366;1.95374e-26;
1.56376;1.95746e-26;
1.56386;1.95375e-26;
1.56396;1.95746e-26;
1.56406;1.95375e-26;
1.56416;1.95746e-26;
1.56426;1.95375e-26;
1.56436;1.95746e-26;
1.56446;1.95375e-26;
1.56456;1.95746e-26;
1.56466;1.95375e-26;
1.56476;1.95745e-26;
1.56486;1.95375e-26;
1.56496;1.95745e-26;
1.56506;1.95376e-26;
1.56516;1.95745e-26;
1.56526;1.95376e-26;
1.56536;1.95745e-26;
1.56546;1.95376e-26;
1.56556;1.95745e-26;
1.56566;1.95376e-26;
1.56576;1.95744e-26;
1.56586;1.95376e-26;
1.56596;1.95744e-26;
1.56606;1.95376e-26;
1.56616;1.95744e-26;
1.56626;1.95377e-26;
1.56636;1.95744e-26;
1.56646;1.95377e-26;
1.56656;1.95744e-26;
1.56666;1.95377e-26;
1.56676;1.95743e-26;
1.56686;1.95377e-26;
1.56696;1.95743e-26;
1.56706;1.95377e-26;
1.56716;1.95743e-26;
1.56726;1.95377e-26;
1.56736;1.95743e-26;
1.56746;1.95378e-26;
1.56756;1.95743e-26;
1.56766;1.95378e-26;
1.56776;1.95742e-26;
1.56786;1.95378e-26;
1.56796;1.95742e-26;
1.56806;1.95378e-26;
1.56816;1.95742e-26;
1.56826;1.95378e-26;
1.56836;1.95742e-26;
1.56846;1.95378e-26;
1.56856;1.95742e-26;
1.56866;1.95379e-26;
1.56876;1.95741e-26;
1.56886;1.95379e-26;
1.56896;1.95741e-26;
1.56906;1.95379e-26;
1.56916;1.95741e-26;
1.56926;1.95379e-26;
1.56936;1.95741e-26;
1.56946;1.95379e-26;
1.56956;1.95741e-26;
1.56966;1.95379e-26;
1.56976;1.95741e-26;
1.56986;1.9538e-26;
1.56996;1.9574e-26;
1.57006;1.9538e-26;
1.57016;1.9574e-26;
1.57026;1.9538e-26;
1.57036;1.9574e-26;
1.57046;1.9538e-26;
1.57056;1.9574e-26;
1.57066;1.9538e-26;
1.57076;1.9574e-26;
1.57086;1.9538e-26;
1.57096;1.95739e-26;
1.57106;1.95381e-26;
1.57116;1.95739e-26;
1.57126;1.95381e-26;
1.57136;1.95739e-26;
1.57146;1.95381e-26;
1.57156;1.95739e-26;
1.57166;1.95381e-26;
1.57176;1.95739e-26;
1.57186;1.95381e-26;
1.57196;1.95738e-26;
1.57206;1.95381e-26;
1.57216;1.95738e-26;
1.57226;1.95382e-26;
1.57236;1.95738e-26;
1.57246;1.95382e-26;
1.57256;1.95738e-26;
1.57266;1.95382e-26;
1.57276;1.95738e-26;
1.57286;1.95382e-26;
1.57296;1.95737e-26;
1.57306;1.95382e-26;
1.57316;1.95737e-26;
1.57326;1.95382e-26;
1.57336;1.95737e-26;
1.57346;1.95383e-26;
1.57356;1.95737e-26;
1.57366;1.95383e-26;
1.57376;1.95737e-26;
1.57386;1.95383e-26;
1.57396;1.95736e-26;
1.57406;1.95383e-26;
1.57416;1.95736e-26;
1.57426;1.95383e-26;
1.57436;1.95736e-26;
1.57446;1.95383e-26;
1.57456;1.95736e-26;
1.57466;1.95384e-26;
1.57476;1.95736e-26;
1.57486;1.95384e-26;
1.57496;1.95736e-26;
1.57506;1.95384e-26;
1.57516;1.95735e-26;
1.57526;1.95384e-26;
1.57536;1.95735e-26;
1.57546;1.95384e-26;
1.57556;1.95735e-26;
1.57566;1.95384e-26;
1.57576;1.95735e-26;
1.57586;1.95385e-26;
1.57596;1.95735e-26;
1.57606;1.95385e-26;
1.57616;1.95734e-26;
1.57626;1.95385e-26;
1.57636;1.95734e-26;
1.57646;1.95385e-26;
1.57656;1.95734e-26;
1.57666;1.95385e-26;
1.57676;1.95734e-26;
1.57686;1.95385e-26;
1.57696;1.95734e-26;
1.57706;1.95386e-26;
1.57716;1.95733e-26;
1.57726;1.95386e-26;
1.57736;1.95733e-26;
1.57746;1.95386e-26;
1.57756;1.95733e-26;
1.57766;1.95386e-26;
1.57776;1.95733e-26;
1.57786;1.95386e-26;
1.57796;1.95733e-26;
1.57806;1.95386e-26;
1.57816;1.95732e-26;
1.57826;1.95386e-26;
1.57836;1.95732e-26;
1.57846;1.95387e-26;
1.57856;1.95732e-26;
1.57866;1.95387e-26;
1.57876;1.95732e-26;
1.57886;1.95387e-26;
1.57896;1.95732e-26;
1.57906;1.95387e-26;
1.57916;1.95732e-26;
1.57926;1.95387e-26;
1.57936;1.95731e-26;
1.57946;1.95387e-26;
1.57956;1.95731e-26;
1.57966;1.95388e-26;
1.57976;1.95731e-26;
1.57986;1.95388e-26;
1.57996;1.95731e-26;
1.58006;1.95388e-26;
1.58016;1.95731e-26;
1.58026;1.95388e-26;
1.58036;1.9573e-26;
1.58046;1.95388e-26;
1.58056;1.9573e-26;
1.58066;1.95388e-26;
1.58076;1.9573e-26;
1.58086;1.95389e-26;
1.58096;1.9573e-26;
1.58106;1.95389e-26;
1.58116;1.9573e-26;
1.58126;1.95389e-26;
1.58136;1.95729e-26;
1.58146;1.95389e-26;
1.58156;1.95729e-26;
1.58166;1.95389e-26;
1.58176;1.95729e-26;
1.58186;1.95389e-26;
1.58196;1.95729e-26;
1.58206;1.9539e-26;
1.58216;1.95729e-26;
1.58226;1.9539e-26;
1.58236;1.95728e-26;
1.58246;1.9539e-26;
1.58256;1.95728e-26;
1.58266;1.9539e-26;
1.58276;1.95728e-26;
1.58286;1.9539e-26;
1.58296;1.95728e-26;
1.58306;1.9539e-26;
1.58316;1.95728e-26;
1.58326;1.95391e-26;
1.58336;1.95728e-26;
1.58346;1.95391e-26;
1.58356;1.95727e-26;
1.58366;1.95391e-26;
1.58376;1.95727e-26;
1.58386;1.95391e-26;
1.58396;1.95727e-26;
1.58406;1.95391e-26;
1.58416;1.95727e-26;
1.58426;1.95391e-26;
1.58436;1.95727e-26;
1.58446;1.95391e-26;
1.58456;1.95726e-26;
1.58466;1.95392e-26;
1.58476;1.95726e-26;
1.58486;1.95392e-26;
1.58496;1.95726e-26;
1.58506;1.95392e-26;
1.58516;1.95726e-26;
1.58526;1.95392e-26;
1.58536;1.95726e-26;
1.58546;1.95392e-26;
1.58556;1.95725e-26;
1.58566;1.95392e-26;
1.58576;1.95725e-26;
1.58586;1.95393e-26;
1.58596;1.95725e-26;
1.58606;1.95393e-26;
1.58616;1.95725e-26;
1.58626;1.95393e-26;
1.58636;1.95725e-26;
1.58646;1.95393e-26;
1.58656;1.95725e-26;
1.58666;1.95393e-26;
1.58676;1.95724e-26;
1.58686;1.95393e-26;
1.58696;1.95724e-26;
1.58706;1.95394e-26;
1.58716;1.95724e-26;
1.58726;1.95394e-26;
1.58736;1.95724e-26;
1.58746;1.95394e-26;
1.58756;1.95724e-26;
1.58766;1.95394e-26;
1.58776;1.95723e-26;
1.58786;1.95394e-26;
1.58796;1.95723e-26;
1.58806;1.95394e-26;
1.58816;1.95723e-26;
1.58826;1.95395e-26;
1.58836;1.95723e-26;
1.58846;1.95395e-26;
1.58856;1.95723e-26;
1.58866;1.95395e-26;
1.58876;1.95722e-26;
1.58886;1.95395e-26;
1.58896;1.95722e-26;
1.58906;1.95395e-26;
1.58916;1.95722e-26;
1.58926;1.95395e-26;
1.58936;1.95722e-26;
1.58946;1.95395e-26;
1.58956;1.95722e-26;
1.58966;1.95396e-26;
1.58976;1.95722e-26;
1.58986;1.95396e-26;
1.58996;1.95721e-26;
1.59006;1.95396e-26;
1.59016;1.95721e-26;
1.59026;1.95396e-26;
1.59036;1.95721e-26;
1.59046;1.95396e-26;
1.59056;1.95721e-26;
1.59066;1.95396e-26;
1.59076;1.95721e-26;
1.59086;1.95397e-26;
1.59096;1.9572e-26;
1.59106;1.95397e-26;
1.59116;1.9572e-26;
1.59126;1.95397e-26;
1.59136;1.9572e-26;
1.59146;1.95397e-26;
1.59156;1.9572e-26;
1.59166;1.95397e-26;
1.59176;1.9572e-26;
1.59186;1.95397e-26;
1.59196;1.9572e-26;
1.59206;1.95398e-26;
1.59216;1.95719e-26;
1.59226;1.95398e-26;
1.59236;1.95719e-26;
1.59246;1.95398e-26;
1.59256;1.95719e-26;
1.59266;1.95398e-26;
1.59276;1.95719e-26;
1.59286;1.95398e-26;
1.59296;1.95719e-26;
1.59306;1.95398e-26;
1.59316;1.95718e-26;
1.59326;1.95398e-26;
1.59336;1.95718e-26;
1.59346;1.95399e-26;
1.59356;1.95718e-26;
1.59366;1.95399e-26;
1.59376;1.95718e-26;
1.59386;1.95399e-26;
1.59396;1.95718e-26;
1.59406;1.95399e-26;
1.59416;1.95717e-26;
1.59426;1.95399e-26;
1.59436;1.95717e-26;
1.59446;1.95399e-26;
1.59456;1.95717e-26;
1.59466;1.954e-26;
1.59476;1.95717e-26;
1.59486;1.954e-26;
1.59496;1.95717e-26;
1.59506;1.954e-26;
1.59516;1.95717e-26;
1.59526;1.954e-26;
1.59536;1.95716e-26;
1.59546;1.954e-26;
1.59556;1.95716e-26;
1.59566;1.954e-26;
1.59576;1.95716e-26;
1.59586;1.954e-26;
1.59596;1.95716e-26;
1.59606;1.95401e-26;
1.59616;1.95716e-26;
1.59626;1.95401e-26;
1.59636;1.95715e-26;
1.59646;1.95401e-26;
1.59656;1.95715e-26;
1.59666;1.95401e-26;
1.59676;1.95715e-26;
1.59686;1.95401e-26;
1.59696;1.95715e-26;
1.59706;1.95401e-26;
1.59716;1.95715e-26;
1.59726;1.95402e-26;
1.59736;1.95715e-26;
1.59746;1.95402e-26;
1.59756;1.95714e-26;
1.59766;1.95402e-26;
1.59776;1.95714e-26;
1.59786;1.95402e-26;
1.59796;1.95714e-26;
1.59806;1.95402e-26;
1.59816;1.95714e-26;
1.59826;1.95402e-26;
1.59836;1.95714e-26;
1.59846;1.95403e-26;
1.59856;1.95713e-26;
1.59866;1.95403e-26;
1.59876;1.95713e-26;
1.59886;1.95403e-26;
1.59896;1.95713e-26;
1.59906;1.95403e-26;
1.59916;1.95713e-26;
1.59926;1.95403e-26;
1.59936;1.95713e-26;
1.59946;1.95403e-26;
1.59956;1.95713e-26;
1.59966;1.95403e-26;
1.59976;1.95712e-26;
1.59986;1.95404e-26;
1.59996;1.95712e-26;
1.60006;1.95404e-26;
1.60016;1.95712e-26;
1.60026;1.95404e-26;
1.60036;1.95712e-26;
1.60046;1.95404e-26;
1.60056;1.95712e-26;
1.60066;1.95404e-26;
1.60076;1.95711e-26;
1.60086;1.95404e-26;
1.60096;1.95713e-26;
1.60106;1.95405e-26;
1.60116;1.95713e-26;
1.60126;1.95405e-26;
1.60136;1.95713e-26;
1.60146;1.95405e-26;
1.60156;1.95713e-26;
1.60166;1.95405e-26;
1.60176;1.95713e-26;
1.60186;1.95405e-26;
1.60196;1.95712e-26;
1.60206;1.95405e-26;
1.60216;1.95712e-26;
1.60226;1.95405e-26;
1.60236;1.95712e-26;
1.60246;1.95406e-26;
1.60256;1.95712e-26;
1.60266;1.95406e-26;
1.60276;1.95712e-26;
1.60286;1.95406e-26;
1.60296;1.95712e-26;
1.60306;1.95406e-26;
1.60316;1.95711e-26;
1.60326;1.95406e-26;
1.60336;1.95711e-26;
1.60346;1.95406e-26;
1.60356;1.95711e-26;
1.60366;1.95407e-26;
1.60376;1.95711e-26;
1.60386;1.95407e-26;
1.60396;1.95711e-26;
1.60406;1.95407e-26;
1.60416;1.9571e-26;
1.60426;1.95407e-26;
1.60436;1.9571e-26;
1.60446;1.95407e-26;
1.60456;1.9571e-26;
1.60466;1.95407e-26;
1.60476;1.9571e-26;
1.60486;1.95407e-26;
1.60496;1.9571e-26;
1.60506;1.95408e-26;
1.60516;1.9571e-26;
1.60526;1.95408e-26;
1.60536;1.95709e-26;
1.60546;1.95408e-26;
1.60556;1.95709e-26;
1.60566;1.95408e-26;
1.60576;1.95709e-26;
1.60586;1.95408e-26;
1.60596;1.95709e-26;
1.60606;1.95408e-26;
1.60616;1.95709e-26;
1.60626;1.95408e-26;
1.60636;1.95708e-26;
1.60646;1.95409e-26;
1.60656;1.95708e-26;
1.60666;1.95409e-26;
1.60676;1.95708e-26;
1.60686;1.95409e-26;
1.60696;1.95708e-26;
1.60706;1.95409e-26;
1.60716;1.95708e-26;
1.60726;1.95409e-26;
1.60736;1.95708e-26;
1.60746;1.95409e-26;
1.60756;1.95707e-26;
1.60766;1.9541e-26;
1.60776;1.95707e-26;
1.60786;1.9541e-26;
1.60796;1.95707e-26;
1.60806;1.9541e-26;
1.60816;1.95707e-26;
1.60826;1.9541e-26;
1.60836;1.95707e-26;
1.60846;1.9541e-26;
1.60856;1.95706e-26;
1.60866;1.9541e-26;
1.60876;1.95706e-26;
1.60886;1.9541e-26;
1.60896;1.95706e-26;
1.60906;1.95411e-26;
1.60916;1.95706e-26;
1.60926;1.95411e-26;
1.60936;1.95706e-26;
1.60946;1.95411e-26;
1.60956;1.95705e-26;
1.60966;1.95411e-26;
1.60976;1.95705e-26;
1.60986;1.95411e-26;
1.60996;1.95705e-26;
1.61006;1.95411e-26;
1.61016;1.95705e-26;
1.61026;1.95412e-26;
1.61036;1.95705e-26;
1.61046;1.95412e-26;
1.61056;1.95705e-26;
1.61066;1.95412e-26;
1.61076;1.95704e-26;
1.61086;1.95412e-26;
1.61096;1.95704e-26;
1.61106;1.95412e-26;
1.61116;1.95704e-26;
1.61126;1.95412e-26;
1.61136;1.95704e-26;
1.61146;1.95412e-26;
1.61156;1.95704e-26;
1.61166;1.95413e-26;
1.61176;1.95703e-26;
1.61186;1.95413e-26;
1.61196;1.95703e-26;
1.61206;1.95413e-26;
1.61216;1.95703e-26;
1.61226;1.95413e-26;
1.61236;1.95703e-26;
1.61246;1.95413e-26;
1.61256;1.95703e-26;
1.61266;1.95413e-26;
1.61276;1.95703e-26;
1.61286;1.95413e-26;
1.61296;1.95702e-26;
1.61306;1.95414e-26;
1.61316;1.95702e-26;
1.61326;1.95414e-26;
1.61336;1.95702e-26;
1.61346;1.95414e-26;
1.61356;1.95702e-26;
1.61366;1.95414e-26;
1.61376;1.95702e-26;
1.61386;1.95414e-26;
1.61396;1.95701e-26;
1.61406;1.95414e-26;
1.61416;1.95701e-26;
1.61426;1.95415e-26;
1.61436;1.95701e-26;
1.61446;1.95415e-26;
1.61456;1.95701e-26;
1.61466;1.95415e-26;
1.61476;1.95701e-26;
1.61486;1.95415e-26;
1.61496;1.95701e-26;
1.61506;1.95415e-26;
1.61516;1.957e-26;
1.61526;1.95415e-26;
1.61536;1.957e-26;
1.61546;1.95417e-26;
1.61556;1.957e-26;
1.61566;1.95418e-26;
1.61576;1.957e-26;
1.61586;1.95418e-26;
1.61596;1.957e-26;
1.61606;1.95418e-26;
1.61616;1.957e-26;
1.61626;1.95418e-26;
1.61636;1.95699e-26;
1.61646;1.95418e-26;
1.61656;1.95699e-26;
1.61666;1.95418e-26;
1.61676;1.95699e-26;
1.61686;1.95418e-26;
1.61696;1.95699e-26;
1.61706;1.95419e-26;
1.61716;1.95699e-26;
1.61726;1.95419e-26;
1.61736;1.95698e-26;
1.61746;1.95419e-26;
1.61756;1.95698e-26;
1.61766;1.95419e-26;
1.61776;1.95698e-26;
1.61786;1.95419e-26;
1.61796;1.95698e-26;
1.61806;1.95419e-26;
1.61816;1.95698e-26;
1.61826;1.95419e-26;
1.61836;1.95698e-26;
1.61846;1.9542e-26;
1.61856;1.95697e-26;
1.61866;1.9542e-26;
1.61876;1.95697e-26;
1.61886;1.9542e-26;
1.61896;1.95697e-26;
1.61906;1.9542e-26;
1.61916;1.95697e-26;
1.61926;1.9542e-26;
1.61936;1.95697e-26;
1.61946;1.9542e-26;
1.61956;1.95696e-26;
1.61966;1.9542e-26;
1.61976;1.95696e-26;
1.61986;1.95421e-26;
1.61996;1.95696e-26;
1.62006;1.95421e-26;
1.62016;1.95696e-26;
1.62026;1.95421e-26;
1.62036;1.95696e-26;
1.62046;1.95421e-26;
1.62056;1.95696e-26;
1.62066;1.95421e-26;
1.62076;1.95695e-26;
1.62086;1.95421e-26;
1.62096;1.95695e-26;
1.62106;1.95421e-26;
1.62116;1.95695e-26;
1.62126;1.95422e-26;
1.62136;1.95695e-26;
1.62146;1.95422e-26;
1.62156;1.95695e-26;
1.62166;1.95422e-26;
1.62176;1.95695e-26;
1.62186;1.95422e-26;
1.62196;1.95694e-26;
1.62206;1.95422e-26;
1.62216;1.95694e-26;
1.62226;1.95422e-26;
1.62236;1.95694e-26;
1.62246;1.95422e-26;
1.62256;1.95694e-26;
1.62266;1.95423e-26;
1.62276;1.95694e-26;
1.62286;1.95423e-26;
1.62296;1.95693e-26;
1.62306;1.95423e-26;
1.62316;1.95693e-26;
1.62326;1.95423e-26;
1.62336;1.95693e-26;
1.62346;1.95423e-26;
1.62356;1.95693e-26;
1.62366;1.95423e-26;
1.62376;1.95693e-26;
1.62386;1.95423e-26;
1.62396;1.95693e-26;
1.62406;1.95424e-26;
1.62416;1.95692e-26;
1.62426;1.95424e-26;
1.62436;1.95692e-26;
1.62446;1.95424e-26;
1.62456;1.95692e-26;
1.62466;1.95424e-26;
1.62476;1.95692e-26;
1.62486;1.95424e-26;
1.62496;1.95692e-26;
1.62506;1.95424e-26;
1.62516;1.95692e-26;
1.62526;1.95424e-26;
1.62536;1.95691e-26;
1.62546;1.95425e-26;
1.62556;1.95691e-26;
1.62566;1.95425e-26;
1.62576;1.95691e-26;
1.62586;1.95425e-26;
1.62596;1.95691e-26;
1.62606;1.95425e-26;
1.62616;1.95691e-26;
1.62626;1.95425e-26;
1.62636;1.9569e-26;
1.62646;1.95425e-26;
1.62656;1.9569e-26;
1.62666;1.95425e-26;
1.62676;1.9569e-26;
1.62686;1.95426e-26;
1.62696;1.9569e-26;
1.62706;1.95426e-26;
1.62716;1.9569e-26;
1.62726;1.95426e-26;
1.62736;1.9569e-26;
1.62746;1.95426e-26;
1.62756;1.95689e-26;
1.62766;1.95426e-26;
1.62776;1.95689e-26;
1.62786;1.95426e-26;
1.62796;1.95689e-26;
1.62806;1.95426e-26;
1.62816;1.95689e-26;
1.62826;1.95427e-26;
1.62836;1.95689e-26;
1.62846;1.95427e-26;
1.62856;1.95689e-26;
1.62866;1.95427e-26;
1.62876;1.95688e-26;
1.62886;1.95427e-26;
1.62896;1.95688e-26;
1.62906;1.95427e-26;
1.62916;1.95688e-26;
1.62926;1.95427e-26;
1.62936;1.95688e-26;
1.62946;1.95427e-26;
1.62956;1.95688e-26;
1.62966;1.95428e-26;
1.62976;1.95687e-26;
1.62986;1.95428e-26;
1.62996;1.95687e-26;
1.63006;1.95428e-26;
1.63016;1.95687e-26;
1.63026;1.95428e-26;
1.63036;1.95687e-26;
1.63046;1.95428e-26;
1.63056;1.95687e-26;
1.63066;1.95428e-26;
1.63076;1.95687e-26;
1.63086;1.95428e-26;
1.63096;1.95686e-26;
1.63106;1.95429e-26;
1.63116;1.95686e-26;
1.63126;1.95429e-26;
1.63136;1.95686e-26;
1.63146;1.95429e-26;
1.63156;1.95686e-26;
1.63166;1.95429e-26;
1.63176;1.95686e-26;
1.63186;1.95429e-26;
1.63196;1.95686e-26;
1.63206;1.95429e-26;
1.63216;1.95685e-26;
1.63226;1.95429e-26;
1.63236;1.95685e-26;
1.63246;1.9543e-26;
1.63256;1.95685e-26;
1.63266;1.9543e-26;
1.63276;1.95685e-26;
1.63286;1.9543e-26;
1.63296;1.95685e-26;
1.63306;1.9543e-26;
1.63316;1.95685e-26;
1.63326;1.9543e-26;
1.63336;1.95684e-26;
1.63346;1.9543e-26;
1.63356;1.95684e-26;
1.63366;1.9543e-26;
1.63376;1.95684e-26;
1.63386;1.95431e-26;
1.63396;1.95684e-26;
1.63406;1.95431e-26;
1.63416;1.95684e-26;
1.63426;1.95431e-26;
1.63436;1.95683e-26;
1.63446;1.95431e-26;
1.63456;1.95683e-26;
1.63466;1.95431e-26;
1.63476;1.95683e-26;
1.63486;1.95431e-26;
1.63496;1.95683e-26;
1.63506;1.95431e-26;
1.63516;1.95683e-26;
1.63526;1.95432e-26;
1.63536;1.95683e-26;
1.63546;1.95432e-26;
1.63556;1.95682e-26;
1.63566;1.95432e-26;
1.63576;1.95682e-26;
1.63586;1.95432e-26;
1.63596;1.95682e-26;
1.63606;1.95432e-26;
1.63616;1.95682e-26;
1.63626;1.95432e-26;
1.63636;1.95682e-26;
1.63646;1.95432e-26;
1.63656;1.95682e-26;
1.63666;1.95432e-26;
1.63676;1.95681e-26;
1.63686;1.95433e-26;
1.63696;1.95681e-26;
1.63706;1.95433e-26;
1.63716;1.95681e-26;
1.63726;1.95433e-26;
1.63736;1.95681e-26;
1.63746;1.95433e-26;
1.63756;1.95681e-26;
1.63766;1.95433e-26;
1.63776;1.95681e-26;
1.63786;1.95433e-26;
1.63796;1.9568e-26;
1.63806;1.95433e-26;
1.63816;1.9568e-26;
1.63826;1.95434e-26;
1.63836;1.9568e-26;
1.63846;1.95434e-26;
1.63856;1.9568e-26;
1.63866;1.95434e-26;
1.63876;1.9568e-26;
1.63886;1.95434e-26;
1.63896;1.9568e-26;
1.63906;1.95434e-26;
1.63916;1.95679e-26;
1.63926;1.95434e-26;
1.63936;1.95679e-26;
1.63946;1.95434e-26;
1.63956;1.95679e-26;
1.63966;1.95435e-26;
1.63976;1.95679e-26;
1.63986;1.95435e-26;
1.63996;1.95679e-26;
1.64006;1.95435e-26;
1.64016;1.95679e-26;
1.64026;1.95435e-26;
1.64036;1.95678e-26;
1.64046;1.95435e-26;
1.64056;1.95678e-26;
1.64066;1.95435e-26;
1.64076;1.95678e-26;
1.64086;1.95435e-26;
1.64096;1.95678e-26;
1.64106;1.95436e-26;
1.64116;1.95678e-26;
1.64126;1.95436e-26;
1.64136;1.95677e-26;
1.64146;1.95436e-26;
1.64156;1.95677e-26;
1.64166;1.95436e-26;
1.64176;1.95677e-26;
1.64186;1.95436e-26;
1.64196;1.95677e-26;
1.64206;1.95436e-26;
1.64216;1.95677e-26;
1.64226;1.95436e-26;
1.64236;1.95677e-26;
1.64246;1.95436e-26;
1.64256;1.95676e-26;
1.64266;1.95437e-26;
1.64276;1.95676e-26;
1.64286;1.95437e-26;
1.64296;1.95676e-26;
1.64306;1.95437e-26;
1.64316;1.95676e-26;
1.64326;1.95437e-26;
1.64336;1.95676e-26;
1.64346;1.95437e-26;
1.64356;1.95676e-26;
1.64366;1.95437e-26;
1.64376;1.95675e-26;
1.64386;1.95437e-26;
1.64396;1.95675e-26;
1.64406;1.95438e-26;
1.64416;1.95675e-26;
1.64426;1.95438e-26;
1.64436;1.95675e-26;
1.64446;1.95438e-26;
1.64456;1.95675e-26;
1.64466;1.95438e-26;
1.64476;1.95675e-26;
1.64486;1.95438e-26;
1.64496;1.95674e-26;
1.64506;1.95438e-26;
1.64516;1.95674e-26;
1.64526;1.95438e-26;
1.64536;1.95674e-26;
1.64546;1.95439e-26;
1.64556;1.95674e-26;
1.64566;1.95439e-26;
1.64576;1.95674e-26;
1.64586;1.95439e-26;
1.64596;1.95674e-26;
1.64606;1.95439e-26;
1.64616;1.95673e-26;
1.64626;1.95439e-26;
1.64636;1.95673e-26;
1.64646;1.95439e-26;
1.64656;1.95673e-26;
1.64666;1.95439e-26;
1.64676;1.95673e-26;
1.64686;1.95439e-26;
1.64696;1.95673e-26;
1.64706;1.9544e-26;
1.64716;1.95673e-26;
1.64726;1.9544e-26;
1.64736;1.95672e-26;
1.64746;1.9544e-26;
1.64756;1.95672e-26;
1.64766;1.9544e-26;
1.64776;1.95672e-26;
1.64786;1.9544e-26;
1.64796;1.95672e-26;
1.64806;1.9544e-26;
1.64816;1.95672e-26;
1.64826;1.9544e-26;
1.64836;1.95671e-26;
1.64846;1.9544e-26;
1.64856;1.95671e-26;
1.64866;1.9544e-26;
1.64876;1.95671e-26;
1.64886;1.95441e-26;
1.64896;1.95671e-26;
1.64906;1.95441e-26;
1.64916;1.95671e-26;
1.64926;1.95441e-26;
1.64936;1.9567e-26;
1.64946;1.95441e-26;
1.64956;1.9567e-26;
1.64966;1.95441e-26;
1.64976;1.9567e-26;
1.64986;1.95441e-26;
1.64996;1.9567e-26;
1.65006;1.95441e-26;
1.65016;1.95669e-26;
1.65026;1.95441e-26;
1.65036;1.95669e-26;
1.65046;1.95441e-26;
1.65056;1.95669e-26;
1.65066;1.95441e-26;
1.65076;1.95669e-26;
1.65086;1.95441e-26;
1.65096;1.95668e-26;
1.65106;1.95441e-26;
1.65116;1.95668e-26;
1.65126;1.95441e-26;
1.65136;1.95668e-26;
1.65146;1.95441e-26;
1.65156;1.95667e-26;
1.65166;1.95441e-26;
1.65176;1.95667e-26;
1.65186;1.95441e-26;
1.65196;1.95666e-26;
1.65206;1.9544e-26;
1.65216;1.95666e-26;
1.65226;1.9544e-26;
1.65236;1.95665e-26;
1.65246;1.9544e-26;
1.65256;1.95665e-26;
1.65266;1.9544e-26;
1.65276;1.95664e-26;
1.65286;1.95439e-26;
1.65296;1.95663e-26;
1.65306;1.95439e-26;
1.65316;1.95663e-26;
1.65326;1.95439e-26;
1.65336;1.95662e-26;
1.65346;1.95438e-26;
1.65356;1.95661e-26;
1.65366;1.95438e-26;
1.65376;1.9566e-26;
1.65386;1.95437e-26;
1.65396;1.95659e-26;
1.65406;1.95436e-26;
1.65416;1.95658e-26;
1.65426;1.95436e-26;
1.65436;1.95657e-26;
1.65446;1.95435e-26;
1.65456;1.95656e-26;
1.65466;1.95434e-26;
1.65476;1.95655e-26;
1.65486;1.95433e-26;
1.65496;1.95654e-26;
1.65506;1.95432e-26;
1.65516;1.95653e-26;
1.65526;1.95431e-26;
1.65536;1.95651e-26;
1.65546;1.9543e-26;
1.65556;1.9565e-26;
1.65566;1.95429e-26;
1.65576;1.95648e-26;
1.65586;1.95427e-26;
1.65596;1.95647e-26;
1.65606;1.95426e-26;
1.65616;1.95645e-26;
1.65626;1.95425e-26;
1.65636;1.95643e-26;
1.65646;1.95423e-26;
1.65656;1.95641e-26;
1.65666;1.95421e-26;
1.65676;1.95639e-26;
1.65686;1.9542e-26;
1.65696;1.95637e-26;
1.65706;1.95418e-26;
1.65716;1.95635e-26;
1.65726;1.95416e-26;
1.65736;1.95633e-26;
1.65746;1.95414e-26;
1.65756;1.95631e-26;
1.65766;1.95412e-26;
1.65776;1.95628e-26;
1.65786;1.9541e-26;
1.65796;1.95626e-26;
1.65806;1.95408e-26;
1.65816;1.95623e-26;
1.65826;1.95405e-26;
1.65836;1.95621e-26;
1.65846;1.95403e-26;
1.65856;1.95618e-26;
1.65866;1.954e-26;
1.65876;1.95615e-26;
1.65886;1.95397e-26;
1.65896;1.95612e-26;
1.65906;1.95394e-26;
1.65916;1.95609e-26;
1.65926;1.95391e-26;
1.65936;1.95605e-26;
1.65946;1.95388e-26;
1.65956;1.95602e-26;
1.65966;1.95385e-26;
1.65976;1.95598e-26;
1.65986;1.95382e-26;
1.65996;1.95594e-26;
1.66006;1.95378e-26;
1.66016;1.9559e-26;
1.66026;1.95374e-26;
1.66036;1.95586e-26;
1.66046;1.9537e-26;
1.66056;1.95582e-26;
1.66066;1.95366e-26;
1.66076;1.95577e-26;
1.66086;1.95361e-26;
1.66096;1.95572e-26;
1.66106;1.95357e-26;
1.66116;1.95567e-26;
1.66126;1.95351e-26;
1.66136;1.95562e-26;
1.66146;1.95346e-26;
1.66156;1.95556e-26;
1.66166;1.9534e-26;
1.66176;1.9555e-26;
1.66186;1.95334e-26;
1.66196;1.95543e-26;
1.66206;1.95328e-26;
1.66216;1.95536e-26;
1.66226;1.95321e-26;
1.66236;1.95528e-26;
1.66246;1.95313e-26;
1.66256;1.9552e-26;
1.66266;1.95305e-26;
1.66276;1.95511e-26;
1.66286;1.95296e-26;
1.66296;1.95502e-26;
1.66306;1.95286e-26;
1.66316;1.95491e-26;
1.66326;1.95275e-26;
1.66336;1.95479e-26;
1.66346;1.95263e-26;
1.66356;1.95466e-26;
1.66366;1.9525e-26;
1.66376;1.95451e-26;
1.66386;1.95234e-26;
1.66396;1.95434e-26;
1.66406;1.95216e-26;
1.66416;1.95413e-26;
1.66426;1.95194e-26;
1.66436;1.95389e-26;
1.66446;1.95168e-26;
1.66456;1.95359e-26;
1.66466;1.95135e-26;
1.66476;1.9532e-26;
1.66486;1.95093e-26;
1.66496;1.9527e-26;
1.66506;1.95038e-26;
1.66516;1.95204e-26;
1.66526;1.94966e-26;
1.66536;1.95121e-26;
1.66546;1.94879e-26;
1.66556;1.95027e-26;
1.66566;1.94782e-26;
1.66576;1.94928e-26;
1.66586;1.94682e-26;
1.66596;1.94829e-26;
1.66606;1.94581e-26;
1.66616;1.9473e-26;
1.66626;1.94482e-26;
1.66636;1.9463e-26;
1.66646;1.94384e-26;
1.66656;1.94534e-26;
1.66666;1.94288e-26;
1.66676;1.9444e-26;
1.66686;1.94194e-26;
1.66696;1.94348e-26;
1.66706;1.94101e-26;
1.66716;1.94257e-26;
1.66726;1.94009e-26;
1.66736;1.94168e-26;
1.66746;1.93919e-26;
1.66756;1.94079e-26;
1.66766;1.93829e-26;
1.66776;1.93989e-26;
1.66786;1.93736e-26;
1.66796;1.93892e-26;
1.66806;1.93633e-26;
1.66816;1.93768e-26;
1.66826;1.93497e-26;
1.66836;1.93569e-26;
1.66846;1.93265e-26;
1.66856;1.93108e-26;
1.66866;1.92665e-26;
1.66867;1.91575e-26;
1.66869;1.9161e-26;
1.66869;1.93825e-26;
1.66869;1.93609e-26;
1.66869;1.93409e-26;
1.66869;1.9339e-26;
1.66869;1.93142e-26;
1.66869;1.91252e-26;
1.66869;1.9082e-26;
1.66869;1.9e-26;
1.66869;1.88078e-26;
1.66869;1.8733e-26;
1.66869;1.8516e-26;
1.66869;1.74753e-26;
1.66869;1.32023e-25;
1.66869;4.00118e-16;
1.66869;0.000140281;
1.66869;0.001579;
1.66869;0.00371408;
1.66869;0.00536393;
1.66869;0.00652878;
1.66869;0.00732189;
1.66869;0.00783932;
1.66869;0.00822711;
1.66869;0.00847108;
1.66869;0.0086793;
1.66869;0.00880257;
1.66869;0.00889461;
1.66869;0.00891232;
1.66869;0.00892512;
1.66869;0.00891487;
1.66869;0.00892464;
1.66869;0.00891513;
1.66869;0.00892449;
1.66869;0.0089151;
1.66869;0.00892438;
1.6687;0.00891515;
1.6687;0.00892435;
1.6687;0.00891516;
1.66872;0.00892434;
1.66874;0.00891516;
1.66878;0.00892434;
1.66887;0.00891516;
1.66897;0.00892434;
1.66907;0.00891516;
1.66917;0.00892434;
1.66927;0.00891516;
1.66937;0.00892434;
1.66947;0.00891516;
1.66957;0.00892434;
1.66967;0.00891516;
1.66977;0.00892434;
1.66987;0.00891516;
1.66997;0.00892434;
1.67007;0.00891516;
1.67017;0.00892434;
1.67027;0.00891516;
1.67037;0.00892434;
1.67047;0.00891516;
1.67057;0.00892434;
1.67067;0.00891516;
1.67077;0.00892434;
1.67087;0.00891517;
1.67097;0.00892434;
1.67107;0.00891517;
1.67117;0.00892434;
1.67127;0.00891517;
1.67137;0.00892434;
1.67147;0.00891517;
1.67157;0.00892434;
1.67167;0.00891517;
1.67177;0.00892434;
1.67187;0.00891517;
1.67197;0.00892434;
1.67207;0.00891517;
1.67217;0.00892434;
1.67227;0.00891517;
1.67237;0.00892434;
1.67247;0.00891517;
1.67257;0.00892434;
1.67267;0.00891517;
1.67277;0.00892433;
1.67287;0.00891517;
1.67297;0.00892433;
1.67307;0.00891517;
1.67317;0.00892433;
1.67327;0.00891517;
1.67337;0.00892433;
1.67347;0.00891517;
1.67357;0.00892433;
1.67367;0.00891517;
1.67377;0.00892433;
1.67387;0.00891517;
1.67397;0.00892433;
1.67407;0.00891517;
1.67417;0.00892433;
1.67427;0.00891517;
1.67437;0.00892433;
1.67447;0.00891517;
1.67457;0.00892433;
1.67467;0.00891517;
1.67477;0.00892433;
1.67487;0.00891517;
1.67497;0.00892433;
1.67507;0.00891517;
1.67517;0.00892433;
1.67527;0.00891517;
1.67537;0.00892433;
1.67547;0.00891517;
1.67557;0.00892433;
1.67567;0.00891518;
1.67577;0.00892433;
1.67587;0.00891518;
1.67597;0.00892433;
1.67607;0.00891518;
1.67617;0.00892433;
1.67627;0.00891518;
1.67637;0.00892433;
1.67647;0.00891518;
1.67657;0.00892433;
1.67667;0.00891518;
1.67677;0.00892433;
1.67687;0.00891518;
1.67697;0.00892433;
1.67707;0.00891518;
1.67717;0.00892433;
1.67727;0.00891518;
1.67737;0.00892433;
1.67747;0.00891518;
1.67757;0.00892433;
1.67767;0.00891518;
1.67777;0.00892432;
1.67787;0.00891518;
1.67797;0.00892432;
1.67807;0.00891518;
1.67817;0.00892432;
1.67827;0.00891518;
1.67837;0.00892432;
1.67847;0.00891518;
1.67857;0.00892432;
1.67867;0.00891518;
1.67877;0.00892432;
1.67887;0.00891518;
1.67897;0.00892432;
1.67907;0.00891518;
1.67917;0.00892432;
1.67927;0.00891518;
1.67937;0.00892432;
1.67947;0.00891518;
1.67957;0.00892432;
1.67967;0.00891518;
1.67977;0.00892432;
1.67987;0.00891518;
1.67997;0.00892432;
1.68007;0.00891518;
1.68017;0.00892432;
1.68027;0.00891518;
1.68037;0.00892432;
1.68047;0.00891519;
1.68057;0.00892432;
1.68067;0.00891519;
1.68077;0.00892432;
1.68087;0.00891519;
1.68097;0.00892432;
1.68107;0.00891519;
1.68117;0.00892432;
1.68127;0.00891519;
1.68137;0.00892432;
1.68147;0.00891519;
1.68157;0.00892432;
1.68167;0.00891519;
1.68177;0.00892432;
1.68187;0.00891519;
1.68197;0.00892432;
1.68207;0.00891519;
1.68217;0.00892432;
1.68227;0.00891519;
1.68237;0.00892432;
1.68247;0.00891519;
1.68257;0.00892432;
1.68267;0.00891519;
1.68277;0.00892431;
1.68287;0.00891519;
1.68297;0.00892431;
1.68307;0.00891519;
1.68317;0.00892431;
1.68327;0.00891519;
1.68337;0.00892431;
1.68347;0.00891519;
1.68357;0.00892431;
1.68367;0.00891519;
1.68377;0.00892431;
1.68387;0.00891519;
1.68397;0.00892431;
1.68407;0.00891519;
1.68417;0.00892431;
1.68427;0.00891519;
1.68437;0.00892431;
1.68447;0.00891519;
1.68457;0.00892431;
1.68467;0.00891519;
1.68477;0.00892431;
1.68487;0.00891519;
1.68497;0.00892431;
1.68507;0.00891519;
1.68517;0.00892431;
1.68527;0.00891519;
1.68537;0.00892431;
1.68547;0.0089152;
1.68557;0.00892431;
1.68567;0.0089152;
1.68577;0.00892431;
1.68587;0.0089152;
1.68597;0.00892431;
1.68607;0.0089152;
1.68617;0.00892431;
1.68627;0.0089152;
1.68637;0.00892431;
1.68647;0.0089152;
1.68657;0.00892431;
1.68667;0.0089152;
1.68677;0.00892431;
1.68687;0.0089152;
1.68697;0.00892431;
1.68707;0.0089152;
1.68717;0.00892431;
1.68727;0.0089152;
1.68737;0.00892431;
1.68747;0.0089152;
1.68757;0.00892431;
1.68767;0.0089152;
1.68777;0.00892431;
1.68787;0.0089152;
1.68797;0.0089243;
1.68807;0.0089152;
1.68817;0.0089243;
1.68827;0.0089152;
1.68837;0.0089243;
1.68847;0.0089152;
1.68857;0.0089243;
1.68867;0.0089152;
1.68877;0.0089243;
1.68887;0.0089152;
1.68897;0.0089243;
1.68907;0.0089152;
1.68917;0.0089243;
1.68927;0.0089152;
1.68937;0.0089243;
1.68947;0.0089152;
1.68957;0.0089243;
1.68967;0.0089152;
1.68977;0.0089243;
1.68987;0.0089152;
1.68997;0.0089243;
1.69007;0.0089152;
1.69017;0.0089243;
1.69027;0.0089152;
1.69037;0.0089243;
1.69047;0.0089152;
1.69057;0.0089243;
1.69067;0.00891521;
1.69077;0.0089243;
1.69087;0.00891521;
1.69097;0.0089243;
1.69107;0.00891521;
1.69117;0.0089243;
1.69127;0.00891521;
1.69137;0.0089243;
1.69147;0.00891521;
1.69157;0.0089243;
1.69167;0.00891521;
1.69177;0.0089243;
1.69187;0.00891521;
1.69197;0.0089243;
1.69207;0.00891521;
1.69217;0.0089243;
1.69227;0.00891521;
1.69237;0.0089243;
1.69247;0.00891521;
1.69257;0.0089243;
1.69267;0.00891521;
1.69277;0.0089243;
1.69287;0.00891521;
1.69297;0.0089243;
1.69307;0.00891521;
1.69317;0.00892429;
1.69327;0.00891521;
1.69337;0.00892429;
1.69347;0.00891521;
1.69357;0.00892429;
1.69367;0.00891521;
1.69377;0.00892429;
1.69387;0.00891521;
1.69397;0.00892429;
1.69407;0.00891521;
1.69417;0.00892429;
1.69427;0.00891521;
1.69437;0.00892429;
1.69447;0.00891521;
1.69457;0.00892429;
1.69467;0.00891521;
1.69477;0.00892429;
1.69487;0.00891521;
1.69497;0.00892429;
1.69507;0.00891521;
1.69517;0.00892429;
1.69527;0.00891521;
1.69537;0.00892429;
1.69547;0.00891521;
1.69557;0.00892429;
1.69567;0.00891521;
1.69577;0.00892429;
1.69587;0.00891522;
1.69597;0.00892429;
1.69607;0.00891522;
1.69617;0.00892429;
1.69627;0.00891522;
1.69637;0.00892429;
1.69647;0.00891522;
1.69657;0.00892429;
1.69667;0.00891522;
1.69677;0.00892429;
1.69687;0.00891522;
1.69697;0.00892429;
1.69707;0.00891522;
1.69717;0.00892429;
1.69727;0.00891522;
1.69737;0.00892429;
1.69747;0.00891522;
1.69757;0.00892429;
1.69767;0.00891522;
1.69777;0.00892429;
1.69787;0.00891522;
1.69797;0.00892429;
1.69807;0.00891522;
1.69817;0.00892429;
1.69827;0.00891522;
1.69837;0.00892428;
1.69847;0.00891522;
1.69857;0.00892428;
1.69867;0.00891522;
1.69877;0.00892428;
1.69887;0.00891522;
1.69897;0.00892428;
1.69907;0.00891522;
1.69917;0.00892428;
1.69927;0.00891522;
1.69937;0.00892428;
1.69947;0.00891522;
1.69957;0.00892428;
1.69967;0.00891522;
1.69977;0.00892428;
1.69987;0.00891522;
1.69997;0.00892428;
1.70007;0.00891522;
1.70017;0.00892428;
1.70027;0.00891522;
1.70037;0.00892428;
1.70047;0.00891522;
1.70057;0.00892428;
1.70067;0.00891522;
1.70077;0.00892428;
1.70087;0.00891522;
1.70097;0.00892428;
1.70107;0.00891523;
1.70117;0.00892428;
1.70127;0.00891523;
1.70137;0.00892428;
1.70147;0.00891523;
1.70157;0.00892428;
1.70167;0.00891523;
1.70177;0.00892428;
1.70187;0.00891523;
1.70197;0.00892428;
1.70207;0.00891523;
1.70217;0.00892428;
1.70227;0.00891523;
1.70237;0.00892428;
1.70247;0.00891523;
1.70257;0.00892428;
1.70267;0.00891523;
1.70277;0.00892428;
1.70287;0.00891523;
1.70297;0.00892428;
1.70307;0.00891523;
1.70317;0.00892428;
1.70327;0.00891523;
1.70337;0.00892428;
1.70347;0.00891523;
1.70357;0.00892428;
1.70367;0.00891523;
1.70377;0.00892427;
1.70387;0.00891523;
1.70397;0.00892427;
1.70407;0.00891523;
1.70417;0.00892427;
1.70427;0.00891523;
1.70437;0.00892427;
1.70447;0.00891523;
1.70457;0.00892427;
1.70467;0.00891523;
1.70477;0.00892427;
1.70487;0.00891523;
1.70497;0.00892427;
1.70507;0.00891523;
1.70517;0.00892427;
1.70527;0.00891523;
1.70537;0.00892427;
1.70547;0.00891523;
1.70557;0.00892427;
1.70567;0.00891523;
1.70577;0.00892427;
1.70587;0.00891523;
1.70597;0.00892427;
1.70607;0.00891523;
1.70617;0.00892427;
1.70627;0.00891523;
1.70637;0.00892427;
1.70647;0.00891524;
1.70657;0.00892427;
1.70667;0.00891524;
1.70677;0.00892427;
1.70687;0.00891524;
1.70697;0.00892427;
1.70707;0.00891524;
1.70717;0.00892427;
1.70727;0.00891524;
1.70737;0.00892427;
1.70747;0.00891524;
1.70757;0.00892427;
1.70767;0.00891524;
1.70777;0.00892427;
1.70787;0.00891524;
1.70797;0.00892427;
1.70807;0.00891524;
1.70817;0.00892427;
1.70827;0.00891524;
1.70837;0.00892427;
1.70847;0.00891524;
1.70857;0.00892427;
1.70867;0.00891524;
1.70877;0.00892427;
1.70887;0.00891524;
1.70897;0.00892427;
1.70907;0.00891524;
1.70917;0.00892427;
1.70927;0.00891524;
1.70937;0.00892426;
1.70947;0.00891524;
1.70957;0.00892426;
1.70967;0.00891524;
1.70977;0.00892426;
1.70987;0.00891524;
1.70997;0.00892426;
1.71007;0.00891524;
1.71017;0.00892426;
1.71027;0.00891524;
1.71037;0.00892426;
1.71047;0.00891524;
1.71057;0.00892426;
1.71067;0.00891524;
1.71077;0.00892426;
1.71087;0.00891524;
1.71097;0.00892426;
1.71107;0.00891524;
1.71117;0.00892426;
1.71127;0.00891524;
1.71137;0.00892426;
1.71147;0.00891524;
1.71157;0.00892426;
1.71167;0.00891524;
1.71177;0.00892426;
1.71187;0.00891524;
1.71197;0.00892426;
1.71207;0.00891525;
1.71217;0.00892426;
1.71227;0.00891525;
1.71237;0.00892426;
1.71247;0.00891525;
1.71257;0.00892426;
1.71267;0.00891525;
1.71277;0.00892426;
1.71287;0.00891525;
1.71297;0.00892426;
1.71307;0.00891525;
1.71317;0.00892426;
1.71327;0.00891525;
1.71337;0.00892426;
1.71347;0.00891525;
1.71357;0.00892426;
1.71367;0.00891525;
1.71377;0.00892426;
1.71387;0.00891525;
1.71397;0.00892426;
1.71407;0.00891525;
1.71417;0.00892426;
1.71427;0.00891525;
1.71437;0.00892426;
1.71447;0.00891525;
1.71457;0.00892426;
1.71467;0.00891525;
1.71477;0.00892426;
1.71487;0.00891525;
1.71497;0.00892425;
1.71507;0.00891525;
1.71517;0.00892425;
1.71527;0.00891525;
1.71537;0.00892425;
1.71547;0.00891525;
1.71557;0.00892425;
1.71567;0.00891525;
1.71577;0.00892425;
1.71587;0.00891525;
1.71597;0.00892425;
1.71607;0.00891525;
1.71617;0.00892425;
1.71627;0.00891525;
1.71637;0.00892425;
1.71647;0.00891525;
1.71657;0.00892425;
1.71667;0.00891525;
1.71677;0.00892425;
1.71687;0.00891525;
1.71697;0.00892425;
1.71707;0.00891525;
1.71717;0.00892425;
1.71727;0.00891525;
1.71737;0.00892425;
1.71747;0.00891525;
1.71757;0.00892425;
1.71767;0.00891526;
1.71777;0.00892425;
1.71787;0.00891526;
1.71797;0.00892425;
1.71807;0.00891526;
1.71817;0.00892425;
1.71827;0.00891526;
1.71837;0.00892425;
1.71847;0.00891526;
1.71857;0.00892425;
1.71867;0.00891526;
1.71877;0.00892425;
1.71887;0.00891526;
1.71897;0.00892425;
1.71907;0.00891526;
1.71917;0.00892425;
1.71927;0.00891526;
1.71937;0.00892425;
1.71947;0.00891526;
1.71957;0.00892425;
1.71967;0.00891526;
1.71977;0.00892425;
1.71987;0.00891526;
1.71997;0.00892425;
1.72007;0.00891526;
1.72017;0.00892425;
1.72027;0.00891526;
1.72037;0.00892425;
1.72047;0.00891526;
1.72057;0.00892425;
1.72067;0.00891526;
1.72077;0.00892424;
1.72087;0.00891526;
1.72097;0.00892424;
1.72107;0.00891526;
1.72117;0.00892424;
1.72127;0.00891526;
1.72137;0.00892424;
1.72147;0.00891526;
1.72157;0.00892424;
1.72167;0.00891526;
1.72177;0.00892424;
1.72187;0.00891526;
1.72197;0.00892424;
1.72207;0.00891526;
1.72217;0.00892424;
1.72227;0.00891526;
1.72237;0.00892424;
1.72247;0.00891526;
1.72257;0.00892424;
1.72267;0.00891526;
1.72277;0.00892424;
1.72287;0.00891526;
1.72297;0.00892424;
1.72307;0.00891526;
1.72317;0.00892424;
1.72327;0.00891527;
1.72337;0.00892424;
1.72347;0.00891527;
1.72357;0.00892424;
1.72367;0.00891527;
1.72377;0.00892424;
1.72387;0.00891527;
1.72397;0.00892424;
1.72407;0.00891527;
1.72417;0.00892424;
1.72427;0.00891527;
1.72437;0.00892424;
1.72447;0.00891527;
1.72457;0.00892424;
1.72467;0.00891527;
1.72477;0.00892424;
1.72487;0.00891527;
1.72497;0.00892424;
1.72507;0.00891527;
1.72517;0.00892424;
1.72527;0.00891527;
1.72537;0.00892424;
1.72547;0.00891527;
1.72557;0.00892424;
1.72567;0.00891527;
1.72577;0.00892424;
1.72587;0.00891527;
1.72597;0.00892424;
1.72607;0.00891527;
1.72617;0.00892424;
1.72627;0.00891527;
1.72637;0.00892423;
1.72647;0.00891527;
1.72657;0.00892423;
1.72667;0.00891527;
1.72677;0.00892423;
1.72687;0.00891527;
1.72697;0.00892423;
1.72707;0.00891527;
1.72717;0.00892423;
1.72727;0.00891527;
1.72737;0.00892423;
1.72747;0.00891527;
1.72757;0.00892423;
1.72767;0.00891527;
1.72777;0.00892423;
1.72787;0.00891527;
1.72797;0.00892423;
1.72807;0.00891527;
1.72817;0.00892423;
1.72827;0.00891527;
1.72837;0.00892423;
1.72847;0.00891527;
1.72857;0.00892423;
1.72867;0.00891527;
1.72877;0.00892423;
1.72887;0.00891528;
1.72897;0.00892423;
1.72907;0.00891528;
1.72917;0.00892423;
1.72927;0.00891528;
1.72937;0.00892423;
1.72947;0.00891528;
1.72957;0.00892423;
1.72967;0.00891528;
1.72977;0.00892423;
1.72987;0.00891528;
1.72997;0.00892423;
1.73007;0.00891528;
1.73017;0.00892423;
1.73027;0.00891528;
1.73037;0.00892423;
1.73047;0.00891528;
1.73057;0.00892423;
1.73067;0.00891528;
1.73077;0.00892423;
1.73087;0.00891528;
1.73097;0.00892423;
1.73107;0.00891528;
1.73117;0.00892423;
1.73127;0.00891528;
1.73137;0.00892423;
1.73147;0.00891528;
1.73157;0.00892423;
1.73167;0.00891528;
1.73177;0.00892423;
1.73187;0.00891528;
1.73197;0.00892423;
1.73207;0.00891528;
1.73217;0.00892423;
1.73227;0.00891528;
1.73237;0.00892422;
1.73247;0.00891528;
1.73257;0.00892422;
1.73267;0.00891528;
1.73277;0.00892422;
1.73287;0.00891528;
1.73297;0.00892422;
1.73307;0.00891528;
1.73317;0.00892422;
1.73327;0.00891528;
1.73337;0.00892422;
1.73347;0.00891528;
1.73357;0.00892422;
1.73367;0.00891528;
1.73377;0.00892422;
1.73387;0.00891528;
1.73397;0.00892422;
1.73407;0.00891528;
1.73417;0.00892422;
1.73427;0.00891528;
1.73437;0.00892422;
1.73447;0.00891528;
1.73457;0.00892422;
1.73467;0.00891528;
1.73477;0.00892422;
1.73487;0.00891529;
1.73497;0.00892422;
1.73507;0.00891529;
1.73517;0.00892422;
1.73527;0.00891529;
1.73537;0.00892422;
1.73547;0.00891529;
1.73557;0.00892422;
1.73567;0.00891529;
1.73577;0.00892422;
1.73587;0.00891529;
1.73597;0.00892422;
1.73607;0.00891529;
1.73617;0.00892422;
1.73627;0.00891529;
1.73637;0.00892422;
1.73647;0.00891529;
1.73657;0.00892422;
1.73667;0.00891529;
1.73677;0.00892422;
1.73687;0.00891529;
1.73697;0.00892422;
1.73707;0.00891529;
1.73717;0.00892422;
1.73727;0.00891529;
1.73737;0.00892422;
1.73747;0.00891529;
1.73757;0.00892422;
1.73767;0.00891529;
1.73777;0.00892422;
1.73787;0.00891529;
1.73797;0.00892422;
1.73807;0.00891529;
1.73817;0.00892422;
1.73827;0.00891529;
1.73837;0.00892421;
1.73847;0.00891529;
1.73857;0.00892421;
1.73867;0.00891529;
1.73877;0.00892421;
1.73887;0.00891529;
1.73897;0.00892421;
1.73907;0.00891529;
1.73917;0.00892421;
1.73927;0.00891529;
1.73937;0.00892421;
1.73947;0.00891529;
1.73957;0.00892421;
1.73967;0.00891529;
1.73977;0.00892421;
1.73987;0.00891529;
1.73997;0.00892421;
1.74007;0.00891529;
1.74017;0.00892421;
1.74027;0.00891529;
1.74037;0.00892421;
1.74047;0.00891529;
1.74057;0.00892421;
1.74067;0.0089153;
1.74077;0.00892421;
1.74087;0.0089153;
1.74097;0.00892421;
1.74107;0.0089153;
1.74117;0.00892421;
1.74127;0.0089153;
1.74137;0.00892421;
1.74147;0.0089153;
1.74157;0.00892421;
1.74167;0.0089153;
1.74177;0.00892421;
1.74187;0.0089153;
1.74197;0.00892421;
1.74207;0.0089153;
1.74217;0.00892421;
1.74227;0.0089153;
1.74237;0.00892421;
1.74247;0.0089153;
1.74257;0.00892421;
1.74267;0.0089153;
1.74277;0.00892421;
1.74287;0.0089153;
1.74297;0.00892421;
1.74307;0.0089153;
1.74317;0.00892421;
1.74327;0.0089153;
1.74337;0.00892421;
1.74347;0.0089153;
1.74357;0.00892421;
1.74367;0.0089153;
1.74377;0.00892421;
1.74387;0.0089153;
1.74397;0.00892421;
1.74407;0.0089153;
1.74417;0.00892421;
1.74427;0.0089153;
1.74437;0.0089242;
1.74447;0.0089153;
1.74457;0.0089242;
1.74467;0.0089153;
1.74477;0.0089242;
1.74487;0.0089153;
1.74497;0.0089242;
1.74507;0.0089153;
1.74517;0.0089242;
1.74527;0.0089153;
1.74537;0.0089242;
1.74547;0.0089153;
1.74557;0.0089242;
1.74567;0.0089153;
1.74577;0.0089242;
1.74587;0.0089153;
1.74597;0.0089242;
1.74607;0.0089153;
1.74617;0.0089242;
1.74627;0.0089153;
1.74637;0.0089242;
1.74647;0.0089153;
1.74657;0.0089242;
1.74667;0.00891531;
1.74677;0.0089242;
1.74687;0.00891531;
1.74697;0.0089242;
1.74707;0.00891531;
1.74717;0.0089242;
1.74727;0.00891531;
1.74737;0.0089242;
1.74747;0.00891531;
1.74757;0.0089242;
1.74767;0.00891531;
1.74777;0.0089242;
1.74787;0.00891531;
1.74797;0.0089242;
1.74807;0.00891531;
1.74817;0.0089242;
1.74827;0.00891531;
1.74837;0.0089242;
1.74847;0.00891531;
1.74857;0.0089242;
1.74867;0.00891531;
1.74877;0.0089242;
1.74887;0.00891531;
1.74897;0.0089242;
1.74907;0.00891531;
1.74917;0.0089242;
1.74927;0.00891531;
1.74937;0.0089242;
1.74947;0.00891531;
1.74957;0.0089242;
1.74967;0.00891531;
1.74977;0.0089242;
1.74987;0.00891531;
1.74997;0.0089242;
1.75007;0.00891531;
1.75017;0.0089242;
1.75027;0.00891531;
1.75037;0.00892419;
1.75047;0.00891531;
1.75057;0.00892419;
1.75067;0.00891531;
1.75077;0.00892419;
1.75087;0.00891531;
1.75097;0.00892419;
1.75107;0.00891531;
1.75117;0.00892419;
1.75127;0.00891531;
1.75137;0.00892419;
1.75147;0.00891531;
1.75157;0.00892419;
1.75167;0.00891531;
1.75177;0.00892419;
1.75187;0.00891531;
1.75197;0.00892419;
1.75207;0.00891531;
1.75217;0.00892419;
1.75227;0.00891531;
1.75237;0.00892419;
1.75247;0.00891531;
1.75257;0.00892419;
1.75267;0.00891532;
1.75277;0.00892419;
1.75287;0.00891532;
1.75297;0.00892419;
1.75307;0.00891532;
1.75317;0.00892419;
1.75327;0.00891532;
1.75337;0.00892419;
1.75347;0.00891532;
1.75357;0.00892419;
1.75367;0.00891532;
1.75377;0.00892419;
1.75387;0.00891532;
1.75397;0.00892419;
1.75407;0.00891532;
1.75417;0.00892419;
1.75427;0.00891532;
1.75437;0.00892419;
1.75447;0.00891532;
1.75457;0.00892419;
1.75467;0.00891532;
1.75477;0.00892419;
1.75487;0.00891532;
1.75497;0.00892419;
1.75507;0.00891532;
1.75517;0.00892419;
1.75527;0.00891532;
1.75537;0.00892419;
1.75547;0.00891532;
1.75557;0.00892419;
1.75567;0.00891532;
1.75577;0.00892419;
1.75587;0.00891532;
1.75597;0.00892419;
1.75607;0.00891532;
1.75617;0.00892419;
1.75627;0.00891532;
1.75637;0.00892419;
1.75647;0.00891532;
1.75657;0.00892418;
1.75667;0.00891532;
1.75677;0.00892418;
1.75687;0.00891532;
1.75697;0.00892418;
1.75707;0.00891532;
1.75717;0.00892418;
1.75727;0.00891532;
1.75737;0.00892418;
1.75747;0.00891532;
1.75757;0.00892418;
1.75767;0.00891532;
1.75777;0.00892418;
1.75787;0.00891532;
1.75797;0.00892418;
1.75807;0.00891532;
1.75817;0.00892418;
1.75827;0.00891532;
1.75837;0.00892418;
1.75847;0.00891532;
1.75857;0.00892418;
1.75867;0.00891532;
1.75877;0.00892418;
1.75887;0.00891533;
1.75897;0.00892418;
1.75907;0.00891533;
1.75917;0.00892418;
1.75927;0.00891533;
1.75937;0.00892418;
1.75947;0.00891533;
1.75957;0.00892418;
1.75967;0.00891533;
1.75977;0.00892418;
1.75987;0.00891533;
1.75997;0.00892418;
1.76007;0.00891533;
1.76017;0.00892418;
1.76027;0.00891533;
1.76037;0.00892418;
1.76047;0.00891533;
1.76057;0.00892418;
1.76067;0.00891533;
1.76077;0.00892418;
1.76087;0.00891533;
1.76097;0.00892418;
1.76107;0.00891533;
1.76117;0.00892418;
1.76127;0.00891533;
1.76137;0.00892418;
1.76147;0.00891533;
1.76157;0.00892418;
1.76167;0.00891533;
1.76177;0.00892418;
1.76187;0.00891533;
1.76197;0.00892418;
1.76207;0.00891533;
1.76217;0.00892418;
1.76227;0.00891533;
1.76237;0.00892418;
1.76247;0.00891533;
1.76257;0.00892418;
1.76267;0.00891533;
1.76277;0.00892417;
1.76287;0.00891533;
1.76297;0.00892417;
1.76307;0.00891533;
1.76317;0.00892417;
1.76327;0.00891533;
1.76337;0.00892417;
1.76347;0.00891533;
1.76357;0.00892417;
1.76367;0.00891533;
1.76377;0.00892417;
1.76387;0.00891533;
1.76397;0.00892417;
1.76407;0.00891533;
1.76417;0.00892417;
1.76427;0.00891533;
1.76437;0.00892417;
1.76447;0.00891533;
1.76457;0.00892417;
1.76467;0.00891533;
1.76477;0.00892417;
1.76487;0.00891534;
1.76497;0.00892417;
1.76507;0.00891534;
1.76517;0.00892417;
1.76527;0.00891534;
1.76537;0.00892417;
1.76547;0.00891534;
1.76557;0.00892417;
1.76567;0.00891534;
1.76577;0.00892417;
1.76587;0.00891534;
1.76597;0.00892417;
1.76607;0.00891534;
1.76617;0.00892417;
1.76627;0.00891534;
1.76637;0.00892417;
1.76647;0.00891534;
1.76657;0.00892417;
1.76667;0.00891534;
1.76677;0.00892417;
1.76687;0.00891534;
1.76697;0.00892417;
1.76707;0.00891534;
1.76717;0.00892417;
1.76727;0.00891534;
1.76737;0.00892417;
1.76747;0.00891534;
1.76757;0.00892417;
1.76767;0.00891534;
1.76777;0.00892417;
1.76787;0.00891534;
1.76797;0.00892417;
1.76807;0.00891534;
1.76817;0.00892417;
1.76827;0.00891534;
1.76837;0.00892417;
1.76847;0.00891534;
1.76857;0.00892417;
1.76867;0.00891534;
1.76877;0.00892417;
1.76887;0.00891534;
1.76897;0.00892417;
1.76907;0.00891534;
1.76917;0.00892416;
1.76927;0.00891534;
1.76937;0.00892416;
1.76947;0.00891534;
1.76957;0.00892416;
1.76967;0.00891534;
1.76977;0.00892416;
1.76987;0.00891534;
1.76997;0.00892416;
1.77007;0.00891534;
1.77017;0.00892416;
1.77027;0.00891534;
1.77037;0.00892416;
1.77047;0.00891534;
1.77057;0.00892416;
1.77067;0.00891534;
1.77077;0.00892416;
1.77087;0.00891534;
1.77097;0.00892416;
1.77107;0.00891534;
1.77117;0.00892416;
1.77127;0.00891535;
1.77137;0.00892416;
1.77147;0.00891535;
1.77157;0.00892416;
1.77167;0.00891535;
1.77177;0.00892416;
1.77187;0.00891535;
1.77197;0.00892416;
1.77207;0.00891535;
1.77217;0.00892416;
1.77227;0.00891535;
1.77237;0.00892416;
1.77247;0.00891535;
1.77257;0.00892416;
1.77267;0.00891535;
1.77277;0.00892416;
1.77287;0.00891535;
1.77297;0.00892416;
1.77307;0.00891535;
1.77317;0.00892416;
1.77327;0.00891535;
1.77337;0.00892416;
1.77347;0.00891535;
1.77357;0.00892416;
1.77367;0.00891535;
1.77377;0.00892416;
1.77387;0.00891535;
1.77397;0.00892416;
1.77407;0.00891535;
1.77417;0.00892416;
1.77427;0.00891535;
1.77437;0.00892416;
1.77447;0.00891535;
1.77457;0.00892416;
1.77467;0.00891535;
1.77477;0.00892416;
1.77487;0.00891535;
1.77497;0.00892416;
1.77507;0.00891535;
1.77517;0.00892416;
1.77527;0.00891535;
1.77537;0.00892416;
1.77547;0.00891535;
1.77557;0.00892415;
1.77567;0.00891535;
1.77577;0.00892415;
1.77587;0.00891535;
1.77597;0.00892415;
1.77607;0.00891535;
1.77617;0.00892415;
1.77627;0.00891535;
1.77637;0.00892415;
1.77647;0.00891535;
1.77657;0.00892415;
1.77667;0.00891535;
1.77677;0.00892415;
1.77687;0.00891535;
1.77697;0.00892415;
1.77707;0.00891535;
1.77717;0.00892415;
1.77727;0.00891535;
1.77737;0.00892415;
1.77747;0.00891536;
1.77757;0.00892415;
1.77767;0.00891536;
1.77777;0.00892415;
1.77787;0.00891536;
1.77797;0.00892415;
1.77807;0.00891536;
1.77817;0.00892415;
1.77827;0.00891536;
1.77837;0.00892415;
1.77847;0.00891536;
1.77857;0.00892415;
1.77867;0.00891536;
1.77877;0.00892415;
1.77887;0.00891536;
1.77897;0.00892415;
1.77907;0.00891536;
1.77917;0.00892415;
1.77927;0.00891536;
1.77937;0.00892415;
1.77947;0.00891536;
1.77957;0.00892415;
1.77967;0.00891536;
1.77977;0.00892415;
1.77987;0.00891536;
1.77997;0.00892415;
1.78007;0.00891536;
1.78017;0.00892415;
1.78027;0.00891536;
1.78037;0.00892415;
1.78047;0.00891536;
1.78057;0.00892415;
1.78067;0.00891536;
1.78077;0.00892415;
1.78087;0.00891536;
1.78097;0.00892415;
1.78107;0.00891536;
1.78117;0.00892415;
1.78127;0.00891536;
1.78137;0.00892415;
1.78147;0.00891536;
1.78157;0.00892415;
1.78167;0.00891536;
1.78177;0.00892415;
1.78187;0.00891536;
1.78197;0.00892414;
1.78207;0.00891536;
1.78217;0.00892414;
1.78227;0.00891536;
1.78237;0.00892414;
1.78247;0.00891536;
1.78257;0.00892414;
1.78267;0.00891536;
1.78277;0.00892414;
1.78287;0.00891536;
1.78297;0.00892414;
1.78307;0.00891536;
1.78317;0.00892414;
1.78327;0.00891536;
1.78337;0.00892414;
1.78347;0.00891536;
1.78357;0.00892414;
1.78367;0.00891536;
1.78377;0.00892414;
1.78387;0.00891537;
1.78397;0.00892414;
1.78407;0.00891537;
1.78417;0.00892414;
1.78427;0.00891537;
1.78437;0.00892414;
1.78447;0.00891537;
1.78457;0.00892414;
1.78467;0.00891537;
1.78477;0.00892414;
1.78487;0.00891537;
1.78497;0.00892414;
1.78507;0.00891537;
1.78517;0.00892414;
1.78527;0.00891537;
1.78537;0.00892414;
1.78547;0.00891537;
1.78557;0.00892414;
1.78567;0.00891537;
1.78577;0.00892414;
1.78587;0.00891537;
1.78597;0.00892414;
1.78607;0.00891537;
1.78617;0.00892414;
1.78627;0.00891537;
1.78637;0.00892414;
1.78647;0.00891537;
1.78657;0.00892414;
1.78667;0.00891537;
1.78677;0.00892414;
1.78687;0.00891537;
1.78697;0.00892414;
1.78707;0.00891537;
1.78717;0.00892414;
1.78727;0.00891537;
1.78737;0.00892414;
1.78747;0.00891537;
1.78757;0.00892414;
1.78767;0.00891537;
1.78777;0.00892414;
1.78787;0.00891537;
1.78797;0.00892414;
1.78807;0.00891537;
1.78817;0.00892414;
1.78827;0.00891537;
1.78837;0.00892413;
1.78847;0.00891537;
1.78857;0.00892413;
1.78867;0.00891537;
1.78877;0.00892413;
1.78887;0.00891537;
1.78897;0.00892413;
1.78907;0.00891537;
1.78917;0.00892413;
1.78927;0.00891537;
1.78937;0.00892413;
1.78947;0.00891537;
1.78957;0.00892413;
1.78967;0.00891537;
1.78977;0.00892413;
1.78987;0.00891537;
1.78997;0.00892413;
1.79007;0.00891537;
1.79017;0.00892413;
1.79027;0.00891538;
1.79037;0.00892413;
1.79047;0.00891538;
1.79057;0.00892413;
1.79067;0.00891538;
1.79077;0.00892413;
1.79087;0.00891538;
1.79097;0.00892413;
1.79107;0.00891538;
1.79117;0.00892413;
1.79127;0.00891538;
1.79137;0.00892413;
1.79147;0.00891538;
1.79157;0.00892413;
1.79167;0.00891538;
1.79177;0.00892413;
1.79187;0.00891538;
1.79197;0.00892413;
1.79207;0.00891538;
1.79217;0.00892413;
1.79227;0.00891538;
1.79237;0.00892413;
1.79247;0.00891538;
1.79257;0.00892413;
1.79267;0.00891538;
1.79277;0.00892413;
1.79287;0.00891538;
1.79297;0.00892413;
1.79307;0.00891538;
1.79317;0.00892413;
1.79327;0.00891538;
1.79337;0.00892413;
1.79347;0.00891538;
1.79357;0.00892413;
1.79367;0.00891538;
1.79377;0.00892413;
1.79387;0.00891538;
1.79397;0.00892413;
1.79407;0.00891538;
1.79417;0.00892413;
1.79427;0.00891538;
1.79437;0.00892413;
1.79447;0.00891538;
1.79457;0.00892413;
1.79467;0.00891538;
1.79477;0.00892413;
1.79487;0.00891538;
1.79497;0.00892412;
1.79507;0.00891538;
1.79517;0.00892412;
1.79527;0.00891538;
1.79537;0.00892412;
1.79547;0.00891538;
1.79557;0.00892412;
1.79567;0.00891538;
1.79577;0.00892412;
1.79587;0.00891538;
1.79597;0.00892412;
1.79607;0.00891538;
1.79617;0.00892412;
1.79627;0.00891538;
1.79637;0.00892412;
1.79647;0.00891538;
1.79657;0.00892412;
1.79667;0.00891539;
1.79677;0.00892412;
1.79687;0.00891539;
1.79697;0.00892412;
1.79707;0.00891539;
1.79717;0.00892412;
1.79727;0.00891539;
1.79737;0.00892412;
1.79747;0.00891539;
1.79757;0.00892412;
1.79767;0.00891539;
1.79777;0.00892412;
1.79787;0.00891539;
1.79797;0.00892412;
1.79807;0.00891539;
1.79817;0.00892412;
1.79827;0.00891539;
1.79837;0.00892412;
1.79847;0.00891539;
1.79857;0.00892412;
1.79867;0.00891539;
1.79877;0.00892412;
1.79887;0.00891539;
1.79897;0.00892412;
1.79907;0.00891539;
1.79917;0.00892412;
1.79927;0.00891539;
1.79937;0.00892412;
1.79947;0.00891539;
1.79957;0.00892412;
1.79967;0.00891539;
1.79977;0.00892412;
1.79987;0.00891539;
1.79997;0.00892412;
1.80007;0.00891539;
1.80017;0.00892412;
1.80027;0.00891539;
1.80037;0.00892412;
1.80047;0.00891539;
1.80057;0.00892412;
1.80067;0.00891539;
1.80077;0.00892412;
1.80087;0.00891539;
1.80097;0.00892412;
1.80107;0.00891539;
1.80117;0.00892412;
1.80127;0.00891539;
1.80137;0.00892412;
1.80147;0.00891539;
1.80157;0.00892411;
1.80167;0.00891539;
1.80177;0.00892411;
1.80187;0.00891539;
1.80197;0.00892411;
1.80207;0.00891539;
1.80217;0.00892411;
1.80227;0.00891539;
1.80237;0.00892411;
1.80247;0.00891539;
1.80257;0.00892411;
1.80267;0.00891539;
1.80277;0.00892411;
1.80287;0.00891539;
1.80297;0.00892411;
1.80307;0.0089154;
1.80317;0.00892411;
1.80327;0.0089154;
1.80337;0.00892411;
1.80347;0.0089154;
1.80357;0.00892411;
1.80367;0.0089154;
1.80377;0.00892411;
1.80387;0.0089154;
1.80397;0.00892411;
1.80407;0.0089154;
1.80417;0.00892411;
1.80427;0.0089154;
1.80437;0.00892411;
1.80447;0.0089154;
1.80457;0.00892411;
1.80467;0.0089154;
1.80477;0.00892411;
1.80487;0.0089154;
1.80497;0.00892411;
1.80507;0.0089154;
1.80517;0.00892411;
1.80527;0.0089154;
1.80537;0.00892411;
1.80547;0.0089154;
1.80557;0.00892411;
1.80567;0.0089154;
1.80577;0.00892411;
1.80587;0.0089154;
1.80597;0.00892411;
1.80607;0.0089154;
1.80617;0.00892411;
1.80627;0.0089154;
1.80637;0.00892411;
1.80647;0.0089154;
1.80657;0.00892411;
1.80667;0.0089154;
1.80677;0.00892411;
1.80687;0.0089154;
1.80697;0.00892411;
1.80707;0.0089154;
1.80717;0.00892411;
1.80727;0.0089154;
1.80737;0.00892411;
1.80747;0.0089154;
1.80757;0.00892411;
1.80767;0.0089154;
1.80777;0.00892411;
1.80787;0.0089154;
1.80797;0.00892411;
1.80807;0.0089154;
1.80817;0.0089241;
1.80827;0.0089154;
1.80837;0.0089241;
1.80847;0.0089154;
1.80857;0.0089241;
1.80867;0.0089154;
1.80877;0.0089241;
1.80887;0.0089154;
1.80897;0.0089241;
1.80907;0.0089154;
1.80917;0.0089241;
1.80927;0.0089154;
1.80937;0.0089241;
1.80947;0.0089154;
1.80957;0.0089241;
1.80967;0.00891541;
1.80977;0.0089241;
1.80987;0.00891541;
1.80997;0.0089241;
1.81007;0.00891541;
1.81017;0.0089241;
1.81027;0.00891541;
1.81037;0.0089241;
1.81047;0.00891541;
1.81057;0.0089241;
1.81067;0.00891541;
1.81077;0.0089241;
1.81087;0.00891541;
1.81097;0.0089241;
1.81107;0.00891541;
1.81117;0.0089241;
1.81127;0.00891541;
1.81137;0.0089241;
1.81147;0.00891541;
1.81157;0.0089241;
1.81167;0.00891541;
1.81177;0.0089241;
1.81187;0.00891541;
1.81197;0.0089241;
1.81207;0.00891541;
1.81217;0.0089241;
1.81227;0.00891541;
1.81237;0.0089241;
1.81247;0.00891541;
1.81257;0.0089241;
1.81267;0.00891541;
1.81277;0.0089241;
1.81287;0.00891541;
1.81297;0.0089241;
1.81307;0.00891541;
1.81317;0.0089241;
1.81327;0.00891541;
1.81337;0.0089241;
1.81347;0.00891541;
1.81357;0.0089241;
1.81367;0.00891541;
1.81377;0.0089241;
1.81387;0.00891541;
1.81397;0.0089241;
1.81407;0.00891541;
1.81417;0.0089241;
1.81427;0.00891541;
1.81437;0.0089241;
1.81447;0.00891541;
1.81457;0.0089241;
1.81467;0.00891541;
1.81477;0.0089241;
1.81487;0.00891541;
1.81497;0.00892409;
1.81507;0.00891541;
1.81517;0.00892409;
1.81527;0.00891541;
1.81537;0.00892409;
1.81547;0.00891541;
1.81557;0.00892409;
1.81567;0.00891541;
1.81577;0.00892409;
1.81587;0.00891541;
1.81597;0.00892409;
1.81607;0.00891541;
1.81617;0.00892409;
1.81627;0.00891542;
1.81637;0.00892409;
1.81647;0.00891542;
1.81657;0.00892409;
1.81667;0.00891542;
1.81677;0.00892409;
1.81687;0.00891542;
1.81697;0.00892409;
1.81707;0.00891542;
1.81717;0.00892409;
1.81727;0.00891542;
1.81737;0.00892409;
1.81747;0.00891542;
1.81757;0.00892409;
1.81767;0.00891542;
1.81777;0.00892409;
1.81787;0.00891542;
1.81797;0.00892409;
1.81807;0.00891542;
1.81817;0.00892409;
1.81827;0.00891542;
1.81837;0.00892409;
1.81847;0.00891542;
1.81857;0.00892409;
1.81867;0.00891542;
1.81877;0.00892409;
1.81887;0.00891542;
1.81897;0.00892409;
1.81907;0.00891542;
1.81917;0.00892409;
1.81927;0.00891542;
1.81937;0.00892409;
1.81947;0.00891542;
1.81957;0.00892409;
1.81967;0.00891542;
1.81977;0.00892409;
1.81987;0.00891542;
1.81997;0.00892409;
1.82007;0.00891542;
1.82017;0.00892409;
1.82027;0.00891542;
1.82037;0.00892409;
1.82047;0.00891542;
1.82057;0.00892409;
1.82067;0.00891542;
1.82077;0.00892409;
1.82087;0.00891542;
1.82097;0.00892409;
1.82107;0.00891542;
1.82117;0.00892409;
1.82127;0.00891542;
1.82137;0.00892409;
1.82147;0.00891542;
1.82157;0.00892408;
1.82167;0.00891542;
1.82177;0.00892408;
1.82187;0.00891542;
1.82197;0.00892408;
1.82207;0.00891542;
1.82217;0.00892408;
1.82227;0.00891542;
1.82237;0.00892408;
1.82247;0.00891542;
1.82257;0.00892408;
1.82267;0.00891542;
1.82277;0.00892408;
1.82287;0.00891543;
1.82297;0.00892408;
1.82307;0.00891543;
1.82317;0.00892408;
1.82327;0.00891543;
1.82337;0.00892408;
1.82347;0.00891543;
1.82357;0.00892408;
1.82367;0.00891543;
1.82377;0.00892408;
1.82387;0.00891543;
1.82397;0.00892408;
1.82407;0.00891543;
1.82417;0.00892408;
1.82427;0.00891543;
1.82437;0.00892408;
1.82447;0.00891543;
1.82457;0.00892408;
1.82467;0.00891543;
1.82477;0.00892408;
1.82487;0.00891543;
1.82497;0.00892408;
1.82507;0.00891543;
1.82517;0.00892408;
1.82527;0.00891543;
1.82537;0.00892408;
1.82547;0.00891543;
1.82557;0.00892408;
1.82567;0.00891543;
1.82577;0.00892408;
1.82587;0.00891543;
1.82597;0.00892408;
1.82607;0.00891543;
1.82617;0.00892408;
1.82627;0.00891543;
1.82637;0.00892408;
1.82647;0.00891543;
1.82657;0.00892408;
1.82667;0.00891543;
1.82677;0.00892408;
1.82687;0.00891543;
1.82697;0.00892408;
1.82707;0.00891543;
1.82717;0.00892408;
1.82727;0.00891543;
1.82737;0.00892408;
1.82747;0.00891543;
1.82757;0.00892408;
1.82767;0.00891543;
1.82777;0.00892408;
1.82787;0.00891543;
1.82797;0.00892408;
1.82807;0.00891543;
1.82817;0.00892408;
1.82827;0.00891543;
1.82837;0.00892407;
1.82847;0.00891543;
1.82857;0.00892407;
1.82867;0.00891543;
1.82877;0.00892407;
1.82887;0.00891543;
1.82897;0.00892407;
1.82907;0.00891543;
1.82917;0.00892407;
1.82927;0.00891543;
1.82937;0.00892407;
1.82947;0.00891544;
1.82957;0.00892407;
1.82967;0.00891544;
1.82977;0.00892407;
1.82987;0.00891544;
1.82997;0.00892407;
1.83007;0.00891544;
1.83017;0.00892407;
1.83027;0.00891544;
1.83037;0.00892407;
1.83047;0.00891544;
1.83057;0.00892407;
1.83067;0.00891544;
1.83077;0.00892407;
1.83087;0.00891544;
1.83097;0.00892407;
1.83107;0.00891544;
1.83117;0.00892407;
1.83127;0.00891544;
1.83137;0.00892407;
1.83147;0.00891544;
1.83157;0.00892407;
1.83167;0.00891544;
1.83177;0.00892407;
1.83187;0.00891544;
1.83197;0.00892407;
1.83207;0.00891544;
1.83217;0.00892407;
1.83227;0.00891544;
1.83237;0.00892407;
1.83247;0.00891544;
1.83257;0.00892407;
1.83267;0.00891544;
1.83277;0.00892407;
1.83287;0.00891544;
1.83297;0.00892407;
1.83307;0.00891544;
1.83317;0.00892407;
1.83327;0.00891544;
1.83337;0.00892407;
1.83347;0.00891544;
1.83357;0.00892407;
1.83367;0.00891544;
1.83377;0.00892407;
1.83387;0.00891544;
1.83397;0.00892407;
1.83407;0.00891544;
1.83417;0.00892407;
1.83427;0.00891544;
1.83437;0.00892407;
1.83447;0.00891544;
1.83457;0.00892407;
1.83467;0.00891544;
1.83477;0.00892407;
1.83487;0.00891544;
1.83497;0.00892407;
1.83507;0.00891544;
1.83517;0.00892406;
1.83527;0.00891544;
1.83537;0.00892406;
1.83547;0.00891544;
1.83557;0.00892406;
1.83567;0.00891544;
1.83577;0.00892406;
1.83587;0.00891544;
1.83597;0.00892406;
1.83607;0.00891544;
1.83617;0.00892406;
1.83627;0.00891545;
1.83637;0.00892406;
1.83647;0.00891545;
1.83657;0.00892406;
1.83667;0.00891545;
1.83677;0.00892406;
1.83687;0.00891545;
1.83697;0.00892406;
1.83707;0.00891545;
1.83717;0.00892406;
1.83727;0.00891545;
1.83737;0.00892406;
1.83747;0.00891545;
1.83757;0.00892406;
1.83767;0.00891545;
1.83777;0.00892406;
1.83787;0.00891545;
1.83797;0.00892406;
1.83807;0.00891545;
1.83817;0.00892406;
1.83827;0.00891545;
1.83837;0.00892406;
1.83847;0.00891545;
1.83857;0.00892406;
1.83867;0.00891545;
1.83877;0.00892406;
1.83887;0.00891545;
1.83897;0.00892406;
1.83907;0.00891545;
1.83917;0.00892406;
1.83927;0.00891545;
1.83937;0.00892406;
1.83947;0.00891545;
1.83957;0.00892406;
1.83967;0.00891545;
1.83977;0.00892406;
1.83987;0.00891545;
1.83997;0.00892406;
1.84007;0.00891545;
1.84017;0.00892406;
1.84027;0.00891545;
1.84037;0.00892406;
1.84047;0.00891545;
1.84057;0.00892406;
1.84067;0.00891545;
1.84077;0.00892406;
1.84087;0.00891545;
1.84097;0.00892406;
1.84107;0.00891545;
1.84117;0.00892406;
1.84127;0.00891545;
1.84137;0.00892406;
1.84147;0.00891545;
1.84157;0.00892406;
1.84167;0.00891545;
1.84177;0.00892406;
1.84187;0.00891545;
1.84197;0.00892405;
1.84207;0.00891545;
1.84217;0.00892405;
1.84227;0.00891545;
1.84237;0.00892405;
1.84247;0.00891545;
1.84257;0.00892405;
1.84267;0.00891545;
1.84277;0.00892405;
1.84287;0.00891546;
1.84297;0.00892405;
1.84307;0.00891546;
1.84317;0.00892405;
1.84327;0.00891546;
1.84337;0.00892405;
1.84347;0.00891546;
1.84357;0.00892405;
1.84367;0.00891546;
1.84377;0.00892405;
1.84387;0.00891546;
1.84397;0.00892405;
1.84407;0.00891546;
1.84417;0.00892405;
1.84427;0.00891546;
1.84437;0.00892405;
1.84447;0.00891546;
1.84457;0.00892405;
1.84467;0.00891546;
1.84477;0.00892405;
1.84487;0.00891546;
1.84497;0.00892405;
1.84507;0.00891546;
1.84517;0.00892405;
1.84527;0.00891546;
1.84537;0.00892405;
1.84547;0.00891546;
1.84557;0.00892405;
1.84567;0.00891546;
1.84577;0.00892405;
1.84587;0.00891546;
1.84597;0.00892405;
1.84607;0.00891546;
1.84617;0.00892405;
1.84627;0.00891546;
1.84637;0.00892405;
1.84647;0.00891546;
1.84657;0.00892405;
1.84667;0.00891546;
1.84677;0.00892405;
1.84687;0.00891546;
1.84697;0.00892405;
1.84707;0.00891546;
1.84717;0.00892405;
1.84727;0.00891546;
1.84737;0.00892405;
1.84747;0.00891546;
1.84757;0.00892405;
1.84767;0.00891546;
1.84777;0.00892405;
1.84787;0.00891546;
1.84797;0.00892405;
1.84807;0.00891546;
1.84817;0.00892405;
1.84827;0.00891546;
1.84837;0.00892405;
1.84847;0.00891546;
1.84857;0.00892405;
1.84867;0.00891546;
1.84877;0.00892404;
1.84887;0.00891546;
1.84897;0.00892404;
1.84907;0.00891546;
1.84917;0.00892404;
1.84927;0.00891546;
1.84937;0.00892404;
1.84947;0.00891546;
1.84957;0.00892404;
1.84967;0.00891547;
1.84977;0.00892404;
1.84987;0.00891547;
1.84997;0.00892404;
1.85007;0.00891547;
1.85017;0.00892404;
1.85027;0.00891547;
1.85037;0.00892404;
1.85047;0.00891547;
1.85057;0.00892404;
1.85067;0.00891547;
1.85077;0.00892404;
1.85087;0.00891547;
1.85097;0.00892404;
1.85107;0.00891547;
1.85117;0.00892404;
1.85127;0.00891547;
1.85137;0.00892404;
1.85147;0.00891547;
1.85157;0.00892404;
1.85167;0.00891547;
1.85177;0.00892404;
1.85187;0.00891547;
1.85197;0.00892404;
1.85207;0.00891547;
1.85217;0.00892404;
1.85227;0.00891547;
1.85237;0.00892404;
1.85247;0.00891547;
1.85257;0.00892404;
1.85267;0.00891547;
1.85277;0.00892404;
1.85287;0.00891547;
1.85297;0.00892404;
1.85307;0.00891547;
1.85317;0.00892404;
1.85327;0.00891547;
1.85337;0.00892404;
1.85347;0.00891547;
1.85357;0.00892404;
1.85367;0.00891547;
1.85377;0.00892404;
1.85387;0.00891547;
1.85397;0.00892404;
1.85407;0.00891547;
1.85417;0.00892404;
1.85427;0.00891547;
1.85437;0.00892404;
1.85447;0.00891547;
1.85457;0.00892404;
1.85467;0.00891547;
1.85477;0.00892404;
1.85487;0.00891547;
1.85497;0.00892404;
1.85507;0.00891547;
1.85517;0.00892404;
1.85527;0.00891547;
1.85537;0.00892404;
1.85547;0.00891547;
1.85557;0.00892404;
1.85567;0.00891547;
1.85577;0.00892403;
1.85587;0.00891547;
1.85597;0.00892403;
1.85607;0.00891547;
1.85617;0.00892403;
1.85627;0.00891547;
1.85637;0.00892403;
1.85647;0.00891548;
1.85657;0.00892403;
1.85667;0.00891548;
1.85677;0.00892403;
1.85687;0.00891548;
1.85697;0.00892403;
1.85707;0.00891548;
1.85717;0.00892403;
1.85727;0.00891548;
1.85737;0.00892403;
1.85747;0.00891548;
1.85757;0.00892403;
1.85767;0.00891548;
1.85777;0.00892403;
1.85787;0.00891548;
1.85797;0.00892403;
1.85807;0.00891548;
1.85817;0.00892403;
1.85827;0.00891548;
1.85837;0.00892403;
1.85847;0.00891548;
1.85857;0.00892403;
1.85867;0.00891548;
1.85877;0.00892403;
1.85887;0.00891548;
1.85897;0.00892403;
1.85907;0.00891548;
1.85917;0.00892403;
1.85927;0.00891548;
1.85937;0.00892403;
1.85947;0.00891548;
1.85957;0.00892403;
1.85967;0.00891548;
1.85977;0.00892403;
1.85987;0.00891548;
1.85997;0.00892403;
1.86007;0.00891548;
1.86017;0.00892403;
1.86027;0.00891548;
1.86037;0.00892403;
1.86047;0.00891548;
1.86057;0.00892403;
1.86067;0.00891548;
1.86077;0.00892403;
1.86087;0.00891548;
1.86097;0.00892403;
1.86107;0.00891548;
1.86117;0.00892403;
1.86127;0.00891548;
1.86137;0.00892403;
1.86147;0.00891548;
1.86157;0.00892403;
1.86167;0.00891548;
1.86177;0.00892403;
1.86187;0.00891548;
1.86197;0.00892403;
1.86207;0.00891548;
1.86217;0.00892403;
1.86227;0.00891548;
1.86237;0.00892403;
1.86247;0.00891548;
1.86257;0.00892402;
1.86267;0.00891548;
1.86277;0.00892402;
1.86287;0.00891548;
1.86297;0.00892402;
1.86307;0.00891548;
1.86317;0.00892402;
1.86327;0.00891549;
1.86337;0.00892402;
1.86347;0.00891549;
1.86357;0.00892402;
1.86367;0.00891549;
1.86377;0.00892402;
1.86387;0.00891549;
1.86397;0.00892402;
1.86407;0.00891549;
1.86417;0.00892402;
1.86427;0.00891549;
1.86437;0.00892402;
1.86447;0.00891549;
1.86457;0.00892402;
1.86467;0.00891549;
1.86477;0.00892402;
1.86487;0.00891549;
1.86497;0.00892402;
1.86507;0.00891549;
1.86517;0.00892402;
1.86527;0.00891549;
1.86537;0.00892402;
1.86547;0.00891549;
1.86557;0.00892402;
1.86567;0.00891549;
1.86577;0.00892402;
1.86587;0.00891549;
1.86597;0.00892402;
1.86607;0.00891549;
1.86617;0.00892402;
1.86627;0.00891549;
1.86637;0.00892402;
1.86647;0.00891549;
1.86657;0.00892402;
1.86667;0.00891549;
1.86677;0.00892402;
1.86687;0.00891549;
1.86697;0.00892402;
1.86707;0.00891549;
1.86717;0.00892402;
1.86727;0.00891549;
1.86737;0.00892402;
1.86747;0.00891549;
1.86757;0.00892402;
1.86767;0.00891549;
1.86777;0.00892402;
1.86787;0.00891549;
1.86797;0.00892402;
1.86807;0.00891549;
1.86817;0.00892402;
1.86827;0.00891549;
1.86837;0.00892402;
1.86847;0.00891549;
1.86857;0.00892402;
1.86867;0.00891549;
1.86877;0.00892402;
1.86887;0.00891549;
1.86897;0.00892402;
1.86907;0.00891549;
1.86917;0.00892402;
1.86927;0.00891549;
1.86937;0.00892402;
1.86947;0.00891549;
1.86957;0.00892401;
1.86967;0.00891549;
1.86977;0.00892401;
1.86987;0.00891549;
1.86997;0.00892401;
1.87007;0.0089155;
1.87017;0.00892401;
1.87027;0.0089155;
1.87037;0.00892401;
1.87047;0.0089155;
1.87057;0.00892401;
1.87067;0.0089155;
1.87077;0.00892401;
1.87087;0.0089155;
1.87097;0.00892401;
1.87107;0.0089155;
1.87117;0.00892401;
1.87127;0.0089155;
1.87137;0.00892401;
1.87147;0.0089155;
1.87157;0.00892401;
1.87167;0.0089155;
1.87177;0.00892401;
1.87187;0.0089155;
1.87197;0.00892401;
1.87207;0.0089155;
1.87217;0.00892401;
1.87227;0.0089155;
1.87237;0.00892401;
1.87247;0.0089155;
1.87257;0.00892401;
1.87267;0.0089155;
1.87277;0.00892401;
1.87287;0.0089155;
1.87297;0.00892401;
1.87307;0.0089155;
1.87317;0.00892401;
1.87327;0.0089155;
1.87337;0.00892401;
1.87347;0.0089155;
1.87357;0.00892401;
1.87367;0.0089155;
1.87377;0.00892401;
1.87387;0.0089155;
1.87397;0.00892401;
1.87407;0.0089155;
1.87417;0.00892401;
1.87427;0.0089155;
1.87437;0.00892401;
1.87447;0.0089155;
1.87457;0.00892401;
1.87467;0.0089155;
1.87477;0.00892401;
1.87487;0.0089155;
1.87497;0.00892401;
1.87507;0.0089155;
1.87517;0.00892401;
1.87527;0.0089155;
1.87537;0.00892401;
1.87547;0.0089155;
1.87557;0.00892401;
1.87567;0.0089155;
1.87577;0.00892401;
1.87587;0.0089155;
1.87597;0.00892401;
1.87607;0.0089155;
1.87617;0.00892401;
1.87627;0.0089155;
1.87637;0.00892401;
1.87647;0.0089155;
1.87657;0.008924;
1.87667;0.0089155;
1.87677;0.008924;
1.87687;0.00891551;
1.87697;0.008924;
1.87707;0.00891551;
1.87717;0.008924;
1.87727;0.00891551;
1.87737;0.008924;
1.87747;0.00891551;
1.87757;0.008924;
1.87767;0.00891551;
1.87777;0.008924;
1.87787;0.00891551;
1.87797;0.008924;
1.87807;0.00891551;
1.87817;0.008924;
1.87827;0.00891551;
1.87837;0.008924;
1.87847;0.00891551;
1.87857;0.008924;
1.87867;0.00891551;
1.87877;0.008924;
1.87887;0.00891551;
1.87897;0.008924;
1.87907;0.00891551;
1.87917;0.008924;
1.87927;0.00891551;
1.87937;0.008924;
1.87947;0.00891551;
1.87957;0.008924;
1.87967;0.00891551;
1.87977;0.008924;
1.87987;0.00891551;
1.87997;0.008924;
1.88007;0.00891551;
1.88017;0.008924;
1.88027;0.00891551;
1.88037;0.008924;
1.88047;0.00891551;
1.88057;0.008924;
1.88067;0.00891551;
1.88077;0.008924;
1.88087;0.00891551;
1.88097;0.008924;
1.88107;0.00891551;
1.88117;0.008924;
1.88127;0.00891551;
1.88137;0.008924;
1.88147;0.00891551;
1.88157;0.008924;
1.88167;0.00891551;
1.88177;0.008924;
1.88187;0.00891551;
1.88197;0.008924;
1.88207;0.00891551;
1.88217;0.008924;
1.88227;0.00891551;
1.88237;0.008924;
1.88247;0.00891551;
1.88257;0.008924;
1.88267;0.00891551;
1.88277;0.008924;
1.88287;0.00891551;
1.88297;0.008924;
1.88307;0.00891551;
1.88317;0.008924;
1.88327;0.00891551;
1.88337;0.008924;
1.88347;0.00891551;
1.88357;0.00892399;
1.88367;0.00891552;
1.88377;0.00892399;
1.88387;0.00891552;
1.88397;0.00892399;
1.88407;0.00891552;
1.88417;0.00892399;
1.88427;0.00891552;
1.88437;0.00892399;
1.88447;0.00891552;
1.88457;0.00892399;
1.88467;0.00891552;
1.88477;0.00892399;
1.88487;0.00891552;
1.88497;0.00892399;
1.88507;0.00891552;
1.88517;0.00892399;
1.88527;0.00891552;
1.88537;0.00892399;
1.88547;0.00891552;
1.88557;0.00892399;
1.88567;0.00891552;
1.88577;0.00892399;
1.88587;0.00891552;
1.88597;0.00892399;
1.88607;0.00891552;
1.88617;0.00892399;
1.88627;0.00891552;
1.88637;0.00892399;
1.88647;0.00891552;
1.88657;0.00892399;
1.88667;0.00891552;
1.88677;0.00892399;
1.88687;0.00891552;
1.88697;0.00892399;
1.88707;0.00891552;
1.88717;0.00892399;
1.88727;0.00891552;
1.88737;0.00892399;
1.88747;0.00891552;
1.88757;0.00892399;
1.88767;0.00891552;
1.88777;0.00892399;
1.88787;0.00891552;
1.88797;0.00892399;
1.88807;0.00891552;
1.88817;0.00892399;
1.88827;0.00891552;
1.88837;0.00892399;
1.88847;0.00891552;
1.88857;0.00892399;
1.88867;0.00891552;
1.88877;0.00892399;
1.88887;0.00891552;
1.88897;0.00892399;
1.88907;0.00891552;
1.88917;0.00892399;
1.88927;0.00891552;
1.88937;0.00892399;
1.88947;0.00891552;
1.88957;0.00892399;
1.88967;0.00891552;
1.88977;0.00892399;
1.88987;0.00891552;
1.88997;0.00892399;
1.89007;0.00891552;
1.89017;0.00892399;
1.89027;0.00891552;
1.89037;0.00892399;
1.89047;0.00891552;
1.89057;0.00892398;
1.89067;0.00891553;
1.89077;0.00892398;
1.89087;0.00891553;
1.89097;0.00892398;
1.89107;0.00891553;
1.89117;0.00892398;
1.89127;0.00891553;
1.89137;0.00892398;
1.89147;0.00891553;
1.89157;0.00892398;
1.89167;0.00891553;
1.89177;0.00892398;
1.89187;0.00891553;
1.89197;0.00892398;
1.89207;0.00891553;
1.89217;0.00892398;
1.89227;0.00891553;
1.89237;0.00892398;
1.89247;0.00891553;
1.89257;0.00892398;
1.89267;0.00891553;
1.89277;0.00892398;
1.89287;0.00891553;
1.89297;0.00892398;
1.89307;0.00891553;
1.89317;0.00892398;
1.89327;0.00891553;
1.89337;0.00892398;
1.89347;0.00891553;
1.89357;0.00892398;
1.89367;0.00891553;
1.89377;0.00892398;
1.89387;0.00891553;
1.89397;0.00892398;
1.89407;0.00891553;
1.89417;0.00892398;
1.89427;0.00891553;
1.89437;0.00892398;
1.89447;0.00891553;
1.89457;0.00892398;
1.89467;0.00891553;
1.89477;0.00892398;
1.89487;0.00891553;
1.89497;0.00892398;
1.89507;0.00891553;
1.89517;0.00892398;
1.89527;0.00891553;
1.89537;0.00892398;
1.89547;0.00891553;
1.89557;0.00892398;
1.89567;0.00891553;
1.89577;0.00892398;
1.89587;0.00891553;
1.89597;0.00892398;
1.89607;0.00891553;
1.89617;0.00892398;
1.89627;0.00891553;
1.89637;0.00892398;
1.89647;0.00891553;
1.89657;0.00892398;
1.89667;0.00891553;
1.89677;0.00892398;
1.89687;0.00891553;
1.89697;0.00892398;
1.89707;0.00891553;
1.89717;0.00892398;
1.89727;0.00891553;
1.89737;0.00892398;
1.89747;0.00891554;
1.89757;0.00892397;
1.89767;0.00891554;
1.89777;0.00892397;
1.89787;0.00891554;
1.89797;0.00892397;
1.89807;0.00891554;
1.89817;0.00892397;
1.89827;0.00891554;
1.89837;0.00892397;
1.89847;0.00891554;
1.89857;0.00892397;
1.89867;0.00891554;
1.89877;0.00892397;
1.89887;0.00891554;
1.89897;0.00892397;
1.89907;0.00891554;
1.89917;0.00892397;
1.89927;0.00891554;
1.89937;0.00892397;
1.89947;0.00891554;
1.89957;0.00892397;
1.89967;0.00891554;
1.89977;0.00892397;
1.89987;0.00891554;
1.89997;0.00892397;
1.90007;0.00891554;
1.90017;0.00892397;
1.90027;0.00891554;
1.90037;0.00892397;
1.90047;0.00891554;
1.90057;0.00892397;
1.90067;0.00891554;
1.90077;0.00892397;
1.90087;0.00891554;
1.90097;0.00892397;
1.90107;0.00891554;
1.90117;0.00892397;
1.90127;0.00891554;
1.90137;0.00892397;
1.90147;0.00891554;
1.90157;0.00892397;
1.90167;0.00891554;
1.90177;0.00892397;
1.90187;0.00891554;
1.90197;0.00892397;
1.90207;0.00891554;
1.90217;0.00892397;
1.90227;0.00891554;
1.90237;0.00892397;
1.90247;0.00891554;
1.90257;0.00892397;
1.90267;0.00891554;
1.90277;0.00892397;
1.90287;0.00891554;
1.90297;0.00892397;
1.90307;0.00891554;
1.90317;0.00892397;
1.90327;0.00891554;
1.90337;0.00892397;
1.90347;0.00891554;
1.90357;0.00892397;
1.90367;0.00891554;
1.90377;0.00892397;
1.90387;0.00891554;
1.90397;0.00892397;
1.90407;0.00891554;
1.90417;0.00892397;
1.90427;0.00891554;
1.90437;0.00892397;
1.90447;0.00891555;
1.90457;0.00892396;
1.90467;0.00891555;
1.90477;0.00892396;
1.90487;0.00891555;
1.90497;0.00892396;
1.90507;0.00891555;
1.90517;0.00892396;
1.90527;0.00891555;
1.90537;0.00892396;
1.90547;0.00891555;
1.90557;0.00892396;
1.90567;0.00891555;
1.90577;0.00892396;
1.90587;0.00891555;
1.90597;0.00892396;
1.90607;0.00891555;
1.90617;0.00892396;
1.90627;0.00891555;
1.90637;0.00892396;
1.90647;0.00891555;
1.90657;0.00892396;
1.90667;0.00891555;
1.90677;0.00892396;
1.90687;0.00891555;
1.90697;0.00892396;
1.90707;0.00891555;
1.90717;0.00892396;
1.90727;0.00891555;
1.90737;0.00892396;
1.90747;0.00891555;
1.90757;0.00892396;
1.90767;0.00891555;
1.90777;0.00892396;
1.90787;0.00891555;
1.90797;0.00892396;
1.90807;0.00891555;
1.90817;0.00892396;
1.90827;0.00891555;
1.90837;0.00892396;
1.90847;0.00891555;
1.90857;0.00892396;
1.90867;0.00891555;
1.90877;0.00892396;
1.90887;0.00891555;
1.90897;0.00892396;
1.90907;0.00891555;
1.90917;0.00892396;
1.90927;0.00891555;
1.90937;0.00892396;
1.90947;0.00891555;
1.90957;0.00892396;
1.90967;0.00891555;
1.90977;0.00892396;
1.90987;0.00891555;
1.90997;0.00892396;
1.91007;0.00891555;
1.91017;0.00892396;
1.91027;0.00891555;
1.91037;0.00892396;
1.91047;0.00891555;
1.91057;0.00892396;
1.91067;0.00891555;
1.91077;0.00892396;
1.91087;0.00891555;
1.91097;0.00892396;
1.91107;0.00891555;
1.91117;0.00892396;
1.91127;0.00891555;
1.91137;0.00892396;
1.91147;0.00891556;
1.91157;0.00892396;
1.91167;0.00891556;
1.91177;0.00892395;
1.91187;0.00891556;
1.91197;0.00892395;
1.91207;0.00891556;
1.91217;0.00892395;
1.91227;0.00891556;
1.91237;0.00892395;
1.91247;0.00891556;
1.91257;0.00892395;
1.91267;0.00891556;
1.91277;0.00892395;
1.91287;0.00891556;
1.91297;0.00892395;
1.91307;0.00891556;
1.91317;0.00892395;
1.91327;0.00891556;
1.91337;0.00892395;
1.91347;0.00891556;
1.91357;0.00892395;
1.91367;0.00891556;
1.91377;0.00892395;
1.91387;0.00891556;
1.91397;0.00892395;
1.91407;0.00891556;
1.91417;0.00892395;
1.91427;0.00891556;
1.91437;0.00892395;
1.91447;0.00891556;
1.91457;0.00892395;
1.91467;0.00891556;
1.91477;0.00892395;
1.91487;0.00891556;
1.91497;0.00892395;
1.91507;0.00891556;
1.91517;0.00892395;
1.91527;0.00891556;
1.91537;0.00892395;
1.91547;0.00891556;
1.91557;0.00892395;
1.91567;0.00891556;
1.91577;0.00892395;
1.91587;0.00891556;
1.91597;0.00892395;
1.91607;0.00891556;
1.91617;0.00892395;
1.91627;0.00891556;
1.91637;0.00892395;
1.91647;0.00891556;
1.91657;0.00892395;
1.91667;0.00891556;
1.91677;0.00892395;
1.91687;0.00891556;
1.91697;0.00892395;
1.91707;0.00891556;
1.91717;0.00892395;
1.91727;0.00891556;
1.91737;0.00892395;
1.91747;0.00891556;
1.91757;0.00892395;
1.91767;0.00891556;
1.91777;0.00892395;
1.91787;0.00891556;
1.91797;0.00892395;
1.91807;0.00891556;
1.91817;0.00892395;
1.91827;0.00891556;
1.91837;0.00892395;
1.91847;0.00891557;
1.91857;0.00892395;
1.91867;0.00891557;
1.91877;0.00892394;
1.91887;0.00891557;
1.91897;0.00892394;
1.91907;0.00891557;
1.91917;0.00892394;
1.91927;0.00891557;
1.91937;0.00892394;
1.91947;0.00891557;
1.91957;0.00892394;
1.91967;0.00891557;
1.91977;0.00892394;
1.91987;0.00891557;
1.91997;0.00892394;
1.92007;0.00891557;
1.92017;0.00892394;
1.92027;0.00891557;
1.92037;0.00892394;
1.92047;0.00891557;
1.92057;0.00892394;
1.92067;0.00891557;
1.92077;0.00892394;
1.92087;0.00891557;
1.92097;0.00892394;
1.92107;0.00891557;
1.92117;0.00892394;
1.92127;0.00891557;
1.92137;0.00892394;
1.92147;0.00891557;
1.92157;0.00892394;
1.92167;0.00891557;
1.92177;0.00892394;
1.92187;0.00891557;
1.92197;0.00892394;
1.92207;0.00891557;
1.92217;0.00892394;
1.92227;0.00891557;
1.92237;0.00892394;
1.92247;0.00891557;
1.92257;0.00892394;
1.92267;0.00891557;
1.92277;0.00892394;
1.92287;0.00891557;
1.92297;0.00892394;
1.92307;0.00891557;
1.92317;0.00892394;
1.92327;0.00891557;
1.92337;0.00892394;
1.92347;0.00891557;
1.92357;0.00892394;
1.92367;0.00891557;
1.92377;0.00892394;
1.92387;0.00891557;
1.92397;0.00892394;
1.92407;0.00891557;
1.92417;0.00892394;
1.92427;0.00891557;
1.92437;0.00892394;
1.92447;0.00891557;
1.92457;0.00892394;
1.92467;0.00891557;
1.92477;0.00892394;
1.92487;0.00891557;
1.92497;0.00892394;
1.92507;0.00891557;
1.92517;0.00892394;
1.92527;0.00891557;
1.92537;0.00892394;
1.92547;0.00891558;
1.92557;0.00892394;
1.92567;0.00891558;
1.92577;0.00892394;
1.92587;0.00891558;
1.92597;0.00892393;
1.92607;0.00891558;
1.92617;0.00892393;
1.92627;0.00891558;
1.92637;0.00892393;
1.92647;0.00891558;
1.92657;0.00892393;
1.92667;0.00891558;
1.92677;0.00892393;
1.92687;0.00891558;
1.92697;0.00892393;
1.92707;0.00891558;
1.92717;0.00892393;
1.92727;0.00891558;
1.92737;0.00892393;
1.92747;0.00891558;
1.92757;0.00892393;
1.92767;0.00891558;
1.92777;0.00892393;
1.92787;0.00891558;
1.92797;0.00892393;
1.92807;0.00891558;
1.92817;0.00892393;
1.92827;0.00891558;
1.92837;0.00892393;
1.92847;0.00891558;
1.92857;0.00892393;
1.92867;0.00891558;
1.92877;0.00892393;
1.92887;0.00891558;
1.92897;0.00892393;
1.92907;0.00891558;
1.92917;0.00892393;
1.92927;0.00891558;
1.92937;0.00892393;
1.92947;0.00891558;
1.92957;0.00892393;
1.92967;0.00891558;
1.92977;0.00892393;
1.92987;0.00891558;
1.92997;0.00892393;
1.93007;0.00891558;
1.93017;0.00892393;
1.93027;0.00891558;
1.93037;0.00892393;
1.93047;0.00891558;
1.93057;0.00892393;
1.93067;0.00891558;
1.93077;0.00892393;
1.93087;0.00891558;
1.93097;0.00892393;
1.93107;0.00891558;
1.93117;0.00892393;
1.93127;0.00891558;
1.93137;0.00892393;
1.93147;0.00891558;
1.93157;0.00892393;
1.93167;0.00891558;
1.93177;0.00892393;
1.93187;0.00891558;
1.93197;0.00892393;
1.93207;0.00891558;
1.93217;0.00892393;
1.93227;0.00891558;
1.93237;0.00892393;
1.93247;0.00891559;
1.93257;0.00892393;
1.93267;0.00891559;
1.93277;0.00892393;
1.93287;0.00891559;
1.93297;0.00892393;
1.93307;0.00891559;
1.93317;0.00892392;
1.93327;0.00891559;
1.93337;0.00892392;
1.93347;0.00891559;
1.93357;0.00892392;
1.93367;0.00891559;
1.93377;0.00892392;
1.93387;0.00891559;
1.93397;0.00892392;
1.93407;0.00891559;
1.93417;0.00892392;
1.93427;0.00891559;
1.93437;0.00892392;
1.93447;0.00891559;
1.93457;0.00892392;
1.93467;0.00891559;
1.93477;0.00892392;
1.93487;0.00891559;
1.93497;0.00892392;
1.93507;0.00891559;
1.93517;0.00892392;
1.93527;0.00891559;
1.93537;0.00892392;
1.93547;0.00891559;
1.93557;0.00892392;
1.93567;0.00891559;
1.93577;0.00892392;
1.93587;0.00891559;
1.93597;0.00892392;
1.93607;0.00891559;
1.93617;0.00892392;
1.93627;0.00891559;
1.93637;0.00892392;
1.93647;0.00891559;
1.93657;0.00892392;
1.93667;0.00891559;
1.93677;0.00892392;
1.93687;0.00891559;
1.93697;0.00892392;
1.93707;0.00891559;
1.93717;0.00892392;
1.93727;0.00891559;
1.93737;0.00892392;
1.93747;0.00891559;
1.93757;0.00892392;
1.93767;0.00891559;
1.93777;0.00892392;
1.93787;0.00891559;
1.93797;0.00892392;
1.93807;0.00891559;
1.93817;0.00892392;
1.93827;0.00891559;
1.93837;0.00892392;
1.93847;0.00891559;
1.93857;0.00892392;
1.93867;0.00891559;
1.93877;0.00892392;
1.93887;0.00891559;
1.93897;0.00892392;
1.93907;0.00891559;
1.93917;0.00892392;
1.93927;0.00891559;
1.93937;0.00892392;
1.93947;0.0089156;
1.93957;0.00892392;
1.93967;0.0089156;
1.93977;0.00892392;
1.93987;0.0089156;
1.93997;0.00892392;
1.94007;0.0089156;
1.94017;0.00892391;
1.94027;0.0089156;
1.94037;0.00892391;
1.94047;0.0089156;
1.94057;0.00892391;
1.94067;0.0089156;
1.94077;0.00892391;
1.94087;0.0089156;
1.94097;0.00892391;
1.94107;0.0089156;
1.94117;0.00892391;
1.94127;0.0089156;
1.94137;0.00892391;
1.94147;0.0089156;
1.94157;0.00892391;
1.94167;0.0089156;
1.94177;0.00892391;
1.94187;0.0089156;
1.94197;0.00892391;
1.94207;0.0089156;
1.94217;0.00892391;
1.94227;0.0089156;
1.94237;0.00892391;
1.94247;0.0089156;
1.94257;0.00892391;
1.94267;0.0089156;
1.94277;0.00892391;
1.94287;0.0089156;
1.94297;0.00892391;
1.94307;0.0089156;
1.94317;0.00892391;
1.94327;0.0089156;
1.94337;0.00892391;
1.94347;0.0089156;
1.94357;0.00892391;
1.94367;0.0089156;
1.94377;0.00892391;
1.94387;0.0089156;
1.94397;0.00892391;
1.94407;0.0089156;
1.94417;0.00892391;
1.94427;0.0089156;
1.94437;0.00892391;
1.94447;0.0089156;
1.94457;0.00892391;
1.94467;0.0089156;
1.94477;0.00892391;
1.94487;0.0089156;
1.94497;0.00892391;
1.94507;0.0089156;
1.94517;0.00892391;
1.94527;0.0089156;
1.94537;0.00892391;
1.94547;0.0089156;
1.94557;0.00892391;
1.94567;0.0089156;
1.94577;0.00892391;
1.94587;0.0089156;
1.94597;0.00892391;
1.94607;0.0089156;
1.94617;0.00892391;
1.94627;0.0089156;
1.94637;0.00892391;
1.94647;0.00891561;
1.94657;0.00892391;
1.94667;0.00891561;
1.94677;0.00892391;
1.94687;0.00891561;
1.94697;0.00892391;
1.94707;0.00891561;
1.94717;0.00892391;
1.94727;0.00891561;
1.94737;0.0089239;
1.94747;0.00891561;
1.94757;0.0089239;
1.94767;0.00891561;
1.94777;0.0089239;
1.94787;0.00891561;
1.94797;0.0089239;
1.94807;0.00891561;
1.94817;0.0089239;
1.94827;0.00891561;
1.94837;0.0089239;
1.94847;0.00891561;
1.94857;0.0089239;
1.94867;0.00891561;
1.94877;0.0089239;
1.94887;0.00891561;
1.94897;0.0089239;
1.94907;0.00891561;
1.94917;0.0089239;
1.94927;0.00891561;
1.94937;0.0089239;
1.94947;0.00891561;
1.94957;0.0089239;
1.94967;0.00891561;
1.94977;0.0089239;
1.94987;0.00891561;
1.94997;0.0089239;
1.95007;0.00891561;
1.95017;0.0089239;
1.95027;0.00891561;
1.95037;0.0089239;
1.95047;0.00891561;
1.95057;0.0089239;
1.95067;0.00891561;
1.95077;0.0089239;
1.95087;0.00891561;
1.95097;0.0089239;
1.95107;0.00891561;
1.95117;0.0089239;
1.95127;0.00891561;
1.95137;0.0089239;
1.95147;0.00891561;
1.95157;0.0089239;
1.95167;0.00891561;
1.95177;0.0089239;
1.95187;0.00891561;
1.95197;0.0089239;
1.95207;0.00891561;
1.95217;0.0089239;
1.95227;0.00891561;
1.95237;0.0089239;
1.95247;0.00891561;
1.95257;0.0089239;
1.95267;0.00891561;
1.95277;0.0089239;
1.95287;0.00891561;
1.95297;0.0089239;
1.95307;0.00891561;
1.95317;0.0089239;
1.95327;0.00891561;
1.95337;0.0089239;
1.95347;0.00891562;
1.95357;0.0089239;
1.95367;0.00891562;
1.95377;0.0089239;
1.95387;0.00891562;
1.95397;0.0089239;
1.95407;0.00891562;
1.95417;0.0089239;
1.95427;0.00891562;
1.95437;0.0089239;
1.95447;0.00891562;
1.95457;0.00892389;
1.95467;0.00891562;
1.95477;0.00892389;
1.95487;0.00891562;
1.95497;0.00892389;
1.95507;0.00891562;
1.95517;0.00892389;
1.95527;0.00891562;
1.95537;0.00892389;
1.95547;0.00891562;
1.95557;0.00892389;
1.95567;0.00891562;
1.95577;0.00892389;
1.95587;0.00891562;
1.95597;0.00892389;
1.95607;0.00891562;
1.95617;0.00892389;
1.95627;0.00891562;
1.95637;0.00892389;
1.95647;0.00891562;
1.95657;0.00892389;
1.95667;0.00891562;
1.95677;0.00892389;
1.95687;0.00891562;
1.95697;0.00892389;
1.95707;0.00891562;
1.95717;0.00892389;
1.95727;0.00891562;
1.95737;0.00892389;
1.95747;0.00891562;
1.95757;0.00892389;
1.95767;0.00891562;
1.95777;0.00892389;
1.95787;0.00891562;
1.95797;0.00892389;
1.95807;0.00891562;
1.95817;0.00892389;
1.95827;0.00891562;
1.95837;0.00892389;
1.95847;0.00891562;
1.95857;0.00892389;
1.95867;0.00891562;
1.95877;0.00892389;
1.95887;0.00891562;
1.95897;0.00892389;
1.95907;0.00891562;
1.95917;0.00892389;
1.95927;0.00891562;
1.95937;0.00892389;
1.95947;0.00891562;
1.95957;0.00892389;
1.95967;0.00891562;
1.95977;0.00892389;
1.95987;0.00891562;
1.95997;0.00892389;
1.96007;0.00891562;
1.96017;0.00892389;
1.96027;0.00891562;
1.96037;0.00892389;
1.96047;0.00891562;
1.96057;0.00892389;
1.96067;0.00891563;
1.96077;0.00892389;
1.96087;0.00891563;
1.96097;0.00892389;
1.96107;0.00891563;
1.96117;0.00892389;
1.96127;0.00891563;
1.96137;0.00892389;
1.96147;0.00891563;
1.96157;0.00892389;
1.96167;0.00891563;
1.96177;0.00892388;
1.96187;0.00891563;
1.96197;0.00892388;
1.96207;0.00891563;
1.96217;0.00892388;
1.96227;0.00891563;
1.96237;0.00892388;
1.96247;0.00891563;
1.96257;0.00892388;
1.96267;0.00891563;
1.96277;0.00892388;
1.96287;0.00891563;
1.96297;0.00892388;
1.96307;0.00891563;
1.96317;0.00892388;
1.96327;0.00891563;
1.96337;0.00892388;
1.96347;0.00891563;
1.96357;0.00892388;
1.96367;0.00891563;
1.96377;0.00892388;
1.96387;0.00891563;
1.96397;0.00892388;
1.96407;0.00891563;
1.96417;0.00892388;
1.96427;0.00891563;
1.96437;0.00892388;
1.96447;0.00891563;
1.96457;0.00892388;
1.96467;0.00891563;
1.96477;0.00892388;
1.96487;0.00891563;
1.96497;0.00892388;
1.96507;0.00891563;
1.96517;0.00892388;
1.96527;0.00891563;
1.96537;0.00892388;
1.96547;0.00891563;
1.96557;0.00892388;
1.96567;0.00891563;
1.96577;0.00892388;
1.96587;0.00891563;
1.96597;0.00892388;
1.96607;0.00891563;
1.96617;0.00892388;
1.96627;0.00891563;
1.96637;0.00892388;
1.96647;0.00891563;
1.96657;0.00892388;
1.96667;0.00891563;
1.96677;0.00892388;
1.96687;0.00891563;
1.96697;0.00892388;
1.96707;0.00891563;
1.96717;0.00892388;
1.96727;0.00891563;
1.96737;0.00892388;
1.96747;0.00891563;
1.96757;0.00892388;
1.96767;0.00891564;
1.96777;0.00892388;
1.96787;0.00891564;
1.96797;0.00892388;
1.96807;0.00891564;
1.96817;0.00892388;
1.96827;0.00891564;
1.96837;0.00892388;
1.96847;0.00891564;
1.96857;0.00892388;
1.96867;0.00891564;
1.96877;0.00892388;
1.96887;0.00891564;
1.96897;0.00892387;
1.96907;0.00891564;
1.96917;0.00892387;
1.96927;0.00891564;
1.96937;0.00892387;
1.96947;0.00891564;
1.96957;0.00892387;
1.96967;0.00891564;
1.96977;0.00892387;
1.96987;0.00891564;
1.96997;0.00892387;
1.97007;0.00891564;
1.97017;0.00892387;
1.97027;0.00891564;
1.97037;0.00892387;
1.97047;0.00891564;
1.97057;0.00892387;
1.97067;0.00891564;
1.97077;0.00892387;
1.97087;0.00891564;
1.97097;0.00892387;
1.97107;0.00891564;
1.97117;0.00892387;
1.97127;0.00891564;
1.97137;0.00892387;
1.97147;0.00891564;
1.97157;0.00892387;
1.97167;0.00891564;
1.97177;0.00892387;
1.97187;0.00891564;
1.97197;0.00892387;
1.97207;0.00891564;
1.97217;0.00892387;
1.97227;0.00891564;
1.97237;0.00892387;
1.97247;0.00891564;
1.97257;0.00892387;
1.97267;0.00891564;
1.97277;0.00892387;
1.97287;0.00891564;
1.97297;0.00892387;
1.97307;0.00891564;
1.97317;0.00892387;
1.97327;0.00891564;
1.97337;0.00892387;
1.97347;0.00891564;
1.97357;0.00892387;
1.97367;0.00891564;
1.97377;0.00892387;
1.97387;0.00891564;
1.97397;0.00892387;
1.97407;0.00891564;
1.97417;0.00892387;
1.97427;0.00891564;
1.97437;0.00892387;
1.97447;0.00891564;
1.97457;0.00892387;
1.97467;0.00891564;
1.97477;0.00892387;
1.97487;0.00891565;
1.97497;0.00892387;
1.97507;0.00891565;
1.97517;0.00892387;
1.97527;0.00891565;
1.97537;0.00892387;
1.97547;0.00891565;
1.97557;0.00892387;
1.97567;0.00891565;
1.97577;0.00892387;
1.97587;0.00891565;
1.97597;0.00892387;
1.97607;0.00891565;
1.97617;0.00892386;
1.97627;0.00891565;
1.97637;0.00892386;
1.97647;0.00891565;
1.97657;0.00892386;
1.97667;0.00891565;
1.97677;0.00892386;
1.97687;0.00891565;
1.97697;0.00892386;
1.97707;0.00891565;
1.97717;0.00892386;
1.97727;0.00891565;
1.97737;0.00892386;
1.97747;0.00891565;
1.97757;0.00892386;
1.97767;0.00891565;
1.97777;0.00892386;
1.97787;0.00891565;
1.97797;0.00892386;
1.97807;0.00891565;
1.97817;0.00892386;
1.97827;0.00891565;
1.97837;0.00892386;
1.97847;0.00891565;
1.97857;0.00892386;
1.97867;0.00891565;
1.97877;0.00892386;
1.97887;0.00891565;
1.97897;0.00892386;
1.97907;0.00891565;
1.97917;0.00892386;
1.97927;0.00891565;
1.97937;0.00892386;
1.97947;0.00891565;
1.97957;0.00892386;
1.97967;0.00891565;
1.97977;0.00892386;
1.97987;0.00891565;
1.97997;0.00892386;
1.98007;0.00891565;
1.98017;0.00892386;
1.98027;0.00891565;
1.98037;0.00892386;
1.98047;0.00891565;
1.98057;0.00892386;
1.98067;0.00891565;
1.98077;0.00892386;
1.98087;0.00891565;
1.98097;0.00892386;
1.98107;0.00891565;
1.98117;0.00892386;
1.98127;0.00891565;
1.98137;0.00892386;
1.98147;0.00891565;
1.98157;0.00892386;
1.98167;0.00891565;
1.98177;0.00892386;
1.98187;0.00891566;
1.98197;0.00892386;
1.98207;0.00891566;
1.98217;0.00892386;
1.98227;0.00891566;
1.98237;0.00892386;
1.98247;0.00891566;
1.98257;0.00892386;
1.98267;0.00891566;
1.98277;0.00892386;
1.98287;0.00891566;
1.98297;0.00892386;
1.98307;0.00891566;
1.98317;0.00892386;
1.98327;0.00891566;
1.98337;0.00892385;
1.98347;0.00891566;
1.98357;0.00892385;
1.98367;0.00891566;
1.98377;0.00892385;
1.98387;0.00891566;
1.98397;0.00892385;
1.98407;0.00891566;
1.98417;0.00892385;
1.98427;0.00891566;
1.98437;0.00892385;
1.98447;0.00891566;
1.98457;0.00892385;
1.98467;0.00891566;
1.98477;0.00892385;
1.98487;0.00891566;
1.98497;0.00892385;
1.98507;0.00891566;
1.98517;0.00892385;
1.98527;0.00891566;
1.98537;0.00892385;
1.98547;0.00891566;
1.98557;0.00892385;
1.98567;0.00891566;
1.98577;0.00892385;
1.98587;0.00891566;
1.98597;0.00892385;
1.98607;0.00891566;
1.98617;0.00892385;
1.98627;0.00891566;
1.98637;0.00892385;
1.98647;0.00891566;
1.98657;0.00892385;
1.98667;0.00891566;
1.98677;0.00892385;
1.98687;0.00891566;
1.98697;0.00892385;
1.98707;0.00891566;
1.98717;0.00892385;
1.98727;0.00891566;
1.98737;0.00892385;
1.98747;0.00891566;
1.98757;0.00892385;
1.98767;0.00891566;
1.98777;0.00892385;
1.98787;0.00891566;
1.98797;0.00892385;
1.98807;0.00891566;
1.98817;0.00892385;
1.98827;0.00891566;
1.98837;0.00892385;
1.98847;0.00891566;
1.98857;0.00892385;
1.98867;0.00891566;
1.98877;0.00892385;
1.98887;0.00891566;
1.98897;0.00892385;
1.98907;0.00891567;
1.98917;0.00892385;
1.98927;0.00891567;
1.98937;0.00892385;
1.98947;0.00891567;
1.98957;0.00892385;
1.98967;0.00891567;
1.98977;0.00892385;
1.98987;0.00891567;
1.98997;0.00892385;
1.99007;0.00891567;
1.99017;0.00892385;
1.99027;0.00891567;
1.99037;0.00892385;
1.99047;0.00891567;
1.99057;0.00892385;
1.99067;0.00891567;
1.99077;0.00892384;
1.99087;0.00891567;
1.99097;0.00892384;
1.99107;0.00891567;
1.99117;0.00892384;
1.99127;0.00891567;
1.99137;0.00892384;
1.99147;0.00891567;
1.99157;0.00892384;
1.99167;0.00891567;
1.99177;0.00892384;
1.99187;0.00891567;
1.99197;0.00892384;
1.99207;0.00891567;
1.99217;0.00892384;
1.99227;0.00891567;
1.99237;0.00892384;
1.99247;0.00891567;
1.99257;0.00892384;
1.99267;0.00891567;
1.99277;0.00892384;
1.99287;0.00891567;
1.99297;0.00892384;
1.99307;0.00891567;
1.99317;0.00892384;
1.99327;0.00891567;
1.99337;0.00892384;
1.99347;0.00891567;
1.99357;0.00892384;
1.99367;0.00891567;
1.99377;0.00892384;
1.99387;0.00891567;
1.99397;0.00892384;
1.99407;0.00891567;
1.99417;0.00892384;
1.99427;0.00891567;
1.99437;0.00892384;
1.99447;0.00891567;
1.99457;0.00892384;
1.99467;0.00891567;
1.99477;0.00892384;
1.99487;0.00891567;
1.99497;0.00892384;
1.99507;0.00891567;
1.99517;0.00892384;
1.99527;0.00891567;
1.99537;0.00892384;
1.99547;0.00891567;
1.99557;0.00892384;
1.99567;0.00891567;
1.99577;0.00892384;
1.99587;0.00891567;
1.99597;0.00892384;
1.99607;0.00891567;
1.99617;0.00892384;
1.99627;0.00891568;
1.99637;0.00892384;
1.99647;0.00891568;
1.99657;0.00892384;
1.99667;0.00891568;
1.99677;0.00892384;
1.99687;0.00891568;
1.99697;0.00892384;
1.99707;0.00891568;
1.99717;0.00892384;
1.99727;0.00891568;
1.99737;0.00892384;
1.99747;0.00891568;
1.99757;0.00892384;
1.99767;0.00891568;
1.99777;0.00892384;
1.99787;0.00891568;
1.99797;0.00892383;
1.99807;0.00891568;
1.99817;0.00892383;
1.99827;0.00891568;
1.99837;0.00892383;
1.99847;0.00891568;
1.99857;0.00892383;
1.99867;0.00891568;
1.99877;0.00892383;
1.99887;0.00891568;
1.99897;0.00892383;
1.99907;0.00891568;
1.99917;0.00892383;
1.99927;0.00891568;
1.99937;0.00892383;
1.99947;0.00891568;
1.99957;0.00892383;
1.99967;0.00891568;
1.99977;0.00892383;
1.99987;0.00891568;
1.99994;0.00892383;
2;0.00891568;
